ISO-10303-21;
HEADER;
FILE_DESCRIPTION (( 'STEP AP214' ),
    '1' );
FILE_NAME ('2026.08.20_honey_comb_plate_new_20.STEP',
    '2026-08-20T19:00:34',
    ( 'Robert' ),
    ( 'HP Inc.' ),
    'SwSTEP 2.0',
    'SolidWorks 2026',
    '' );
FILE_SCHEMA (( 'AUTOMOTIVE_DESIGN' ));
ENDSEC;

DATA;
#1 = CARTESIAN_POINT ( 'NONE',  ( 2102.750085078344455, 369.1485110443210829, 0.000000000000000000 ) ) ;
#2 = CARTESIAN_POINT ( 'NONE',  ( 0.000000000000000000, 234.0892707727449817, 6.000000000000000000 ) ) ;
#3 = DIRECTION ( 'NONE',  ( 0.000000000000000000, 0.000000000000000000, -1.000000000000000000 ) ) ;
#4 = CARTESIAN_POINT ( 'NONE',  ( 2042.611436261723156, 304.9531704190673622, 0.000000000000000000 ) ) ;
#6 = CYLINDRICAL_SURFACE ( 'NONE', #226, 44.10000000000002984 ) ;
#5 = B_SPLINE_CURVE_WITH_KNOTS ( 'NONE', 3,
 ( #2484, #2223, #146, #1061, #2250, #1989, #1330, #2721, #1563, #2269, #187, #1091, #654, #2287, #2707, #201, #2950, #2299, #2098, #1833, #2063, #1186, #2540, #58, #2989, #456, #1621, #266, #2080, #24, #940, #1867, #1152, #1655 ),
 .UNSPECIFIED., .F., .F.,
 ( 4, 2, 2, 2, 2, 2, 2, 2, 2, 2, 2, 2, 2, 2, 2, 2, 4 ),
 ( 0.5000000000000000000, 0.5312500000000000000, 0.5624999999999998890, 0.5937499999999998890, 0.6249999999999998890, 0.6562499999999998890, 0.6874999999999998890, 0.7187499999999998890, 0.7499999999999998890, 0.7812499999999998890, 0.8124999999999998890, 0.8437499999999998890, 0.8749999999999998890, 0.9062500000000000000, 0.9375000000000000000, 0.9687500000000000000, 1.000000000000000000 ),
 .UNSPECIFIED. ) ;
#7 = CARTESIAN_POINT ( 'NONE',  ( 2315.443141410441513, 376.7770233585429764, 0.000000000000000000 ) ) ;
#8 = FACE_OUTER_BOUND ( 'NONE', #2681, .T. ) ;
#9 = VERTEX_POINT ( 'NONE', #2746 ) ;
#10 = EDGE_LOOP ( 'NONE', ( #2338, #949 ) ) ;
#11 = CARTESIAN_POINT ( 'NONE',  ( 1233.189439216383107, 86.19397351185004652, -0.000000000000000000 ) ) ;
#12 = CARTESIAN_POINT ( 'NONE',  ( 1934.855178078025574, 54.03003050210577385, 0.000000000000000000 ) ) ;
#13 = VERTEX_POINT ( 'NONE', #637 ) ;
#14 = CARTESIAN_POINT ( 'NONE',  ( 1054.895403939134667, 132.9067799185181116, -0.000000000000000000 ) ) ;
#15 = CARTESIAN_POINT ( 'NONE',  ( 1196.441195318610198, 363.2253711257956752, 0.000000000000000000 ) ) ;
#16 = ORIENTED_EDGE ( 'NONE', *, *, #2031, .F. ) ;
#17 = CARTESIAN_POINT ( 'NONE',  ( 1923.486778361521374, 111.1825855100324389, -0.000000000000000000 ) ) ;
#18 = FACE_OUTER_BOUND ( 'NONE', #549, .T. ) ;
#19 = CARTESIAN_POINT ( 'NONE',  ( 2424.000000000000000, 234.0892707727449817, 6.000000000000000000 ) ) ;
#20 = CARTESIAN_POINT ( 'NONE',  ( 1353.092098835247270, 311.9959943360017860, 0.000000000000000000 ) ) ;
#21 = CARTESIAN_POINT ( 'NONE',  ( 212.3026251524222801, 311.9959943346100886, 0.000000000000000000 ) ) ;
#22 = SHAPE_DEFINITION_REPRESENTATION ( #588, #1159 ) ;
#23 = DIRECTION ( 'NONE',  ( -1.000000000000000000, 0.000000000000000000, 0.000000000000000000 ) ) ;
#24 = CARTESIAN_POINT ( 'NONE',  ( 178.3511015203280863, 74.88782409256941719, -0.000000000000000000 ) ) ;
#25 = CARTESIAN_POINT ( 'NONE',  ( 116.9487415648964799, 128.7244077080744944, -0.000000000000000000 ) ) ;
#26 = ORIENTED_EDGE ( 'NONE', *, *, #1067, .F. ) ;
#27 = VERTEX_POINT ( 'NONE', #1765 ) ;
#28 = B_SPLINE_CURVE_WITH_KNOTS ( 'NONE', 3,
 ( #1845, #2763, #212, #452, #2348, #2813, #20, #2523, #1634, #937, #1864, #2794, #1183, #2311, #1357, #2109, #2567, #1148, #717, #736, #2586, #507, #1427, #2364, #277, #1197, #439, #1129, #2060, #2985, #1830, #2077, #685, #1604 ),
 .UNSPECIFIED., .F., .F.,
 ( 4, 2, 2, 2, 2, 2, 2, 2, 2, 2, 2, 2, 2, 2, 2, 2, 4 ),
 ( 0.5000000000000000000, 0.5312500000000000000, 0.5625000000000000000, 0.5937500000000000000, 0.6250000000000000000, 0.6562500000000000000, 0.6875000000000000000, 0.7187500000000000000, 0.7500000000000000000, 0.7812500000000000000, 0.8125000000000000000, 0.8437500000000000000, 0.8750000000000000000, 0.9062500000000000000, 0.9375000000000000000, 0.9687500000000000000, 1.000000000000000000 ),
 .UNSPECIFIED. ) ;
#29 = CARTESIAN_POINT ( 'NONE',  ( 1233.472032148770722, 83.32545923060078508, 0.000000000000000000 ) ) ;
#30 = CARTESIAN_POINT ( 'NONE',  ( 1926.703860305347689, 62.18125265881842978, -0.000000000000000000 ) ) ;
#31 = CARTESIAN_POINT ( 'NONE',  ( 728.9880132800755064, 295.8129485567319534, 0.000000000000000000 ) ) ;
#32 = CARTESIAN_POINT ( 'NONE',  ( 1205.061564147275021, 348.2906910728740399, 0.000000000000000000 ) ) ;
#33 = ORIENTED_EDGE ( 'NONE', *, *, #1100, .F. ) ;
#34 = ADVANCED_FACE ( 'NONE', ( #1799 ), #670, .F. ) ;
#35 = LINE ( 'NONE', #244, #2612 ) ;
#36 = CARTESIAN_POINT ( 'NONE',  ( 320.5578947368424565, 89.08927077274654494, -6.000000000311311865E-06 ) ) ;
#37 = DIRECTION ( 'NONE',  ( 1.000000000000000000, 0.000000000000000000, 0.000000000000000000 ) ) ;
#38 = CARTESIAN_POINT ( 'NONE',  ( 210.9438104331362638, 314.5380123375647372, -0.000000000000000000 ) ) ;
#39 = DIRECTION ( 'NONE',  ( -0.000000000000000000, -0.000000000000000000, -1.000000000000000000 ) ) ;
#40 = CARTESIAN_POINT ( 'NONE',  ( 2265.723620468863828, 356.1825855149667746, -0.000000000000000000 ) ) ;
#41 = CIRCLE ( 'NONE', #2743, 44.10000000000002984 ) ;
#42 = VERTEX_POINT ( 'NONE', #2032 ) ;
#43 = ADVANCED_FACE ( 'NONE', ( #1130 ), #2284, .F. ) ;
#44 = ORIENTED_EDGE ( 'NONE', *, *, #2948, .F. ) ;
#45 = CIRCLE ( 'NONE', #572, 44.10000000000002984 ) ;
#46 = CARTESIAN_POINT ( 'NONE',  ( 1263.088027004742571, 47.23816925218909546, -0.000000000000000000 ) ) ;
#47 = CARTESIAN_POINT ( 'NONE',  ( 1983.856434331973560, 50.81294855608149419, 0.000000000000000000 ) ) ;
#48 = ORIENTED_EDGE ( 'NONE', *, *, #1668, .F. ) ;
#49 = VECTOR ( 'NONE', #1651, 1000.000000000000000 ) ;
#50 = CARTESIAN_POINT ( 'NONE',  ( 677.7585877441181310, 300.8585530251411910, -0.000000000000000000 ) ) ;
#51 = AXIS2_PLACEMENT_3D ( 'NONE', #437, #1355, #1984 ) ;
#52 = CARTESIAN_POINT ( 'NONE',  ( 1160.315229058387104, 378.1893052405642379, -0.000000000000000000 ) ) ;
#53 = ORIENTED_EDGE ( 'NONE', *, *, #2361, .F. ) ;
#54 = CARTESIAN_POINT ( 'NONE',  ( 1891.784210526316429, 334.0892707727418269, -6.000000000311311865E-06 ) ) ;
#55 = FACE_OUTER_BOUND ( 'NONE', #2901, .T. ) ;
#56 = CARTESIAN_POINT ( 'NONE',  ( 2097.935381704971405, 295.8129485595173946, 0.000000000000000000 ) ) ;
#57 = CARTESIAN_POINT ( 'NONE',  ( 1777.422806779823077, 83.32561909588282845, -0.000000000000000000 ) ) ;
#58 = CARTESIAN_POINT ( 'NONE',  ( 163.4080181142659001, 54.02997318366264778, -0.000000000000000000 ) ) ;
#59 = CARTESIAN_POINT ( 'NONE',  ( 0.000000000000000000, 414.0892707727450102, 0.000000000000000000 ) ) ;
#60 = ORIENTED_EDGE ( 'NONE', *, *, #261, .F. ) ;
#61 = ORIENTED_EDGE ( 'NONE', *, *, #504, .F. ) ;
#62 = EDGE_CURVE ( 'NONE', #2386, #2211, #213, .T. ) ;
#63 = CARTESIAN_POINT ( 'NONE',  ( 1299.382750121504614, 50.81294855613434436, 0.000000000000000000 ) ) ;
#64 = CYLINDRICAL_SURFACE ( 'NONE', #2944, 44.10000000000002984 ) ;
#65 = CARTESIAN_POINT ( 'NONE',  ( 1093.231578947368916, 89.08927077275134820, -6.000000000311311865E-06 ) ) ;
#66 = CARTESIAN_POINT ( 'NONE',  ( 1123.575453069842524, 353.6405028303656763, 0.000000000000000000 ) ) ;
#67 = EDGE_LOOP ( 'NONE', ( #77, #2353 ) ) ;
#68 = CARTESIAN_POINT ( 'NONE',  ( 370.4217062799742166, 45.27182923802120484, 0.000000000000000000 ) ) ;
#69 = CARTESIAN_POINT ( 'NONE',  ( 353.2147398778486718, 131.7770909695179853, -0.000000000000000000 ) ) ;
#70 = CARTESIAN_POINT ( 'NONE',  ( 2056.290873209115489, 294.4541975256541377, 0.000000000000000000 ) ) ;
#71 = CARTESIAN_POINT ( 'NONE',  ( 1321.106915219431585, 94.85308231570351722, 0.000000000000000000 ) ) ;
#72 = CARTESIAN_POINT ( 'NONE',  ( 893.2015300589216622, 348.2907174541149971, -0.000000000000000000 ) ) ;
#73 = CARTESIAN_POINT ( 'NONE',  ( 860.6087574580391220, 69.53803871967286909, 0.000000000000000000 ) ) ;
#74 = ORIENTED_EDGE ( 'NONE', *, *, #978, .T. ) ;
#75 = CARTESIAN_POINT ( 'NONE',  ( 2147.233232433666217, 77.64611591593283890, -0.000000000000000000 ) ) ;
#76 = CARTESIAN_POINT ( 'NONE',  ( 1967.526982886888391, 132.9067799185244780, -0.000000000000000000 ) ) ;
#77 = ORIENTED_EDGE ( 'NONE', *, *, #2152, .T. ) ;
#78 = CARTESIAN_POINT ( 'NONE',  ( 1880.914928274678459, 304.9531216756748222, -0.000000000000000000 ) ) ;
#79 = CARTESIAN_POINT ( 'NONE',  ( 492.9382887862291227, 375.9403722928423122, -0.000000000000000000 ) ) ;
#80 = ORIENTED_EDGE ( 'NONE', *, *, #2462, .F. ) ;
#81 = DIRECTION ( 'NONE',  ( -1.000000000000000000, 0.000000000000000000, 0.000000000000000000 ) ) ;
#82 = CARTESIAN_POINT ( 'NONE',  ( 399.7171923257720323, 115.9972888871078425, -0.000000000000000000 ) ) ;
#83 = CARTESIAN_POINT ( 'NONE',  ( 1698.546022887555409, 115.9972505900585844, 0.000000000000000000 ) ) ;
#84 = CARTESIAN_POINT ( 'NONE',  ( 1310.520142687029875, 118.2253711257350517, 0.000000000000000000 ) ) ;
#85 = CARTESIAN_POINT ( 'NONE',  ( 954.6038636328700022, 373.7243440200036844, 0.000000000000000000 ) ) ;
#86 = FILL_AREA_STYLE ('',( #1041 ) ) ;
#87 = ORIENTED_EDGE ( 'NONE', *, *, #2400, .F. ) ;
#88 = AXIS2_PLACEMENT_3D ( 'NONE', #2966, #1742, #883 ) ;
#89 = CARTESIAN_POINT ( 'NONE',  ( 1364.460402937193749, 369.1485683608964337, -0.000000000000000000 ) ) ;
#90 = AXIS2_PLACEMENT_3D ( 'NONE', #1644, #2575, #1905 ) ;
#91 = CARTESIAN_POINT ( 'NONE',  ( 1812.624912938617854, 307.1812526571496278, -0.000000000000000000 ) ) ;
#92 = CARTESIAN_POINT ( 'NONE',  ( 2268.940702407377103, 307.1812526626888484, -0.000000000000000000 ) ) ;
#93 = EDGE_LOOP ( 'NONE', ( #189, #2696 ) ) ;
#94 = AXIS2_PLACEMENT_3D ( 'NONE', #395, #1653, #938 ) ;
#95 = CARTESIAN_POINT ( 'NONE',  ( 367.5531919951293958, 44.98923630491923831, -0.000000000000000000 ) ) ;
#96 = VECTOR ( 'NONE', #2598, 1000.000000000000000 ) ;
#97 = DIRECTION ( 'NONE',  ( -0.000000000000000000, -0.000000000000000000, -1.000000000000000000 ) ) ;
#98 = CARTESIAN_POINT ( 'NONE',  ( 1771.881585374972474, 111.1825472098011289, 0.000000000000000000 ) ) ;
#99 = CARTESIAN_POINT ( 'NONE',  ( 16.50000000000000000, 234.0892707727449817, 6.000000000000000000 ) ) ;
#100 = CARTESIAN_POINT ( 'NONE',  ( 920.8512112788619106, 375.9403086046094131, 0.000000000000000000 ) ) ;
#101 = EDGE_LOOP ( 'NONE', ( #2919, #2123 ) ) ;
#102 = EDGE_CURVE ( 'NONE', #2692, #2252, #1759, .T. ) ;
#103 = CARTESIAN_POINT ( 'NONE',  ( 2151.644730418963718, 66.99599433067885457, 0.000000000000000000 ) ) ;
#104 = EDGE_LOOP ( 'NONE', ( #128, #914, #2768, #2666 ) ) ;
#105 = CARTESIAN_POINT ( 'NONE',  ( 1828.132978471096067, 294.4541975257321837, 0.000000000000000000 ) ) ;
#106 = CARTESIAN_POINT ( 'NONE',  ( 2031.742105263158237, 334.0892707727449533, -6.000000000311311865E-06 ) ) ;
#107 = ORIENTED_EDGE ( 'NONE', *, *, #1612, .F. ) ;
#108 = CARTESIAN_POINT ( 'NONE',  ( 397.8886124847047085, 59.95312167508410539, -0.000000000000000000 ) ) ;
#109 = CARTESIAN_POINT ( 'NONE',  ( 331.4271769890945620, 118.2254198703895298, -0.000000000000000000 ) ) ;
#110 = ADVANCED_FACE ( 'NONE', ( #1298 ), #2233, .F. ) ;
#111 = CARTESIAN_POINT ( 'NONE',  ( 283.8096651166331412, 304.9531216755107721, -0.000000000000000000 ) ) ;
#112 = EDGE_CURVE ( 'NONE', #2162, #835, #1633, .T. ) ;
#113 = CARTESIAN_POINT ( 'NONE',  ( 662.7947368421076817, 334.0892707727338120, -6.000000000311311865E-06 ) ) ;
#114 = CARTESIAN_POINT ( 'NONE',  ( 180.6000000000000512, 89.08927077274498174, 5.999999999999998224 ) ) ;
#115 = CARTESIAN_POINT ( 'NONE',  ( 320.5578947368424565, 89.08927077274655915, 5.999999999999998224 ) ) ;
#116 = ORIENTED_EDGE ( 'NONE', *, *, #256, .T. ) ;
#117 = CARTESIAN_POINT ( 'NONE',  ( 2170.369820577625887, 49.45419752559339344, 0.000000000000000000 ) ) ;
#118 = CARTESIAN_POINT ( 'NONE',  ( 2170.369794197174542, 128.7244077081721230, -0.000000000000000000 ) ) ;
#119 = EDGE_CURVE ( 'NONE', #1478, #2898, #699, .T. ) ;
#120 = VERTEX_POINT ( 'NONE', #2334 ) ;
#121 = CARTESIAN_POINT ( 'NONE',  ( 1019.995478595694181, 122.3199397771457058, 0.000000000000000000 ) ) ;
#122 = CARTESIAN_POINT ( 'NONE',  ( 1005.031578947368985, 89.08927077275133399, 36.54176427217079492 ) ) ;
#123 = ORIENTED_EDGE ( 'NONE', *, *, #2778, .T. ) ;
#124 = CARTESIAN_POINT ( 'NONE',  ( 1547.298406252745963, 103.2906910724264122, 0.000000000000000000 ) ) ;
#125 = CARTESIAN_POINT ( 'NONE',  ( 1768.664560745902463, 115.9972888880399609, -0.000000000000000000 ) ) ;
#126 = CARTESIAN_POINT ( 'NONE',  ( 1463.596330589817853, 74.88785047163584352, 0.000000000000000000 ) ) ;
#127 = SURFACE_STYLE_USAGE ( .BOTH. , #2905 ) ;
#128 = ORIENTED_EDGE ( 'NONE', *, *, #1992, .F. ) ;
#129 = CARTESIAN_POINT ( 'NONE',  ( 1207.310526315791321, 334.0892707727369952, -6.000000000311311865E-06 ) ) ;
#130 = CARTESIAN_POINT ( 'NONE',  ( 2145.821052631580187, 89.08927077275929207, -6.000000000311311865E-06 ) ) ;
#131 = ORIENTED_EDGE ( 'NONE', *, *, #2204, .F. ) ;
#132 = AXIS2_PLACEMENT_3D ( 'NONE', #1400, #1417, #1610 ) ;
#133 = CARTESIAN_POINT ( 'NONE',  ( 1887.319283772382278, 314.5380387153959987, 0.000000000000000000 ) ) ;
#134 = CARTESIAN_POINT ( 'NONE',  ( 2259.900000000000091, 334.0892707727449533, 36.54176427217079492 ) ) ;
#135 = ORIENTED_EDGE ( 'NONE', *, *, #865, .F. ) ;
#136 = CIRCLE ( 'NONE', #1769, 44.09999999999997300 ) ;
#137 = AXIS2_PLACEMENT_3D ( 'NONE', #2917, #833, #650 ) ;
#138 = CARTESIAN_POINT ( 'NONE',  ( 1516.890509831110421, 131.7770233585526114, 0.000000000000000000 ) ) ;
#139 = CARTESIAN_POINT ( 'NONE',  ( 1776.293083354253667, 100.5324256315545171, -0.000000000000000000 ) ) ;
#140 = VECTOR ( 'NONE', #2541, 1000.000000000000000 ) ;
#141 = CARTESIAN_POINT ( 'NONE',  ( 1534.583468773075083, 55.85860176884087025, 0.000000000000000000 ) ) ;
#142 = CARTESIAN_POINT ( 'NONE',  ( 1093.231578947369144, 86.19344682951515324, -0.000000000000000000 ) ) ;
#143 = ORIENTED_EDGE ( 'NONE', *, *, #2787, .F. ) ;
#144 = CIRCLE ( 'NONE', #2709, 44.10000000000002984 ) ;
#145 = CARTESIAN_POINT ( 'NONE',  ( 1316.924546930262295, 69.53803871541008164, 0.000000000000000000 ) ) ;
#146 = CARTESIAN_POINT ( 'NONE',  ( 92.68255846529281428, 83.32545922959991458, -0.000000000000000000 ) ) ;
#147 = ORIENTED_EDGE ( 'NONE', *, *, #180, .T. ) ;
#148 = EDGE_CURVE ( 'NONE', #2181, #1701, #1078, .T. ) ;
#149 = CARTESIAN_POINT ( 'NONE',  ( 288.8552695841177069, 356.1825472111596014, 0.000000000000000000 ) ) ;
#150 = CARTESIAN_POINT ( 'NONE',  ( 2189.921052631580096, 89.08927077275930628, 5.999999999999998224 ) ) ;
#151 = VERTEX_POINT ( 'NONE', #522 ) ;
#152 = CARTESIAN_POINT ( 'NONE',  ( 1483.354091984278966, 127.3655929897581700, 0.000000000000000000 ) ) ;
#153 = FACE_OUTER_BOUND ( 'NONE', #1595, .T. ) ;
#154 = CARTESIAN_POINT ( 'NONE',  ( 891.2351900444040211, 328.3254592291227709, -0.000000000000000000 ) ) ;
#155 = CARTESIAN_POINT ( 'NONE',  ( 1014.072281359747308, 62.18125265704386351, -0.000000000000000000 ) ) ;
#156 = CARTESIAN_POINT ( 'NONE',  ( 520.5879436254590473, 319.8878240923388034, -0.000000000000000000 ) ) ;
#157 = DIRECTION ( 'NONE',  ( 0.000000000000000000, 0.000000000000000000, -1.000000000000000000 ) ) ;
#158 = CARTESIAN_POINT ( 'NONE',  ( 631.0921690069571923, 66.99595603498408991, -0.000000000000000000 ) ) ;
#159 = CARTESIAN_POINT ( 'NONE',  ( 163.4079798157852679, 124.1485110438693908, 0.000000000000000000 ) ) ;
#160 = DIRECTION ( 'NONE',  ( -1.000000000000000000, 0.000000000000000000, 0.000000000000000000 ) ) ;
#161 = CARTESIAN_POINT ( 'NONE',  ( 2270.769330998565238, 304.9531704190673622, 0.000000000000000000 ) ) ;
#162 = CARTESIAN_POINT ( 'NONE',  ( 847.8816640265133628, 124.1485110437906911, 0.000000000000000000 ) ) ;
#163 = CARTESIAN_POINT ( 'NONE',  ( 1263.088053384627983, 130.9403086048357352, 0.000000000000000000 ) ) ;
#164 = CARTESIAN_POINT ( 'NONE',  ( 1543.723690638131302, 111.1825472097995799, 0.000000000000000000 ) ) ;
#165 = EDGE_CURVE ( 'NONE', #1888, #783, #2829, .T. ) ;
#166 = CARTESIAN_POINT ( 'NONE',  ( 598.5796144657559807, 132.9067799185148999, -0.000000000000000000 ) ) ;
#167 = CARTESIAN_POINT ( 'NONE',  ( 896.7763093621779262, 311.9959943355373753, 0.000000000000000000 ) ) ;
#168 = PLANE ( 'NONE',  #190 ) ;
#169 = CARTESIAN_POINT ( 'NONE',  ( 467.2937006960531221, 291.4015181869339699, 0.000000000000000000 ) ) ;
#170 = CARTESIAN_POINT ( 'NONE',  ( 607.0172097725421736, 47.23823294021898533, 0.000000000000000000 ) ) ;
#171 = CARTESIAN_POINT ( 'NONE',  ( 677.7586364892021038, 367.3199397757061888, 0.000000000000000000 ) ) ;
#172 = DIRECTION ( 'NONE',  ( 0.000000000000000000, 0.000000000000000000, -1.000000000000000000 ) ) ;
#173 = DIRECTION ( 'NONE',  ( 0.000000000000000000, 0.000000000000000000, -1.000000000000000000 ) ) ;
#174 = CARTESIAN_POINT ( 'NONE',  ( 787.7429664630876687, 118.2254198708541537, -0.000000000000000000 ) ) ;
#175 = FACE_BOUND ( 'NONE', #10, .T. ) ;
#176 = AXIS2_PLACEMENT_3D ( 'NONE', #2935, #157, #653 ) ;
#177 = CARTESIAN_POINT ( 'NONE',  ( 2005.863157894737469, 89.08927077275772888, -6.000000000311311865E-06 ) ) ;
#178 = DIRECTION ( 'NONE',  ( 0.000000000000000000, 0.000000000000000000, -1.000000000000000000 ) ) ;
#179 = AXIS2_PLACEMENT_3D ( 'NONE', #980, #502, #711 ) ;
#180 = EDGE_CURVE ( 'NONE', #2211, #342, #2402, .T. ) ;
#181 = DIRECTION ( 'NONE',  ( -1.000000000000000000, 0.000000000000000000, 0.000000000000000000 ) ) ;
#182 = VECTOR ( 'NONE', #451, 1000.000000000000000 ) ;
#183 = CARTESIAN_POINT ( 'NONE',  ( 1087.407958481946480, 66.99595603743695449, -0.000000000000000000 ) ) ;
#184 = CARTESIAN_POINT ( 'NONE',  ( 440.4605198889557869, 311.9959943350726803, 0.000000000000000000 ) ) ;
#185 = AXIS2_PLACEMENT_3D ( 'NONE', #466, #683, #1388 ) ;
#186 = DIRECTION ( 'NONE',  ( -1.000000000000000000, 0.000000000000000000, 0.000000000000000000 ) ) ;
#187 = CARTESIAN_POINT ( 'NONE',  ( 109.5920201843050137, 54.03003050159253462, 0.000000000000000000 ) ) ;
#188 = CARTESIAN_POINT ( 'NONE',  ( 728.9880515795567817, 372.3656503062422303, -0.000000000000000000 ) ) ;
#189 = ORIENTED_EDGE ( 'NONE', *, *, #1793, .T. ) ;
#190 = AXIS2_PLACEMENT_3D ( 'NONE', #1088, #2013, #1811 ) ;
#191 = DIRECTION ( 'NONE',  ( 0.000000000000000000, 0.000000000000000000, -1.000000000000000000 ) ) ;
#192 = CARTESIAN_POINT ( 'NONE',  ( 320.5578947368424565, 89.08927077274655915, 36.54176427217079492 ) ) ;
#193 = CARTESIAN_POINT ( 'NONE',  ( 865.0736842105267215, 91.98474132251985225, -0.000000000000000000 ) ) ;
#194 = CARTESIAN_POINT ( 'NONE',  ( 2304.000000000000000, 334.0892707727449533, 5.999999999999998224 ) ) ;
#195 = CARTESIAN_POINT ( 'NONE',  ( 1939.669881457732799, 127.3655929895306826, 0.000000000000000000 ) ) ;
#196 = CARTESIAN_POINT ( 'NONE',  ( 581.3726346154822977, 131.7770909697074160, -0.000000000000000000 ) ) ;
#197 = CARTESIAN_POINT ( 'NONE',  ( 434.6368421052659414, 334.0892707727322204, -6.000000000311311865E-06 ) ) ;
#198 = DIRECTION ( 'NONE',  ( 0.000000000000000000, 0.000000000000000000, -1.000000000000000000 ) ) ;
#199 = CARTESIAN_POINT ( 'NONE',  ( 449.6006930080460506, 300.8585530245230757, -0.000000000000000000 ) ) ;
#200 = CARTESIAN_POINT ( 'NONE',  ( 1695.328940940433085, 66.99599433613468591, 0.000000000000000000 ) ) ;
#201 = CARTESIAN_POINT ( 'NONE',  ( 130.7361750080245599, 45.27176162697820416, -0.000000000000000000 ) ) ;
#202 = CYLINDRICAL_SURFACE ( 'NONE', #1451, 44.10000000000002984 ) ;
#203 = DIRECTION ( 'NONE',  ( 1.000000000000000000, 0.000000000000000000, 0.000000000000000000 ) ) ;
#204 = EDGE_CURVE ( 'NONE', #1908, #1022, #1271, .T. ) ;
#205 = CARTESIAN_POINT ( 'NONE',  ( 2309.763811541876748, 290.2718292376708860, 0.000000000000000000 ) ) ;
#206 = CARTESIAN_POINT ( 'NONE',  ( 777.1561750647599638, 94.85309576512985075, -0.000000000000000000 ) ) ;
#207 = CARTESIAN_POINT ( 'NONE',  ( 1274.394176426038030, 133.1893052405802962, -0.000000000000000000 ) ) ;
#208 = CARTESIAN_POINT ( 'NONE',  ( 1996.822455482590385, 115.9972888882722657, -0.000000000000000000 ) ) ;
#209 = CARTESIAN_POINT ( 'NONE',  ( 2115.477242199389366, 353.6405292052002096, -0.000000000000000000 ) ) ;
#210 = B_SPLINE_CURVE_WITH_KNOTS ( 'NONE', 3,
 ( #1585, #1572, #1309, #846, #2262, #2700, #2715, #2507, #2931, #2010, #2281, #2520, #1099, #392, #2028, #166, #377, #1086, #2042, #196, #2479, #2943, #2971, #2729, #2294, #860, #1762, #2916, #1295, #1780, #1056, #1114, #634, #1559 ),
 .UNSPECIFIED., .F., .F.,
 ( 4, 2, 2, 2, 2, 2, 2, 2, 2, 2, 2, 2, 2, 2, 2, 2, 4 ),
 ( 0.000000000000000000, 0.03125000000000004857, 0.06250000000000009714, 0.09375000000000013878, 0.1250000000000001943, 0.1562500000000002498, 0.1875000000000001943, 0.2187500000000001665, 0.2500000000000001110, 0.2812500000000001110, 0.3125000000000001110, 0.3437500000000001110, 0.3750000000000000555, 0.4062500000000000555, 0.4375000000000000555, 0.4687500000000000555, 0.5000000000000000000 ),
 .UNSPECIFIED. ) ;
#211 = CARTESIAN_POINT ( 'NONE',  ( 890.9526315789493083, 334.0892707727354036, 36.54176427217079492 ) ) ;
#212 = CARTESIAN_POINT ( 'NONE',  ( 1347.550979517192900, 328.3254592307011421, -0.000000000000000000 ) ) ;
#213 = LINE ( 'NONE', #2524, #2175 ) ;
#214 = ADVANCED_FACE ( 'NONE', ( #321 ), #791, .F. ) ;
#215 = APPLICATION_PROTOCOL_DEFINITION ( 'draft international standard', 'automotive_design', 1998, #2928 ) ;
#216 = DIRECTION ( 'NONE',  ( -0.000000000000000000, -0.000000000000000000, -1.000000000000000000 ) ) ;
#217 = CARTESIAN_POINT ( 'NONE',  ( 0.000000000000000000, 234.0892707727449817, 6.000000000000000000 ) ) ;
#218 = ORIENTED_EDGE ( 'NONE', *, *, #1983, .F. ) ;
#219 = CARTESIAN_POINT ( 'NONE',  ( 1255.196158948594757, 50.81289123832043231, -0.000000000000000000 ) ) ;
#220 = CARTESIAN_POINT ( 'NONE',  ( 1207.310526315791321, 334.0892707727369952, -6.000000000311311865E-06 ) ) ;
#221 = DIRECTION ( 'NONE',  ( -1.000000000000000000, 0.000000000000000000, 0.000000000000000000 ) ) ;
#222 = CARTESIAN_POINT ( 'NONE',  ( 741.9539771127817858, 307.1812909560458138, 0.000000000000000000 ) ) ;
#223 = CARTESIAN_POINT ( 'NONE',  ( 1163.210526315791185, 334.0892707727369952, 36.54176427217079492 ) ) ;
#224 = CARTESIAN_POINT ( 'NONE',  ( 1579.891242543525550, 353.6405028303689164, 0.000000000000000000 ) ) ;
#225 = CARTESIAN_POINT ( 'NONE',  ( 2104.978254362837561, 367.3199885192594820, -0.000000000000000000 ) ) ;
#226 = AXIS2_PLACEMENT_3D ( 'NONE', #2748, #249, #472 ) ;
#227 = CARTESIAN_POINT ( 'NONE',  ( 1005.031578947368985, 89.08927077275131978, -6.000000000311311865E-06 ) ) ;
#228 = FACE_OUTER_BOUND ( 'NONE', #1662, .T. ) ;
#229 = CARTESIAN_POINT ( 'NONE',  ( 253.4742446269033849, 289.9892363049033293, -0.000000000000000000 ) ) ;
#230 = CARTESIAN_POINT ( 'NONE',  ( 1579.891178854130658, 314.5380123369713488, -0.000000000000000000 ) ) ;
#231 = CARTESIAN_POINT ( 'NONE',  ( 2346.687820198148074, 345.5324256286611444, -0.000000000000000000 ) ) ;
#232 = LINE ( 'NONE', #2203, #478 ) ;
#233 = ORIENTED_EDGE ( 'NONE', *, *, #844, .F. ) ;
#234 = ORIENTED_EDGE ( 'NONE', *, *, #2362, .T. ) ;
#235 = VECTOR ( 'NONE', #1461, 1000.000000000000000 ) ;
#236 = CARTESIAN_POINT ( 'NONE',  ( 206.4789818362515916, 336.9845680312102445, -0.000000000000000000 ) ) ;
#237 = CARTESIAN_POINT ( 'NONE',  ( 1922.128020958477464, 69.53801233923725533, -0.000000000000000000 ) ) ;
#238 = VECTOR ( 'NONE', #1652, 1000.000000000000000 ) ;
#239 = EDGE_CURVE ( 'NONE', #2455, #2855, #1840, .T. ) ;
#240 = CARTESIAN_POINT ( 'NONE',  ( 1071.224893683211803, 127.3656503071284902, -0.000000000000000000 ) ) ;
#241 = CARTESIAN_POINT ( 'NONE',  ( 511.9675111074687379, 363.2253711262545721, 0.000000000000000000 ) ) ;
#242 = ORIENTED_EDGE ( 'NONE', *, *, #658, .F. ) ;
#243 = CARTESIAN_POINT ( 'NONE',  ( 1955.999346351473150, 132.9067123074339634, 0.000000000000000000 ) ) ;
#244 = CARTESIAN_POINT ( 'NONE',  ( 636.9157894736844128, 89.08927077274813655, 36.54176427217079492 ) ) ;
#245 = LINE ( 'NONE', #1810, #2069 ) ;
#246 = CARTESIAN_POINT ( 'NONE',  ( 1575.426315789474529, 334.0892707727401785, 5.999999999999998224 ) ) ;
#247 = CARTESIAN_POINT ( 'NONE',  ( 217.3482783656061770, 304.9531704198238344, 0.000000000000000000 ) ) ;
#248 = CARTESIAN_POINT ( 'NONE',  ( 1575.426315789474529, 334.0892707727401785, -6.000000000311311865E-06 ) ) ;
#249 = DIRECTION ( 'NONE',  ( 0.000000000000000000, 0.000000000000000000, -1.000000000000000000 ) ) ;
#250 = CARTESIAN_POINT ( 'NONE',  ( 2281.906723558186968, 372.3655929859726257, 0.000000000000000000 ) ) ;
#251 = ORIENTED_EDGE ( 'NONE', *, *, #1316, .F. ) ;
#252 = ORIENTED_EDGE ( 'NONE', *, *, #2823, .T. ) ;
#253 = CARTESIAN_POINT ( 'NONE',  ( 244.8151358252398779, 377.9067123074533470, 0.000000000000000000 ) ) ;
#254 = CARTESIAN_POINT ( 'NONE',  ( 2004.450876004376369, 77.64595605088811681, 0.000000000000000000 ) ) ;
#255 = EDGE_LOOP ( 'NONE', ( #1382, #2910, #1896, #1416 ) ) ;
#256 = EDGE_CURVE ( 'NONE', #2302, #706, #805, .T. ) ;
#257 = CARTESIAN_POINT ( 'NONE',  ( 701.1309118496512838, 290.2717616269669065, -0.000000000000000000 ) ) ;
#258 = DIRECTION ( 'NONE',  ( 0.000000000000000000, 0.000000000000000000, -1.000000000000000000 ) ) ;
#259 = ORIENTED_EDGE ( 'NONE', *, *, #1909, .F. ) ;
#260 = CARTESIAN_POINT ( 'NONE',  ( 2078.737402521943295, 378.1892363049176424, 0.000000000000000000 ) ) ;
#261 = EDGE_CURVE ( 'NONE', #2219, #342, #2409, .T. ) ;
#262 = CARTESIAN_POINT ( 'NONE',  ( 0.000000000000000000, 234.0892707727449817, 6.000000000000000000 ) ) ;
#263 = CARTESIAN_POINT ( 'NONE',  ( 16.50000000000000000, 234.0892707727449817, 6.000000000000000000 ) ) ;
#264 = CARTESIAN_POINT ( 'NONE',  ( 206.4789129005967823, 331.1939735142512404, 0.000000000000000000 ) ) ;
#265 = CARTESIAN_POINT ( 'NONE',  ( 1689.787821622440788, 83.32545923067756632, -0.000000000000000000 ) ) ;
#266 = CARTESIAN_POINT ( 'NONE',  ( 174.7763795341263631, 66.99595603652618081, -0.000000000000000000 ) ) ;
#267 = CARTESIAN_POINT ( 'NONE',  ( 139.3952972582498262, 133.1892363049176140, 0.000000000000000000 ) ) ;
#268 = ORIENTED_EDGE ( 'NONE', *, *, #1324, .F. ) ;
#269 = ORIENTED_EDGE ( 'NONE', *, *, #1802, .F. ) ;
#270 = FACE_BOUND ( 'NONE', #1645, .T. ) ;
#271 = CARTESIAN_POINT ( 'NONE',  ( 1964.658455153330351, 44.98923630493040093, -0.000000000000000000 ) ) ;
#272 = CARTESIAN_POINT ( 'NONE',  ( 16.50000000000000000, 22.08927077274480055, 6.000000000000000000 ) ) ;
#273 = CARTESIAN_POINT ( 'NONE',  ( 1124.934146781047275, 356.1825855077251504, -0.000000000000000000 ) ) ;
#274 = ORIENTED_EDGE ( 'NONE', *, *, #656, .F. ) ;
#275 = CARTESIAN_POINT ( 'NONE',  ( 2081.605930254538634, 377.9067799185118588, -0.000000000000000000 ) ) ;
#276 = CARTESIAN_POINT ( 'NONE',  ( 1887.319347462161204, 353.6405292076085516, -0.000000000000000000 ) ) ;
#277 = CARTESIAN_POINT ( 'NONE',  ( 1420.504521404924162, 300.8586017691519601, 0.000000000000000000 ) ) ;
#278 = CARTESIAN_POINT ( 'NONE',  ( 223.6709675524906231, 299.0300305016545508, 0.000000000000000000 ) ) ;
#279 = VECTOR ( 'NONE', #2907, 1000.000000000000000 ) ;
#280 = CARTESIAN_POINT ( 'NONE',  ( 1299.382788420053657, 127.3656503072066499, -0.000000000000000000 ) ) ;
#281 = CARTESIAN_POINT ( 'NONE',  ( 2343.635136936230992, 353.6405292052002096, -0.000000000000000000 ) ) ;
#282 = VERTEX_POINT ( 'NONE', #1925 ) ;
#283 = EDGE_LOOP ( 'NONE', ( #1455, #1537, #116, #2147 ) ) ;
#284 = VECTOR ( 'NONE', #1497, 1000.000000000000000 ) ;
#285 = CARTESIAN_POINT ( 'NONE',  ( 1274.394176425618070, 44.98930524058033598, 0.000000000000000000 ) ) ;
#286 = CARTESIAN_POINT ( 'NONE',  ( 1205.898244425428402, 322.6459560478642743, 0.000000000000000000 ) ) ;
#287 = ADVANCED_FACE ( 'NONE', ( #2245 ), #2460, .F. ) ;
#288 = CARTESIAN_POINT ( 'NONE',  ( 733.8027549564690162, 299.0299731836511796, -0.000000000000000000 ) ) ;
#289 = AXIS2_PLACEMENT_3D ( 'NONE', #2959, #178, #1325 ) ;
#290 = CARTESIAN_POINT ( 'NONE',  ( 1185.303841051935933, 372.3656503070658346, -0.000000000000000000 ) ) ;
#291 = ORIENTED_EDGE ( 'NONE', *, *, #165, .F. ) ;
#292 = VECTOR ( 'NONE', #2620, 1000.000000000000000 ) ;
#293 = CARTESIAN_POINT ( 'NONE',  ( 1869.777525262460813, 372.3656503070707231, -0.000000000000000000 ) ) ;
#294 = CARTESIAN_POINT ( 'NONE',  ( 350.4564744374075644, 130.9403086050307081, 0.000000000000000000 ) ) ;
#295 = CARTESIAN_POINT ( 'NONE',  ( 2031.742070795942482, 331.1939735150348838, 0.000000000000000000 ) ) ;
#296 = CARTESIAN_POINT ( 'NONE',  ( 820.9736842105268124, 89.08927077274974238, 5.999999999999998224 ) ) ;
#297 = DIRECTION ( 'NONE',  ( 0.000000000000000000, -1.000000000000000000, 0.000000000000000000 ) ) ;
#298 = CARTESIAN_POINT ( 'NONE',  ( 832.4168390695122071, 46.40145057596881628, -0.000000000000000000 ) ) ;
#299 = ORIENTED_EDGE ( 'NONE', *, *, #2878, .F. ) ;
#300 = EDGE_LOOP ( 'NONE', ( #802, #2852 ) ) ;
#301 = CARTESIAN_POINT ( 'NONE',  ( 1379.925266193719608, 376.7770909694034458, -0.000000000000000000 ) ) ;
#302 = CARTESIAN_POINT ( 'NONE',  ( 1639.077547844695346, 373.7243440197497648, 0.000000000000000000 ) ) ;
#303 = ORIENTED_EDGE ( 'NONE', *, *, #112, .F. ) ;
#304 = CARTESIAN_POINT ( 'NONE',  ( 1891.501754148243890, 328.3256190957919785, -0.000000000000000000 ) ) ;
#305 = CARTESIAN_POINT ( 'NONE',  ( 500.8301568427152688, 372.3656503062406387, -0.000000000000000000 ) ) ;
#306 = ORIENTED_EDGE ( 'NONE', *, *, #1084, .T. ) ;
#307 = DIRECTION ( 'NONE',  ( 1.000000000000000000, 0.000000000000000000, 0.000000000000000000 ) ) ;
#308 = CARTESIAN_POINT ( 'NONE',  ( 367.5531919951687883, 133.1892363049191772, 0.000000000000000000 ) ) ;
#309 = DIRECTION ( 'NONE',  ( 0.000000000000000000, 0.000000000000000000, -1.000000000000000000 ) ) ;
#310 = CARTESIAN_POINT ( 'NONE',  ( 706.8947368421077044, 334.0892707727338120, 36.54176427217079492 ) ) ;
#311 = LINE ( 'NONE', #794, #1142 ) ;
#312 = EDGE_LOOP ( 'NONE', ( #2611, #2962, #1511, #1471 ) ) ;
#313 = ORIENTED_EDGE ( 'NONE', *, *, #865, .T. ) ;
#314 = CARTESIAN_POINT ( 'NONE',  ( 1402.811562462304892, 376.7770233585367237, 0.000000000000000000 ) ) ;
#315 = CARTESIAN_POINT ( 'NONE',  ( 2163.013034521179634, 124.1485683647696590, -0.000000000000000000 ) ) ;
#316 = CARTESIAN_POINT ( 'NONE',  ( 1027.038302510364247, 127.3655929895243162, 0.000000000000000000 ) ) ;
#317 = CARTESIAN_POINT ( 'NONE',  ( 2262.148962168235357, 319.8878504715013946, 0.000000000000000000 ) ) ;
#318 = ORIENTED_EDGE ( 'NONE', *, *, #2093, .T. ) ;
#319 = CARTESIAN_POINT ( 'NONE',  ( 1277.289473684211089, 89.08927077275292561, 5.999999999999998224 ) ) ;
#320 = DIRECTION ( 'NONE',  ( 0.000000000000000000, 0.000000000000000000, -1.000000000000000000 ) ) ;
#321 = FACE_OUTER_BOUND ( 'NONE', #312, .T. ) ;
#322 = CARTESIAN_POINT ( 'NONE',  ( 1755.698539595189004, 50.81294855613752759, 0.000000000000000000 ) ) ;
#323 = CARTESIAN_POINT ( 'NONE',  ( 970.1119291678787704, 360.9972888870967722, -0.000000000000000000 ) ) ;
#324 = CARTESIAN_POINT ( 'NONE',  ( 826.7374957533638735, 45.27182923796580383, 0.000000000000000000 ) ) ;
#325 = ORIENTED_EDGE ( 'NONE', *, *, #2342, .T. ) ;
#326 = CARTESIAN_POINT ( 'NONE',  ( 2212.014329073739191, 50.81294855978200076, 0.000000000000000000 ) ) ;
#327 = CARTESIAN_POINT ( 'NONE',  ( 2175.719632331384673, 130.9403086048419027, 0.000000000000000000 ) ) ;
#328 = ORIENTED_EDGE ( 'NONE', *, *, #2168, .T. ) ;
#329 = CIRCLE ( 'NONE', #2608, 44.10000000000002984 ) ;
#330 = LINE ( 'NONE', #1251, #1453 ) ;
#331 = LINE ( 'NONE', #1268, #901 ) ;
#332 = AXIS2_PLACEMENT_3D ( 'NONE', #716, #2762, #1863 ) ;
#333 = EDGE_LOOP ( 'NONE', ( #1042, #741 ) ) ;
#334 = EDGE_CURVE ( 'NONE', #120, #1935, #649, .T. ) ;
#335 = CARTESIAN_POINT ( 'NONE',  ( 706.8947368421077044, 334.0892707727338120, 5.999999999999998224 ) ) ;
#336 = AXIS2_PLACEMENT_3D ( 'NONE', #413, #1579, #203 ) ;
#337 = DIRECTION ( 'NONE',  ( -1.000000000000000000, 0.000000000000000000, 0.000000000000000000 ) ) ;
#338 = CARTESIAN_POINT ( 'NONE',  ( 1704.469162806220766, 122.3199397771504806, 0.000000000000000000 ) ) ;
#339 = CARTESIAN_POINT ( 'NONE',  ( 1760.513281272930726, 54.02997318429024887, -0.000000000000000000 ) ) ;
#340 = CARTESIAN_POINT ( 'NONE',  ( 968.2833005811520479, 363.2253711262578690, 0.000000000000000000 ) ) ;
#341 = CARTESIAN_POINT ( 'NONE',  ( 806.7722375307751008, 47.23816925230310204, -0.000000000000000000 ) ) ;
#342 = VERTEX_POINT ( 'NONE', #1340 ) ;
#343 = CARTESIAN_POINT ( 'NONE',  ( 2156.690383630202632, 59.95317041898581323, 0.000000000000000000 ) ) ;
#344 = EDGE_LOOP ( 'NONE', ( #544, #641 ) ) ;
#345 = CARTESIAN_POINT ( 'NONE',  ( 1804.996390330191616, 322.6461159129565885, -0.000000000000000000 ) ) ;
#346 = CARTESIAN_POINT ( 'NONE',  ( 408.7578947368423883, 89.08927077274655915, 5.999999999999998224 ) ) ;
#347 = EDGE_LOOP ( 'NONE', ( #1468, #2101, #353, #2458, #2354, #2345, #2376, #1963 ) ) ;
#348 = PRODUCT ( '2026.08.20_honey_comb_plate_new_20', '2026.08.20_honey_comb_plate_new_20', '', ( #2335 ) ) ;
#349 = CARTESIAN_POINT ( 'NONE',  ( 1549.547368421053534, 89.08927077275454565, -6.000000000311311865E-06 ) ) ;
#350 = CARTESIAN_POINT ( 'NONE',  ( 294.3964909903516514, 328.3256190934719712, -0.000000000000000000 ) ) ;
#351 = CARTESIAN_POINT ( 'NONE',  ( 2234.021052631580005, 89.08927077275930628, -6.000000000311311865E-06 ) ) ;
#352 = CARTESIAN_POINT ( 'NONE',  ( 863.6614023201645978, 77.64595605087939134, 0.000000000000000000 ) ) ;
#353 = ORIENTED_EDGE ( 'NONE', *, *, #119, .T. ) ;
#354 = CARTESIAN_POINT ( 'NONE',  ( 2145.821018164365341, 86.19397351493451254, 0.000000000000000000 ) ) ;
#355 = CARTESIAN_POINT ( 'NONE',  ( 2147.233300046394106, 100.5324121852796821, 0.000000000000000000 ) ) ;
#356 = EDGE_LOOP ( 'NONE', ( #1788, #690, #1987, #1623 ) ) ;
#357 = CARTESIAN_POINT ( 'NONE',  ( 1876.820310878607870, 300.8586017691552001, 0.000000000000000000 ) ) ;
#358 = CARTESIAN_POINT ( 'NONE',  ( 2304.000000000000000, 334.0892707727449533, 5.999999999999998224 ) ) ;
#359 = ORIENTED_EDGE ( 'NONE', *, *, #2637, .F. ) ;
#360 = CARTESIAN_POINT ( 'NONE',  ( 1859.127351935988600, 376.7770233585400206, 0.000000000000000000 ) ) ;
#361 = CARTESIAN_POINT ( 'NONE',  ( 294.6789473684240761, 331.1934468271090282, -0.000000000000000000 ) ) ;
#362 = ADVANCED_FACE ( 'NONE', ( #2492 ), #1529, .F. ) ;
#363 = CARTESIAN_POINT ( 'NONE',  ( 592.8157894736845037, 89.08927077274813655, 36.54176427217079492 ) ) ;
#364 = CARTESIAN_POINT ( 'NONE',  ( 136.5000000000000568, 89.08927077274498174, 5.999999999999998224 ) ) ;
#365 = EDGE_CURVE ( 'NONE', #1273, #1950, #210, .T. ) ;
#366 = EDGE_LOOP ( 'NONE', ( #1189, #251, #2947, #879 ) ) ;
#367 = CARTESIAN_POINT ( 'NONE',  ( 589.9204922153976440, 44.98930524057553981, 0.000000000000000000 ) ) ;
#368 = CARTESIAN_POINT ( 'NONE',  ( 2167.827776189651104, 127.3655929858333309, 0.000000000000000000 ) ) ;
#369 = ORIENTED_EDGE ( 'NONE', *, *, #1157, .T. ) ;
#370 = VECTOR ( 'NONE', #1313, 1000.000000000000000 ) ;
#371 = CARTESIAN_POINT ( 'NONE',  ( 2407.500000000000000, 234.0892707727449817, 6.000000000000000000 ) ) ;
#372 = CARTESIAN_POINT ( 'NONE',  ( 443.6776018340235055, 360.9972505882643077, 0.000000000000000000 ) ) ;
#373 = EDGE_LOOP ( 'NONE', ( #325, #1450 ) ) ;
#374 = AXIS2_PLACEMENT_3D ( 'NONE', #150, #1080, #400 ) ;
#375 = CIRCLE ( 'NONE', #1772, 44.09999999999980957 ) ;
#376 = CARTESIAN_POINT ( 'NONE',  ( 1511.211193412818602, 132.9067799185212948, -0.000000000000000000 ) ) ;
#377 = CARTESIAN_POINT ( 'NONE',  ( 595.7110867318577903, 133.1892363049207688, 0.000000000000000000 ) ) ;
#378 = CARTESIAN_POINT ( 'NONE',  ( 1538.678086169685002, 59.95312167601474584, -0.000000000000000000 ) ) ;
#379 = CARTESIAN_POINT ( 'NONE',  ( 1084.190819217875742, 62.18129095573685561, 0.000000000000000000 ) ) ;
#380 = CARTESIAN_POINT ( 'NONE',  ( 456.6435273688222196, 295.8128912388071399, -0.000000000000000000 ) ) ;
#381 = PRODUCT_RELATED_PRODUCT_CATEGORY ( 'part', '', ( #348 ) ) ;
#382 = CARTESIAN_POINT ( 'NONE',  ( 0.000000000000000000, 414.0892707727450102, 0.000000000000000000 ) ) ;
#383 = CARTESIAN_POINT ( 'NONE',  ( 553.1806525374250896, 69.53801233926564862, -0.000000000000000000 ) ) ;
#384 = CARTESIAN_POINT ( 'NONE',  ( 174.7763222161549095, 111.1825472107126132, 0.000000000000000000 ) ) ;
#385 = VERTEX_POINT ( 'NONE', #832 ) ;
#386 = CARTESIAN_POINT ( 'NONE',  ( 272.6722621050678299, 372.3656503065727179, -0.000000000000000000 ) ) ;
#387 = CARTESIAN_POINT ( 'NONE',  ( 2339.059240273948944, 307.1812909626378314, 0.000000000000000000 ) ) ;
#388 = CARTESIAN_POINT ( 'NONE',  ( 776.8737186783540665, 91.98456803057447928, -0.000000000000000000 ) ) ;
#389 = ORIENTED_EDGE ( 'NONE', *, *, #2111, .T. ) ;
#390 = CARTESIAN_POINT ( 'NONE',  ( 1237.654400438262201, 108.6405028304580895, 0.000000000000000000 ) ) ;
#391 = CARTESIAN_POINT ( 'NONE',  ( 1494.004213562850964, 131.7770909697138109, -0.000000000000000000 ) ) ;
#392 = CARTESIAN_POINT ( 'NONE',  ( 607.0172361539371195, 130.9403722930761944, -0.000000000000000000 ) ) ;
#393 = CARTESIAN_POINT ( 'NONE',  ( 895.4174946439111409, 314.5380123369665171, -0.000000000000000000 ) ) ;
#394 = CARTESIAN_POINT ( 'NONE',  ( 1005.314137411914089, 83.32545923067279148, -0.000000000000000000 ) ) ;
#395 = CARTESIAN_POINT ( 'NONE',  ( 364.6578947368424224, 89.08927077274655915, 5.999999999999998224 ) ) ;
#396 = LINE ( 'NONE', #2015, #279 ) ;
#397 = CARTESIAN_POINT ( 'NONE',  ( 548.9983479394073811, 83.32545922782546199, -0.000000000000000000 ) ) ;
#398 = CARTESIAN_POINT ( 'NONE',  ( 749.5825570390785515, 345.5324256314939362, -0.000000000000000000 ) ) ;
#399 = DIRECTION ( 'NONE',  ( 0.000000000000000000, -1.000000000000000000, 0.000000000000000000 ) ) ;
#400 = DIRECTION ( 'NONE',  ( 1.000000000000000000, 0.000000000000000000, 0.000000000000000000 ) ) ;
#401 = CARTESIAN_POINT ( 'NONE',  ( 2223.151721632784756, 118.2253711267440508, 0.000000000000000000 ) ) ;
#402 = EDGE_CURVE ( 'NONE', #811, #1263, #1341, .T. ) ;
#403 = FACE_BOUND ( 'NONE', #2443, .T. ) ;
#404 = ORIENTED_EDGE ( 'NONE', *, *, #589, .F. ) ;
#405 = CARTESIAN_POINT ( 'NONE',  ( 1462.759615835256000, 100.5324121852756747, 0.000000000000000000 ) ) ;
#406 = DIRECTION ( 'NONE',  ( -0.000000000000000000, -0.000000000000000000, -1.000000000000000000 ) ) ;
#407 = CARTESIAN_POINT ( 'NONE',  ( 1549.547368421053989, 86.19344682951835068, -0.000000000000000000 ) ) ;
#408 = CARTESIAN_POINT ( 'NONE',  ( 2407.500000000000000, 234.0892707727449817, 6.000000000000000000 ) ) ;
#409 = DIRECTION ( 'NONE',  ( 0.000000000000000000, 0.000000000000000000, 1.000000000000000000 ) ) ;
#410 = CARTESIAN_POINT ( 'NONE',  ( 16.50000000000000000, 234.0892707727449817, 0.000000000000000000 ) ) ;
#411 = CARTESIAN_POINT ( 'NONE',  ( 636.9157894736844128, 86.19344682643310307, -0.000000000000000000 ) ) ;
#412 = CARTESIAN_POINT ( 'NONE',  ( 1917.663157894737651, 89.08927077275771467, 36.54176427217079492 ) ) ;
#413 = CARTESIAN_POINT ( 'NONE',  ( 592.8157894736845037, 89.08927077274813655, 5.999999999999998224 ) ) ;
#414 = CARTESIAN_POINT ( 'NONE',  ( 2274.863850900781472, 300.8585530257691403, -0.000000000000000000 ) ) ;
#415 = CARTESIAN_POINT ( 'NONE',  ( 2228.197374843887701, 111.1825472151097216, 0.000000000000000000 ) ) ;
#416 = EDGE_CURVE ( 'NONE', #2302, #2590, #1147, .T. ) ;
#417 = FACE_OUTER_BOUND ( 'NONE', #347, .T. ) ;
#418 = ADVANCED_FACE ( 'NONE', ( #2742 ), #666, .F. ) ;
#419 = CARTESIAN_POINT ( 'NONE',  ( 1590.390215437799498, 367.3199397770962946, 0.000000000000000000 ) ) ;
#420 = CARTESIAN_POINT ( 'NONE',  ( 1505.447368421053397, 89.08927077275453144, 36.54176427217079492 ) ) ;
#421 = VECTOR ( 'NONE', #1510, 1000.000000000000000 ) ;
#422 = CARTESIAN_POINT ( 'NONE',  ( 1548.135086530690842, 77.64595604780534188, 0.000000000000000000 ) ) ;
#423 = CIRCLE ( 'NONE', #1048, 44.10000000000002984 ) ;
#424 = CYLINDRICAL_SURFACE ( 'NONE', #1252, 44.09999999999980957 ) ;
#425 = CARTESIAN_POINT ( 'NONE',  ( 434.6368421052659414, 334.0892707727322204, -6.000000000311311865E-06 ) ) ;
#426 = AXIS2_PLACEMENT_3D ( 'NONE', #1831, #1562, #1312 ) ;
#427 = DIRECTION ( 'NONE',  ( 0.000000000000000000, 0.000000000000000000, -1.000000000000000000 ) ) ;
#428 = CARTESIAN_POINT ( 'NONE',  ( 587.0519644817093194, 45.27176162698140161, -0.000000000000000000 ) ) ;
#429 = CARTESIAN_POINT ( 'NONE',  ( 703.9994395839343042, 378.1893052405612252, -0.000000000000000000 ) ) ;
#430 = AXIS2_PLACEMENT_3D ( 'NONE', #698, #922, #1410 ) ;
#431 = CARTESIAN_POINT ( 'NONE',  ( 1619.526315789474666, 334.0892707727401785, 5.999999999999998224 ) ) ;
#432 = DIRECTION ( 'NONE',  ( -0.000000000000000000, -0.000000000000000000, -1.000000000000000000 ) ) ;
#433 = CYLINDRICAL_SURFACE ( 'NONE', #2754, 44.09999999999994458 ) ;
#434 = DIRECTION ( 'NONE',  ( -0.000000000000000000, -0.000000000000000000, -1.000000000000000000 ) ) ;
#435 = CARTESIAN_POINT ( 'NONE',  ( 1947.561737595456179, 130.9403086050418210, 0.000000000000000000 ) ) ;
#436 = ADVANCED_FACE ( 'NONE', ( #153 ), #1069, .F. ) ;
#437 = CARTESIAN_POINT ( 'NONE',  ( 706.8947368421077044, 334.0892707727338120, 36.54176427217079492 ) ) ;
#438 = CARTESIAN_POINT ( 'NONE',  ( 964.1887319312407953, 300.8586017691488337, 0.000000000000000000 ) ) ;
#439 = CARTESIAN_POINT ( 'NONE',  ( 1426.427661323140001, 307.1812909558005913, 0.000000000000000000 ) ) ;
#440 = CARTESIAN_POINT ( 'NONE',  ( 507.8729424575573148, 300.8586017691456505, 0.000000000000000000 ) ) ;
#441 = CARTESIAN_POINT ( 'NONE',  ( 1704.469114060464790, 55.85855302464290872, -0.000000000000000000 ) ) ;
#442 = LINE ( 'NONE', #217, #1818 ) ;
#443 = CARTESIAN_POINT ( 'NONE',  ( 701.1309252984874547, 377.9067123073394896, 0.000000000000000000 ) ) ;
#444 = FACE_OUTER_BOUND ( 'NONE', #2528, .T. ) ;
#445 = CARTESIAN_POINT ( 'NONE',  ( 2323.551258434706142, 294.4541338374570500, -0.000000000000000000 ) ) ;
#446 = DIRECTION ( 'NONE',  ( 0.000000000000000000, 0.000000000000000000, -1.000000000000000000 ) ) ;
#447 = CARTESIAN_POINT ( 'NONE',  ( 673.6640678394437600, 304.9531704196729152, 0.000000000000000000 ) ) ;
#448 = CARTESIAN_POINT ( 'NONE',  ( 1255.196197247206328, 127.3655929895259078, 0.000000000000000000 ) ) ;
#449 = CARTESIAN_POINT ( 'NONE',  ( 1973.206299304409640, 131.7770233585558231, 0.000000000000000000 ) ) ;
#450 = CARTESIAN_POINT ( 'NONE',  ( 1233.189473684210952, 89.08927077275292561, 36.54176427217079492 ) ) ;
#451 = DIRECTION ( 'NONE',  ( 0.000000000000000000, 0.000000000000000000, -1.000000000000000000 ) ) ;
#452 = CARTESIAN_POINT ( 'NONE',  ( 1348.680600856508363, 322.6461159129535190, -0.000000000000000000 ) ) ;
#453 = CARTESIAN_POINT ( 'NONE',  ( 221.4427982705886677, 300.8585530249840190, -0.000000000000000000 ) ) ;
#454 = APPLICATION_PROTOCOL_DEFINITION ( 'draft international standard', 'automotive_design', 1998, #2560 ) ;
#455 = CARTESIAN_POINT ( 'NONE',  ( 1689.505263157895570, 89.08927077275609463, -6.000000000311311865E-06 ) ) ;
#456 = CARTESIAN_POINT ( 'NONE',  ( 169.7307177478623146, 59.95312167508251378, -0.000000000000000000 ) ) ;
#457 = EDGE_CURVE ( 'NONE', #1701, #2181, #603, .T. ) ;
#458 = ORIENTED_EDGE ( 'NONE', *, *, #1946, .T. ) ;
#459 = CARTESIAN_POINT ( 'NONE',  ( 1257.738241629079312, 49.45419752582132134, 0.000000000000000000 ) ) ;
#460 = CARTESIAN_POINT ( 'NONE',  ( 1917.663123426910488, 86.19397351493365989, -0.000000000000000000 ) ) ;
#461 = ORIENTED_EDGE ( 'NONE', *, *, #1642, .T. ) ;
#462 = EDGE_CURVE ( 'NONE', #811, #1273, #35, .T. ) ;
#463 = CARTESIAN_POINT ( 'NONE',  ( 1091.819399143727424, 100.5324256315497422, -0.000000000000000000 ) ) ;
#464 = DIRECTION ( 'NONE',  ( 0.000000000000000000, 0.000000000000000000, 1.000000000000000000 ) ) ;
#465 = CARTESIAN_POINT ( 'NONE',  ( 1641.619630525618959, 372.3656503070690746, -0.000000000000000000 ) ) ;
#466 = CARTESIAN_POINT ( 'NONE',  ( 136.5000000000000568, 89.08927077274498174, 36.54176427217079492 ) ) ;
#467 = CARTESIAN_POINT ( 'NONE',  ( 976.9037330991420731, 319.8878240923419867, -0.000000000000000000 ) ) ;
#468 = CARTESIAN_POINT ( 'NONE',  ( 16.50000000000000000, 22.08927077274480055, 6.000000000000000000 ) ) ;
#469 = CARTESIAN_POINT ( 'NONE',  ( 2104.978205620990138, 300.8586017757704099, 0.000000000000000000 ) ) ;
#470 = CIRCLE ( 'NONE', #2655, 44.09999999999991616 ) ;
#471 = CYLINDRICAL_SURFACE ( 'NONE', #815, 44.10000000000002984 ) ;
#472 = DIRECTION ( 'NONE',  ( -1.000000000000000000, 0.000000000000000000, 0.000000000000000000 ) ) ;
#473 = CIRCLE ( 'NONE', #2464, 44.10000000000002984 ) ;
#474 = CARTESIAN_POINT ( 'NONE',  ( 2333.136149099679642, 367.3199885192594820, -0.000000000000000000 ) ) ;
#475 = VERTEX_POINT ( 'NONE', #2983 ) ;
#476 = EDGE_LOOP ( 'NONE', ( #1498, #2879 ) ) ;
#477 = EDGE_CURVE ( 'NONE', #2167, #1490, #2379, .T. ) ;
#478 = VECTOR ( 'NONE', #580, 1000.000000000000000 ) ;
#479 = ADVANCED_FACE ( 'NONE', ( #2548 ), #935, .F. ) ;
#480 = CARTESIAN_POINT ( 'NONE',  ( 231.0276889332581050, 373.7244077080185320, -0.000000000000000000 ) ) ;
#481 = CARTESIAN_POINT ( 'NONE',  ( 1994.993875643369392, 59.95312167601795750, -0.000000000000000000 ) ) ;
#482 = AXIS2_PLACEMENT_3D ( 'NONE', #2333, #490, #1618 ) ;
#483 = ORIENTED_EDGE ( 'NONE', *, *, #2416, .F. ) ;
#484 = ADVANCED_FACE ( 'NONE', ( #18 ), #2329, .F. ) ;
#485 = CARTESIAN_POINT ( 'NONE',  ( 671.8354392534863564, 307.1812526580642952, -0.000000000000000000 ) ) ;
#486 = CARTESIAN_POINT ( 'NONE',  ( 0.000000000000000000, 0.000000000000000000, 6.000000000000000000 ) ) ;
#487 = ORIENTED_EDGE ( 'NONE', *, *, #2441, .T. ) ;
#488 = CARTESIAN_POINT ( 'NONE',  ( 2118.529925461306902, 345.5324256286611444, -0.000000000000000000 ) ) ;
#489 = CARTESIAN_POINT ( 'NONE',  ( 978.8701752008769290, 328.3256190927067451, -0.000000000000000000 ) ) ;
#490 = DIRECTION ( 'NONE',  ( -0.000000000000000000, -0.000000000000000000, -1.000000000000000000 ) ) ;
#491 = CARTESIAN_POINT ( 'NONE',  ( 2037.565783050696155, 311.9959943304722287, 0.000000000000000000 ) ) ;
#492 = CARTESIAN_POINT ( 'NONE',  ( 1633.727736088756046, 292.2382329405325549, 0.000000000000000000 ) ) ;
#493 = CARTESIAN_POINT ( 'NONE',  ( 2309.763824991380716, 377.9067799185118588, -0.000000000000000000 ) ) ;
#494 = CARTESIAN_POINT ( 'NONE',  ( 750.9947368421077272, 334.0892707727338120, -6.000000000311311865E-06 ) ) ;
#495 = ORIENTED_EDGE ( 'NONE', *, *, #2617, .T. ) ;
#496 = ORIENTED_EDGE ( 'NONE', *, *, #1545, .F. ) ;
#497 = CARTESIAN_POINT ( 'NONE',  ( 1250.381493867499103, 54.03003050210098479, 0.000000000000000000 ) ) ;
#498 = CARTESIAN_POINT ( 'NONE',  ( 1917.945716360475217, 83.32545922776172631, 0.000000000000000000 ) ) ;
#499 = ORIENTED_EDGE ( 'NONE', *, *, #974, .T. ) ;
#500 = B_SPLINE_CURVE_WITH_KNOTS ( 'NONE', 3,
 ( #1305, #646, #2055, #2980, #2241, #1335, #415, #1081, #401, #898, #2531, #2305, #2007, #2940, #2489, #855, #1265, #1046, #2195, #559, #327, #118, #368, #315, #2665, #1974, #1032, #1235, #1729, #583, #355, #1017, #1523, #2164 ),
 .UNSPECIFIED., .F., .F.,
 ( 4, 2, 2, 2, 2, 2, 2, 2, 2, 2, 2, 2, 2, 2, 2, 2, 4 ),
 ( 0.000000000000000000, 0.03124999999999999306, 0.06249999999999998612, 0.09374999999999997224, 0.1249999999999999722, 0.1562500000000000833, 0.1875000000000000555, 0.2187500000000000555, 0.2500000000000000555, 0.2812500000000000555, 0.3125000000000000555, 0.3437500000000000555, 0.3750000000000000000, 0.4062500000000000000, 0.4375000000000000000, 0.4687500000000000000, 0.5000000000000000000 ),
 .UNSPECIFIED. ) ;
#501 = CARTESIAN_POINT ( 'NONE',  ( 776.8736842105269034, 89.08927077274974238, 5.999999999999998224 ) ) ;
#502 = DIRECTION ( 'NONE',  ( 0.000000000000000000, 0.000000000000000000, -1.000000000000000000 ) ) ;
#503 = ORIENTED_EDGE ( 'NONE', *, *, #239, .T. ) ;
#504 = EDGE_CURVE ( 'NONE', #2318, #385, #2582, .T. ) ;
#505 = CARTESIAN_POINT ( 'NONE',  ( 2033.991003743354895, 348.2907174554046605, -0.000000000000000000 ) ) ;
#506 = FACE_OUTER_BOUND ( 'NONE', #2208, .T. ) ;
#507 = CARTESIAN_POINT ( 'NONE',  ( 1410.919679487951953, 294.4541338374507973, -0.000000000000000000 ) ) ;
#508 = CARTESIAN_POINT ( 'NONE',  ( 2118.529823372796272, 322.6459560509518383, 0.000000000000000000 ) ) ;
#509 = EDGE_CURVE ( 'NONE', #2082, #2146, #2712, .T. ) ;
#510 = CARTESIAN_POINT ( 'NONE',  ( 1306.425622782045821, 122.3199885204241895, -0.000000000000000000 ) ) ;
#511 = CARTESIAN_POINT ( 'NONE',  ( 2259.900034467215846, 336.9845680304549660, -0.000000000000000000 ) ) ;
#512 = ORIENTED_EDGE ( 'NONE', *, *, #62, .T. ) ;
#513 = ORIENTED_EDGE ( 'NONE', *, *, #2576, .F. ) ;
#514 = CARTESIAN_POINT ( 'NONE',  ( 1234.601653488086413, 77.64611591308262462, -0.000000000000000000 ) ) ;
#515 = CARTESIAN_POINT ( 'NONE',  ( 2003.614259414438266, 74.88782408981219874, -0.000000000000000000 ) ) ;
#516 = CARTESIAN_POINT ( 'NONE',  ( 750.7122804640351887, 328.3256190928582896, -0.000000000000000000 ) ) ;
#517 = CARTESIAN_POINT ( 'NONE',  ( 1143.659267880472271, 373.7244077080246143, -0.000000000000000000 ) ) ;
#518 = ORIENTED_EDGE ( 'NONE', *, *, #1120, .F. ) ;
#519 = UNCERTAINTY_MEASURE_WITH_UNIT (LENGTH_MEASURE( 1.000000000000000082E-05 ), #1489, 'distance_accuracy_value', 'NONE');
#520 = CARTESIAN_POINT ( 'NONE',  ( 2424.000000000000000, 234.0892707727449817, 6.000000000000000000 ) ) ;
#521 = CARTESIAN_POINT ( 'NONE',  ( 408.7578947368423883, 89.08927077274657336, -6.000000000311311865E-06 ) ) ;
#522 = CARTESIAN_POINT ( 'NONE',  ( 0.000000000000000000, 234.0892707727449817, 0.000000000000000000 ) ) ;
#523 = VECTOR ( 'NONE', #595, 1000.000000000000000 ) ;
#524 = CARTESIAN_POINT ( 'NONE',  ( 1747.806683457252802, 47.23823294056055033, 0.000000000000000000 ) ) ;
#525 = CARTESIAN_POINT ( 'NONE',  ( 548.7157894736845947, 89.08927077274813655, 36.54176427217079492 ) ) ;
#526 = CIRCLE ( 'NONE', #2747, 44.09999999999997300 ) ;
#527 = CARTESIAN_POINT ( 'NONE',  ( 92.68249085423330769, 94.85309576474011806, -0.000000000000000000 ) ) ;
#528 = ORIENTED_EDGE ( 'NONE', *, *, #2914, .T. ) ;
#529 = ORIENTED_EDGE ( 'NONE', *, *, #2089, .T. ) ;
#530 = CARTESIAN_POINT ( 'NONE',  ( 1310.520191432765841, 59.95312167593608166, -0.000000000000000000 ) ) ;
#531 = CARTESIAN_POINT ( 'NONE',  ( 1919.912120063501561, 74.88785047167729658, 0.000000000000000000 ) ) ;
#532 = CARTESIAN_POINT ( 'NONE',  ( 1964.658455152911301, 133.1892363049303469, 0.000000000000000000 ) ) ;
#533 = VECTOR ( 'NONE', #2485, 1000.000000000000000 ) ;
#535 = B_SPLINE_CURVE_WITH_KNOTS ( 'NONE', 3,
 ( #65, #1647, #979, #463, #1420, #2357, #2837, #759, #2771, #1613, #2545, #240, #1384, #2087, #2325, #14, #931, #560, #1034, #1049, #800, #1918, #316, #1481, #121, #1933, #1948, #2883, #1717, #1005, #1508, #1267, #827, #2417 ),
 .UNSPECIFIED., .F., .F.,
 ( 4, 2, 2, 2, 2, 2, 2, 2, 2, 2, 2, 2, 2, 2, 2, 2, 4 ),
 ( 0.000000000000000000, 0.03125000000000011102, 0.06250000000000022204, 0.09375000000000033307, 0.1250000000000004441, 0.1562500000000004441, 0.1875000000000003608, 0.2187500000000002776, 0.2500000000000001665, 0.2812500000000001110, 0.3125000000000000555, 0.3437500000000000000, 0.3750000000000000000, 0.4062500000000000000, 0.4375000000000000000, 0.4687500000000000000, 0.5000000000000000000 ),
 .UNSPECIFIED. ) ;
#534 = CARTESIAN_POINT ( 'NONE',  ( 1889.535312047746402, 319.8878240954867351, -0.000000000000000000 ) ) ;
#536 = CARTESIAN_POINT ( 'NONE',  ( 1120.522773729993560, 345.5324121853346355, 0.000000000000000000 ) ) ;
#537 = VERTEX_POINT ( 'NONE', #2739 ) ;
#538 = CARTESIAN_POINT ( 'NONE',  ( 408.7578947368423883, 89.08927077274657336, -6.000000000311311865E-06 ) ) ;
#539 = CARTESIAN_POINT ( 'NONE',  ( 408.4753362715892990, 94.85308231577060667, -0.000000000000000000 ) ) ;
#540 = CARTESIAN_POINT ( 'NONE',  ( 1695.328883623150887, 111.1825855077825196, -0.000000000000000000 ) ) ;
#541 = CARTESIAN_POINT ( 'NONE',  ( 1777.705263157895615, 89.08927077275612305, -6.000000000311311865E-06 ) ) ;
#542 = CARTESIAN_POINT ( 'NONE',  ( 896.7762520455099775, 356.1825855101350271, -0.000000000000000000 ) ) ;
#543 = CARTESIAN_POINT ( 'NONE',  ( 823.8689814688135584, 44.98923630492240733, -0.000000000000000000 ) ) ;
#544 = ORIENTED_EDGE ( 'NONE', *, *, #1181, .T. ) ;
#545 = CARTESIAN_POINT ( 'NONE',  ( 1420.504570150928657, 367.3199885200250492, -0.000000000000000000 ) ) ;
#546 = DIRECTION ( 'NONE',  ( -0.000000000000000000, 0.000000000000000000, -1.000000000000000000 ) ) ;
#547 = ADVANCED_FACE ( 'NONE', ( #1822 ), #433, .F. ) ;
#548 = CARTESIAN_POINT ( 'NONE',  ( 464.5354218058308788, 375.9403086049397871, 0.000000000000000000 ) ) ;
#549 = EDGE_LOOP ( 'NONE', ( #610, #1893, #1379, #581 ) ) ;
#550 = DIRECTION ( 'NONE',  ( 0.000000000000000000, 0.000000000000000000, -1.000000000000000000 ) ) ;
#551 = CARTESIAN_POINT ( 'NONE',  ( 407.3457149336600764, 100.5324256315451095, -0.000000000000000000 ) ) ;
#552 = CARTESIAN_POINT ( 'NONE',  ( 285.6381876394167421, 307.1812909565957739, 0.000000000000000000 ) ) ;
#553 = CARTESIAN_POINT ( 'NONE',  ( 1461.347368421053488, 89.08927077275453144, 5.999999999999998224 ) ) ;
#554 = CARTESIAN_POINT ( 'NONE',  ( 890.9526315789493083, 334.0892707727354036, -6.000000000311311865E-06 ) ) ;
#555 = CARTESIAN_POINT ( 'NONE',  ( 778.2858640132246819, 77.64611591592363027, -0.000000000000000000 ) ) ;
#556 = ORIENTED_EDGE ( 'NONE', *, *, #2796, .T. ) ;
#557 = EDGE_LOOP ( 'NONE', ( #2791, #16, #1262, #2415 ) ) ;
#558 = CARTESIAN_POINT ( 'NONE',  ( 2234.021052631580005, 89.08927077275930628, 5.999999999999998224 ) ) ;
#559 = CARTESIAN_POINT ( 'NONE',  ( 2178.477897771633252, 131.7770909692499117, -0.000000000000000000 ) ) ;
#560 = CARTESIAN_POINT ( 'NONE',  ( 1046.236281689196176, 133.1893052405786477, -0.000000000000000000 ) ) ;
#561 = DIRECTION ( 'NONE',  ( 1.000000000000000000, 0.000000000000000000, 0.000000000000000000 ) ) ;
#562 = EDGE_LOOP ( 'NONE', ( #299, #556, #2563, #61 ) ) ;
#563 = CARTESIAN_POINT ( 'NONE',  ( 337.7499149211855638, 54.03003050159414755, 0.000000000000000000 ) ) ;
#564 = CARTESIAN_POINT ( 'NONE',  ( 325.0228214895595329, 108.6405028268232371, 0.000000000000000000 ) ) ;
#565 = CARTESIAN_POINT ( 'NONE',  ( 288.8553269025159693, 311.9959560365366542, -0.000000000000000000 ) ) ;
#566 = CARTESIAN_POINT ( 'NONE',  ( 1745.048418016574715, 46.40145057597514011, -0.000000000000000000 ) ) ;
#567 = CARTESIAN_POINT ( 'NONE',  ( 1461.347333953226098, 86.19397351185162393, 0.000000000000000000 ) ) ;
#568 = VERTEX_POINT ( 'NONE', #1540 ) ;
#569 = CARTESIAN_POINT ( 'NONE',  ( 2160.784903532303360, 55.85855302587938098, -0.000000000000000000 ) ) ;
#570 = ORIENTED_EDGE ( 'NONE', *, *, #2719, .T. ) ;
#571 = EDGE_CURVE ( 'NONE', #826, #769, #1515, .T. ) ;
#572 = AXIS2_PLACEMENT_3D ( 'NONE', #2912, #1718, #1934 ) ;
#573 = CARTESIAN_POINT ( 'NONE',  ( 1818.548061428943583, 300.8585530245327391, -0.000000000000000000 ) ) ;
#574 = DIRECTION ( 'NONE',  ( -0.000000000000000000, -0.000000000000000000, -1.000000000000000000 ) ) ;
#575 = AXIS2_PLACEMENT_3D ( 'NONE', #319, #2858, #307 ) ;
#576 = ORIENTED_EDGE ( 'NONE', *, *, #1946, .F. ) ;
#577 = CARTESIAN_POINT ( 'NONE',  ( 1803.584210526316383, 334.0892707727418269, -6.000000000311311865E-06 ) ) ;
#578 = CARTESIAN_POINT ( 'NONE',  ( 1775.456300989587817, 103.2906910724279470, 0.000000000000000000 ) ) ;
#579 = CARTESIAN_POINT ( 'NONE',  ( 1465.812231484793756, 69.53801233927232772, -0.000000000000000000 ) ) ;
#580 = DIRECTION ( 'NONE',  ( 0.000000000000000000, 0.000000000000000000, -1.000000000000000000 ) ) ;
#581 = ORIENTED_EDGE ( 'NONE', *, *, #165, .T. ) ;
#582 = CARTESIAN_POINT ( 'NONE',  ( 1431.003557988477951, 353.6405292076054252, -0.000000000000000000 ) ) ;
#583 = CARTESIAN_POINT ( 'NONE',  ( 2148.069951111776390, 103.2907174553425023, -0.000000000000000000 ) ) ;
#584 = ORIENTED_EDGE ( 'NONE', *, *, #334, .T. ) ;
#585 = CARTESIAN_POINT ( 'NONE',  ( 1859.127365384373206, 291.4014505757221514, -0.000000000000000000 ) ) ;
#586 = CARTESIAN_POINT ( 'NONE',  ( 436.8857405850972668, 348.2907174534007595, -0.000000000000000000 ) ) ;
#587 = ORIENTED_EDGE ( 'NONE', *, *, #462, .T. ) ;
#588 = PRODUCT_DEFINITION_SHAPE ( 'NONE', 'NONE',  #915 ) ;
#589 = EDGE_CURVE ( 'NONE', #2800, #151, #1806, .T. ) ;
#590 = CARTESIAN_POINT ( 'NONE',  ( 1803.584244994144001, 336.9845680335299676, -0.000000000000000000 ) ) ;
#591 = CARTESIAN_POINT ( 'NONE',  ( 1762.741412255729983, 122.3199885205038555, -0.000000000000000000 ) ) ;
#592 = CARTESIAN_POINT ( 'NONE',  ( 1549.264912042980768, 83.32561909588122262, -0.000000000000000000 ) ) ;
#593 = CARTESIAN_POINT ( 'NONE',  ( 776.8736497426995129, 86.19397351492496284, 0.000000000000000000 ) ) ;
#594 = ORIENTED_EDGE ( 'NONE', *, *, #974, .F. ) ;
#595 = DIRECTION ( 'NONE',  ( 0.000000000000000000, 1.000000000000000000, 0.000000000000000000 ) ) ;
#596 = CARTESIAN_POINT ( 'NONE',  ( 548.7157550058570905, 86.19397351492335702, 0.000000000000000000 ) ) ;
#597 = ORIENTED_EDGE ( 'NONE', *, *, #2506, .F. ) ;
#598 = CARTESIAN_POINT ( 'NONE',  ( 292.4299852005338494, 348.2906910724649947, 0.000000000000000000 ) ) ;
#599 = CARTESIAN_POINT ( 'NONE',  ( 1119.110526315791276, 334.0892707727369952, 36.54176427217079492 ) ) ;
#600 = ORIENTED_EDGE ( 'NONE', *, *, #2778, .F. ) ;
#601 = CARTESIAN_POINT ( 'NONE',  ( 1545.082505356856927, 108.6405292076836417, -0.000000000000000000 ) ) ;
#602 = CARTESIAN_POINT ( 'NONE',  ( 592.8157894736845037, 89.08927077274813655, 5.999999999999998224 ) ) ;
#603 = B_SPLINE_CURVE_WITH_KNOTS ( 'NONE', 3,
 ( #2564, #1127, #919, #488, #2346, #209, #2107, #1602, #1843, #225, #1, #1423, #2360, #2792, #1861, #275, #260, #1827, #714, #1144, #1180, #733, #2074, #2058, #1165, #1195, #903, #2774, #1650, #505, #2092, #696, #1371, #2309 ),
 .UNSPECIFIED., .F., .F.,
 ( 4, 2, 2, 2, 2, 2, 2, 2, 2, 2, 2, 2, 2, 2, 2, 2, 4 ),
 ( 0.000000000000000000, 0.03125000000000000000, 0.06250000000000000000, 0.09375000000000000000, 0.1250000000000000000, 0.1562500000000000000, 0.1875000000000000000, 0.2187500000000000000, 0.2500000000000000000, 0.2812500000000000000, 0.3125000000000000000, 0.3437500000000000000, 0.3750000000000000000, 0.4062500000000000000, 0.4375000000000000000, 0.4687500000000000000, 0.5000000000000000000 ),
 .UNSPECIFIED. ) ;
#604 = DIRECTION ( 'NONE',  ( 0.000000000000000000, 0.000000000000000000, -1.000000000000000000 ) ) ;
#605 = CARTESIAN_POINT ( 'NONE',  ( 1010.855256729906273, 66.99599433612993948, 0.000000000000000000 ) ) ;
#606 = DIRECTION ( 'NONE',  ( -1.000000000000000000, 0.000000000000000000, 0.000000000000000000 ) ) ;
#607 = CARTESIAN_POINT ( 'NONE',  ( 548.7157894736845947, 89.08927077274812234, -6.000000000311311865E-06 ) ) ;
#608 = CARTESIAN_POINT ( 'NONE',  ( 180.3174415346763055, 94.85308231612455643, 0.000000000000000000 ) ) ;
#609 = ORIENTED_EDGE ( 'NONE', *, *, #1767, .F. ) ;
#610 = ORIENTED_EDGE ( 'NONE', *, *, #1714, .T. ) ;
#611 = CARTESIAN_POINT ( 'NONE',  ( 294.3963889031710437, 339.8530823157931877, -0.000000000000000000 ) ) ;
#612 = CARTESIAN_POINT ( 'NONE',  ( 522.8368421052659869, 334.0892707727322204, -6.000000000311311865E-06 ) ) ;
#613 = CARTESIAN_POINT ( 'NONE',  ( 801.4224257755093959, 128.7244077081624596, -0.000000000000000000 ) ) ;
#614 = ORIENTED_EDGE ( 'NONE', *, *, #746, .F. ) ;
#615 = AXIS2_PLACEMENT_3D ( 'NONE', #1962, #2210, #1290 ) ;
#616 = VECTOR ( 'NONE', #550, 1000.000000000000000 ) ;
#617 = FACE_BOUND ( 'NONE', #2638, .T. ) ;
#618 = CARTESIAN_POINT ( 'NONE',  ( 1472.216650672075502, 118.2254198690135496, -0.000000000000000000 ) ) ;
#619 = CARTESIAN_POINT ( 'NONE',  ( 1961.763157894737560, 89.08927077275771467, 36.54176427217079492 ) ) ;
#620 = AXIS2_PLACEMENT_3D ( 'NONE', #619, #1544, #1408 ) ;
#621 = AXIS2_PLACEMENT_3D ( 'NONE', #1839, #1209, #730 ) ;
#622 = FACE_OUTER_BOUND ( 'NONE', #2648, .T. ) ;
#623 = CARTESIAN_POINT ( 'NONE',  ( 1435.468421052632948, 334.0892707727385869, -6.000000000311311865E-06 ) ) ;
#624 = CARTESIAN_POINT ( 'NONE',  ( 2424.000000000000000, 234.0892707727449817, 6.000000000000000000 ) ) ;
#625 = DIRECTION ( 'NONE',  ( 1.000000000000000000, 0.000000000000000000, 0.000000000000000000 ) ) ;
#626 = CARTESIAN_POINT ( 'NONE',  ( 626.0465072213552276, 59.95312167506642709, -0.000000000000000000 ) ) ;
#627 = CARTESIAN_POINT ( 'NONE',  ( 726.4459688960282620, 373.7243440200021496, 0.000000000000000000 ) ) ;
#628 = DIRECTION ( 'NONE',  ( 0.000000000000000000, 0.000000000000000000, -1.000000000000000000 ) ) ;
#629 = CARTESIAN_POINT ( 'NONE',  ( 1168.974337859557181, 290.2718292381916854, 0.000000000000000000 ) ) ;
#630 = CARTESIAN_POINT ( 'NONE',  ( 854.2043532143839002, 118.2253711249618391, 0.000000000000000000 ) ) ;
#631 = EDGE_CURVE ( 'NONE', #2621, #2100, #500, .T. ) ;
#632 = CARTESIAN_POINT ( 'NONE',  ( 1505.447368421053397, 89.08927077275453144, 5.999999999999998224 ) ) ;
#633 = DIRECTION ( 'NONE',  ( -0.000000000000000000, -0.000000000000000000, -1.000000000000000000 ) ) ;
#634 = CARTESIAN_POINT ( 'NONE',  ( 548.7158239415120988, 91.98456803057287345, -0.000000000000000000 ) ) ;
#635 = CARTESIAN_POINT ( 'NONE',  ( 901.8219625758239317, 304.9531704199827686, 0.000000000000000000 ) ) ;
#636 = CARTESIAN_POINT ( 'NONE',  ( 1029.580346892237458, 49.45419752581972972, 0.000000000000000000 ) ) ;
#637 = CARTESIAN_POINT ( 'NONE',  ( 1575.426315789474529, 334.0892707727401785, -6.000000000311311865E-06 ) ) ;
#638 = CARTESIAN_POINT ( 'NONE',  ( 1803.584210526316383, 334.0892707727418269, 5.999999999999998224 ) ) ;
#639 = CARTESIAN_POINT ( 'NONE',  ( 573.2645574188356932, 49.45419752569935667, 0.000000000000000000 ) ) ;
#640 = CARTESIAN_POINT ( 'NONE',  ( 721.0961835227878964, 375.9403722929611149, -0.000000000000000000 ) ) ;
#641 = ORIENTED_EDGE ( 'NONE', *, *, #2129, .T. ) ;
#642 = ORIENTED_EDGE ( 'NONE', *, *, #2759, .F. ) ;
#643 = EDGE_CURVE ( 'NONE', #749, #1944, #1509, .T. ) ;
#644 = DIRECTION ( 'NONE',  ( -1.000000000000000000, 0.000000000000000000, 0.000000000000000000 ) ) ;
#645 = CARTESIAN_POINT ( 'NONE',  ( 1119.393084780409481, 328.3254592304049879, -0.000000000000000000 ) ) ;
#646 = CARTESIAN_POINT ( 'NONE',  ( 2234.021052631579551, 91.98474131941303256, 0.000000000000000000 ) ) ;
#647 = CARTESIAN_POINT ( 'NONE',  ( 1244.058755935155432, 118.2254198689348783, -0.000000000000000000 ) ) ;
#648 = CARTESIAN_POINT ( 'NONE',  ( 1633.727762468854735, 375.9403722932260052, -0.000000000000000000 ) ) ;
#649 = LINE ( 'NONE', #1748, #2856 ) ;
#650 = DIRECTION ( 'NONE',  ( -1.000000000000000000, 0.000000000000000000, 0.000000000000000000 ) ) ;
#651 = FACE_OUTER_BOUND ( 'NONE', #1609, .T. ) ;
#652 = CARTESIAN_POINT ( 'NONE',  ( 439.1017051699780609, 314.5380123375661583, -0.000000000000000000 ) ) ;
#653 = DIRECTION ( 'NONE',  ( -1.000000000000000000, 0.000000000000000000, 0.000000000000000000 ) ) ;
#654 = CARTESIAN_POINT ( 'NONE',  ( 116.9487679455193359, 49.45419752562295201, 0.000000000000000000 ) ) ;
#655 = CARTESIAN_POINT ( 'NONE',  ( 664.2069842563093971, 345.5324121820996197, 0.000000000000000000 ) ) ;
#656 = EDGE_CURVE ( 'NONE', #537, #2252, #2470, .T. ) ;
#657 = FACE_OUTER_BOUND ( 'NONE', #2036, .T. ) ;
#658 = EDGE_CURVE ( 'NONE', #1301, #1640, #2922, .T. ) ;
#659 = CARTESIAN_POINT ( 'NONE',  ( 2292.556858589558033, 291.4015181869469870, 0.000000000000000000 ) ) ;
#660 = CARTESIAN_POINT ( 'NONE',  ( 794.0656660961255966, 124.1485683616776043, -0.000000000000000000 ) ) ;
#661 = AXIS2_PLACEMENT_3D ( 'NONE', #2689, #1739, #2949 ) ;
#662 = FACE_BOUND ( 'NONE', #1582, .T. ) ;
#663 = AXIS2_PLACEMENT_3D ( 'NONE', #1927, #2144, #2397 ) ;
#664 = CARTESIAN_POINT ( 'NONE',  ( 1981.314389949958468, 128.7243440197673294, 0.000000000000000000 ) ) ;
#665 = B_SPLINE_CURVE_WITH_KNOTS ( 'NONE', 3,
 ( #2344, #2825, #694, #1907, #2838, #760, #1385, #1676, #241, #1457, #2391, #305, #1224, #79, #1161, #2680, #1980, #1949, #2625, #1526, #548, #1253, #1743, #1006, #2418, #801, #372, #828, #2457, #586, #2183, #787, #2198, #2640 ),
 .UNSPECIFIED., .F., .F.,
 ( 4, 2, 2, 2, 2, 2, 2, 2, 2, 2, 2, 2, 2, 2, 2, 2, 4 ),
 ( 0.000000000000000000, 0.03125000000000034694, 0.06250000000000069389, 0.09375000000000104083, 0.1250000000000013878, 0.1562500000000017208, 0.1875000000000020817, 0.2187500000000018596, 0.2500000000000016653, 0.2812500000000014433, 0.3125000000000012212, 0.3437500000000010547, 0.3750000000000008327, 0.4062500000000006106, 0.4375000000000003886, 0.4687500000000002220, 0.5000000000000000000 ),
 .UNSPECIFIED. ) ;
#666 = CYLINDRICAL_SURFACE ( 'NONE', #51, 44.10000000000002984 ) ;
#667 = AXIS2_PLACEMENT_3D ( 'NONE', #2589, #702, #909 ) ;
#668 = CARTESIAN_POINT ( 'NONE',  ( 977.7403496885870027, 322.6459560509416065, 0.000000000000000000 ) ) ;
#669 = CARTESIAN_POINT ( 'NONE',  ( 1052.026876205962253, 44.98923630492399894, -0.000000000000000000 ) ) ;
#670 = PLANE ( 'NONE',  #1004 ) ;
#671 = CARTESIAN_POINT ( 'NONE',  ( 1575.708806643707931, 339.8530957619649371, -0.000000000000000000 ) ) ;
#672 = EDGE_CURVE ( 'NONE', #1266, #1322, #2288, .T. ) ;
#673 = CARTESIAN_POINT ( 'NONE',  ( 1599.975083734254440, 294.4541975257306490, 0.000000000000000000 ) ) ;
#674 = CARTESIAN_POINT ( 'NONE',  ( 2424.000000000000000, 414.0892707727450102, 6.000000000000000000 ) ) ;
#675 = CARTESIAN_POINT ( 'NONE',  ( 1891.784210526316429, 334.0892707727418269, 36.54176427217079492 ) ) ;
#676 = ORIENTED_EDGE ( 'NONE', *, *, #457, .T. ) ;
#677 = CIRCLE ( 'NONE', #1055, 44.10000000000002984 ) ;
#678 = FACE_BOUND ( 'NONE', #2238, .T. ) ;
#679 = DIRECTION ( 'NONE',  ( 1.000000000000000000, 0.000000000000000000, 0.000000000000000000 ) ) ;
#680 = CARTESIAN_POINT ( 'NONE',  ( 782.6973046770457358, 111.1825855101251221, -0.000000000000000000 ) ) ;
#681 = FACE_BOUND ( 'NONE', #344, .T. ) ;
#682 = CARTESIAN_POINT ( 'NONE',  ( 1584.467075519134823, 360.9972505900809097, 0.000000000000000000 ) ) ;
#683 = DIRECTION ( 'NONE',  ( 0.000000000000000000, 0.000000000000000000, -1.000000000000000000 ) ) ;
#684 = CARTESIAN_POINT ( 'NONE',  ( 321.9700745398376398, 77.64611591442472616, -0.000000000000000000 ) ) ;
#685 = CARTESIAN_POINT ( 'NONE',  ( 1435.468421052633403, 331.1934468294257954, -0.000000000000000000 ) ) ;
#686 = CARTESIAN_POINT ( 'NONE',  ( 2032.024663729565873, 328.3254592275691834, -0.000000000000000000 ) ) ;
#687 = CARTESIAN_POINT ( 'NONE',  ( 935.0526315789493310, 334.0892707727354036, 36.54176427217079492 ) ) ;
#688 = CARTESIAN_POINT ( 'NONE',  ( 2347.817441533416513, 339.8530823186512748, -0.000000000000000000 ) ) ;
#689 = CARTESIAN_POINT ( 'NONE',  ( 130.7361884566712718, 132.9067123074237315, 0.000000000000000000 ) ) ;
#690 = ORIENTED_EDGE ( 'NONE', *, *, #1164, .T. ) ;
#691 = FACE_BOUND ( 'NONE', #712, .T. ) ;
#692 = CARTESIAN_POINT ( 'NONE',  ( 1919.075337697435089, 77.64611591593124729, -0.000000000000000000 ) ) ;
#693 = CARTESIAN_POINT ( 'NONE',  ( 668.6184146256446184, 311.9959943350742719, 0.000000000000000000 ) ) ;
#694 = CARTESIAN_POINT ( 'NONE',  ( 522.5542836398601594, 339.8530823157947225, -0.000000000000000000 ) ) ;
#695 = CARTESIAN_POINT ( 'NONE',  ( 2000.039480111968942, 111.1825472095720642, 0.000000000000000000 ) ) ;
#696 = CARTESIAN_POINT ( 'NONE',  ( 2032.024596116779776, 339.8530957619705077, -0.000000000000000000 ) ) ;
#697 = DIRECTION ( 'NONE',  ( 0.000000000000000000, 1.000000000000000000, 0.000000000000000000 ) ) ;
#698 = CARTESIAN_POINT ( 'NONE',  ( 478.7368421052660210, 334.0892707727322204, 36.54176427217079492 ) ) ;
#699 = LINE ( 'NONE', #2365, #2808 ) ;
#700 =( NAMED_UNIT ( * ) SI_UNIT ( $, .STERADIAN. ) SOLID_ANGLE_UNIT ( ) );
#701 = CARTESIAN_POINT ( 'NONE',  ( 1597.433001053933367, 295.8128912381617965, -0.000000000000000000 ) ) ;
#702 = DIRECTION ( 'NONE',  ( -0.000000000000000000, -0.000000000000000000, -1.000000000000000000 ) ) ;
#703 = DIRECTION ( 'NONE',  ( -0.000000000000000000, -0.000000000000000000, -1.000000000000000000 ) ) ;
#704 = EDGE_LOOP ( 'NONE', ( #2783, #973, #268, #2662 ) ) ;
#705 = ADVANCED_FACE ( 'NONE', ( #1753 ), #202, .F. ) ;
#706 = VERTEX_POINT ( 'NONE', #1121 ) ;
#707 = FACE_BOUND ( 'NONE', #927, .T. ) ;
#708 = DIRECTION ( 'NONE',  ( 0.000000000000000000, 0.000000000000000000, -1.000000000000000000 ) ) ;
#709 = ORIENTED_EDGE ( 'NONE', *, *, #2118, .F. ) ;
#710 = CARTESIAN_POINT ( 'NONE',  ( 726.4459952766212609, 294.4541338371123516, -0.000000000000000000 ) ) ;
#711 = DIRECTION ( 'NONE',  ( -1.000000000000000000, 0.000000000000000000, 0.000000000000000000 ) ) ;
#712 = EDGE_LOOP ( 'NONE', ( #2833, #2472 ) ) ;
#713 = CARTESIAN_POINT ( 'NONE',  ( 1613.762504245143646, 377.9067123070512366, 0.000000000000000000 ) ) ;
#714 = CARTESIAN_POINT ( 'NONE',  ( 2070.078293721281170, 377.9067123078191344, 0.000000000000000000 ) ) ;
#715 = VECTOR ( 'NONE', #2226, 1000.000000000000000 ) ;
#716 = CARTESIAN_POINT ( 'NONE',  ( 2075.842105263157919, 334.0892707727449533, 36.54176427217079492 ) ) ;
#717 = CARTESIAN_POINT ( 'NONE',  ( 1397.132232596398580, 290.2718292381932770, 0.000000000000000000 ) ) ;
#718 = CARTESIAN_POINT ( 'NONE',  ( 2087.285260123103399, 291.4014505762542626, -0.000000000000000000 ) ) ;
#719 = VECTOR ( 'NONE', #1244, 1000.000000000000000 ) ;
#720 = CARTESIAN_POINT ( 'NONE',  ( 1646.434333904452387, 299.0299731842741267, -0.000000000000000000 ) ) ;
#721 = CARTESIAN_POINT ( 'NONE',  ( 2292.556845140053611, 376.7770909692355872, -0.000000000000000000 ) ) ;
#722 = CARTESIAN_POINT ( 'NONE',  ( 156.0512320544195575, 128.7243440198830911, 0.000000000000000000 ) ) ;
#723 = ORIENTED_EDGE ( 'NONE', *, *, #656, .T. ) ;
#724 = ORIENTED_EDGE ( 'NONE', *, *, #2435, .F. ) ;
#725 = EDGE_CURVE ( 'NONE', #2654, #706, #2052, .T. ) ;
#726 = CARTESIAN_POINT ( 'NONE',  ( 239.1357925097859720, 376.7770909695728392, -0.000000000000000000 ) ) ;
#727 = CARTESIAN_POINT ( 'NONE',  ( 1917.663157894737651, 89.08927077275770046, -6.000000000311311865E-06 ) ) ;
#728 = AXIS2_PLACEMENT_3D ( 'NONE', #364, #2218, #1986 ) ;
#729 = ORIENTED_EDGE ( 'NONE', *, *, #2823, .F. ) ;
#730 = DIRECTION ( 'NONE',  ( -1.000000000000000000, 0.000000000000000000, 0.000000000000000000 ) ) ;
#731 = CARTESIAN_POINT ( 'NONE',  ( 1121.359424794244433, 348.2907174497092342, -0.000000000000000000 ) ) ;
#732 = VERTEX_POINT ( 'NONE', #59 ) ;
#733 = CARTESIAN_POINT ( 'NONE',  ( 2056.290846828451322, 373.7244077080330271, -0.000000000000000000 ) ) ;
#734 = ADVANCED_FACE ( 'NONE', ( #8 ), #2832, .F. ) ;
#735 = DIRECTION ( 'NONE',  ( 0.000000000000000000, 0.000000000000000000, -1.000000000000000000 ) ) ;
#736 = CARTESIAN_POINT ( 'NONE',  ( 1402.811575910689498, 291.4014505757190250, -0.000000000000000000 ) ) ;
#737 = CARTESIAN_POINT ( 'NONE',  ( 207.8911271716405622, 322.6461159139510642, -0.000000000000000000 ) ) ;
#738 = CARTESIAN_POINT ( 'NONE',  ( 1690.917442961785582, 77.64611591301218141, -0.000000000000000000 ) ) ;
#739 = CARTESIAN_POINT ( 'NONE',  ( 2260.182490853620948, 339.8530957619705077, -0.000000000000000000 ) ) ;
#740 = CARTESIAN_POINT ( 'NONE',  ( 147.9431414098274331, 131.7770233585431185, 0.000000000000000000 ) ) ;
#741 = ORIENTED_EDGE ( 'NONE', *, *, #2637, .T. ) ;
#742 = EDGE_LOOP ( 'NONE', ( #2476, #2196 ) ) ;
#743 = FACE_BOUND ( 'NONE', #2906, .T. ) ;
#744 = CARTESIAN_POINT ( 'NONE',  ( 1689.505263157895570, 89.08927077275610884, 5.999999999999998224 ) ) ;
#745 = VERTEX_POINT ( 'NONE', #1902 ) ;
#746 = EDGE_CURVE ( 'NONE', #2318, #2801, #2991, .T. ) ;
#747 = CARTESIAN_POINT ( 'NONE',  ( 721.0961571421950111, 292.2382329408596888, 0.000000000000000000 ) ) ;
#748 = CARTESIAN_POINT ( 'NONE',  ( 1205.898346512150056, 345.5324256314970626, -0.000000000000000000 ) ) ;
#749 = VERTEX_POINT ( 'NONE', #494 ) ;
#750 = CARTESIAN_POINT ( 'NONE',  ( 1876.820359624611910, 367.3199885200282324, -0.000000000000000000 ) ) ;
#751 = LINE ( 'NONE', #1665, #96 ) ;
#752 = CARTESIAN_POINT ( 'NONE',  ( 2053.748790526617540, 295.8128912389870493, -0.000000000000000000 ) ) ;
#753 = CARTESIAN_POINT ( 'NONE',  ( 1711.511948422278465, 50.81289123832360843, -0.000000000000000000 ) ) ;
#754 = CARTESIAN_POINT ( 'NONE',  ( 890.9526315789493083, 334.0892707727354036, -6.000000000311311865E-06 ) ) ;
#755 = CARTESIAN_POINT ( 'NONE',  ( 1277.289473684211089, 89.08927077275292561, 5.999999999999998224 ) ) ;
#756 = ORIENTED_EDGE ( 'NONE', *, *, #1444, .F. ) ;
#757 = ORIENTED_EDGE ( 'NONE', *, *, #1302, .T. ) ;
#758 = CARTESIAN_POINT ( 'NONE',  ( 1277.289473684211089, 89.08927077275292561, 36.54176427217079492 ) ) ;
#759 = CARTESIAN_POINT ( 'NONE',  ( 1084.190876535375537, 115.9972888880351860, -0.000000000000000000 ) ) ;
#760 = CARTESIAN_POINT ( 'NONE',  ( 518.3719790399992462, 353.6405292088044234, -0.000000000000000000 ) ) ;
#761 = ORIENTED_EDGE ( 'NONE', *, *, #504, .T. ) ;
#762 = CARTESIAN_POINT ( 'NONE',  ( 402.9342742707672755, 66.99595603622631756, -0.000000000000000000 ) ) ;
#763 = CARTESIAN_POINT ( 'NONE',  ( 320.5579292046696764, 91.98456803057111131, 0.000000000000000000 ) ) ;
#764 = CARTESIAN_POINT ( 'NONE',  ( 1777.705263157895615, 89.08927077275612305, -6.000000000311311865E-06 ) ) ;
#765 = CIRCLE ( 'NONE', #1139, 44.09999999999980957 ) ;
#766 = CARTESIAN_POINT ( 'NONE',  ( 1321.389473684211453, 91.98474132560112082, -0.000000000000000000 ) ) ;
#767 = DIRECTION ( 'NONE',  ( 1.000000000000000000, 0.000000000000000000, 0.000000000000000000 ) ) ;
#768 = VECTOR ( 'NONE', #2174, 1000.000000000000000 ) ;
#769 = VERTEX_POINT ( 'NONE', #2065 ) ;
#770 = AXIS2_PLACEMENT_3D ( 'NONE', #363, #1763, #181 ) ;
#771 = CARTESIAN_POINT ( 'NONE',  ( 1312.348713954717596, 62.18129095577671706, 0.000000000000000000 ) ) ;
#772 = CARTESIAN_POINT ( 'NONE',  ( 2201.364207491526031, 46.40145057623038127, -0.000000000000000000 ) ) ;
#773 = FACE_OUTER_BOUND ( 'NONE', #1466, .T. ) ;
#774 = CARTESIAN_POINT ( 'NONE',  ( 2261.312179802026549, 322.6461159160982106, -0.000000000000000000 ) ) ;
#775 = EDGE_LOOP ( 'NONE', ( #1855, #946, #2834, #823 ) ) ;
#776 = CARTESIAN_POINT ( 'NONE',  ( 386.7511711745971184, 50.81294855643619712, 0.000000000000000000 ) ) ;
#777 = DIRECTION ( 'NONE',  ( 0.000000000000000000, 0.000000000000000000, -1.000000000000000000 ) ) ;
#778 = CARTESIAN_POINT ( 'NONE',  ( 1719.403842858613871, 130.9403086050402578, 0.000000000000000000 ) ) ;
#779 = EDGE_CURVE ( 'NONE', #282, #1007, #1776, .T. ) ;
#780 = CARTESIAN_POINT ( 'NONE',  ( 1753.156521593139814, 49.45413383745622582, -0.000000000000000000 ) ) ;
#781 = CARTESIAN_POINT ( 'NONE',  ( 892.3648789931511374, 345.5324121821012113, 0.000000000000000000 ) ) ;
#782 = CARTESIAN_POINT ( 'NONE',  ( 865.0736842105267215, 89.08927077274975659, -6.000000000311311865E-06 ) ) ;
#783 = VERTEX_POINT ( 'NONE', #910 ) ;
#784 = CARTESIAN_POINT ( 'NONE',  ( 2187.025755372986623, 44.98930524058672376, 0.000000000000000000 ) ) ;
#785 = ORIENTED_EDGE ( 'NONE', *, *, #2857, .T. ) ;
#786 = CARTESIAN_POINT ( 'NONE',  ( 1861.885630825598128, 292.2382329405342603, 0.000000000000000000 ) ) ;
#787 = CARTESIAN_POINT ( 'NONE',  ( 434.9193329594992292, 339.8530957651887547, -0.000000000000000000 ) ) ;
#788 = ORIENTED_EDGE ( 'NONE', *, *, #204, .T. ) ;
#789 = CARTESIAN_POINT ( 'NONE',  ( 391.5659128514164991, 54.02997318397247994, -0.000000000000000000 ) ) ;
#790 = CARTESIAN_POINT ( 'NONE',  ( 406.5089325692436546, 103.2906910718157434, 0.000000000000000000 ) ) ;
#791 = CYLINDRICAL_SURFACE ( 'NONE', #1446, 44.09999999999980957 ) ;
#792 = EDGE_CURVE ( 'NONE', #1716, #42, #1834, .T. ) ;
#793 = DIRECTION ( 'NONE',  ( 1.000000000000000000, 0.000000000000000000, -0.000000000000000000 ) ) ;
#794 = CARTESIAN_POINT ( 'NONE',  ( 408.7578947368423883, 89.08927077274655915, 36.54176427217079492 ) ) ;
#795 = CARTESIAN_POINT ( 'NONE',  ( 843.0669606477626985, 50.81294855609262839, 0.000000000000000000 ) ) ;
#796 = EDGE_LOOP ( 'NONE', ( #600, #1063, #2256, #838 ) ) ;
#797 = CARTESIAN_POINT ( 'NONE',  ( 1280.184770942803880, 44.98923630492559056, -0.000000000000000000 ) ) ;
#798 = CARTESIAN_POINT ( 'NONE',  ( 2204.122472931398988, 47.23823294048235510, 0.000000000000000000 ) ) ;
#799 = EDGE_LOOP ( 'NONE', ( #2193, #1730, #1278, #1188 ) ) ;
#800 = CARTESIAN_POINT ( 'NONE',  ( 1034.930158648087172, 130.9403086050354830, 0.000000000000000000 ) ) ;
#801 = CARTESIAN_POINT ( 'NONE',  ( 445.5061243575181607, 363.2254198704135888, -0.000000000000000000 ) ) ;
#802 = ORIENTED_EDGE ( 'NONE', *, *, #1402, .T. ) ;
#803 = CARTESIAN_POINT ( 'NONE',  ( 408.4754383587699067, 83.32561909279466761, -0.000000000000000000 ) ) ;
#804 = CARTESIAN_POINT ( 'NONE',  ( 0.000000000000000000, 414.0892707727450102, 6.000000000000000000 ) ) ;
#805 = LINE ( 'NONE', #1721, #235 ) ;
#806 = CARTESIAN_POINT ( 'NONE',  ( 1347.268421052632903, 334.0892707727385869, -6.000000000311311865E-06 ) ) ;
#807 = CARTESIAN_POINT ( 'NONE',  ( 1462.759548224943728, 77.64611591301060400, -0.000000000000000000 ) ) ;
#808 = CARTESIAN_POINT ( 'NONE',  ( 787.7430152079203936, 59.95317041959282989, 0.000000000000000000 ) ) ;
#809 = ORIENTED_EDGE ( 'NONE', *, *, #2593, .F. ) ;
#810 = CARTESIAN_POINT ( 'NONE',  ( 2234.021052631580460, 86.19344682644357647, -0.000000000000000000 ) ) ;
#811 = VERTEX_POINT ( 'NONE', #1378 ) ;
#812 = CIRCLE ( 'NONE', #667, 44.10000000000002984 ) ;
#813 = CARTESIAN_POINT ( 'NONE',  ( 1891.784210526316429, 334.0892707727418269, -6.000000000311311865E-06 ) ) ;
#814 = DIRECTION ( 'NONE',  ( 1.000000000000000000, 0.000000000000000000, 0.000000000000000000 ) ) ;
#815 = AXIS2_PLACEMENT_3D ( 'NONE', #1847, #892, #1360 ) ;
#816 = ORIENTED_EDGE ( 'NONE', *, *, #1803, .F. ) ;
#817 = AXIS2_PLACEMENT_3D ( 'NONE', #755, #1153, #1133 ) ;
#818 = CARTESIAN_POINT ( 'NONE',  ( 2003.614195728041068, 103.2906910700187240, 0.000000000000000000 ) ) ;
#819 = AXIS2_PLACEMENT_3D ( 'NONE', #2157, #1924, #337 ) ;
#820 = CARTESIAN_POINT ( 'NONE',  ( 1739.369088149661820, 132.9067799185228296, -0.000000000000000000 ) ) ;
#821 = CARTESIAN_POINT ( 'NONE',  ( 946.4957864367237335, 291.4014505755986875, -0.000000000000000000 ) ) ;
#822 =( NAMED_UNIT ( * ) SI_UNIT ( $, .STERADIAN. ) SOLID_ANGLE_UNIT ( ) );
#823 = ORIENTED_EDGE ( 'NONE', *, *, #457, .F. ) ;
#824 = LINE ( 'NONE', #867, #523 ) ;
#825 = CARTESIAN_POINT ( 'NONE',  ( 1413.461735788777332, 372.3656503070674262, -0.000000000000000000 ) ) ;
#826 = VERTEX_POINT ( 'NONE', #2317 ) ;
#827 = CARTESIAN_POINT ( 'NONE',  ( 1005.031613415196375, 91.98456803365422729, -0.000000000000000000 ) ) ;
#828 = CARTESIAN_POINT ( 'NONE',  ( 440.4604625714237613, 356.1825855095290194, -0.000000000000000000 ) ) ;
#829 = EDGE_LOOP ( 'NONE', ( #729, #233, #2641, #1403 ) ) ;
#830 = EDGE_CURVE ( 'NONE', #1527, #1672, #232, .T. ) ;
#831 = CARTESIAN_POINT ( 'NONE',  ( 1818.548110174641579, 367.3199397770979431, 0.000000000000000000 ) ) ;
#832 = CARTESIAN_POINT ( 'NONE',  ( 1233.189473684210952, 89.08927077275291140, -6.000000000311311865E-06 ) ) ;
#833 = DIRECTION ( 'NONE',  ( 0.000000000000000000, 0.000000000000000000, -1.000000000000000000 ) ) ;
#834 = CARTESIAN_POINT ( 'NONE',  ( 1461.347368421053488, 89.08927077275451722, -6.000000000311311865E-06 ) ) ;
#835 = VERTEX_POINT ( 'NONE', #115 ) ;
#836 = CARTESIAN_POINT ( 'NONE',  ( 865.0736842105267215, 89.08927077274974238, 5.999999999999998224 ) ) ;
#837 = CARTESIAN_POINT ( 'NONE',  ( 1348.680668466835186, 345.5324121853363408, 0.000000000000000000 ) ) ;
#838 = ORIENTED_EDGE ( 'NONE', *, *, #2993, .F. ) ;
#839 = MANIFOLD_SOLID_BREP ( 'Cut-Extrude8', #861 ) ;
#840 = CARTESIAN_POINT ( 'NONE',  ( 285.6382449578149476, 360.9972888866307130, -0.000000000000000000 ) ) ;
#841 = CARTESIAN_POINT ( 'NONE',  ( 2298.236175008619739, 290.2717616269782752, -0.000000000000000000 ) ) ;
#842 = DIRECTION ( 'NONE',  ( 0.000000000000000000, 0.000000000000000000, -1.000000000000000000 ) ) ;
#843 = ORIENTED_EDGE ( 'NONE', *, *, #2521, .F. ) ;
#844 = EDGE_CURVE ( 'NONE', #2359, #2205, #1587, .T. ) ;
#845 = CARTESIAN_POINT ( 'NONE',  ( 890.9526315789493083, 334.0892707727354036, 5.999999999999998224 ) ) ;
#846 = CARTESIAN_POINT ( 'NONE',  ( 635.5036096706552371, 100.5324256315465163, -0.000000000000000000 ) ) ;
#847 = CARTESIAN_POINT ( 'NONE',  ( 1545.082441667119156, 69.53803871548528548, 0.000000000000000000 ) ) ;
#848 = CARTESIAN_POINT ( 'NONE',  ( 750.9947368421077272, 334.0892707727338120, 5.999999999999998224 ) ) ;
#849 = CARTESIAN_POINT ( 'NONE',  ( 522.8368421052659869, 331.1934468263406188, -0.000000000000000000 ) ) ;
#850 = DIRECTION ( 'NONE',  ( 1.000000000000000000, 0.000000000000000000, 0.000000000000000000 ) ) ;
#851 = CARTESIAN_POINT ( 'NONE',  ( 712.6585618342579664, 377.9067799185007743, -0.000000000000000000 ) ) ;
#852 = EDGE_CURVE ( 'NONE', #1888, #1478, #2177, .T. ) ;
#853 = CARTESIAN_POINT ( 'NONE',  ( 0.000000000000000000, 414.0892707727450102, 6.000000000000000000 ) ) ;
#854 = CARTESIAN_POINT ( 'NONE',  ( 1151.767384906119332, 291.4015181869388016, 0.000000000000000000 ) ) ;
#855 = CARTESIAN_POINT ( 'NONE',  ( 2195.684877622960357, 132.9067799185260128, -0.000000000000000000 ) ) ;
#856 = AXIS2_PLACEMENT_3D ( 'NONE', #2072, #2292, #2957 ) ;
#857 = PRODUCT_DEFINITION_FORMATION_WITH_SPECIFIED_SOURCE ( 'ANY', '', #348, .NOT_KNOWN. ) ;
#858 = CARTESIAN_POINT ( 'NONE',  ( 1233.471964538444126, 94.85309576205420967, -0.000000000000000000 ) ) ;
#859 = CARTESIAN_POINT ( 'NONE',  ( 1804.996457940519122, 345.5324121853395241, 0.000000000000000000 ) ) ;
#860 = CARTESIAN_POINT ( 'NONE',  ( 559.5850717262450189, 118.2254198708907893, -0.000000000000000000 ) ) ;
#861 = CLOSED_SHELL ( 'NONE', ( #1135, #2185, #43, #2658, #2844, #1786, #2300, #1404, #1977, #1820, #418, #1512, #1516, #2999, #2320, #1358, #899, #214, #436, #1198, #734, #484, #975, #34, #2584, #1318, #2757, #1890, #2046, #1549, #1281, #2285, #1606, #547, #362, #287, #2075, #1663, #1029, #1940, #2651, #2895, #705, #1425, #110, #993, #2631, #2011, #479, #1342 ) ) ;
#862 =( GEOMETRIC_REPRESENTATION_CONTEXT ( 3 ) GLOBAL_UNCERTAINTY_ASSIGNED_CONTEXT ( ( #519 ) ) GLOBAL_UNIT_ASSIGNED_CONTEXT ( ( #1489, #1700, #822 ) ) REPRESENTATION_CONTEXT ( 'NONE', 'WORKASPACE' ) );
#863 = CARTESIAN_POINT ( 'NONE',  ( 1508.342665679645734, 44.98923630492718928, -0.000000000000000000 ) ) ;
#864 = DIRECTION ( 'NONE',  ( 0.000000000000000000, 0.000000000000000000, -1.000000000000000000 ) ) ;
#865 = EDGE_CURVE ( 'NONE', #769, #826, #1501, .T. ) ;
#866 = CARTESIAN_POINT ( 'NONE',  ( 445.5061731018323599, 304.9531704202877336, 0.000000000000000000 ) ) ;
#867 = CARTESIAN_POINT ( 'NONE',  ( 2407.500000000000000, 22.08927077274480055, 0.000000000000000000 ) ) ;
#868 = CARTESIAN_POINT ( 'NONE',  ( 1353.092041517888219, 356.1825855077267420, -0.000000000000000000 ) ) ;
#869 = CARTESIAN_POINT ( 'NONE',  ( 684.8014604041400162, 372.3655929887356706, 0.000000000000000000 ) ) ;
#870 = ORIENTED_EDGE ( 'NONE', *, *, #2152, .F. ) ;
#871 = CARTESIAN_POINT ( 'NONE',  ( 2145.821052631580187, 89.08927077275930628, 5.999999999999998224 ) ) ;
#872 = CARTESIAN_POINT ( 'NONE',  ( 250.5789473684241102, 334.0892707727306288, 5.999999999999998224 ) ) ;
#873 = CARTESIAN_POINT ( 'NONE',  ( 856.0329817988397281, 115.9972888880720774, -0.000000000000000000 ) ) ;
#874 = CARTESIAN_POINT ( 'NONE',  ( 2005.863157894737469, 89.08927077275771467, 5.999999999999998224 ) ) ;
#875 = CARTESIAN_POINT ( 'NONE',  ( 1461.347402888881334, 91.98456803365738210, -0.000000000000000000 ) ) ;
#876 = DIRECTION ( 'NONE',  ( 0.000000000000000000, 0.000000000000000000, -1.000000000000000000 ) ) ;
#877 = CARTESIAN_POINT ( 'NONE',  ( 905.9164824814209851, 300.8585530248345776, -0.000000000000000000 ) ) ;
#878 = CARTESIAN_POINT ( 'NONE',  ( 1006.443758751259338, 77.64611591300740656, -0.000000000000000000 ) ) ;
#879 = ORIENTED_EDGE ( 'NONE', *, *, #643, .F. ) ;
#880 = CARTESIAN_POINT ( 'NONE',  ( 1315.565853218788561, 66.99595603740027627, -0.000000000000000000 ) ) ;
#881 = CARTESIAN_POINT ( 'NONE',  ( 621.9518898266674114, 55.85860176977647029, 0.000000000000000000 ) ) ;
#882 = CARTESIAN_POINT ( 'NONE',  ( 176.1351369352956340, 108.6405292079754616, -0.000000000000000000 ) ) ;
#883 = DIRECTION ( 'NONE',  ( -1.000000000000000000, 0.000000000000000000, 0.000000000000000000 ) ) ;
#884 = CARTESIAN_POINT ( 'NONE',  ( 2345.851101519685471, 319.8878240898022796, -0.000000000000000000 ) ) ;
#885 = CARTESIAN_POINT ( 'NONE',  ( 791.8375838573126657, 122.3199397752987210, 0.000000000000000000 ) ) ;
#886 = DIRECTION ( 'NONE',  ( 1.000000000000000000, 0.000000000000000000, 0.000000000000000000 ) ) ;
#887 = CARTESIAN_POINT ( 'NONE',  ( 1919.075405308939708, 100.5324121822007584, 0.000000000000000000 ) ) ;
#888 = DIRECTION ( 'NONE',  ( 1.000000000000000000, 0.000000000000000000, 0.000000000000000000 ) ) ;
#889 = DIRECTION ( 'NONE',  ( 0.000000000000000000, 0.000000000000000000, -1.000000000000000000 ) ) ;
#890 = CARTESIAN_POINT ( 'NONE',  ( 0.000000000000000000, 414.0892707727450102, 6.000000000000000000 ) ) ;
#891 = CARTESIAN_POINT ( 'NONE',  ( 498.2881005397796912, 294.4541338371106463, -0.000000000000000000 ) ) ;
#892 = DIRECTION ( 'NONE',  ( 0.000000000000000000, 0.000000000000000000, -1.000000000000000000 ) ) ;
#893 = CARTESIAN_POINT ( 'NONE',  ( 1652.757033537836833, 304.9531216756732874, -0.000000000000000000 ) ) ;
#894 = CARTESIAN_POINT ( 'NONE',  ( 1349.517319531085832, 348.2907174497107690, -0.000000000000000000 ) ) ;
#895 = CARTESIAN_POINT ( 'NONE',  ( 665.0436353220214869, 348.2907174538189565, -0.000000000000000000 ) ) ;
#896 = FACE_BOUND ( 'NONE', #742, .T. ) ;
#897 = CARTESIAN_POINT ( 'NONE',  ( 2326.093276441813032, 295.8129485595173946, 0.000000000000000000 ) ) ;
#898 = CARTESIAN_POINT ( 'NONE',  ( 2219.057201731029181, 122.3199885194279233, -0.000000000000000000 ) ) ;
#899 = ADVANCED_FACE ( 'NONE', ( #2961 ), #2687, .F. ) ;
#900 = CARTESIAN_POINT ( 'NONE',  ( 1235.438372162664791, 103.2907174496485965, -0.000000000000000000 ) ) ;
#901 = VECTOR ( 'NONE', #1036, 1000.000000000000000 ) ;
#902 = CARTESIAN_POINT ( 'NONE',  ( 1988.671137711525034, 124.1485110432636247, 0.000000000000000000 ) ) ;
#903 = CARTESIAN_POINT ( 'NONE',  ( 2040.782864989209202, 360.9972505828521321, 0.000000000000000000 ) ) ;
#904 = FACE_OUTER_BOUND ( 'NONE', #255, .T. ) ;
#905 = CARTESIAN_POINT ( 'NONE',  ( 935.0526315789493310, 334.0892707727354036, 5.999999999999998224 ) ) ;
#906 = CARTESIAN_POINT ( 'NONE',  ( 517.0132216396765443, 311.9959560370911618, -0.000000000000000000 ) ) ;
#907 = CIRCLE ( 'NONE', #728, 44.09999999999997300 ) ;
#908 = DIRECTION ( 'NONE',  ( 1.000000000000000000, 0.000000000000000000, 0.000000000000000000 ) ) ;
#909 = DIRECTION ( 'NONE',  ( 1.000000000000000000, 0.000000000000000000, 0.000000000000000000 ) ) ;
#910 = CARTESIAN_POINT ( 'NONE',  ( 2407.500000000000000, 22.08927077274480055, 0.000000000000000000 ) ) ;
#911 = VERTEX_POINT ( 'NONE', #848 ) ;
#912 = FACE_BOUND ( 'NONE', #2452, .T. ) ;
#913 = CARTESIAN_POINT ( 'NONE',  ( 1939.669843159120546, 50.81289123832524979, -0.000000000000000000 ) ) ;
#914 = ORIENTED_EDGE ( 'NONE', *, *, #1532, .T. ) ;
#915 = PRODUCT_DEFINITION ( 'UNKNOWN', '', #857, #1424 ) ;
#916 = DIRECTION ( 'NONE',  ( 0.000000000000000000, 0.000000000000000000, -1.000000000000000000 ) ) ;
#917 = FACE_BOUND ( 'NONE', #2405, .T. ) ;
#918 = CARTESIAN_POINT ( 'NONE',  ( 1663.626315789474575, 334.0892707727401785, -6.000000000311311865E-06 ) ) ;
#919 = CARTESIAN_POINT ( 'NONE',  ( 2119.659546796573977, 339.8530823186512748, -0.000000000000000000 ) ) ;
#920 = B_SPLINE_CURVE_WITH_KNOTS ( 'NONE', 3,
 ( #2289, #1553, #611, #1122, #598, #2456, #149, #840, #1538, #2473, #2253, #386, #959, #2529, #2340, #929, #1136, #1380, #253, #726, #1624, #480, #1853, #2802, #2084, #1175, #1658, #1207, #2067, #2322, #1819, #2355, #236, #2102 ),
 .UNSPECIFIED., .F., .F.,
 ( 4, 2, 2, 2, 2, 2, 2, 2, 2, 2, 2, 2, 2, 2, 2, 2, 4 ),
 ( 0.000000000000000000, 0.03125000000000030531, 0.06250000000000061062, 0.09375000000000091593, 0.1250000000000012212, 0.1562500000000015266, 0.1875000000000018319, 0.2187500000000021372, 0.2500000000000024425, 0.2812500000000021094, 0.3125000000000018319, 0.3437500000000014988, 0.3750000000000012212, 0.4062500000000008882, 0.4375000000000006106, 0.4687500000000002776, 0.5000000000000000000 ),
 .UNSPECIFIED. ) ;
#921 = CARTESIAN_POINT ( 'NONE',  ( 1663.626315789474575, 334.0892707727401785, 36.54176427217079492 ) ) ;
#922 = DIRECTION ( 'NONE',  ( 0.000000000000000000, 0.000000000000000000, -1.000000000000000000 ) ) ;
#923 = CARTESIAN_POINT ( 'NONE',  ( 2078.737402521943295, 289.9892363049176538, -0.000000000000000000 ) ) ;
#924 = CARTESIAN_POINT ( 'NONE',  ( 1663.626315789474802, 331.1934468294275575, -0.000000000000000000 ) ) ;
#925 = CARTESIAN_POINT ( 'NONE',  ( 2306.895297258785831, 378.1892363049176424, 0.000000000000000000 ) ) ;
#926 = CARTESIAN_POINT ( 'NONE',  ( 2075.842105263157919, 334.0892707727449533, 5.999999999999998224 ) ) ;
#927 = EDGE_LOOP ( 'NONE', ( #1524, #528 ) ) ;
#928 = EDGE_LOOP ( 'NONE', ( #1364, #1975, #1018, #709 ) ) ;
#929 = CARTESIAN_POINT ( 'NONE',  ( 256.3427723599578485, 377.9067799184974206, -0.000000000000000000 ) ) ;
#930 = FACE_OUTER_BOUND ( 'NONE', #1249, .T. ) ;
#931 = CARTESIAN_POINT ( 'NONE',  ( 1052.026876205541839, 133.1892363049239520, 0.000000000000000000 ) ) ;
#932 = CARTESIAN_POINT ( 'NONE',  ( 1168.974351307941788, 377.9067799185037870, -0.000000000000000000 ) ) ;
#933 = ORIENTED_EDGE ( 'NONE', *, *, #1008, .T. ) ;
#934 = CARTESIAN_POINT ( 'NONE',  ( 1630.969457199146973, 376.7770233585383721, 0.000000000000000000 ) ) ;
#935 = CYLINDRICAL_SURFACE ( 'NONE', #185, 44.09999999999997300 ) ;
#936 = LINE ( 'NONE', #1603, #1972 ) ;
#937 = CARTESIAN_POINT ( 'NONE',  ( 1362.232271955259876, 300.8585530245294990, -0.000000000000000000 ) ) ;
#938 = DIRECTION ( 'NONE',  ( 1.000000000000000000, 0.000000000000000000, 0.000000000000000000 ) ) ;
#939 = CARTESIAN_POINT ( 'NONE',  ( 1575.708874254093189, 328.3254592304082280, -0.000000000000000000 ) ) ;
#940 = CARTESIAN_POINT ( 'NONE',  ( 179.1877181096374727, 77.64595605048957339, 0.000000000000000000 ) ) ;
#941 = CARTESIAN_POINT ( 'NONE',  ( 103.2692822525606431, 118.2254198708493362, -0.000000000000000000 ) ) ;
#942 = ORIENTED_EDGE ( 'NONE', *, *, #2506, .T. ) ;
#943 = ORIENTED_EDGE ( 'NONE', *, *, #1826, .T. ) ;
#944 = CARTESIAN_POINT ( 'NONE',  ( 1239.013151468593378, 66.99599433428628004, 0.000000000000000000 ) ) ;
#945 = CARTESIAN_POINT ( 'NONE',  ( 1947.561711215268588, 47.23816925219388452, -0.000000000000000000 ) ) ;
#946 = ORIENTED_EDGE ( 'NONE', *, *, #779, .F. ) ;
#947 = CYLINDRICAL_SURFACE ( 'NONE', #621, 44.10000000000002984 ) ;
#948 = CARTESIAN_POINT ( 'NONE',  ( 1177.411972995171482, 375.9403722932228789, -0.000000000000000000 ) ) ;
#949 = ORIENTED_EDGE ( 'NONE', *, *, #1082, .T. ) ;
#950 = DIRECTION ( 'NONE',  ( -0.000000000000000000, -0.000000000000000000, -1.000000000000000000 ) ) ;
#951 = DIRECTION ( 'NONE',  ( 0.000000000000000000, 0.000000000000000000, -1.000000000000000000 ) ) ;
#952 = CARTESIAN_POINT ( 'NONE',  ( 1689.505263157895570, 89.08927077275610884, 36.54176427217079492 ) ) ;
#953 = CARTESIAN_POINT ( 'NONE',  ( 231.0277153137809307, 294.4541975256984188, 0.000000000000000000 ) ) ;
#954 = VECTOR ( 'NONE', #1627, 1000.000000000000000 ) ;
#955 = CARTESIAN_POINT ( 'NONE',  ( 1577.675277957323715, 319.8878504739082018, 0.000000000000000000 ) ) ;
#956 = CARTESIAN_POINT ( 'NONE',  ( 2337.230669000973649, 363.2253711268838288, 0.000000000000000000 ) ) ;
#957 = ORIENTED_EDGE ( 'NONE', *, *, #1008, .F. ) ;
#958 = ORIENTED_EDGE ( 'NONE', *, *, #2759, .T. ) ;
#959 = CARTESIAN_POINT ( 'NONE',  ( 270.1301794229143525, 373.7243440197630093, 0.000000000000000000 ) ) ;
#960 = CARTESIAN_POINT ( 'NONE',  ( 2005.863157894737924, 86.19344682644195643, -0.000000000000000000 ) ) ;
#961 = CIRCLE ( 'NONE', #336, 44.09999999999991616 ) ;
#962 = VERTEX_POINT ( 'NONE', #623 ) ;
#963 = CARTESIAN_POINT ( 'NONE',  ( 687.3435047884701135, 294.4541975253483201, 0.000000000000000000 ) ) ;
#964 = CARTESIAN_POINT ( 'NONE',  ( 16.50000000000000000, 234.0892707727449817, 6.000000000000000000 ) ) ;
#965 = VERTEX_POINT ( 'NONE', #2030 ) ;
#966 = CARTESIAN_POINT ( 'NONE',  ( 1663.626315789474575, 334.0892707727401785, -6.000000000311311865E-06 ) ) ;
#967 = LINE ( 'NONE', #952, #238 ) ;
#968 = CARTESIAN_POINT ( 'NONE',  ( 2119.659648885085971, 328.3256190927156126, -0.000000000000000000 ) ) ;
#969 = LINE ( 'NONE', #1027, #719 ) ;
#970 = CARTESIAN_POINT ( 'NONE',  ( 2342.276322212153900, 356.1825472153261671, 0.000000000000000000 ) ) ;
#971 = DIRECTION ( 'NONE',  ( 0.000000000000000000, -0.000000000000000000, 1.000000000000000000 ) ) ;
#972 = VERTEX_POINT ( 'NONE', #1782 ) ;
#973 = ORIENTED_EDGE ( 'NONE', *, *, #672, .T. ) ;
#974 = EDGE_CURVE ( 'NONE', #2839, #1052, #1390, .T. ) ;
#975 = ADVANCED_FACE ( 'NONE', ( #651 ), #168, .F. ) ;
#976 = CARTESIAN_POINT ( 'NONE',  ( 1304.197491799246563, 54.02997318428709406, -0.000000000000000000 ) ) ;
#977 = CYLINDRICAL_SURFACE ( 'NONE', #90, 44.10000000000002984 ) ;
#978 = EDGE_CURVE ( 'NONE', #1478, #1628, #2494, .T. ) ;
#979 = CARTESIAN_POINT ( 'NONE',  ( 1092.949020482574952, 94.85308231577555205, 0.000000000000000000 ) ) ;
#980 = CARTESIAN_POINT ( 'NONE',  ( 1049.131578947369007, 89.08927077275133399, 36.54176427217079492 ) ) ;
#981 = ORIENTED_EDGE ( 'NONE', *, *, #1012, .T. ) ;
#982 = CARTESIAN_POINT ( 'NONE',  ( 1861.885657205696361, 375.9403722932277105, -0.000000000000000000 ) ) ;
#983 = CARTESIAN_POINT ( 'NONE',  ( 335.5217943839366512, 122.3199397757569500, 0.000000000000000000 ) ) ;
#984 = CARTESIAN_POINT ( 'NONE',  ( 2117.693206782843845, 319.8878240898022796, -0.000000000000000000 ) ) ;
#985 = CARTESIAN_POINT ( 'NONE',  ( 1319.977293880555180, 100.5324256316249745, -0.000000000000000000 ) ) ;
#986 = CARTESIAN_POINT ( 'NONE',  ( 908.1446134645880193, 369.1485683618181497, -0.000000000000000000 ) ) ;
#987 = ORIENTED_EDGE ( 'NONE', *, *, #2111, .F. ) ;
#988 = CARTESIAN_POINT ( 'NONE',  ( 2150.285915695932545, 69.53801233923886116, -0.000000000000000000 ) ) ;
#989 = CARTESIAN_POINT ( 'NONE',  ( 1919.912056374935673, 103.2907174553416496, -0.000000000000000000 ) ) ;
#990 = CARTESIAN_POINT ( 'NONE',  ( 1891.784210526316429, 334.0892707727418269, -6.000000000311311865E-06 ) ) ;
#991 = DIRECTION ( 'NONE',  ( 0.000000000000000000, 0.000000000000000000, -1.000000000000000000 ) ) ;
#992 = ORIENTED_EDGE ( 'NONE', *, *, #1532, .F. ) ;
#993 = ADVANCED_FACE ( 'NONE', ( #2509 ), #424, .F. ) ;
#994 = CARTESIAN_POINT ( 'NONE',  ( 1891.784210526316201, 336.9847413256283062, 0.000000000000000000 ) ) ;
#995 = CARTESIAN_POINT ( 'NONE',  ( 320.8403855910755738, 94.85309576512651120, -0.000000000000000000 ) ) ;
#996 = CARTESIAN_POINT ( 'NONE',  ( 1689.505297625723415, 91.98456803365898793, -0.000000000000000000 ) ) ;
#997 = CARTESIAN_POINT ( 'NONE',  ( 1321.389473684211225, 89.08927077275293982, -6.000000000311311865E-06 ) ) ;
#998 = CARTESIAN_POINT ( 'NONE',  ( 929.2888200353291950, 377.9067123073410812, 0.000000000000000000 ) ) ;
#999 = CIRCLE ( 'NONE', #374, 44.09999999999980957 ) ;
#1000 = CARTESIAN_POINT ( 'NONE',  ( 779.1226463792908135, 74.88785047166960851, 0.000000000000000000 ) ) ;
#1001 = ORIENTED_EDGE ( 'NONE', *, *, #2400, .T. ) ;
#1002 = CARTESIAN_POINT ( 'NONE',  ( 1362.232320700958098, 367.3199397770947030, 0.000000000000000000 ) ) ;
#1003 = ORIENTED_EDGE ( 'NONE', *, *, #1612, .T. ) ;
#1004 = AXIS2_PLACEMENT_3D ( 'NONE', #624, #606, #409 ) ;
#1005 = CARTESIAN_POINT ( 'NONE',  ( 1007.280477425836580, 103.2907174497206313, -0.000000000000000000 ) ) ;
#1006 = CARTESIAN_POINT ( 'NONE',  ( 451.8288239905964474, 369.1485683615065909, -0.000000000000000000 ) ) ;
#1007 = VERTEX_POINT ( 'NONE', #2044 ) ;
#1008 = EDGE_CURVE ( 'NONE', #1205, #732, #2973, .T. ) ;
#1009 = CARTESIAN_POINT ( 'NONE',  ( 378.8593150359499191, 47.23823294038422915, 0.000000000000000000 ) ) ;
#1010 = CARTESIAN_POINT ( 'NONE',  ( 370.4217197287609906, 132.9067799185133651, -0.000000000000000000 ) ) ;
#1011 = CARTESIAN_POINT ( 'NONE',  ( 1706.697245042572149, 124.1485683610676176, -0.000000000000000000 ) ) ;
#1012 = EDGE_CURVE ( 'NONE', #2590, #2302, #907, .T. ) ;
#1013 = CARTESIAN_POINT ( 'NONE',  ( 1768.664503428402213, 62.18129095574162335, 0.000000000000000000 ) ) ;
#1014 = DIRECTION ( 'NONE',  ( -0.000000000000000000, -0.000000000000000000, -1.000000000000000000 ) ) ;
#1015 = ORIENTED_EDGE ( 'NONE', *, *, #2257, .T. ) ;
#1016 = CARTESIAN_POINT ( 'NONE',  ( 2175.719605950932873, 47.23816925242979892, -0.000000000000000000 ) ) ;
#1017 = CARTESIAN_POINT ( 'NONE',  ( 2146.103543485201044, 94.85309576206134352, -0.000000000000000000 ) ) ;
#1018 = ORIENTED_EDGE ( 'NONE', *, *, #2280, .F. ) ;
#1019 = B_SPLINE_CURVE_WITH_KNOTS ( 'NONE', 3,
 ( #1791, #1993, #645, #2054, #2924, #1539, #1351, #2474, #2500, #1304, #2006, #2939, #2290, #1334, #854, #2274, #1774, #2711, #629, #2254, #1110, #2738, #2085, #1434, #1208, #2103, #2323, #2544, #1611, #2356, #286, #2606, #2136, #220 ),
 .UNSPECIFIED., .F., .F.,
 ( 4, 2, 2, 2, 2, 2, 2, 2, 2, 2, 2, 2, 2, 2, 2, 2, 4 ),
 ( 0.5000000000000000000, 0.5312500000000000000, 0.5625000000000000000, 0.5937500000000000000, 0.6250000000000000000, 0.6562500000000000000, 0.6875000000000000000, 0.7187500000000000000, 0.7500000000000000000, 0.7812500000000000000, 0.8125000000000000000, 0.8437500000000000000, 0.8750000000000000000, 0.9062500000000000000, 0.9375000000000000000, 0.9687500000000000000, 1.000000000000000000 ),
 .UNSPECIFIED. ) ;
#1020 = CARTESIAN_POINT ( 'NONE',  ( 1853.448022070082516, 290.2718292381965171, 0.000000000000000000 ) ) ;
#1021 = CARTESIAN_POINT ( 'NONE',  ( 2424.000000000000000, 414.0892707727450102, 0.000000000000000000 ) ) ;
#1022 = VERTEX_POINT ( 'NONE', #834 ) ;
#1023 = DIRECTION ( 'NONE',  ( 0.000000000000000000, 0.000000000000000000, -1.000000000000000000 ) ) ;
#1024 = B_SPLINE_CURVE_WITH_KNOTS ( 'NONE', 3,
 ( #2088, #1421, #2809, #748, #32, #2121, #2610, #2154, #15, #1178, #2772, #290, #2105, #948, #1841, #932, #2546, #52, #2595, #2138, #1876, #517, #2562, #1614, #1437, #1895, #1406, #273, #66, #731, #536, #1858, #1648, #2580 ),
 .UNSPECIFIED., .F., .F.,
 ( 4, 2, 2, 2, 2, 2, 2, 2, 2, 2, 2, 2, 2, 2, 2, 2, 4 ),
 ( 0.000000000000000000, 0.03125000000000000000, 0.06250000000000000000, 0.09375000000000000000, 0.1250000000000000000, 0.1562500000000000000, 0.1875000000000000000, 0.2187500000000000000, 0.2500000000000000000, 0.2812500000000000000, 0.3125000000000000000, 0.3437500000000000000, 0.3750000000000000000, 0.4062500000000000000, 0.4375000000000000000, 0.4687500000000000000, 0.5000000000000000000 ),
 .UNSPECIFIED. ) ;
#1025 = CARTESIAN_POINT ( 'NONE',  ( 750.9947368421077272, 334.0892707727338120, 36.54176427217079492 ) ) ;
#1026 = CARTESIAN_POINT ( 'NONE',  ( 294.6789473684240761, 334.0892707727306288, -6.000000000311311865E-06 ) ) ;
#1027 = CARTESIAN_POINT ( 'NONE',  ( 2005.863157894737469, 89.08927077275771467, 36.54176427217079492 ) ) ;
#1028 = CARTESIAN_POINT ( 'NONE',  ( 250.5789473684241102, 334.0892707727306288, 5.999999999999998224 ) ) ;
#1029 = ADVANCED_FACE ( 'NONE', ( #55 ), #1167, .F. ) ;
#1030 = ORIENTED_EDGE ( 'NONE', *, *, #148, .T. ) ;
#1031 = CARTESIAN_POINT ( 'NONE',  ( 2184.157227639911071, 45.27176162699257134, -0.000000000000000000 ) ) ;
#1032 = CARTESIAN_POINT ( 'NONE',  ( 2154.861812357714371, 115.9972505829912279, 0.000000000000000000 ) ) ;
#1033 = ORIENTED_EDGE ( 'NONE', *, *, #62, .F. ) ;
#1034 = CARTESIAN_POINT ( 'NONE',  ( 1043.367767404103915, 132.9067123074276253, 0.000000000000000000 ) ) ;
#1035 = EDGE_CURVE ( 'NONE', #1419, #2926, #1150, .T. ) ;
#1036 = DIRECTION ( 'NONE',  ( 0.000000000000000000, 0.000000000000000000, -1.000000000000000000 ) ) ;
#1037 = ORIENTED_EDGE ( 'NONE', *, *, #1157, .F. ) ;
#1038 = CARTESIAN_POINT ( 'NONE',  ( 1538.678037423872411, 118.2253711256601747, 0.000000000000000000 ) ) ;
#1039 = CARTESIAN_POINT ( 'NONE',  ( 1753.156495213116386, 128.7243440196891981, 0.000000000000000000 ) ) ;
#1040 = CARTESIAN_POINT ( 'NONE',  ( 908.1446517634669817, 299.0300305014089872, 0.000000000000000000 ) ) ;
#1041 = FILL_AREA_STYLE_COLOUR ( '', #1688 ) ;
#1042 = ORIENTED_EDGE ( 'NONE', *, *, #844, .T. ) ;
#1043 = CARTESIAN_POINT ( 'NONE',  ( 2407.500000000000000, 234.0892707727449817, 0.000000000000000000 ) ) ;
#1044 = AXIS2_PLACEMENT_3D ( 'NONE', #2767, #1377, #2367 ) ;
#1045 = CARTESIAN_POINT ( 'NONE',  ( 1418.276400868817518, 369.1485110434942385, 0.000000000000000000 ) ) ;
#1046 = CARTESIAN_POINT ( 'NONE',  ( 2187.025755372794720, 133.1893052405865774, -0.000000000000000000 ) ) ;
#1047 = VERTEX_POINT ( 'NONE', #246 ) ;
#1048 = AXIS2_PLACEMENT_3D ( 'NONE', #1761, #633, #2459 ) ;
#1049 = CARTESIAN_POINT ( 'NONE',  ( 1037.688424088811189, 131.7770909696399144, -0.000000000000000000 ) ) ;
#1050 = CARTESIAN_POINT ( 'NONE',  ( 2145.821052631580187, 89.08927077275929207, -6.000000000311311865E-06 ) ) ;
#1051 = CIRCLE ( 'NONE', #575, 44.10000000000002984 ) ;
#1052 = VERTEX_POINT ( 'NONE', #2296 ) ;
#1053 = AXIS2_PLACEMENT_3D ( 'NONE', #2761, #950, #1879 ) ;
#1054 = CARTESIAN_POINT ( 'NONE',  ( 1527.540683156896421, 127.3656503071316735, -0.000000000000000000 ) ) ;
#1055 = AXIS2_PLACEMENT_3D ( 'NONE', #2394, #97, #2422 ) ;
#1056 = CARTESIAN_POINT ( 'NONE',  ( 550.1280368878863101, 100.5324121821904697, 0.000000000000000000 ) ) ;
#1057 = CYLINDRICAL_SURFACE ( 'NONE', #770, 44.09999999999991616 ) ;
#1058 = CARTESIAN_POINT ( 'NONE',  ( 1071.224855384662533, 50.81294855613275274, 0.000000000000000000 ) ) ;
#1059 = ORIENTED_EDGE ( 'NONE', *, *, #1181, .F. ) ;
#1060 = CYLINDRICAL_SURFACE ( 'NONE', #176, 44.09999999999980957 ) ;
#1061 = CARTESIAN_POINT ( 'NONE',  ( 93.81217980314249871, 77.64611591406757896, -0.000000000000000000 ) ) ;
#1062 = EDGE_CURVE ( 'NONE', #2359, #2855, #967, .T. ) ;
#1063 = ORIENTED_EDGE ( 'NONE', *, *, #1402, .F. ) ;
#1064 = CYLINDRICAL_SURFACE ( 'NONE', #1777, 44.10000000000002984 ) ;
#1065 = CARTESIAN_POINT ( 'NONE',  ( 2330.908018110515513, 299.0299731808881347, -0.000000000000000000 ) ) ;
#1066 = ORIENTED_EDGE ( 'NONE', *, *, #102, .T. ) ;
#1067 = EDGE_CURVE ( 'NONE', #1247, #1706, #2776, .T. ) ;
#1068 = CARTESIAN_POINT ( 'NONE',  ( 1502.552071162880338, 133.1893052405818878, -0.000000000000000000 ) ) ;
#1069 = CYLINDRICAL_SURFACE ( 'NONE', #620, 44.10000000000002984 ) ;
#1070 = CARTESIAN_POINT ( 'NONE',  ( 1478.539388604341411, 54.03003050210258351, 0.000000000000000000 ) ) ;
#1071 = CARTESIAN_POINT ( 'NONE',  ( 1060.574733806047561, 46.40145057597037237, -0.000000000000000000 ) ) ;
#1072 = CARTESIAN_POINT ( 'NONE',  ( 1847.684210526316519, 334.0892707727418269, 36.54176427217079492 ) ) ;
#1073 = DIRECTION ( 'NONE',  ( 1.000000000000000000, 0.000000000000000000, 0.000000000000000000 ) ) ;
#1074 = CARTESIAN_POINT ( 'NONE',  ( 632.4508627211969269, 69.53803871967129169, 0.000000000000000000 ) ) ;
#1075 = CARTESIAN_POINT ( 'NONE',  ( 158.5933147365436753, 127.3656503067050494, -0.000000000000000000 ) ) ;
#1076 = ORIENTED_EDGE ( 'NONE', *, *, #672, .F. ) ;
#1077 = VERTEX_POINT ( 'NONE', #1883 ) ;
#1078 = B_SPLINE_CURVE_WITH_KNOTS ( 'NONE', 3,
 ( #2568, #295, #686, #2551, #1899, #1667, #491, #2777, #4, #2078, #2814, #752, #70, #2599, #1605, #1846, #2096, #923, #2349, #718, #2587, #1184, #56, #2795, #469, #1619, #1393, #1635, #1214, #984, #508, #968, #1411, #2142 ),
 .UNSPECIFIED., .F., .F.,
 ( 4, 2, 2, 2, 2, 2, 2, 2, 2, 2, 2, 2, 2, 2, 2, 2, 4 ),
 ( 0.5000000000000000000, 0.5312500000000000000, 0.5625000000000000000, 0.5937500000000000000, 0.6250000000000000000, 0.6562500000000000000, 0.6875000000000000000, 0.7187500000000000000, 0.7500000000000000000, 0.7812500000000000000, 0.8125000000000000000, 0.8437500000000000000, 0.8750000000000000000, 0.9062500000000000000, 0.9375000000000000000, 0.9687500000000000000, 1.000000000000000000 ),
 .UNSPECIFIED. ) ;
#1079 = DIRECTION ( 'NONE',  ( 1.000000000000000000, 0.000000000000000000, 0.000000000000000000 ) ) ;
#1080 = DIRECTION ( 'NONE',  ( -0.000000000000000000, -0.000000000000000000, -1.000000000000000000 ) ) ;
#1081 = CARTESIAN_POINT ( 'NONE',  ( 2224.980350224356243, 115.9972888827377488, -0.000000000000000000 ) ) ;
#1082 = EDGE_CURVE ( 'NONE', #2004, #1301, #1636, .T. ) ;
#1083 = CARTESIAN_POINT ( 'NONE',  ( 1233.189473684210952, 89.08927077275291140, -6.000000000311311865E-06 ) ) ;
#1084 = EDGE_CURVE ( 'NONE', #537, #2784, #2025, .T. ) ;
#1085 = CARTESIAN_POINT ( 'NONE',  ( 1463.596266899521879, 103.2907174497238856, -0.000000000000000000 ) ) ;
#1086 = CARTESIAN_POINT ( 'NONE',  ( 589.9204922155113309, 133.1893052405755213, -0.000000000000000000 ) ) ;
#1087 = CARTESIAN_POINT ( 'NONE',  ( 899.9933339906363017, 307.1812526576044888, -0.000000000000000000 ) ) ;
#1088 = CARTESIAN_POINT ( 'NONE',  ( 2407.500000000000000, 234.0892707727449817, 6.000000000000000000 ) ) ;
#1089 = CARTESIAN_POINT ( 'NONE',  ( 518.3719153525685215, 314.5380387185247173, 0.000000000000000000 ) ) ;
#1090 = CARTESIAN_POINT ( 'NONE',  ( 16.50000000000000000, 22.08927077274480055, 0.000000000000000000 ) ) ;
#1091 = CARTESIAN_POINT ( 'NONE',  ( 114.4066852633662705, 50.81289123881296632, -0.000000000000000000 ) ) ;
#1092 = CARTESIAN_POINT ( 'NONE',  ( 667.2596635946980541, 353.6405028262495875, 0.000000000000000000 ) ) ;
#1093 = FACE_OUTER_BOUND ( 'NONE', #1817, .T. ) ;
#1094 = CARTESIAN_POINT ( 'NONE',  ( 2301.104702741215078, 289.9893052405723779, 0.000000000000000000 ) ) ;
#1095 = CARTESIAN_POINT ( 'NONE',  ( 826.7375092022136869, 132.9067799185164631, -0.000000000000000000 ) ) ;
#1096 = AXIS2_PLACEMENT_3D ( 'NONE', #223, #2969, #1824 ) ;
#1097 = CARTESIAN_POINT ( 'NONE',  ( 1283.053298675976066, 132.9067799185196463, -0.000000000000000000 ) ) ;
#1098 = CARTESIAN_POINT ( 'NONE',  ( 2005.863157894737014, 91.98474131941146936, 0.000000000000000000 ) ) ;
#1099 = CARTESIAN_POINT ( 'NONE',  ( 612.3670215280333196, 128.7243440199155202, 0.000000000000000000 ) ) ;
#1100 = EDGE_CURVE ( 'NONE', #1874, #1719, #2828, .T. ) ;
#1101 = PRESENTATION_LAYER_ASSIGNMENT (  '', '', ( #2565 ) ) ;
#1102 = CARTESIAN_POINT ( 'NONE',  ( 1549.547368421053534, 89.08927077275454565, -6.000000000311311865E-06 ) ) ;
#1103 = CARTESIAN_POINT ( 'NONE',  ( 1046.236281688775762, 44.98930524057872304, 0.000000000000000000 ) ) ;
#1104 = CARTESIAN_POINT ( 'NONE',  ( 505.6448602196270485, 299.0299731836494175, -0.000000000000000000 ) ) ;
#1105 = LINE ( 'NONE', #2963, #2556 ) ;
#1106 = CARTESIAN_POINT ( 'NONE',  ( 695.4515819839053847, 376.7770909696931767, -0.000000000000000000 ) ) ;
#1107 = EDGE_LOOP ( 'NONE', ( #992, #870, #788, #1236 ) ) ;
#1108 = ORIENTED_EDGE ( 'NONE', *, *, #2927, .T. ) ;
#1109 = CARTESIAN_POINT ( 'NONE',  ( 979.1526315789493538, 334.0892707727354036, 5.999999999999998224 ) ) ;
#1110 = CARTESIAN_POINT ( 'NONE',  ( 1177.411946615072793, 292.2382329405293149, 0.000000000000000000 ) ) ;
#1111 = CARTESIAN_POINT ( 'NONE',  ( 864.7911257451355596, 94.85308231570033399, 0.000000000000000000 ) ) ;
#1112 = CARTESIAN_POINT ( 'NONE',  ( 1234.601721098413464, 100.5324121852740831, 0.000000000000000000 ) ) ;
#1113 = CARTESIAN_POINT ( 'NONE',  ( 1622.421613046878292, 378.1892363049128676, 0.000000000000000000 ) ) ;
#1114 = CARTESIAN_POINT ( 'NONE',  ( 548.9982803279177688, 94.85309576512828755, -0.000000000000000000 ) ) ;
#1115 = CARTESIAN_POINT ( 'NONE',  ( 954.6038900134630012, 294.4541338371138295, -0.000000000000000000 ) ) ;
#1116 = DIRECTION ( 'NONE',  ( -1.000000000000000000, 0.000000000000000000, 0.000000000000000000 ) ) ;
#1117 = ORIENTED_EDGE ( 'NONE', *, *, #1870, .T. ) ;
#1118 = CARTESIAN_POINT ( 'NONE',  ( 1698.545965570274348, 62.18125265704863835, -0.000000000000000000 ) ) ;
#1119 = CARTESIAN_POINT ( 'NONE',  ( 550.1279692763969251, 77.64611591584836958, -0.000000000000000000 ) ) ;
#1120 = EDGE_CURVE ( 'NONE', #1935, #962, #28, .T. ) ;
#1121 = CARTESIAN_POINT ( 'NONE',  ( 92.40000000000009095, 89.08927077274496753, -6.000000000311311865E-06 ) ) ;
#1122 = CARTESIAN_POINT ( 'NONE',  ( 293.2667675652419916, 345.5324256314907529, -0.000000000000000000 ) ) ;
#1123 = DIRECTION ( 'NONE',  ( 1.000000000000000000, 0.000000000000000000, 0.000000000000000000 ) ) ;
#1124 = DIRECTION ( 'NONE',  ( -0.000000000000000000, -0.000000000000000000, -1.000000000000000000 ) ) ;
#1125 = CARTESIAN_POINT ( 'NONE',  ( 1265.846318826008655, 131.7770909697122192, -0.000000000000000000 ) ) ;
#1126 = CARTESIAN_POINT ( 'NONE',  ( 1942.211899459418873, 128.7244077079689362, -0.000000000000000000 ) ) ;
#1127 = CARTESIAN_POINT ( 'NONE',  ( 2119.942105263157828, 336.9847413194752335, 0.000000000000000000 ) ) ;
#1128 = LINE ( 'NONE', #2812, #49 ) ;
#1129 = CARTESIAN_POINT ( 'NONE',  ( 1429.644800587210511, 311.9959560373476961, -0.000000000000000000 ) ) ;
#1130 = FACE_OUTER_BOUND ( 'NONE', #1225, .T. ) ;
#1131 = LINE ( 'NONE', #1637, #1678 ) ;
#1132 = CARTESIAN_POINT ( 'NONE',  ( 2277.091981889484487, 369.1485683646016582, -0.000000000000000000 ) ) ;
#1133 = DIRECTION ( 'NONE',  ( 1.000000000000000000, 0.000000000000000000, 0.000000000000000000 ) ) ;
#1134 = ORIENTED_EDGE ( 'NONE', *, *, #631, .F. ) ;
#1135 = ADVANCED_FACE ( 'NONE', ( #228 ), #2537, .F. ) ;
#1136 = CARTESIAN_POINT ( 'NONE',  ( 253.4742446267505045, 378.1892363049033747, 0.000000000000000000 ) ) ;
#1137 = CYLINDRICAL_SURFACE ( 'NONE', #2066, 44.10000000000002984 ) ;
#1138 = CARTESIAN_POINT ( 'NONE',  ( 859.2500064272982172, 111.1825472097562653, 0.000000000000000000 ) ) ;
#1139 = AXIS2_PLACEMENT_3D ( 'NONE', #2314, #216, #2988 ) ;
#1140 = CARTESIAN_POINT ( 'NONE',  ( 718.3378917005927633, 291.4014505758917153, -0.000000000000000000 ) ) ;
#1141 = CARTESIAN_POINT ( 'NONE',  ( 1239.013094149383051, 111.1825855076162242, -0.000000000000000000 ) ) ;
#1142 = VECTOR ( 'NONE', #1487, 1000.000000000000000 ) ;
#1143 = CARTESIAN_POINT ( 'NONE',  ( 1577.675214267927913, 348.2907174497125311, -0.000000000000000000 ) ) ;
#1144 = CARTESIAN_POINT ( 'NONE',  ( 2064.398950403211984, 376.7770909692355872, -0.000000000000000000 ) ) ;
#1145 = VECTOR ( 'NONE', #1409, 1000.000000000000000 ) ;
#1146 = CARTESIAN_POINT ( 'NONE',  ( 970.1118718496232987, 307.1812909560474054, 0.000000000000000000 ) ) ;
#1147 = CIRCLE ( 'NONE', #1206, 44.09999999999997300 ) ;
#1148 = CARTESIAN_POINT ( 'NONE',  ( 1394.263718310648756, 289.9892363049112873, -0.000000000000000000 ) ) ;
#1149 = CARTESIAN_POINT ( 'NONE',  ( 256.3427589114668308, 290.2718292379493050, 0.000000000000000000 ) ) ;
#1150 = CIRCLE ( 'NONE', #1542, 44.10000000000002984 ) ;
#1151 = CARTESIAN_POINT ( 'NONE',  ( 1616.631018531458722, 289.9893052405676031, 0.000000000000000000 ) ) ;
#1152 = CARTESIAN_POINT ( 'NONE',  ( 180.6000000000000796, 86.19344682681499137, -0.000000000000000000 ) ) ;
#1153 = DIRECTION ( 'NONE',  ( -0.000000000000000000, -0.000000000000000000, -1.000000000000000000 ) ) ;
#1154 = ORIENTED_EDGE ( 'NONE', *, *, #2342, .F. ) ;
#1155 = ORIENTED_EDGE ( 'NONE', *, *, #2578, .F. ) ;
#1156 = FACE_BOUND ( 'NONE', #1871, .T. ) ;
#1157 = EDGE_CURVE ( 'NONE', #27, #972, #2389, .T. ) ;
#1158 = CARTESIAN_POINT ( 'NONE',  ( 1950.320016484585040, 46.40151818695962760, 0.000000000000000000 ) ) ;
#1159 = ADVANCED_BREP_SHAPE_REPRESENTATION ( '2026.08.20_honey_comb_plate_new_20', ( #839, #2217 ), #1823 ) ;
#1160 = CARTESIAN_POINT ( 'NONE',  ( 665.0436990096504815, 319.8878504739017785, 0.000000000000000000 ) ) ;
#1161 = CARTESIAN_POINT ( 'NONE',  ( 490.1799835146319992, 376.7770233585304140, 0.000000000000000000 ) ) ;
#1162 = ORIENTED_EDGE ( 'NONE', *, *, #1728, .T. ) ;
#1163 = CARTESIAN_POINT ( 'NONE',  ( 1917.663157894737651, 89.08927077275770046, -6.000000000311311865E-06 ) ) ;
#1164 = EDGE_CURVE ( 'NONE', #911, #749, #1681, .T. ) ;
#1165 = CARTESIAN_POINT ( 'NONE',  ( 2046.706004905325926, 367.3199397697196105, 0.000000000000000000 ) ) ;
#1166 = CYLINDRICAL_SURFACE ( 'NONE', #332, 44.09999999999980957 ) ;
#1167 = CYLINDRICAL_SURFACE ( 'NONE', #430, 44.10000000000008669 ) ;
#1168 = CARTESIAN_POINT ( 'NONE',  ( 2407.500000000000000, 22.08927077274480055, 6.000000000000000000 ) ) ;
#1169 = EDGE_CURVE ( 'NONE', #282, #2181, #1952, .T. ) ;
#1170 = CARTESIAN_POINT ( 'NONE',  ( 1663.343859411401809, 328.3256190957904437, -0.000000000000000000 ) ) ;
#1171 = CARTESIAN_POINT ( 'NONE',  ( 2262.148898480197204, 348.2907174554046605, -0.000000000000000000 ) ) ;
#1172 = CARTESIAN_POINT ( 'NONE',  ( 133.6047027417502875, 133.1893052405722813, -0.000000000000000000 ) ) ;
#1173 = ORIENTED_EDGE ( 'NONE', *, *, #725, .T. ) ;
#1174 = EDGE_LOOP ( 'NONE', ( #2369, #2577 ) ) ;
#1175 = CARTESIAN_POINT ( 'NONE',  ( 217.3482296205999091, 363.2254198704119403, -0.000000000000000000 ) ) ;
#1176 = DIRECTION ( 'NONE',  ( -1.000000000000000000, 0.000000000000000000, 0.000000000000000000 ) ) ;
#1177 = CARTESIAN_POINT ( 'NONE',  ( 1891.784210526316429, 334.0892707727418269, 5.999999999999998224 ) ) ;
#1178 = CARTESIAN_POINT ( 'NONE',  ( 1192.346675413625917, 367.3199885203316057, -0.000000000000000000 ) ) ;
#1179 = ORIENTED_EDGE ( 'NONE', *, *, #334, .F. ) ;
#1180 = CARTESIAN_POINT ( 'NONE',  ( 2061.640684963263993, 375.9403086049524063, 0.000000000000000000 ) ) ;
#1181 = EDGE_CURVE ( 'NONE', #1431, #1527, #677, .T. ) ;
#1182 = CARTESIAN_POINT ( 'NONE',  ( 1321.389473684211225, 89.08927077275292561, 5.999999999999998224 ) ) ;
#1183 = CARTESIAN_POINT ( 'NONE',  ( 1371.817188997412586, 294.4541975257290005, 0.000000000000000000 ) ) ;
#1184 = CARTESIAN_POINT ( 'NONE',  ( 2095.393363697864970, 294.4541338374570500, -0.000000000000000000 ) ) ;
#1185 = FACE_OUTER_BOUND ( 'NONE', #704, .T. ) ;
#1186 = CARTESIAN_POINT ( 'NONE',  ( 156.0512584350906309, 49.45413383744505609, -0.000000000000000000 ) ) ;
#1187 = CARTESIAN_POINT ( 'NONE',  ( 92.40003446782748142, 91.98456803095436385, 0.000000000000000000 ) ) ;
#1188 = ORIENTED_EDGE ( 'NONE', *, *, #256, .F. ) ;
#1189 = ORIENTED_EDGE ( 'NONE', *, *, #1164, .F. ) ;
#1190 = FACE_BOUND ( 'NONE', #373, .T. ) ;
#1191 = CARTESIAN_POINT ( 'NONE',  ( 2001.398231142533177, 69.53803872110241002, 0.000000000000000000 ) ) ;
#1192 = CARTESIAN_POINT ( 'NONE',  ( 745.1711163765182846, 311.9959560370928671, -0.000000000000000000 ) ) ;
#1193 = LINE ( 'NONE', #964, #954 ) ;
#1194 = ORIENTED_EDGE ( 'NONE', *, *, #1728, .F. ) ;
#1195 = CARTESIAN_POINT ( 'NONE',  ( 2042.611387520336166, 363.2254198764237003, -0.000000000000000000 ) ) ;
#1196 = CARTESIAN_POINT ( 'NONE',  ( 1885.960532743394197, 356.1825472097868897, 0.000000000000000000 ) ) ;
#1197 = CARTESIAN_POINT ( 'NONE',  ( 1424.599138800994979, 304.9531216756716390, -0.000000000000000000 ) ) ;
#1198 = ADVANCED_FACE ( 'NONE', ( #2888 ), #2873, .F. ) ;
#1199 = CARTESIAN_POINT ( 'NONE',  ( 228.4856326320287963, 295.8128912387223295, -0.000000000000000000 ) ) ;
#1200 = AXIS2_PLACEMENT_3D ( 'NONE', #194, #1794, #1778 ) ;
#1201 = CARTESIAN_POINT ( 'NONE',  ( 1719.403816478426279, 47.23816925219226448, -0.000000000000000000 ) ) ;
#1202 = CARTESIAN_POINT ( 'NONE',  ( 1777.705263157895615, 89.08927077275612305, -6.000000000311311865E-06 ) ) ;
#1203 = CARTESIAN_POINT ( 'NONE',  ( 96.86492675286442022, 108.6405028271770448, 0.000000000000000000 ) ) ;
#1204 = ORIENTED_EDGE ( 'NONE', *, *, #477, .T. ) ;
#1205 = VERTEX_POINT ( 'NONE', #804 ) ;
#1206 = AXIS2_PLACEMENT_3D ( 'NONE', #2230, #1796, #1809 ) ;
#1207 = CARTESIAN_POINT ( 'NONE',  ( 212.3025678344572214, 356.1825855092258735, -0.000000000000000000 ) ) ;
#1208 = CARTESIAN_POINT ( 'NONE',  ( 1192.346626668082536, 300.8586017691503685, 0.000000000000000000 ) ) ;
#1209 = DIRECTION ( 'NONE',  ( 0.000000000000000000, 0.000000000000000000, -1.000000000000000000 ) ) ;
#1210 = CARTESIAN_POINT ( 'NONE',  ( 1435.468421052632948, 334.0892707727385869, 36.54176427217079492 ) ) ;
#1211 = ORIENTED_EDGE ( 'NONE', *, *, #1374, .F. ) ;
#1212 = CARTESIAN_POINT ( 'NONE',  ( 180.6000000000000512, 89.08927077274498174, 36.54176427217079492 ) ) ;
#1213 = CARTESIAN_POINT ( 'NONE',  ( 345.1066363016763034, 128.7244077079578801, -0.000000000000000000 ) ) ;
#1214 = CARTESIAN_POINT ( 'NONE',  ( 2115.477178510967406, 314.5380387210868207, 0.000000000000000000 ) ) ;
#1215 = DIRECTION ( 'NONE',  ( 0.000000000000000000, 0.000000000000000000, -1.000000000000000000 ) ) ;
#1216 = CARTESIAN_POINT ( 'NONE',  ( 905.9165312260436167, 367.3199397757077804, 0.000000000000000000 ) ) ;
#1217 = CARTESIAN_POINT ( 'NONE',  ( 847.8817023256200400, 54.02997318432243645, -0.000000000000000000 ) ) ;
#1218 = ORIENTED_EDGE ( 'NONE', *, *, #1444, .T. ) ;
#1219 = ORIENTED_EDGE ( 'NONE', *, *, #1302, .F. ) ;
#1220 = EDGE_CURVE ( 'NONE', #1628, #2082, #751, .T. ) ;
#1221 = CARTESIAN_POINT ( 'NONE',  ( 1377.167000753351203, 375.9403086049462104, 0.000000000000000000 ) ) ;
#1222 = ORIENTED_EDGE ( 'NONE', *, *, #509, .T. ) ;
#1223 = CARTESIAN_POINT ( 'NONE',  ( 1891.784210526316656, 331.1934468294290923, -0.000000000000000000 ) ) ;
#1224 = CARTESIAN_POINT ( 'NONE',  ( 498.2880741589038962, 373.7243440201176554, 0.000000000000000000 ) ) ;
#1225 = EDGE_LOOP ( 'NONE', ( #303, #2151, #1903, #2826 ) ) ;
#1226 = CARTESIAN_POINT ( 'NONE',  ( 342.5645800001704515, 50.81289123881452241, -0.000000000000000000 ) ) ;
#1227 = CARTESIAN_POINT ( 'NONE',  ( 358.8940831940136036, 132.9067123075400332, 0.000000000000000000 ) ) ;
#1228 = CARTESIAN_POINT ( 'NONE',  ( 1736.500560416068538, 133.1892363049287269, 0.000000000000000000 ) ) ;
#1229 = CARTESIAN_POINT ( 'NONE',  ( 1291.490920363235318, 130.9403722933860763, -0.000000000000000000 ) ) ;
#1230 = CARTESIAN_POINT ( 'NONE',  ( 979.1526315789493538, 334.0892707727354036, -6.000000000311311865E-06 ) ) ;
#1231 = CARTESIAN_POINT ( 'NONE',  ( 791.8375351124797135, 55.85855302525319388, -0.000000000000000000 ) ) ;
#1232 = ORIENTED_EDGE ( 'NONE', *, *, #1035, .F. ) ;
#1233 = CARTESIAN_POINT ( 'NONE',  ( 1385.604609509723559, 377.9067123076385997, 0.000000000000000000 ) ) ;
#1234 = EDGE_CURVE ( 'NONE', #1494, #2100, #2343, .T. ) ;
#1235 = CARTESIAN_POINT ( 'NONE',  ( 2151.644673100361160, 111.1825855148561715, -0.000000000000000000 ) ) ;
#1236 = ORIENTED_EDGE ( 'NONE', *, *, #2929, .F. ) ;
#1237 = DIRECTION ( 'NONE',  ( 1.000000000000000000, 0.000000000000000000, -0.000000000000000000 ) ) ;
#1238 = CARTESIAN_POINT ( 'NONE',  ( 2264.364863064269230, 314.5380123393877057, -0.000000000000000000 ) ) ;
#1239 = ORIENTED_EDGE ( 'NONE', *, *, #1826, .F. ) ;
#1240 = CARTESIAN_POINT ( 'NONE',  ( 1163.210526315791185, 334.0892707727369952, 36.54176427217079492 ) ) ;
#1241 = CARTESIAN_POINT ( 'NONE',  ( 2031.742105263158237, 334.0892707727449533, 36.54176427217079492 ) ) ;
#1242 = CARTESIAN_POINT ( 'NONE',  ( 1773.240400093698327, 108.6405292076852334, -0.000000000000000000 ) ) ;
#1243 = B_SPLINE_CURVE_WITH_KNOTS ( 'NONE', 3,
 ( #455, #2797, #265, #738, #2112, #1654, #200, #1118, #1814, #441, #2298, #753, #1954, #1201, #1710, #1926, #1669, #2862, #1900, #566, #524, #780, #322, #339, #2891, #2410, #1013, #2130, #1463, #2875, #1486, #57, #1698, #541 ),
 .UNSPECIFIED., .F., .F.,
 ( 4, 2, 2, 2, 2, 2, 2, 2, 2, 2, 2, 2, 2, 2, 2, 2, 4 ),
 ( 0.5000000000000000000, 0.5312500000000000000, 0.5625000000000000000, 0.5937500000000000000, 0.6250000000000000000, 0.6562500000000000000, 0.6875000000000000000, 0.7187500000000000000, 0.7500000000000000000, 0.7812500000000000000, 0.8125000000000000000, 0.8437500000000000000, 0.8750000000000000000, 0.9062500000000000000, 0.9375000000000000000, 0.9687500000000000000, 1.000000000000000000 ),
 .UNSPECIFIED. ) ;
#1244 = DIRECTION ( 'NONE',  ( 0.000000000000000000, 0.000000000000000000, -1.000000000000000000 ) ) ;
#1245 = CARTESIAN_POINT ( 'NONE',  ( 912.9593551409816428, 372.3655929887373190, 0.000000000000000000 ) ) ;
#1246 = CARTESIAN_POINT ( 'NONE',  ( 1733.605263157895479, 89.08927077275610884, 5.999999999999998224 ) ) ;
#1247 = VERTEX_POINT ( 'NONE', #272 ) ;
#1248 = CARTESIAN_POINT ( 'NONE',  ( 1435.468421052632721, 336.9847413256250661, 0.000000000000000000 ) ) ;
#1249 = EDGE_LOOP ( 'NONE', ( #513, #123, #269, #1878 ) ) ;
#1250 = VECTOR ( 'NONE', #1564, 1000.000000000000000 ) ;
#1251 = CARTESIAN_POINT ( 'NONE',  ( 1093.231578947368916, 89.08927077275133399, 36.54176427217079492 ) ) ;
#1252 = AXIS2_PLACEMENT_3D ( 'NONE', #2283, #198, #1116 ) ;
#1253 = CARTESIAN_POINT ( 'NONE',  ( 459.1855836701000158, 373.7244077080201805, -0.000000000000000000 ) ) ;
#1254 = EDGE_LOOP ( 'NONE', ( #1738, #2818 ) ) ;
#1255 = EDGE_CURVE ( 'NONE', #1944, #749, #1745, .T. ) ;
#1256 = DIRECTION ( 'NONE',  ( -0.000000000000000000, -0.000000000000000000, -1.000000000000000000 ) ) ;
#1257 = CARTESIAN_POINT ( 'NONE',  ( 408.7578947368422178, 91.98474132328598785, 0.000000000000000000 ) ) ;
#1258 = CARTESIAN_POINT ( 'NONE',  ( 1689.787754012129199, 94.85309576205742133, -0.000000000000000000 ) ) ;
#1259 = LINE ( 'NONE', #1429, #768 ) ;
#1260 = CARTESIAN_POINT ( 'NONE',  ( 899.9933913073040230, 360.9972505876647801, 0.000000000000000000 ) ) ;
#1261 = CARTESIAN_POINT ( 'NONE',  ( 815.2098592185517418, 45.27176162698299322, -0.000000000000000000 ) ) ;
#1262 = ORIENTED_EDGE ( 'NONE', *, *, #2189, .T. ) ;
#1263 = VERTEX_POINT ( 'NONE', #1906 ) ;
#1264 = CARTESIAN_POINT ( 'NONE',  ( 2167.827737894964230, 50.81289123899426841, -0.000000000000000000 ) ) ;
#1265 = CARTESIAN_POINT ( 'NONE',  ( 2192.816349890365018, 133.1892363049319101, 0.000000000000000000 ) ) ;
#1266 = VERTEX_POINT ( 'NONE', #1177 ) ;
#1267 = CARTESIAN_POINT ( 'NONE',  ( 1005.314069801602272, 94.85309576205263227, -0.000000000000000000 ) ) ;
#1268 = CARTESIAN_POINT ( 'NONE',  ( 979.1526315789493538, 334.0892707727354036, 36.54176427217079492 ) ) ;
#1269 = ORIENTED_EDGE ( 'NONE', *, *, #2173, .F. ) ;
#1270 = CARTESIAN_POINT ( 'NONE',  ( 1549.264809956259342, 94.85308231577876370, -0.000000000000000000 ) ) ;
#1271 = LINE ( 'NONE', #2201, #2705 ) ;
#1272 = CARTESIAN_POINT ( 'NONE',  ( 946.4957729886214111, 376.7770233585337678, 0.000000000000000000 ) ) ;
#1273 = VERTEX_POINT ( 'NONE', #1875 ) ;
#1274 = CARTESIAN_POINT ( 'NONE',  ( 2233.738596253507694, 83.32561909280649104, -0.000000000000000000 ) ) ;
#1275 = ORIENTED_EDGE ( 'NONE', *, *, #2222, .F. ) ;
#1276 = CARTESIAN_POINT ( 'NONE',  ( 1882.743450796823481, 307.1812909558038314, 0.000000000000000000 ) ) ;
#1277 = DIRECTION ( 'NONE',  ( 1.000000000000000000, 0.000000000000000000, 0.000000000000000000 ) ) ;
#1278 = ORIENTED_EDGE ( 'NONE', *, *, #2441, .F. ) ;
#1279 = CARTESIAN_POINT ( 'NONE',  ( 1519.648815100434149, 130.9403722933168979, -0.000000000000000000 ) ) ;
#1280 = CARTESIAN_POINT ( 'NONE',  ( 264.7803676678590818, 292.2382329405231189, 0.000000000000000000 ) ) ;
#1281 = ADVANCED_FACE ( 'NONE', ( #2807 ), #947, .F. ) ;
#1282 = CARTESIAN_POINT ( 'NONE',  ( 935.0526315789493310, 334.0892707727354036, 36.54176427217079492 ) ) ;
#1283 = CARTESIAN_POINT ( 'NONE',  ( 1063.332999246725876, 47.23823294055577549, 0.000000000000000000 ) ) ;
#1284 = ORIENTED_EDGE ( 'NONE', *, *, #2909, .T. ) ;
#1285 = CYLINDRICAL_SURFACE ( 'NONE', #2119, 44.09999999999991616 ) ;
#1286 = AXIS2_PLACEMENT_3D ( 'NONE', #99, #793, #2830 ) ;
#1287 = CARTESIAN_POINT ( 'NONE',  ( 636.6333330956121017, 83.32561909279604606, -0.000000000000000000 ) ) ;
#1288 = VERTEX_POINT ( 'NONE', #501 ) ;
#1289 = LINE ( 'NONE', #1303, #715 ) ;
#1290 = DIRECTION ( 'NONE',  ( -1.000000000000000000, 0.000000000000000000, 0.000000000000000000 ) ) ;
#1291 = ORIENTED_EDGE ( 'NONE', *, *, #2964, .T. ) ;
#1292 = EDGE_CURVE ( 'NONE', #1052, #2839, #535, .T. ) ;
#1293 = CARTESIAN_POINT ( 'NONE',  ( 1499.683556877433148, 132.9067123073601238, 0.000000000000000000 ) ) ;
#1294 = B_SPLINE_CURVE_WITH_KNOTS ( 'NONE', 3,
 ( #36, #2585, #1426, #684, #2744, #1588, #2522, #1356, #2657, #2169, #563, #1226, #2887, #2407, #1923, #1459, #1680, #95, #68, #2124, #1009, #1910, #776, #789, #2613, #108, #2378, #762, #2156, #1720, #2186, #803, #1936, #538 ),
 .UNSPECIFIED., .F., .F.,
 ( 4, 2, 2, 2, 2, 2, 2, 2, 2, 2, 2, 2, 2, 2, 2, 2, 4 ),
 ( 0.5000000000000000000, 0.5312500000000000000, 0.5625000000000000000, 0.5937500000000000000, 0.6250000000000000000, 0.6562500000000000000, 0.6875000000000000000, 0.7187500000000000000, 0.7500000000000000000, 0.7812500000000000000, 0.8125000000000000000, 0.8437500000000000000, 0.8750000000000000000, 0.9062500000000000000, 0.9375000000000000000, 0.9687500000000000000, 1.000000000000000000 ),
 .UNSPECIFIED. ) ;
#1295 = CARTESIAN_POINT ( 'NONE',  ( 553.1807162262600741, 108.6405028261137033, 0.000000000000000000 ) ) ;
#1296 = DIRECTION ( 'NONE',  ( 1.000000000000000000, 0.000000000000000000, 0.000000000000000000 ) ) ;
#1297 = CARTESIAN_POINT ( 'NONE',  ( 1093.231578947368916, 89.08927077275134820, -6.000000000311311865E-06 ) ) ;
#1298 = FACE_OUTER_BOUND ( 'NONE', #1449, .T. ) ;
#1299 = CARTESIAN_POINT ( 'NONE',  ( 612.3670479094276970, 49.45413383778186045, -0.000000000000000000 ) ) ;
#1300 = DIRECTION ( 'NONE',  ( -1.000000000000000000, 0.000000000000000000, 0.000000000000000000 ) ) ;
#1301 = VERTEX_POINT ( 'NONE', #2853 ) ;
#1302 = EDGE_CURVE ( 'NONE', #1490, #1052, #330, .T. ) ;
#1303 = CARTESIAN_POINT ( 'NONE',  ( 1549.547368421053534, 89.08927077275453144, 36.54176427217079492 ) ) ;
#1304 = CARTESIAN_POINT ( 'NONE',  ( 1134.074377217957135, 300.8585530249891917, -0.000000000000000000 ) ) ;
#1305 = CARTESIAN_POINT ( 'NONE',  ( 2234.021052631580005, 89.08927077275930628, -6.000000000311311865E-06 ) ) ;
#1306 = B_SPLINE_CURVE_WITH_KNOTS ( 'NONE', 3,
 ( #1919, #2854, #2404, #774, #317, #1238, #2166, #92, #161, #414, #2967, #2979, #1598, #2038, #659, #841, #1094, #2516, #205, #1756, #1566, #445, #897, #1065, #2240, #2488, #387, #2725, #2022, #884, #1319, #1366, #1805, #1554 ),
 .UNSPECIFIED., .F., .F.,
 ( 4, 2, 2, 2, 2, 2, 2, 2, 2, 2, 2, 2, 2, 2, 2, 2, 4 ),
 ( 0.5000000000000000000, 0.5312500000000000000, 0.5625000000000000000, 0.5937500000000000000, 0.6250000000000000000, 0.6562500000000000000, 0.6875000000000000000, 0.7187500000000000000, 0.7500000000000000000, 0.7812500000000000000, 0.8125000000000000000, 0.8437500000000000000, 0.8750000000000000000, 0.9062500000000000000, 0.9375000000000000000, 0.9687500000000000000, 1.000000000000000000 ),
 .UNSPECIFIED. ) ;
#1307 = FACE_BOUND ( 'NONE', #1415, .T. ) ;
#1308 = CARTESIAN_POINT ( 'NONE',  ( 1548.135188617412041, 100.5324256315529112, -0.000000000000000000 ) ) ;
#1309 = CARTESIAN_POINT ( 'NONE',  ( 636.6332310082785853, 94.85308231577236882, 0.000000000000000000 ) ) ;
#1310 = CARTESIAN_POINT ( 'NONE',  ( 893.2015937464921080, 319.8878504739033701, 0.000000000000000000 ) ) ;
#1311 = CARTESIAN_POINT ( 'NONE',  ( 1015.900909944146292, 59.95317042021108023, 0.000000000000000000 ) ) ;
#1312 = DIRECTION ( 'NONE',  ( -1.000000000000000000, 0.000000000000000000, 0.000000000000000000 ) ) ;
#1313 = DIRECTION ( 'NONE',  ( 0.000000000000000000, -1.000000000000000000, 0.000000000000000000 ) ) ;
#1314 = CARTESIAN_POINT ( 'NONE',  ( 559.5851204710781985, 59.95317041959123827, 0.000000000000000000 ) ) ;
#1315 = CARTESIAN_POINT ( 'NONE',  ( 692.6933165420205114, 375.9403086046079920, 0.000000000000000000 ) ) ;
#1316 = EDGE_CURVE ( 'NONE', #1077, #911, #144, .T. ) ;
#1317 = CYLINDRICAL_SURFACE ( 'NONE', #2995, 44.10000000000002984 ) ;
#1318 = ADVANCED_FACE ( 'NONE', ( #773 ), #2899, .F. ) ;
#1319 = CARTESIAN_POINT ( 'NONE',  ( 2346.687718109638354, 322.6459560509518383, 0.000000000000000000 ) ) ;
#1320 = CARTESIAN_POINT ( 'NONE',  ( 863.6615044074829939, 100.5324256316217628, -0.000000000000000000 ) ) ;
#1321 = FACE_BOUND ( 'NONE', #67, .T. ) ;
#1322 = VERTEX_POINT ( 'NONE', #813 ) ;
#1323 = CARTESIAN_POINT ( 'NONE',  ( 1461.629859275286435, 94.85309576205582971, -0.000000000000000000 ) ) ;
#1324 = EDGE_CURVE ( 'NONE', #2913, #1322, #2733, .T. ) ;
#1325 = DIRECTION ( 'NONE',  ( -1.000000000000000000, 0.000000000000000000, 0.000000000000000000 ) ) ;
#1326 = FACE_OUTER_BOUND ( 'NONE', #2155, .T. ) ;
#1327 = CARTESIAN_POINT ( 'NONE',  ( 1082.362296696000612, 59.95312167601155551, -0.000000000000000000 ) ) ;
#1328 = CARTESIAN_POINT ( 'NONE',  ( 436.0490219082463454, 322.6461159145221700, -0.000000000000000000 ) ) ;
#1329 = CARTESIAN_POINT ( 'NONE',  ( 16.50000000000000000, 234.0892707727449817, 0.000000000000000000 ) ) ;
#1330 = CARTESIAN_POINT ( 'NONE',  ( 98.22367778395943105, 66.99599433473959209, 0.000000000000000000 ) ) ;
#1331 = CARTESIAN_POINT ( 'NONE',  ( 673.6640190943595599, 363.2254198704149530, -0.000000000000000000 ) ) ;
#1332 = VERTEX_POINT ( 'NONE', #1565 ) ;
#1333 = CARTESIAN_POINT ( 'NONE',  ( 1391.368421052632812, 334.0892707727385869, 36.54176427217079492 ) ) ;
#1334 = CARTESIAN_POINT ( 'NONE',  ( 1149.009079636410888, 292.2381692522511685, -0.000000000000000000 ) ) ;
#1335 = CARTESIAN_POINT ( 'NONE',  ( 2229.556189567769252, 108.6405292052768914, -0.000000000000000000 ) ) ;
#1336 = VECTOR ( 'NONE', #1445, 1000.000000000000000 ) ;
#1337 = VECTOR ( 'NONE', #2076, 1000.000000000000000 ) ;
#1338 = PLANE ( 'NONE',  #2987 ) ;
#1339 = DIRECTION ( 'NONE',  ( 1.000000000000000000, 0.000000000000000000, 0.000000000000000000 ) ) ;
#1340 = CARTESIAN_POINT ( 'NONE',  ( 294.6789473684240761, 334.0892707727306288, -6.000000000311311865E-06 ) ) ;
#1341 = CIRCLE ( 'NONE', #1976, 44.09999999999991616 ) ;
#1342 = ADVANCED_FACE ( 'NONE', ( #2273 ), #1991, .F. ) ;
#1343 = CIRCLE ( 'NONE', #1930, 44.10000000000002984 ) ;
#1344 = CARTESIAN_POINT ( 'NONE',  ( 1502.552071162460379, 44.98930524058192049, 0.000000000000000000 ) ) ;
#1345 = CARTESIAN_POINT ( 'NONE',  ( 1043.367753955699300, 45.27176162698457063, -0.000000000000000000 ) ) ;
#1346 = CARTESIAN_POINT ( 'NONE',  ( 434.6368076374386646, 331.1939735148694126, -0.000000000000000000 ) ) ;
#1347 = CARTESIAN_POINT ( 'NONE',  ( 1613.762490797324290, 290.2717616269734435, -0.000000000000000000 ) ) ;
#1348 = CARTESIAN_POINT ( 'NONE',  ( 1351.733347806683923, 353.6405028303672111, 0.000000000000000000 ) ) ;
#1349 = CARTESIAN_POINT ( 'NONE',  ( 679.9867187277465064, 369.1485683618166149, -0.000000000000000000 ) ) ;
#1350 = CARTESIAN_POINT ( 'NONE',  ( 478.7368421052660210, 334.0892707727322204, 36.54176427217079492 ) ) ;
#1351 = CARTESIAN_POINT ( 'NONE',  ( 1124.934204098405871, 311.9959943360001944, 0.000000000000000000 ) ) ;
#1352 = CARTESIAN_POINT ( 'NONE',  ( 823.8689814687002126, 133.1892363049223604, 0.000000000000000000 ) ) ;
#1353 = FACE_BOUND ( 'NONE', #1254, .T. ) ;
#1354 = CARTESIAN_POINT ( 'NONE',  ( 1922.128084647045398, 108.6405028247746856, 0.000000000000000000 ) ) ;
#1355 = DIRECTION ( 'NONE',  ( 0.000000000000000000, 0.000000000000000000, -1.000000000000000000 ) ) ;
#1356 = CARTESIAN_POINT ( 'NONE',  ( 329.5985971478369834, 62.18125265842301985, -0.000000000000000000 ) ) ;
#1357 = CARTESIAN_POINT ( 'NONE',  ( 1379.925279642960732, 291.4015181869405069, 0.000000000000000000 ) ) ;
#1358 = ADVANCED_FACE ( 'NONE', ( #1773 ), #1064, .F. ) ;
#1359 = CARTESIAN_POINT ( 'NONE',  ( 484.5006536493145290, 290.2718292383038943, 0.000000000000000000 ) ) ;
#1360 = DIRECTION ( 'NONE',  ( -1.000000000000000000, 0.000000000000000000, 0.000000000000000000 ) ) ;
#1361 = CARTESIAN_POINT ( 'NONE',  ( 1608.083174379802813, 291.4015181869420985, 0.000000000000000000 ) ) ;
#1362 = CARTESIAN_POINT ( 'NONE',  ( 2284.448741565293403, 373.7244077080330271, -0.000000000000000000 ) ) ;
#1363 = CARTESIAN_POINT ( 'NONE',  ( 746.5298737768408728, 353.6405292088060719, -0.000000000000000000 ) ) ;
#1364 = ORIENTED_EDGE ( 'NONE', *, *, #2129, .F. ) ;
#1365 = CARTESIAN_POINT ( 'NONE',  ( 1235.438435853017154, 74.88785047157179520, 0.000000000000000000 ) ) ;
#1366 = CARTESIAN_POINT ( 'NONE',  ( 2347.817543621927143, 328.3256190927156126, -0.000000000000000000 ) ) ;
#1367 = CARTESIAN_POINT ( 'NONE',  ( 0.000000000000000000, 234.0892707727449817, 6.000000000000000000 ) ) ;
#1368 = CARTESIAN_POINT ( 'NONE',  ( 736.0308371943990551, 300.8586017691472421, 0.000000000000000000 ) ) ;
#1369 = FACE_BOUND ( 'NONE', #2199, .T. ) ;
#1370 = CARTESIAN_POINT ( 'NONE',  ( 1616.631018532071039, 378.1893052405675348, -0.000000000000000000 ) ) ;
#1371 = CARTESIAN_POINT ( 'NONE',  ( 2031.742139730373765, 336.9845680304549660, -0.000000000000000000 ) ) ;
#1372 = CARTESIAN_POINT ( 'NONE',  ( 974.6877048262518883, 314.5380387185279005, 0.000000000000000000 ) ) ;
#1373 = CARTESIAN_POINT ( 'NONE',  ( 2304.000000000000000, 334.0892707727449533, 36.54176427217079492 ) ) ;
#1374 = EDGE_CURVE ( 'NONE', #1263, #811, #961, .T. ) ;
#1375 = CARTESIAN_POINT ( 'NONE',  ( 1576.838563203676813, 345.5324121853378756, 0.000000000000000000 ) ) ;
#1376 = CARTESIAN_POINT ( 'NONE',  ( 1657.802695324052138, 311.9959560373492309, -0.000000000000000000 ) ) ;
#1377 = DIRECTION ( 'NONE',  ( -0.000000000000000000, -0.000000000000000000, -1.000000000000000000 ) ) ;
#1378 = CARTESIAN_POINT ( 'NONE',  ( 636.9157894736844128, 89.08927077274813655, 5.999999999999998224 ) ) ;
#1379 = ORIENTED_EDGE ( 'NONE', *, *, #852, .F. ) ;
#1380 = CARTESIAN_POINT ( 'NONE',  ( 247.6836501100979149, 378.1893052405578715, -0.000000000000000000 ) ) ;
#1381 = CARTESIAN_POINT ( 'NONE',  ( 1955.999332903068080, 45.27176162699097262, -0.000000000000000000 ) ) ;
#1382 = ORIENTED_EDGE ( 'NONE', *, *, #2964, .F. ) ;
#1383 = ORIENTED_EDGE ( 'NONE', *, *, #2449, .F. ) ;
#1384 = CARTESIAN_POINT ( 'NONE',  ( 1068.682811002589915, 128.7243440196843949, 0.000000000000000000 ) ) ;
#1385 = CARTESIAN_POINT ( 'NONE',  ( 517.0131643214211863, 356.1825472106999655, 0.000000000000000000 ) ) ;
#1386 = VECTOR ( 'NONE', #258, 1000.000000000000000 ) ;
#1387 = CARTESIAN_POINT ( 'NONE',  ( 2001.398294828930148, 108.6405292100976681, -0.000000000000000000 ) ) ;
#1388 = DIRECTION ( 'NONE',  ( -1.000000000000000000, 0.000000000000000000, 0.000000000000000000 ) ) ;
#1389 = CARTESIAN_POINT ( 'NONE',  ( 434.6368421052659414, 334.0892707727322204, 5.999999999999998224 ) ) ;
#1390 = B_SPLINE_CURVE_WITH_KNOTS ( 'NONE', 3,
 ( #1531, #1750, #394, #878, #2232, #2745, #605, #155, #1311, #1798, #1764, #2717, #636, #1561, #2703, #1345, #1103, #669, #2247, #1071, #1283, #1998, #1058, #2918, #2731, #1327, #379, #183, #1547, #2946, #2481, #2465, #142, #1297 ),
 .UNSPECIFIED., .F., .F.,
 ( 4, 2, 2, 2, 2, 2, 2, 2, 2, 2, 2, 2, 2, 2, 2, 2, 4 ),
 ( 0.5000000000000000000, 0.5312500000000000000, 0.5625000000000000000, 0.5937500000000000000, 0.6250000000000000000, 0.6562500000000000000, 0.6875000000000000000, 0.7187500000000000000, 0.7500000000000000000, 0.7812500000000000000, 0.8125000000000000000, 0.8437500000000000000, 0.8750000000000000000, 0.9062500000000000000, 0.9375000000000000000, 0.9687500000000000000, 1.000000000000000000 ),
 .UNSPECIFIED. ) ;
#1391 = VECTOR ( 'NONE', #1555, 1000.000000000000000 ) ;
#1392 = CARTESIAN_POINT ( 'NONE',  ( 1961.763157894737560, 89.08927077275771467, 5.999999999999998224 ) ) ;
#1393 = CARTESIAN_POINT ( 'NONE',  ( 2110.901345537106408, 307.1812909626378314, 0.000000000000000000 ) ) ;
#1394 = VECTOR ( 'NONE', #2451, 1000.000000000000000 ) ;
#1395 = CARTESIAN_POINT ( 'NONE',  ( 1576.838495593291555, 322.6461159132495595, -0.000000000000000000 ) ) ;
#1396 = CARTESIAN_POINT ( 'NONE',  ( 2289.798579700105620, 375.9403086049524063, 0.000000000000000000 ) ) ;
#1397 = CARTESIAN_POINT ( 'NONE',  ( 142.2638249919951647, 132.9067799185117451, -0.000000000000000000 ) ) ;
#1398 = ORIENTED_EDGE ( 'NONE', *, *, #1746, .F. ) ;
#1399 = EDGE_LOOP ( 'NONE', ( #1758, #143, #2431, #44 ) ) ;
#1400 = CARTESIAN_POINT ( 'NONE',  ( 0.000000000000000000, 0.000000000000000000, 0.000000000000000000 ) ) ;
#1401 = CARTESIAN_POINT ( 'NONE',  ( 1996.822398166814537, 62.18129095809223372, 0.000000000000000000 ) ) ;
#1402 = EDGE_CURVE ( 'NONE', #1047, #475, #1343, .T. ) ;
#1403 = ORIENTED_EDGE ( 'NONE', *, *, #239, .F. ) ;
#1404 = ADVANCED_FACE ( 'NONE', ( #1093 ), #1317, .F. ) ;
#1405 = CARTESIAN_POINT ( 'NONE',  ( 664.2069166450879720, 322.6461159145240458, -0.000000000000000000 ) ) ;
#1406 = CARTESIAN_POINT ( 'NONE',  ( 1128.151286045451343, 360.9972505900777264, 0.000000000000000000 ) ) ;
#1407 = ORIENTED_EDGE ( 'NONE', *, *, #477, .F. ) ;
#1408 = DIRECTION ( 'NONE',  ( -1.000000000000000000, 0.000000000000000000, 0.000000000000000000 ) ) ;
#1409 = DIRECTION ( 'NONE',  ( 0.000000000000000000, 0.000000000000000000, -1.000000000000000000 ) ) ;
#1410 = DIRECTION ( 'NONE',  ( -1.000000000000000000, 0.000000000000000000, 0.000000000000000000 ) ) ;
#1411 = CARTESIAN_POINT ( 'NONE',  ( 2119.942105263157828, 331.1934468263526696, -0.000000000000000000 ) ) ;
#1412 = CARTESIAN_POINT ( 'NONE',  ( 1605.324869110094369, 292.2381692522542949, -0.000000000000000000 ) ) ;
#1413 = CARTESIAN_POINT ( 'NONE',  ( 2298.236188458123706, 377.9067123078191344, 0.000000000000000000 ) ) ;
#1414 = CARTESIAN_POINT ( 'NONE',  ( 122.2985797005027848, 130.9403086049108822, 0.000000000000000000 ) ) ;
#1415 = EDGE_LOOP ( 'NONE', ( #1649, #328 ) ) ;
#1416 = ORIENTED_EDGE ( 'NONE', *, *, #1169, .F. ) ;
#1417 = DIRECTION ( 'NONE',  ( 0.000000000000000000, 0.000000000000000000, 1.000000000000000000 ) ) ;
#1418 = CARTESIAN_POINT ( 'NONE',  ( 1981.314416330131735, 49.45413383753940906, -0.000000000000000000 ) ) ;
#1419 = VERTEX_POINT ( 'NONE', #1109 ) ;
#1420 = CARTESIAN_POINT ( 'NONE',  ( 1090.982616779061573, 103.2906910724231722, 0.000000000000000000 ) ) ;
#1421 = CARTESIAN_POINT ( 'NONE',  ( 1207.310526315791549, 336.9847413256234177, 0.000000000000000000 ) ) ;
#1422 = EDGE_LOOP ( 'NONE', ( #1275, #1435, #1519, #1033 ) ) ;
#1423 = CARTESIAN_POINT ( 'NONE',  ( 2097.935420000300383, 372.3656503062533716, -0.000000000000000000 ) ) ;
#1424 = PRODUCT_DEFINITION_CONTEXT ( 'detailed design', #2928, 'design' ) ;
#1425 = ADVANCED_FACE ( 'NONE', ( #2938 ), #2037, .F. ) ;
#1426 = CARTESIAN_POINT ( 'NONE',  ( 320.8404532022823332, 83.32545922924593640, -0.000000000000000000 ) ) ;
#1427 = CARTESIAN_POINT ( 'NONE',  ( 1413.461697489984090, 295.8129485561202614, 0.000000000000000000 ) ) ;
#1428 = CARTESIAN_POINT ( 'NONE',  ( 215.5196497793415631, 307.1812526585223964, -0.000000000000000000 ) ) ;
#1429 = CARTESIAN_POINT ( 'NONE',  ( 2424.000000000000000, 414.0892707727450102, 0.000000000000000000 ) ) ;
#1430 = CARTESIAN_POINT ( 'NONE',  ( 2259.900000000000091, 334.0892707727449533, -6.000000000311311865E-06 ) ) ;
#1431 = VERTEX_POINT ( 'NONE', #1804 ) ;
#1432 = ORIENTED_EDGE ( 'NONE', *, *, #571, .T. ) ;
#1433 = CARTESIAN_POINT ( 'NONE',  ( 1265.846332274058568, 46.40151818695482433, 0.000000000000000000 ) ) ;
#1434 = CARTESIAN_POINT ( 'NONE',  ( 1190.118544430769134, 299.0299731842708866, -0.000000000000000000 ) ) ;
#1435 = ORIENTED_EDGE ( 'NONE', *, *, #261, .T. ) ;
#1436 = CARTESIAN_POINT ( 'NONE',  ( 750.9947368421077272, 334.0892707727338120, -6.000000000311311865E-06 ) ) ;
#1437 = CARTESIAN_POINT ( 'NONE',  ( 1134.074425964116472, 367.3199397770931114, 0.000000000000000000 ) ) ;
#1438 = EDGE_LOOP ( 'NONE', ( #2669, #1383, #1015, #1037 ) ) ;
#1439 = VECTOR ( 'NONE', #399, 1000.000000000000000 ) ;
#1440 = AXIS2_PLACEMENT_3D ( 'NONE', #358, #1693, #1277 ) ;
#1441 = CARTESIAN_POINT ( 'NONE',  ( 1882.743508114322822, 360.9972888880257642, -0.000000000000000000 ) ) ;
#1442 = CARTESIAN_POINT ( 'NONE',  ( 391.5658745528290865, 124.1485110437876074, 0.000000000000000000 ) ) ;
#1443 = CARTESIAN_POINT ( 'NONE',  ( 206.4789473684241727, 334.0892707727306288, -6.000000000311311865E-06 ) ) ;
#1444 = EDGE_CURVE ( 'NONE', #1288, #769, #1790, .T. ) ;
#1445 = DIRECTION ( 'NONE',  ( -1.000000000000000000, 0.000000000000000000, 0.000000000000000000 ) ) ;
#1446 = AXIS2_PLACEMENT_3D ( 'NONE', #2214, #1485, #1966 ) ;
#1447 = CARTESIAN_POINT ( 'NONE',  ( 915.5013731444356608, 373.7244077083569778, -0.000000000000000000 ) ) ;
#1448 = CARTESIAN_POINT ( 'NONE',  ( 98.22362046615796771, 111.1825855095799938, -0.000000000000000000 ) ) ;
#1449 = EDGE_LOOP ( 'NONE', ( #1076, #80, #2495, #1703 ) ) ;
#1450 = ORIENTED_EDGE ( 'NONE', *, *, #2948, .T. ) ;
#1451 = AXIS2_PLACEMENT_3D ( 'NONE', #2498, #2301, #1300 ) ;
#1452 = CARTESIAN_POINT ( 'NONE',  ( 1394.263718311575758, 378.1892363049112191, 0.000000000000000000 ) ) ;
#1453 = VECTOR ( 'NONE', #1978, 1000.000000000000000 ) ;
#1454 = CARTESIAN_POINT ( 'NONE',  ( 1983.856472630279313, 127.3656503073362103, -0.000000000000000000 ) ) ;
#1455 = ORIENTED_EDGE ( 'NONE', *, *, #2896, .F. ) ;
#1456 = CARTESIAN_POINT ( 'NONE',  ( 1890.371928635953509, 322.6459560478691628, 0.000000000000000000 ) ) ;
#1457 = CARTESIAN_POINT ( 'NONE',  ( 507.8729912037169925, 367.3199885198633865, -0.000000000000000000 ) ) ;
#1458 = ORIENTED_EDGE ( 'NONE', *, *, #1234, .T. ) ;
#1459 = CARTESIAN_POINT ( 'NONE',  ( 358.8940697448668971, 45.27176162697979578, -0.000000000000000000 ) ) ;
#1460 = CARTESIAN_POINT ( 'NONE',  ( 329.5986544655999637, 115.9972505882403055, 0.000000000000000000 ) ) ;
#1461 = DIRECTION ( 'NONE',  ( 0.000000000000000000, 0.000000000000000000, -1.000000000000000000 ) ) ;
#1462 = EDGE_CURVE ( 'NONE', #1205, #2800, #2954, .T. ) ;
#1463 = CARTESIAN_POINT ( 'NONE',  ( 1773.240336403961692, 69.53803871548689131, 0.000000000000000000 ) ) ;
#1464 = CARTESIAN_POINT ( 'NONE',  ( 973.3289537951045531, 356.1825472107030919, 0.000000000000000000 ) ) ;
#1465 = CARTESIAN_POINT ( 'NONE',  ( 862.8247857305100297, 74.88782409122576667, -0.000000000000000000 ) ) ;
#1466 = EDGE_LOOP ( 'NONE', ( #1003, #404, #1960, #933 ) ) ;
#1467 = CARTESIAN_POINT ( 'NONE',  ( 1397.132246044783642, 377.9067799185054355, -0.000000000000000000 ) ) ;
#1468 = ORIENTED_EDGE ( 'NONE', *, *, #1668, .T. ) ;
#1469 = CARTESIAN_POINT ( 'NONE',  ( 1844.788913268300803, 289.9893052405691947, 0.000000000000000000 ) ) ;
#1470 = CARTESIAN_POINT ( 'NONE',  ( 2259.900000000000091, 334.0892707727449533, 5.999999999999998224 ) ) ;
#1471 = ORIENTED_EDGE ( 'NONE', *, *, #1234, .F. ) ;
#1472 = CYLINDRICAL_SURFACE ( 'NONE', #1726, 44.10000000000002984 ) ;
#1473 = CARTESIAN_POINT ( 'NONE',  ( 326.3815152030004469, 111.1825855095816848, -0.000000000000000000 ) ) ;
#1474 = CARTESIAN_POINT ( 'NONE',  ( 1722.162108299337888, 131.7770909696446893, -0.000000000000000000 ) ) ;
#1475 = CARTESIAN_POINT ( 'NONE',  ( 1315.565795901442470, 111.1825472095672609, 0.000000000000000000 ) ) ;
#1476 = LINE ( 'NONE', #525, #2424 ) ;
#1477 = CARTESIAN_POINT ( 'NONE',  ( 809.5305428006799957, 46.40151818695163399, 0.000000000000000000 ) ) ;
#1478 = VERTEX_POINT ( 'NONE', #371 ) ;
#1479 = CARTESIAN_POINT ( 'NONE',  ( 2232.608770741217995, 77.64595605088968000, 0.000000000000000000 ) ) ;
#1480 = ORIENTED_EDGE ( 'NONE', *, *, #1713, .F. ) ;
#1481 = CARTESIAN_POINT ( 'NONE',  ( 1022.223560832045109, 124.1485683610628428, -0.000000000000000000 ) ) ;
#1482 = ORIENTED_EDGE ( 'NONE', *, *, #2118, .T. ) ;
#1483 = LINE ( 'NONE', #1212, #2272 ) ;
#1484 = CARTESIAN_POINT ( 'NONE',  ( 321.9701421510442856, 100.5324121821890486, 0.000000000000000000 ) ) ;
#1485 = DIRECTION ( 'NONE',  ( 0.000000000000000000, 0.000000000000000000, -1.000000000000000000 ) ) ;
#1486 = CARTESIAN_POINT ( 'NONE',  ( 1776.292981267532696, 77.64595604780693350, 0.000000000000000000 ) ) ;
#1487 = DIRECTION ( 'NONE',  ( 0.000000000000000000, 0.000000000000000000, -1.000000000000000000 ) ) ;
#1488 = AXIS2_PLACEMENT_3D ( 'NONE', #310, #1215, #1760 ) ;
#1489 =( LENGTH_UNIT ( ) NAMED_UNIT ( * ) SI_UNIT ( .MILLI., .METRE. ) );
#1490 = VERTEX_POINT ( 'NONE', #2737 ) ;
#1491 = VECTOR ( 'NONE', #735, 1000.000000000000000 ) ;
#1492 = CARTESIAN_POINT ( 'NONE',  ( 1288.732628542889643, 46.40145057597197820, -0.000000000000000000 ) ) ;
#1493 = CARTESIAN_POINT ( 'NONE',  ( 2192.816349890173115, 44.98923630493197834, -0.000000000000000000 ) ) ;
#1494 = VERTEX_POINT ( 'NONE', #871 ) ;
#1495 = CARTESIAN_POINT ( 'NONE',  ( 1874.592228641294469, 299.0299731842757751, -0.000000000000000000 ) ) ;
#1496 = VECTOR ( 'NONE', #1574, 1000.000000000000000 ) ;
#1497 = DIRECTION ( 'NONE',  ( 0.000000000000000000, 0.000000000000000000, -1.000000000000000000 ) ) ;
#1498 = ORIENTED_EDGE ( 'NONE', *, *, #2280, .T. ) ;
#1499 = CARTESIAN_POINT ( 'NONE',  ( 1814.453492777338170, 363.2254198690390581, -0.000000000000000000 ) ) ;
#1500 = CARTESIAN_POINT ( 'NONE',  ( 272.6722238060834798, 295.8129485564205083, 0.000000000000000000 ) ) ;
#1501 = B_SPLINE_CURVE_WITH_KNOTS ( 'NONE', 3,
 ( #2673, #593, #2893, #555, #1000, #2428, #1928, #1943, #808, #1231, #2877, #1724, #1518, #341, #1477, #1261, #2412, #543, #324, #298, #2439, #2192, #795, #1217, #1956, #2145, #2647, #2864, #73, #1465, #352, #2398, #2161, #782 ),
 .UNSPECIFIED., .F., .F.,
 ( 4, 2, 2, 2, 2, 2, 2, 2, 2, 2, 2, 2, 2, 2, 2, 2, 4 ),
 ( 0.5000000000000000000, 0.5312500000000000000, 0.5625000000000000000, 0.5937499999999998890, 0.6250000000000000000, 0.6562499999999998890, 0.6874999999999998890, 0.7187499999999998890, 0.7499999999999997780, 0.7812499999999997780, 0.8124999999999997780, 0.8437499999999997780, 0.8749999999999997780, 0.9062499999999997780, 0.9374999999999997780, 0.9687499999999998890, 1.000000000000000000 ),
 .UNSPECIFIED. ) ;
#1502 = CARTESIAN_POINT ( 'NONE',  ( 1467.171046205435914, 66.99599433428788586, 0.000000000000000000 ) ) ;
#1503 = SURFACE_STYLE_FILL_AREA ( #86 ) ;
#1504 = ORIENTED_EDGE ( 'NONE', *, *, #509, .F. ) ;
#1505 = CARTESIAN_POINT ( 'NONE',  ( 1291.490893983568185, 47.23823294055736710, 0.000000000000000000 ) ) ;
#1506 = CARTESIAN_POINT ( 'NONE',  ( 1424.599090054990484, 363.2253711261056992, 0.000000000000000000 ) ) ;
#1507 = ORIENTED_EDGE ( 'NONE', *, *, #2236, .F. ) ;
#1508 = CARTESIAN_POINT ( 'NONE',  ( 1006.443826361571155, 100.5324121852724772, 0.000000000000000000 ) ) ;
#1509 = B_SPLINE_CURVE_WITH_KNOTS ( 'NONE', 3,
 ( #2867, #2750, #2002, #398, #1787, #1363, #1816, #2527, #1578, #2251, #1771, #188, #627, #640, #2514, #851, #2951, #429, #443, #1106, #1315, #2708, #869, #1349, #171, #1331, #2270, #2035, #1092, #895, #655, #1990, #2722, #1552 ),
 .UNSPECIFIED., .F., .F.,
 ( 4, 2, 2, 2, 2, 2, 2, 2, 2, 2, 2, 2, 2, 2, 2, 2, 4 ),
 ( 0.000000000000000000, 0.03125000000000000000, 0.06250000000000000000, 0.09375000000000000000, 0.1250000000000000000, 0.1562500000000000000, 0.1875000000000000000, 0.2187500000000000000, 0.2500000000000000000, 0.2812500000000000000, 0.3125000000000000000, 0.3437500000000000000, 0.3750000000000000000, 0.4062500000000000000, 0.4375000000000000000, 0.4687500000000000000, 0.5000000000000000000 ),
 .UNSPECIFIED. ) ;
#1510 = DIRECTION ( 'NONE',  ( 0.000000000000000000, 0.000000000000000000, -1.000000000000000000 ) ) ;
#1511 = ORIENTED_EDGE ( 'NONE', *, *, #2362, .F. ) ;
#1512 = ADVANCED_FACE ( 'NONE', ( #657 ), #2724, .F. ) ;
#1513 = CARTESIAN_POINT ( 'NONE',  ( 1524.998600476274532, 128.7243440196876065, 0.000000000000000000 ) ) ;
#1514 = CARTESIAN_POINT ( 'NONE',  ( 1690.917510572097399, 100.5324121852772521, 0.000000000000000000 ) ) ;
#1515 = B_SPLINE_CURVE_WITH_KNOTS ( 'NONE', 3,
 ( #2275, #193, #1111, #1320, #2753, #1581, #1138, #873, #630, #1757, #162, #1792, #2925, #2517, #2255, #1095, #1352, #2968, #1599, #2726, #1567, #613, #1775, #660, #885, #174, #2501, #680, #2695, #2291, #2475, #206, #388, #2023 ),
 .UNSPECIFIED., .F., .F.,
 ( 4, 2, 2, 2, 2, 2, 2, 2, 2, 2, 2, 2, 2, 2, 2, 2, 4 ),
 ( 0.000000000000000000, 0.03124999999999984041, 0.06249999999999968081, 0.09374999999999952816, 0.1249999999999993616, 0.1562499999999993061, 0.1874999999999993339, 0.2187499999999993894, 0.2499999999999993894, 0.2812499999999993894, 0.3124999999999993894, 0.3437499999999993894, 0.3749999999999995004, 0.4062499999999996669, 0.4374999999999997780, 0.4687499999999998890, 0.5000000000000000000 ),
 .UNSPECIFIED. ) ;
#1516 = ADVANCED_FACE ( 'NONE', ( #2693 ), #2710, .F. ) ;
#1517 = CARTESIAN_POINT ( 'NONE',  ( 920.8511848979861725, 292.2381692526253119, -0.000000000000000000 ) ) ;
#1518 = CARTESIAN_POINT ( 'NONE',  ( 801.4224521556781156, 49.45419752570095540, 0.000000000000000000 ) ) ;
#1519 = ORIENTED_EDGE ( 'NONE', *, *, #180, .F. ) ;
#1520 = EDGE_LOOP ( 'NONE', ( #2139, #1059, #1482, #2674 ) ) ;
#1521 = DIRECTION ( 'NONE',  ( 0.000000000000000000, -1.000000000000000000, 0.000000000000000000 ) ) ;
#1522 = CARTESIAN_POINT ( 'NONE',  ( 1347.268455520460066, 336.9845680335267843, -0.000000000000000000 ) ) ;
#1523 = CARTESIAN_POINT ( 'NONE',  ( 2145.821087098795942, 91.98456803058408582, -0.000000000000000000 ) ) ;
#1524 = ORIENTED_EDGE ( 'NONE', *, *, #1324, .T. ) ;
#1525 = CARTESIAN_POINT ( 'NONE',  ( 1505.447368421053397, 89.08927077275453144, 36.54176427217079492 ) ) ;
#1526 = CARTESIAN_POINT ( 'NONE',  ( 467.2936872467693661, 376.7770909696329227, -0.000000000000000000 ) ) ;
#1527 = VERTEX_POINT ( 'NONE', #2679 ) ;
#1528 = CARTESIAN_POINT ( 'NONE',  ( 1841.920398983407267, 377.9067123076418397, 0.000000000000000000 ) ) ;
#1529 = CYLINDRICAL_SURFACE ( 'NONE', #2660, 44.10000000000002984 ) ;
#1530 = CYLINDRICAL_SURFACE ( 'NONE', #137, 44.09999999999991616 ) ;
#1531 = CARTESIAN_POINT ( 'NONE',  ( 1005.031578947368985, 89.08927077275131978, -6.000000000311311865E-06 ) ) ;
#1532 = EDGE_CURVE ( 'NONE', #2871, #1646, #1289, .T. ) ;
#1533 = CARTESIAN_POINT ( 'NONE',  ( 521.4245602149036358, 322.6459560509383664, 0.000000000000000000 ) ) ;
#1534 = CIRCLE ( 'NONE', #1044, 44.09999999999997300 ) ;
#1535 = CARTESIAN_POINT ( 'NONE',  ( 563.6796403756372911, 55.85855302525159516, -0.000000000000000000 ) ) ;
#1536 = CARTESIAN_POINT ( 'NONE',  ( 178.3510378321999497, 103.2906910721154787, 0.000000000000000000 ) ) ;
#1537 = ORIENTED_EDGE ( 'NONE', *, *, #416, .F. ) ;
#1538 = CARTESIAN_POINT ( 'NONE',  ( 283.8096163712431803, 363.2253711256363999, 0.000000000000000000 ) ) ;
#1539 = CARTESIAN_POINT ( 'NONE',  ( 1123.575389380446495, 314.5380123369679950, -0.000000000000000000 ) ) ;
#1540 = CARTESIAN_POINT ( 'NONE',  ( 2005.863157894737469, 89.08927077275772888, -6.000000000311311865E-06 ) ) ;
#1541 = ORIENTED_EDGE ( 'NONE', *, *, #2682, .F. ) ;
#1542 = AXIS2_PLACEMENT_3D ( 'NONE', #905, #2550, #37 ) ;
#1543 = CARTESIAN_POINT ( 'NONE',  ( 1288.732615094268340, 131.7770233585511050, 0.000000000000000000 ) ) ;
#1544 = DIRECTION ( 'NONE',  ( 0.000000000000000000, 0.000000000000000000, -1.000000000000000000 ) ) ;
#1545 = EDGE_CURVE ( 'NONE', #342, #2211, #920, .T. ) ;
#1546 = DIRECTION ( 'NONE',  ( -0.000000000000000000, -0.000000000000000000, -1.000000000000000000 ) ) ;
#1547 = CARTESIAN_POINT ( 'NONE',  ( 1088.766652193434993, 69.53803871548210225, 0.000000000000000000 ) ) ;
#1548 = CARTESIAN_POINT ( 'NONE',  ( 490.1799969630400255, 291.4014505755954474, -0.000000000000000000 ) ) ;
#1549 = ADVANCED_FACE ( 'NONE', ( #1836, #2785, #2769, #678, #270, #707, #896, #2751, #2591, #1597, #691, #912, #743, #2820, #1891, #2135, #1643, #2557, #1190, #1156, #444 ), #2543, .F. ) ;
#1550 = FACE_OUTER_BOUND ( 'NONE', #1932, .T. ) ;
#1551 = CARTESIAN_POINT ( 'NONE',  ( 634.6668909936674936, 74.88782409122416084, -0.000000000000000000 ) ) ;
#1552 = CARTESIAN_POINT ( 'NONE',  ( 662.7947368421076817, 334.0892707727338120, -6.000000000311311865E-06 ) ) ;
#1553 = CARTESIAN_POINT ( 'NONE',  ( 294.6789473684240761, 336.9847413233084126, 0.000000000000000000 ) ) ;
#1554 = CARTESIAN_POINT ( 'NONE',  ( 2348.099999999999454, 334.0892707727449533, -6.000000000311311865E-06 ) ) ;
#1555 = DIRECTION ( 'NONE',  ( 0.000000000000000000, 1.000000000000000000, 0.000000000000000000 ) ) ;
#1556 = ORIENTED_EDGE ( 'NONE', *, *, #119, .F. ) ;
#1557 = CYLINDRICAL_SURFACE ( 'NONE', #1096, 44.10000000000002984 ) ;
#1558 = CARTESIAN_POINT ( 'NONE',  ( 1534.583517518888129, 122.3199885205023065, -0.000000000000000000 ) ) ;
#1559 = CARTESIAN_POINT ( 'NONE',  ( 548.7157894736845947, 89.08927077274812234, -6.000000000311311865E-06 ) ) ;
#1560 = CARTESIAN_POINT ( 'NONE',  ( 915.5013995253117400, 294.4541975253500254, 0.000000000000000000 ) ) ;
#1561 = CARTESIAN_POINT ( 'NONE',  ( 1034.930132267899808, 47.23816925218748963, -0.000000000000000000 ) ) ;
#1562 = DIRECTION ( 'NONE',  ( 0.000000000000000000, 0.000000000000000000, -1.000000000000000000 ) ) ;
#1563 = CARTESIAN_POINT ( 'NONE',  ( 103.2693309972014646, 59.95317041974222150, 0.000000000000000000 ) ) ;
#1564 = DIRECTION ( 'NONE',  ( 0.000000000000000000, 0.000000000000000000, -1.000000000000000000 ) ) ;
#1565 = CARTESIAN_POINT ( 'NONE',  ( 2259.900000000000091, 334.0892707727449533, -6.000000000311311865E-06 ) ) ;
#1566 = CARTESIAN_POINT ( 'NONE',  ( 2318.201420299894380, 292.2382329405375003, 0.000000000000000000 ) ) ;
#1567 = CARTESIAN_POINT ( 'NONE',  ( 806.7722639109435931, 130.9403086048324951, 0.000000000000000000 ) ) ;
#1568 = EDGE_CURVE ( 'NONE', #385, #2440, #2627, .T. ) ;
#1569 = B_SPLINE_CURVE_WITH_KNOTS ( 'NONE', 3,
 ( #2766, #2539, #939, #1395, #955, #230, #2815, #2048, #2569, #2780, #1592, #701, #673, #1412, #1361, #1347, #1151, #1886, #2286, #2062, #492, #2975, #2079, #720, #2350, #893, #1620, #1376, #2525, #1832, #2552, #1170, #924, #2588 ),
 .UNSPECIFIED., .F., .F.,
 ( 4, 2, 2, 2, 2, 2, 2, 2, 2, 2, 2, 2, 2, 2, 2, 2, 4 ),
 ( 0.5000000000000000000, 0.5312500000000000000, 0.5625000000000000000, 0.5937500000000000000, 0.6250000000000000000, 0.6562500000000000000, 0.6875000000000000000, 0.7187500000000000000, 0.7500000000000000000, 0.7812500000000000000, 0.8125000000000000000, 0.8437500000000000000, 0.8750000000000000000, 0.9062500000000000000, 0.9375000000000000000, 0.9687500000000000000, 1.000000000000000000 ),
 .UNSPECIFIED. ) ;
#1570 = FACE_BOUND ( 'NONE', #93, .T. ) ;
#1571 = CARTESIAN_POINT ( 'NONE',  ( 1597.433039352584956, 372.3655929896668226, 0.000000000000000000 ) ) ;
#1572 = CARTESIAN_POINT ( 'NONE',  ( 636.9157894736842991, 91.98474132251821800, -0.000000000000000000 ) ) ;
#1573 = CARTESIAN_POINT ( 'NONE',  ( 1499.683543429384372, 45.27176162698776096, -0.000000000000000000 ) ) ;
#1574 = DIRECTION ( 'NONE',  ( -0.000000000000000000, -0.000000000000000000, -1.000000000000000000 ) ) ;
#1575 = CARTESIAN_POINT ( 'NONE',  ( 464.5353954241614929, 292.2381692526806773, -0.000000000000000000 ) ) ;
#1576 = CARTESIAN_POINT ( 'NONE',  ( 1321.107017306138459, 83.32561909587963100, -0.000000000000000000 ) ) ;
#1577 = CARTESIAN_POINT ( 'NONE',  ( 578.6143427939327921, 47.23816925230151753, -0.000000000000000000 ) ) ;
#1578 = CARTESIAN_POINT ( 'NONE',  ( 740.1254058443103077, 363.2253711262561637, 0.000000000000000000 ) ) ;
#1579 = DIRECTION ( 'NONE',  ( -0.000000000000000000, -0.000000000000000000, -1.000000000000000000 ) ) ;
#1580 = CARTESIAN_POINT ( 'NONE',  ( 206.4789473684241727, 334.0892707727306288, -6.000000000311311865E-06 ) ) ;
#1581 = CARTESIAN_POINT ( 'NONE',  ( 860.6088211452184851, 108.6405292088459760, -0.000000000000000000 ) ) ;
#1582 = EDGE_LOOP ( 'NONE', ( #2051, #2819 ) ) ;
#1583 = CARTESIAN_POINT ( 'NONE',  ( 478.7368421052660210, 334.0892707727322204, 5.999999999999998224 ) ) ;
#1584 = CARTESIAN_POINT ( 'NONE',  ( 1659.161452725485788, 353.6405292072042243, -0.000000000000000000 ) ) ;
#1585 = CARTESIAN_POINT ( 'NONE',  ( 636.9157894736844128, 89.08927077274815076, -6.000000000311311865E-06 ) ) ;
#1586 = VECTOR ( 'NONE', #309, 1000.000000000000000 ) ;
#1587 = CIRCLE ( 'NONE', #2663, 44.10000000000002984 ) ;
#1588 = CARTESIAN_POINT ( 'NONE',  ( 325.0227578016379653, 69.53801233745576837, -0.000000000000000000 ) ) ;
#1589 = DIRECTION ( 'NONE',  ( -0.000000000000000000, -0.000000000000000000, -1.000000000000000000 ) ) ;
#1590 = CARTESIAN_POINT ( 'NONE',  ( 500.8301185432337661, 295.8129485567303050, 0.000000000000000000 ) ) ;
#1591 = DIRECTION ( 'NONE',  ( 0.000000000000000000, 0.000000000000000000, 1.000000000000000000 ) ) ;
#1592 = CARTESIAN_POINT ( 'NONE',  ( 1592.618335972687419, 299.0300305022341831, 0.000000000000000000 ) ) ;
#1593 = DIRECTION ( 'NONE',  ( -0.000000000000000000, -0.000000000000000000, -1.000000000000000000 ) ) ;
#1594 = CARTESIAN_POINT ( 'NONE',  ( 169.7306690026650813, 118.2253711258048554, 0.000000000000000000 ) ) ;
#1595 = EDGE_LOOP ( 'NONE', ( #2868, #1117, #1154, #242 ) ) ;
#1596 = B_SPLINE_CURVE_WITH_KNOTS ( 'NONE', 3,
 ( #130, #354, #2414, #75, #1973, #988, #103, #2850, #343, #569, #1715, #1264, #117, #1016, #2194, #1031, #784, #1493, #1931, #772, #798, #2401, #326, #2897, #2908, #2649, #1702, #2430, #2636, #1689, #1479, #1274, #810, #2866 ),
 .UNSPECIFIED., .F., .F.,
 ( 4, 2, 2, 2, 2, 2, 2, 2, 2, 2, 2, 2, 2, 2, 2, 2, 4 ),
 ( 0.5000000000000000000, 0.5312500000000000000, 0.5625000000000000000, 0.5937500000000000000, 0.6250000000000000000, 0.6562500000000000000, 0.6875000000000001110, 0.7187500000000001110, 0.7500000000000001110, 0.7812500000000001110, 0.8125000000000001110, 0.8437500000000002220, 0.8750000000000002220, 0.9062500000000002220, 0.9375000000000001110, 0.9687500000000001110, 1.000000000000000000 ),
 .UNSPECIFIED. ) ;
#1597 = FACE_BOUND ( 'NONE', #2471, .T. ) ;
#1598 = CARTESIAN_POINT ( 'NONE',  ( 2284.448767945957115, 294.4541975256541377, 0.000000000000000000 ) ) ;
#1599 = CARTESIAN_POINT ( 'NONE',  ( 815.2098726669065627, 132.9067123073553205, 0.000000000000000000 ) ) ;
#1600 = CARTESIAN_POINT ( 'NONE',  ( 1248.153373332613683, 122.3199397772243771, 0.000000000000000000 ) ) ;
#1601 = CARTESIAN_POINT ( 'NONE',  ( 1926.703917622870222, 115.9972505878118199, 0.000000000000000000 ) ) ;
#1602 = CARTESIAN_POINT ( 'NONE',  ( 2110.901402856088680, 360.9972888824927963, -0.000000000000000000 ) ) ;
#1603 = CARTESIAN_POINT ( 'NONE',  ( 1777.705263157895615, 89.08927077275610884, 36.54176427217079492 ) ) ;
#1604 = CARTESIAN_POINT ( 'NONE',  ( 1435.468421052632948, 334.0892707727385869, -6.000000000311311865E-06 ) ) ;
#1605 = CARTESIAN_POINT ( 'NONE',  ( 2064.398963852715951, 291.4015181869469870, 0.000000000000000000 ) ) ;
#1606 = ADVANCED_FACE ( 'NONE', ( #1550 ), #1060, .F. ) ;
#1607 = DIRECTION ( 'NONE',  ( -0.000000000000000000, -0.000000000000000000, -1.000000000000000000 ) ) ;
#1608 = DIRECTION ( 'NONE',  ( 1.000000000000000000, 0.000000000000000000, 0.000000000000000000 ) ) ;
#1609 = EDGE_LOOP ( 'NONE', ( #2885, #609, #1556, #74 ) ) ;
#1610 = DIRECTION ( 'NONE',  ( 1.000000000000000000, 0.000000000000000000, -0.000000000000000000 ) ) ;
#1611 = CARTESIAN_POINT ( 'NONE',  ( 1202.845599561857171, 314.5380387153911670, 0.000000000000000000 ) ) ;
#1612 = EDGE_CURVE ( 'NONE', #732, #151, #1784, .T. ) ;
#1613 = CARTESIAN_POINT ( 'NONE',  ( 1078.267728045203285, 122.3199885204990949, -0.000000000000000000 ) ) ;
#1614 = CARTESIAN_POINT ( 'NONE',  ( 1136.302508200352122, 369.1485683608948420, -0.000000000000000000 ) ) ;
#1615 = CARTESIAN_POINT ( 'NONE',  ( 1646.434295605658917, 369.1485110434958301, 0.000000000000000000 ) ) ;
#1616 = DIRECTION ( 'NONE',  ( 0.000000000000000000, 0.000000000000000000, -1.000000000000000000 ) ) ;
#1617 = CARTESIAN_POINT ( 'NONE',  ( 979.1526315789496948, 331.1934468263438589, -0.000000000000000000 ) ) ;
#1618 = DIRECTION ( 'NONE',  ( 1.000000000000000000, 0.000000000000000000, 0.000000000000000000 ) ) ;
#1619 = CARTESIAN_POINT ( 'NONE',  ( 2109.072823005979444, 304.9531216690662063, -0.000000000000000000 ) ) ;
#1620 = CARTESIAN_POINT ( 'NONE',  ( 1654.585556059981627, 307.1812909558021829, 0.000000000000000000 ) ) ;
#1621 = CARTESIAN_POINT ( 'NONE',  ( 171.5592402709581563, 62.18129095663491768, 0.000000000000000000 ) ) ;
#1622 = ORIENTED_EDGE ( 'NONE', *, *, #2929, .T. ) ;
#1623 = ORIENTED_EDGE ( 'NONE', *, *, #2840, .F. ) ;
#1624 = CARTESIAN_POINT ( 'NONE',  ( 236.3775270689893375, 375.9403086049383091, 0.000000000000000000 ) ) ;
#1625 = CARTESIAN_POINT ( 'NONE',  ( 1975.964578193944135, 47.23823294048061427, 0.000000000000000000 ) ) ;
#1626 = CARTESIAN_POINT ( 'NONE',  ( 684.8014221052611674, 295.8128912389756238, -0.000000000000000000 ) ) ;
#1627 = DIRECTION ( 'NONE',  ( 0.000000000000000000, -1.000000000000000000, 0.000000000000000000 ) ) ;
#1628 = VERTEX_POINT ( 'NONE', #1043 ) ;
#1629 = CARTESIAN_POINT ( 'NONE',  ( 1608.083160931983684, 376.7770909699940489, -0.000000000000000000 ) ) ;
#1630 = DIRECTION ( 'NONE',  ( 0.000000000000000000, 0.000000000000000000, 1.000000000000000000 ) ) ;
#1631 = AXIS2_PLACEMENT_3D ( 'NONE', #2, #697, #2793 ) ;
#1632 = LINE ( 'NONE', #1844, #1683 ) ;
#1633 = CIRCLE ( 'NONE', #94, 44.09999999999997300 ) ;
#1634 = CARTESIAN_POINT ( 'NONE',  ( 1358.137752049352457, 304.9531704202942137, 0.000000000000000000 ) ) ;
#1635 = CARTESIAN_POINT ( 'NONE',  ( 2114.118484794293181, 311.9959560305231889, -0.000000000000000000 ) ) ;
#1636 = CIRCLE ( 'NONE', #1732, 44.09999999999980957 ) ;
#1637 = CARTESIAN_POINT ( 'NONE',  ( 2424.000000000000000, 234.0892707727449817, 6.000000000000000000 ) ) ;
#1638 = CARTESIAN_POINT ( 'NONE',  ( 2274.863899642168235, 367.3199397697196105, 0.000000000000000000 ) ) ;
#1639 = CARTESIAN_POINT ( 'NONE',  ( 92.40000000000009095, 89.08927077274496753, -6.000000000311311865E-06 ) ) ;
#1640 = VERTEX_POINT ( 'NONE', #2676 ) ;
#1641 = EDGE_LOOP ( 'NONE', ( #1971, #458 ) ) ;
#1642 = EDGE_CURVE ( 'NONE', #1490, #2167, #41, .T. ) ;
#1643 = FACE_BOUND ( 'NONE', #1994, .T. ) ;
#1644 = CARTESIAN_POINT ( 'NONE',  ( 1619.526315789474666, 334.0892707727401785, 36.54176427217079492 ) ) ;
#1645 = EDGE_LOOP ( 'NONE', ( #1030, #676 ) ) ;
#1646 = VERTEX_POINT ( 'NONE', #2483 ) ;
#1647 = CARTESIAN_POINT ( 'NONE',  ( 1093.231578947368916, 91.98474132559954342, -0.000000000000000000 ) ) ;
#1648 = CARTESIAN_POINT ( 'NONE',  ( 1119.110560783618894, 336.9845680335250790, -0.000000000000000000 ) ) ;
#1649 = ORIENTED_EDGE ( 'NONE', *, *, #2031, .T. ) ;
#1650 = CARTESIAN_POINT ( 'NONE',  ( 2036.207032015465529, 353.6405028246861093, 0.000000000000000000 ) ) ;
#1651 = DIRECTION ( 'NONE',  ( 0.000000000000000000, 0.000000000000000000, -1.000000000000000000 ) ) ;
#1652 = DIRECTION ( 'NONE',  ( 0.000000000000000000, 0.000000000000000000, -1.000000000000000000 ) ) ;
#1653 = DIRECTION ( 'NONE',  ( -0.000000000000000000, -0.000000000000000000, -1.000000000000000000 ) ) ;
#1654 = CARTESIAN_POINT ( 'NONE',  ( 1693.970126222634235, 69.53801233686247940, -0.000000000000000000 ) ) ;
#1655 = CARTESIAN_POINT ( 'NONE',  ( 180.6000000000000512, 89.08927077274499595, -6.000000000311311865E-06 ) ) ;
#1656 = ORIENTED_EDGE ( 'NONE', *, *, #2462, .T. ) ;
#1657 = ORIENTED_EDGE ( 'NONE', *, *, #2089, .F. ) ;
#1658 = CARTESIAN_POINT ( 'NONE',  ( 215.5197070973066786, 360.9972505885642136, 0.000000000000000000 ) ) ;
#1659 = CARTESIAN_POINT ( 'NONE',  ( 1961.763157894737560, 89.08927077275771467, 36.54176427217079492 ) ) ;
#1660 = CARTESIAN_POINT ( 'NONE',  ( 740.1254545904697579, 304.9531216756668641, -0.000000000000000000 ) ) ;
#1661 = LINE ( 'NONE', #1210, #1386 ) ;
#1662 = EDGE_LOOP ( 'NONE', ( #1690, #2678, #131, #2894 ) ) ;
#1663 = ADVANCED_FACE ( 'NONE', ( #2511 ), #1285, .F. ) ;
#1664 = CARTESIAN_POINT ( 'NONE',  ( 1874.592190342501453, 369.1485110434974786, 0.000000000000000000 ) ) ;
#1665 = CARTESIAN_POINT ( 'NONE',  ( 2407.500000000000000, 234.0892707727449817, 0.000000000000000000 ) ) ;
#1666 = B_SPLINE_CURVE_WITH_KNOTS ( 'NONE', 3,
 ( #1230, #1711, #2619, #1670, #2646, #1942, #1464, #323, #340, #2160, #2661, #1914, #85, #1699, #1272, #1722, #2438, #2427, #998, #1686, #100, #1447, #1245, #986, #1216, #2863, #1260, #542, #2202, #72, #781, #2633, #2191, #554 ),
 .UNSPECIFIED., .F., .F.,
 ( 4, 2, 2, 2, 2, 2, 2, 2, 2, 2, 2, 2, 2, 2, 2, 2, 4 ),
 ( 0.000000000000000000, 0.03125000000000000000, 0.06250000000000000000, 0.09375000000000000000, 0.1250000000000000000, 0.1562500000000000000, 0.1875000000000000000, 0.2187500000000000000, 0.2500000000000000000, 0.2812500000000000000, 0.3125000000000000000, 0.3437500000000000000, 0.3750000000000000000, 0.4062500000000000000, 0.4375000000000000000, 0.4687500000000000000, 0.5000000000000000000 ),
 .UNSPECIFIED. ) ;
#1667 = CARTESIAN_POINT ( 'NONE',  ( 2036.206968327426694, 314.5380123393877057, -0.000000000000000000 ) ) ;
#1668 = EDGE_CURVE ( 'NONE', #1247, #1888, #1768, .T. ) ;
#1669 = CARTESIAN_POINT ( 'NONE',  ( 1730.709965899302460, 44.98930524058350500, 0.000000000000000000 ) ) ;
#1670 = CARTESIAN_POINT ( 'NONE',  ( 977.7404517759201781, 345.5324256314955846, -0.000000000000000000 ) ) ;
#1671 = VERTEX_POINT ( 'NONE', #638 ) ;
#1672 = VERTEX_POINT ( 'NONE', #129 ) ;
#1673 = CARTESIAN_POINT ( 'NONE',  ( 1306.425574036309854, 55.85860176891634410, 0.000000000000000000 ) ) ;
#1674 = DIRECTION ( 'NONE',  ( -1.000000000000000000, 0.000000000000000000, 0.000000000000000000 ) ) ;
#1675 = CARTESIAN_POINT ( 'NONE',  ( 663.0772953075622809, 328.3254592291212361, -0.000000000000000000 ) ) ;
#1676 = CARTESIAN_POINT ( 'NONE',  ( 513.7961396941956309, 360.9972888870935890, -0.000000000000000000 ) ) ;
#1677 = ORIENTED_EDGE ( 'NONE', *, *, #1545, .T. ) ;
#1678 = VECTOR ( 'NONE', #39, 1000.000000000000000 ) ;
#1679 = EDGE_CURVE ( 'NONE', #1671, #2913, #396, .T. ) ;
#1680 = CARTESIAN_POINT ( 'NONE',  ( 361.7625974785555059, 44.98930524057395530, 0.000000000000000000 ) ) ;
#1681 = LINE ( 'NONE', #1025, #2225 ) ;
#1682 = CARTESIAN_POINT ( 'NONE',  ( 1730.709965899721965, 133.1893052405833942, -0.000000000000000000 ) ) ;
#1683 = VECTOR ( 'NONE', #951, 1000.000000000000000 ) ;
#1684 = CARTESIAN_POINT ( 'NONE',  ( 1312.348771272063914, 115.9972888882674624, -0.000000000000000000 ) ) ;
#1685 = AXIS2_PLACEMENT_3D ( 'NONE', #926, #703, #2990 ) ;
#1686 = CARTESIAN_POINT ( 'NONE',  ( 923.6094767207468976, 376.7770909696947683, -0.000000000000000000 ) ) ;
#1687 = ORIENTED_EDGE ( 'NONE', *, *, #2486, .T. ) ;
#1688 = COLOUR_RGB ( '',0.7921568627450980005, 0.8196078431372548767, 0.9333333333333333481 ) ;
#1689 = CARTESIAN_POINT ( 'NONE',  ( 2231.772154151280120, 74.88782408981377614, -0.000000000000000000 ) ) ;
#1690 = ORIENTED_EDGE ( 'NONE', *, *, #2168, .F. ) ;
#1691 = EDGE_LOOP ( 'NONE', ( #785, #369 ) ) ;
#1692 = CARTESIAN_POINT ( 'NONE',  ( 1820.776230708926505, 299.0300305024856016, 0.000000000000000000 ) ) ;
#1693 = DIRECTION ( 'NONE',  ( -0.000000000000000000, -0.000000000000000000, -1.000000000000000000 ) ) ;
#1694 = ORIENTED_EDGE ( 'NONE', *, *, #2093, .F. ) ;
#1695 = LINE ( 'NONE', #2597, #2377 ) ;
#1696 = CARTESIAN_POINT ( 'NONE',  ( 404.2930316719367170, 108.6405292082783802, -0.000000000000000000 ) ) ;
#1697 = CARTESIAN_POINT ( 'NONE',  ( 279.7150477208685970, 300.8586017692973087, 0.000000000000000000 ) ) ;
#1698 = CARTESIAN_POINT ( 'NONE',  ( 1777.705263157896297, 86.19344682951988545, -0.000000000000000000 ) ) ;
#1699 = CARTESIAN_POINT ( 'NONE',  ( 949.2540782596297504, 375.9403722929627634, -0.000000000000000000 ) ) ;
#1700 =( NAMED_UNIT ( * ) PLANE_ANGLE_UNIT ( ) SI_UNIT ( $, .RADIAN. ) );
#1701 = VERTEX_POINT ( 'NONE', #2249 ) ;
#1702 = CARTESIAN_POINT ( 'NONE',  ( 2224.980292905654551, 62.18129096291601599, 0.000000000000000000 ) ) ;
#1703 = ORIENTED_EDGE ( 'NONE', *, *, #2914, .F. ) ;
#1704 = CARTESIAN_POINT ( 'NONE',  ( 1869.777486963667570, 295.8129485561235015, 0.000000000000000000 ) ) ;
#1705 = LINE ( 'NONE', #599, #421 ) ;
#1706 = VERTEX_POINT ( 'NONE', #1090 ) ;
#1707 = CARTESIAN_POINT ( 'NONE',  ( 2119.942105263157828, 334.0892707727449533, 36.54176427217079492 ) ) ;
#1708 = CARTESIAN_POINT ( 'NONE',  ( 402.9342169529973035, 111.1825472107141621, 0.000000000000000000 ) ) ;
#1709 = CARTESIAN_POINT ( 'NONE',  ( 262.0221022272037317, 291.4014505759471945, -0.000000000000000000 ) ) ;
#1710 = CARTESIAN_POINT ( 'NONE',  ( 1722.162121747742731, 46.40151818695800046, 0.000000000000000000 ) ) ;
#1711 = CARTESIAN_POINT ( 'NONE',  ( 979.1526315789491264, 336.9847413225438117, 0.000000000000000000 ) ) ;
#1712 = ORIENTED_EDGE ( 'NONE', *, *, #2685, .F. ) ;
#1713 = EDGE_CURVE ( 'NONE', #120, #965, #1964, .T. ) ;
#1714 = EDGE_CURVE ( 'NONE', #783, #1628, #824, .T. ) ;
#1715 = CARTESIAN_POINT ( 'NONE',  ( 2163.013072815866963, 54.03003050143991715, 0.000000000000000000 ) ) ;
#1716 = VERTEX_POINT ( 'NONE', #2720 ) ;
#1717 = CARTESIAN_POINT ( 'NONE',  ( 1009.496505701405795, 108.6405028303828857, 0.000000000000000000 ) ) ;
#1718 = DIRECTION ( 'NONE',  ( -0.000000000000000000, -0.000000000000000000, -1.000000000000000000 ) ) ;
#1719 = VERTEX_POINT ( 'NONE', #410 ) ;
#1720 = CARTESIAN_POINT ( 'NONE',  ( 406.5089962569523436, 74.88782409186002553, -0.000000000000000000 ) ) ;
#1721 = CARTESIAN_POINT ( 'NONE',  ( 92.40000000000009095, 89.08927077274498174, 36.54176427217079492 ) ) ;
#1722 = CARTESIAN_POINT ( 'NONE',  ( 940.8164565710995930, 377.9067799185022523, -0.000000000000000000 ) ) ;
#1723 = CIRCLE ( 'NONE', #2461, 44.10000000000002984 ) ;
#1724 = CARTESIAN_POINT ( 'NONE',  ( 798.8803694741047821, 50.81289123865090573, -0.000000000000000000 ) ) ;
#1725 = ORIENTED_EDGE ( 'NONE', *, *, #365, .F. ) ;
#1726 = AXIS2_PLACEMENT_3D ( 'NONE', #1240, #2642, #81 ) ;
#1727 = CARTESIAN_POINT ( 'NONE',  ( 206.4789473684241727, 334.0892707727306288, 5.999999999999998224 ) ) ;
#1728 = EDGE_CURVE ( 'NONE', #1719, #1706, #1988, .T. ) ;
#1729 = CARTESIAN_POINT ( 'NONE',  ( 2150.285979383887479, 108.6405028247769309, 0.000000000000000000 ) ) ;
#1730 = ORIENTED_EDGE ( 'NONE', *, *, #2896, .T. ) ;
#1731 = CARTESIAN_POINT ( 'NONE',  ( 1805.833172693998449, 319.8878504741593929, 0.000000000000000000 ) ) ;
#1732 = AXIS2_PLACEMENT_3D ( 'NONE', #1392, #1898, #2095 ) ;
#1733 = EDGE_LOOP ( 'NONE', ( #1507, #2788, #135, #756 ) ) ;
#1734 = CARTESIAN_POINT ( 'NONE',  ( 1508.342665679226684, 133.1892363049271353, 0.000000000000000000 ) ) ;
#1735 = CARTESIAN_POINT ( 'NONE',  ( 1711.511986720890491, 127.3655929895290910, 0.000000000000000000 ) ) ;
#1736 = CARTESIAN_POINT ( 'NONE',  ( 890.9526315789493083, 334.0892707727354036, -6.000000000311311865E-06 ) ) ;
#1737 = DIRECTION ( 'NONE',  ( 1.000000000000000000, 0.000000000000000000, 0.000000000000000000 ) ) ;
#1738 = ORIENTED_EDGE ( 'NONE', *, *, #1374, .T. ) ;
#1739 = DIRECTION ( 'NONE',  ( -0.000000000000000000, -0.000000000000000000, -1.000000000000000000 ) ) ;
#1740 = CARTESIAN_POINT ( 'NONE',  ( 1410.919653107853719, 373.7243440197481164, 0.000000000000000000 ) ) ;
#1741 = ORIENTED_EDGE ( 'NONE', *, *, #2204, .T. ) ;
#1742 = DIRECTION ( 'NONE',  ( 0.000000000000000000, 0.000000000000000000, -1.000000000000000000 ) ) ;
#1743 = CARTESIAN_POINT ( 'NONE',  ( 456.6435656676065946, 372.3655929890423977, 0.000000000000000000 ) ) ;
#1744 = EDGE_LOOP ( 'NONE', ( #2115, #757, #594, #1694 ) ) ;
#1745 = B_SPLINE_CURVE_WITH_KNOTS ( 'NONE', 3,
 ( #2373, #2120, #1675, #1405, #1160, #2306, #693, #485, #447, #50, #2789, #1626, #963, #2579, #2137, #257, #2104, #1894, #2824, #1140, #747, #710, #31, #288, #1368, #1660, #222, #1192, #2071, #2561, #2594, #516, #2996, #1436 ),
 .UNSPECIFIED., .F., .F.,
 ( 4, 2, 2, 2, 2, 2, 2, 2, 2, 2, 2, 2, 2, 2, 2, 2, 4 ),
 ( 0.5000000000000000000, 0.5312500000000000000, 0.5625000000000000000, 0.5937500000000000000, 0.6250000000000000000, 0.6562500000000000000, 0.6875000000000000000, 0.7187500000000000000, 0.7500000000000000000, 0.7812500000000000000, 0.8125000000000000000, 0.8437500000000000000, 0.8750000000000000000, 0.9062500000000000000, 0.9375000000000000000, 0.9687500000000000000, 1.000000000000000000 ),
 .UNSPECIFIED. ) ;
#1746 = EDGE_CURVE ( 'NONE', #1706, #783, #2267, .T. ) ;
#1747 = CARTESIAN_POINT ( 'NONE',  ( 1803.866701380550012, 339.8530957619665287, -0.000000000000000000 ) ) ;
#1748 = CARTESIAN_POINT ( 'NONE',  ( 1347.268421052632903, 334.0892707727385869, 36.54176427217079492 ) ) ;
#1749 = CARTESIAN_POINT ( 'NONE',  ( 1483.354053685436838, 50.81289123832203103, -0.000000000000000000 ) ) ;
#1750 = CARTESIAN_POINT ( 'NONE',  ( 1005.031544479541481, 86.19397351184844069, 0.000000000000000000 ) ) ;
#1751 = VERTEX_POINT ( 'NONE', #836 ) ;
#1752 = CARTESIAN_POINT ( 'NONE',  ( 565.9078096577781025, 54.03003050176255329, 0.000000000000000000 ) ) ;
#1753 = FACE_OUTER_BOUND ( 'NONE', #2399, .T. ) ;
#1754 = ORIENTED_EDGE ( 'NONE', *, *, #2861, .F. ) ;
#1755 = DIRECTION ( 'NONE',  ( -0.000000000000000000, -0.000000000000000000, -1.000000000000000000 ) ) ;
#1756 = CARTESIAN_POINT ( 'NONE',  ( 2315.443154859945935, 291.4014505762542626, -0.000000000000000000 ) ) ;
#1757 = CARTESIAN_POINT ( 'NONE',  ( 850.1098333073229014, 122.3199885211910356, -0.000000000000000000 ) ) ;
#1758 = ORIENTED_EDGE ( 'NONE', *, *, #1870, .F. ) ;
#1759 = B_SPLINE_CURVE_WITH_KNOTS ( 'NONE', 3,
 ( #425, #1346, #1812, #1328, #2061, #652, #184, #2718, #866, #199, #2248, #380, #2045, #1575, #169, #2510, #2974, #1783, #1359, #1548, #2265, #891, #1590, #1104, #440, #2297, #2986, #906, #1089, #156, #1533, #2704, #849, #2466 ),
 .UNSPECIFIED., .F., .F.,
 ( 4, 2, 2, 2, 2, 2, 2, 2, 2, 2, 2, 2, 2, 2, 2, 2, 4 ),
 ( 0.5000000000000000000, 0.5312499999999998890, 0.5624999999999997780, 0.5937499999999996669, 0.6249999999999995559, 0.6562499999999995559, 0.6874999999999994449, 0.7187499999999993339, 0.7499999999999992228, 0.7812499999999997780, 0.8125000000000002220, 0.8437500000000002220, 0.8750000000000002220, 0.9062500000000001110, 0.9375000000000000000, 0.9687500000000000000, 1.000000000000000000 ),
 .UNSPECIFIED. ) ;
#1760 = DIRECTION ( 'NONE',  ( -1.000000000000000000, 0.000000000000000000, 0.000000000000000000 ) ) ;
#1761 = CARTESIAN_POINT ( 'NONE',  ( 1847.684210526316519, 334.0892707727418269, 5.999999999999998224 ) ) ;
#1762 = CARTESIAN_POINT ( 'NONE',  ( 557.7565492020811462, 115.9972505877398703, 0.000000000000000000 ) ) ;
#1763 = DIRECTION ( 'NONE',  ( 0.000000000000000000, 0.000000000000000000, -1.000000000000000000 ) ) ;
#1764 = CARTESIAN_POINT ( 'NONE',  ( 1022.223599130656794, 54.03003050209939317, 0.000000000000000000 ) ) ;
#1765 = CARTESIAN_POINT ( 'NONE',  ( 408.7578947368423883, 89.08927077274657336, -6.000000000311311865E-06 ) ) ;
#1766 = AXIS2_PLACEMENT_3D ( 'NONE', #687, #2097, #23 ) ;
#1767 = EDGE_CURVE ( 'NONE', #2898, #2082, #1131, .T. ) ;
#1768 = LINE ( 'NONE', #2206, #2698 ) ;
#1769 = AXIS2_PLACEMENT_3D ( 'NONE', #872, #432, #1123 ) ;
#1770 = CARTESIAN_POINT ( 'NONE',  ( 1356.309180782292970, 360.9972505900793749, 0.000000000000000000 ) ) ;
#1771 = CARTESIAN_POINT ( 'NONE',  ( 733.8027166569876272, 369.1485110443099416, 0.000000000000000000 ) ) ;
#1772 = AXIS2_PLACEMENT_3D ( 'NONE', #2332, #2566, #2984 ) ;
#1773 = FACE_OUTER_BOUND ( 'NONE', #104, .T. ) ;
#1774 = CARTESIAN_POINT ( 'NONE',  ( 1160.315229057775241, 289.9893052405643630, 0.000000000000000000 ) ) ;
#1775 = CARTESIAN_POINT ( 'NONE',  ( 798.8804077725992556, 127.3655929889062577, 0.000000000000000000 ) ) ;
#1776 = CIRCLE ( 'NONE', #1685, 44.09999999999980957 ) ;
#1777 = AXIS2_PLACEMENT_3D ( 'NONE', #1525, #2515, #160 ) ;
#1778 = DIRECTION ( 'NONE',  ( 1.000000000000000000, 0.000000000000000000, 0.000000000000000000 ) ) ;
#1779 = CARTESIAN_POINT ( 'NONE',  ( 1844.788913267374028, 378.1893052405690696, -0.000000000000000000 ) ) ;
#1780 = CARTESIAN_POINT ( 'NONE',  ( 550.9646879536135202, 103.2907174539834330, -0.000000000000000000 ) ) ;
#1781 = CARTESIAN_POINT ( 'NONE',  ( 1524.998626856297506, 49.45413383745464131, -0.000000000000000000 ) ) ;
#1782 = CARTESIAN_POINT ( 'NONE',  ( 320.5578947368424565, 89.08927077274654494, -6.000000000311311865E-06 ) ) ;
#1783 = CARTESIAN_POINT ( 'NONE',  ( 481.6321393629759200, 289.9892363049048072, -0.000000000000000000 ) ) ;
#1784 = LINE ( 'NONE', #382, #370 ) ;
#1785 = CARTESIAN_POINT ( 'NONE',  ( 1321.389473684211225, 89.08927077275293982, -6.000000000311311865E-06 ) ) ;
#1786 = ADVANCED_FACE ( 'NONE', ( #1185 ), #6, .F. ) ;
#1787 = CARTESIAN_POINT ( 'NONE',  ( 748.7457746748700629, 348.2906910712626996, 0.000000000000000000 ) ) ;
#1788 = ORIENTED_EDGE ( 'NONE', *, *, #2909, .F. ) ;
#1789 = ORIENTED_EDGE ( 'NONE', *, *, #1316, .T. ) ;
#1790 = LINE ( 'NONE', #2021, #2330 ) ;
#1791 = CARTESIAN_POINT ( 'NONE',  ( 1119.110526315791276, 334.0892707727369952, -6.000000000311311865E-06 ) ) ;
#1792 = CARTESIAN_POINT ( 'NONE',  ( 843.0669989468690346, 127.3656503067932277, -0.000000000000000000 ) ) ;
#1793 = EDGE_CURVE ( 'NONE', #1494, #2368, #765, .T. ) ;
#1794 = DIRECTION ( 'NONE',  ( -0.000000000000000000, -0.000000000000000000, -1.000000000000000000 ) ) ;
#1795 = CARTESIAN_POINT ( 'NONE',  ( 1465.812295175089957, 108.6405028303861116, 0.000000000000000000 ) ) ;
#1796 = DIRECTION ( 'NONE',  ( -0.000000000000000000, -0.000000000000000000, -1.000000000000000000 ) ) ;
#1797 = CARTESIAN_POINT ( 'NONE',  ( 929.2888065864927967, 290.2717616269684981, -0.000000000000000000 ) ) ;
#1798 = CARTESIAN_POINT ( 'NONE',  ( 1019.995429849938319, 55.85855302463814809, -0.000000000000000000 ) ) ;
#1799 = FACE_OUTER_BOUND ( 'NONE', #2851, .T. ) ;
#1800 = CARTESIAN_POINT ( 'NONE',  ( 1321.389473684210998, 86.19344682951674486, 0.000000000000000000 ) ) ;
#1801 = CARTESIAN_POINT ( 'NONE',  ( 636.9157894736844128, 89.08927077274815076, -6.000000000311311865E-06 ) ) ;
#1802 = EDGE_CURVE ( 'NONE', #13, #2865, #1569, .T. ) ;
#1803 = EDGE_CURVE ( 'NONE', #965, #120, #2849, .T. ) ;
#1804 = CARTESIAN_POINT ( 'NONE',  ( 1119.110526315791276, 334.0892707727369952, 5.999999999999998224 ) ) ;
#1805 = CARTESIAN_POINT ( 'NONE',  ( 2348.099999999999454, 331.1934468263526696, -0.000000000000000000 ) ) ;
#1806 = LINE ( 'NONE', #1367, #2426 ) ;
#1807 = DIRECTION ( 'NONE',  ( -0.000000000000000000, -0.000000000000000000, -1.000000000000000000 ) ) ;
#1808 = CARTESIAN_POINT ( 'NONE',  ( 2075.842105263157919, 334.0892707727449533, 5.999999999999998224 ) ) ;
#1809 = DIRECTION ( 'NONE',  ( 1.000000000000000000, 0.000000000000000000, 0.000000000000000000 ) ) ;
#1810 = CARTESIAN_POINT ( 'NONE',  ( 662.7947368421076817, 334.0892707727338120, 36.54176427217079492 ) ) ;
#1811 = DIRECTION ( 'NONE',  ( 0.000000000000000000, -0.000000000000000000, 1.000000000000000000 ) ) ;
#1812 = CARTESIAN_POINT ( 'NONE',  ( 434.9194005707205406, 328.3254592291196445, 0.000000000000000000 ) ) ;
#1813 = CARTESIAN_POINT ( 'NONE',  ( 0.000000000000000000, 0.000000000000000000, 0.000000000000000000 ) ) ;
#1814 = CARTESIAN_POINT ( 'NONE',  ( 1700.374594154672877, 59.95317042021586218, 0.000000000000000000 ) ) ;
#1815 = CARTESIAN_POINT ( 'NONE',  ( 581.3726480638376870, 46.40151818695004238, 0.000000000000000000 ) ) ;
#1816 = CARTESIAN_POINT ( 'NONE',  ( 745.1710590582626992, 356.1825472107015571, 0.000000000000000000 ) ) ;
#1817 = EDGE_LOOP ( 'NONE', ( #816, #2434, #518, #1179 ) ) ;
#1818 = VECTOR ( 'NONE', #1608, 1000.000000000000000 ) ;
#1819 = CARTESIAN_POINT ( 'NONE',  ( 207.8911947826260302, 345.5324121826344594, 0.000000000000000000 ) ) ;
#1820 = ADVANCED_FACE ( 'NONE', ( #2336 ), #1848, .F. ) ;
#1821 = CARTESIAN_POINT ( 'NONE',  ( 294.6789473684240761, 334.0892707727306288, 5.999999999999998224 ) ) ;
#1822 = FACE_OUTER_BOUND ( 'NONE', #1852, .T. ) ;
#1823 =( GEOMETRIC_REPRESENTATION_CONTEXT ( 3 ) GLOBAL_UNCERTAINTY_ASSIGNED_CONTEXT ( ( #2886 ) ) GLOBAL_UNIT_ASSIGNED_CONTEXT ( ( #2779, #2266, #700 ) ) REPRESENTATION_CONTEXT ( 'NONE', 'WORKASPACE' ) );
#1824 = DIRECTION ( 'NONE',  ( -1.000000000000000000, 0.000000000000000000, 0.000000000000000000 ) ) ;
#1825 = CARTESIAN_POINT ( 'NONE',  ( 1950.320003036180196, 131.7770909696462809, -0.000000000000000000 ) ) ;
#1826 = EDGE_CURVE ( 'NONE', #2855, #2455, #1243, .T. ) ;
#1827 = CARTESIAN_POINT ( 'NONE',  ( 2072.946808004372542, 378.1893052405723097, -0.000000000000000000 ) ) ;
#1828 = AXIS2_PLACEMENT_3D ( 'NONE', #2639, #1237, #546 ) ;
#1829 = DIRECTION ( 'NONE',  ( 0.000000000000000000, 0.000000000000000000, -1.000000000000000000 ) ) ;
#1830 = CARTESIAN_POINT ( 'NONE',  ( 1434.056139162270256, 322.6459560478658659, 0.000000000000000000 ) ) ;
#1831 = CARTESIAN_POINT ( 'NONE',  ( 364.6578947368424224, 89.08927077274655915, 36.54176427217079492 ) ) ;
#1832 = CARTESIAN_POINT ( 'NONE',  ( 1661.377417310903866, 319.8878240954851435, -0.000000000000000000 ) ) ;
#1833 = CARTESIAN_POINT ( 'NONE',  ( 147.9431548586907184, 46.40145057590547140, -0.000000000000000000 ) ) ;
#1834 = LINE ( 'NONE', #2352, #140 ) ;
#1835 = ORIENTED_EDGE ( 'NONE', *, *, #1292, .F. ) ;
#1836 = FACE_BOUND ( 'NONE', #1981, .T. ) ;
#1837 = CARTESIAN_POINT ( 'NONE',  ( 1942.211925839606010, 49.45419752582614592, 0.000000000000000000 ) ) ;
#1838 = EDGE_LOOP ( 'NONE', ( #2178, #2228 ) ) ;
#1839 = CARTESIAN_POINT ( 'NONE',  ( 1733.605263157895479, 89.08927077275610884, 36.54176427217079492 ) ) ;
#1840 = B_SPLINE_CURVE_WITH_KNOTS ( 'NONE', 3,
 ( #764, #2158, #1939, #139, #578, #1242, #98, #125, #1953, #591, #2644, #2423, #1039, #2903, #2616, #820, #1228, #1682, #2671, #1474, #778, #2843, #1735, #1011, #338, #1912, #83, #540, #2889, #2659, #1514, #1258, #996, #2188 ),
 .UNSPECIFIED., .F., .F.,
 ( 4, 2, 2, 2, 2, 2, 2, 2, 2, 2, 2, 2, 2, 2, 2, 2, 4 ),
 ( 0.000000000000000000, 0.03125000000000011102, 0.06250000000000022204, 0.09375000000000033307, 0.1250000000000004441, 0.1562500000000004441, 0.1875000000000003608, 0.2187500000000002776, 0.2500000000000001665, 0.2812500000000001110, 0.3125000000000000555, 0.3437500000000000000, 0.3750000000000000000, 0.4062500000000000000, 0.4375000000000000000, 0.4687500000000000000, 0.5000000000000000000 ),
 .UNSPECIFIED. ) ;
#1841 = CARTESIAN_POINT ( 'NONE',  ( 1174.653667725463492, 376.7770233585351320, 0.000000000000000000 ) ) ;
#1842 = CARTESIAN_POINT ( 'NONE',  ( 1661.377353620958729, 348.2906910728772232, 0.000000000000000000 ) ) ;
#1843 = CARTESIAN_POINT ( 'NONE',  ( 2109.072774264131567, 363.2253711268838288, 0.000000000000000000 ) ) ;
#1844 = CARTESIAN_POINT ( 'NONE',  ( 1575.426315789474529, 334.0892707727401785, 36.54176427217079492 ) ) ;
#1845 = CARTESIAN_POINT ( 'NONE',  ( 1347.268421052632903, 334.0892707727385869, -6.000000000311311865E-06 ) ) ;
#1846 = CARTESIAN_POINT ( 'NONE',  ( 2070.078280271777203, 290.2717616269782752, -0.000000000000000000 ) ) ;
#1847 = CARTESIAN_POINT ( 'NONE',  ( 1049.131578947369007, 89.08927077275133399, 36.54176427217079492 ) ) ;
#1848 = CYLINDRICAL_SURFACE ( 'NONE', #1766, 44.10000000000002984 ) ;
#1849 = CARTESIAN_POINT ( 'NONE',  ( 2318.201446680558092, 375.9403722931496077, -0.000000000000000000 ) ) ;
#1850 = CARTESIAN_POINT ( 'NONE',  ( 114.4067235619947240, 127.3655929888238774, 0.000000000000000000 ) ) ;
#1851 = ORIENTED_EDGE ( 'NONE', *, *, #2047, .F. ) ;
#1852 = EDGE_LOOP ( 'NONE', ( #60, #809, #512, #496 ) ) ;
#1853 = CARTESIAN_POINT ( 'NONE',  ( 228.4856709305340985, 372.3655929888865899, 0.000000000000000000 ) ) ;
#1854 = CARTESIAN_POINT ( 'NONE',  ( 1958.867860636144997, 44.98930524058514635, 0.000000000000000000 ) ) ;
#1855 = ORIENTED_EDGE ( 'NONE', *, *, #2890, .F. ) ;
#1856 = EDGE_LOOP ( 'NONE', ( #1754, #2572, #1218, #2385 ) ) ;
#1857 = CARTESIAN_POINT ( 'NONE',  ( 2145.821052631580187, 89.08927077275930628, 36.54176427217079492 ) ) ;
#1858 = CARTESIAN_POINT ( 'NONE',  ( 1119.393017170024450, 339.8530957619618107, -0.000000000000000000 ) ) ;
#1859 = ORIENTED_EDGE ( 'NONE', *, *, #2578, .T. ) ;
#1860 = CARTESIAN_POINT ( 'NONE',  ( 1625.290140781625041, 377.9067799185070271, -0.000000000000000000 ) ) ;
#1861 = CARTESIAN_POINT ( 'NONE',  ( 2087.285246673599886, 376.7770233585429764, 0.000000000000000000 ) ) ;
#1862 = EDGE_CURVE ( 'NONE', #1288, #1751, #2316, .T. ) ;
#1863 = DIRECTION ( 'NONE',  ( -1.000000000000000000, 0.000000000000000000, 0.000000000000000000 ) ) ;
#1864 = CARTESIAN_POINT ( 'NONE',  ( 1364.460441235243252, 299.0300305024824183, 0.000000000000000000 ) ) ;
#1865 = DIRECTION ( 'NONE',  ( 1.000000000000000000, 0.000000000000000000, 0.000000000000000000 ) ) ;
#1866 = CARTESIAN_POINT ( 'NONE',  ( 1391.368421052632812, 334.0892707727385869, 5.999999999999998224 ) ) ;
#1867 = CARTESIAN_POINT ( 'NONE',  ( 180.3175436219275980, 83.32561909317792015, -0.000000000000000000 ) ) ;
#1868 = CARTESIAN_POINT ( 'NONE',  ( 93.81224741420196267, 100.5324121825723154, 0.000000000000000000 ) ) ;
#1869 = ORIENTED_EDGE ( 'NONE', *, *, #1793, .F. ) ;
#1870 = EDGE_CURVE ( 'NONE', #2004, #568, #969, .T. ) ;
#1871 = EDGE_LOOP ( 'NONE', ( #943, #503 ) ) ;
#1872 = CARTESIAN_POINT ( 'NONE',  ( 1248.153324586780627, 55.85855302463973970, -0.000000000000000000 ) ) ;
#1873 = CARTESIAN_POINT ( 'NONE',  ( 1988.671176009830560, 54.02997318434953655, -0.000000000000000000 ) ) ;
#1874 = VERTEX_POINT ( 'NONE', #2845 ) ;
#1875 = CARTESIAN_POINT ( 'NONE',  ( 636.9157894736844128, 89.08927077274815076, -6.000000000311311865E-06 ) ) ;
#1876 = CARTESIAN_POINT ( 'NONE',  ( 1149.009106016510032, 375.9403086049447325, 0.000000000000000000 ) ) ;
#1877 = CIRCLE ( 'NONE', #1969, 44.10000000000002984 ) ;
#1878 = ORIENTED_EDGE ( 'NONE', *, *, #2723, .F. ) ;
#1879 = DIRECTION ( 'NONE',  ( 1.000000000000000000, 0.000000000000000000, 0.000000000000000000 ) ) ;
#1880 = CIRCLE ( 'NONE', #2806, 44.10000000000002984 ) ;
#1881 = PLANE ( 'NONE',  #1631 ) ;
#1882 = AXIS2_PLACEMENT_3D ( 'NONE', #2799, #2571, #971 ) ;
#1883 = CARTESIAN_POINT ( 'NONE',  ( 662.7947368421076817, 334.0892707727338120, 5.999999999999998224 ) ) ;
#1884 = CARTESIAN_POINT ( 'NONE',  ( 236.3775006884665402, 292.2381692522675962, -0.000000000000000000 ) ) ;
#1885 = VECTOR ( 'NONE', #1589, 1000.000000000000000 ) ;
#1886 = CARTESIAN_POINT ( 'NONE',  ( 1622.421613047490837, 289.9892363049128221, -0.000000000000000000 ) ) ;
#1887 = CARTESIAN_POINT ( 'NONE',  ( 2264.364926752307383, 353.6405028246861093, 0.000000000000000000 ) ) ;
#1888 = VERTEX_POINT ( 'NONE', #2396 ) ;
#1889 = EDGE_LOOP ( 'NONE', ( #1915, #957, #1904, #942 ) ) ;
#1890 = ADVANCED_FACE ( 'NONE', ( #1941 ), #2159, .F. ) ;
#1891 = FACE_BOUND ( 'NONE', #1641, .T. ) ;
#1892 = CARTESIAN_POINT ( 'NONE',  ( 2005.863157894737469, 89.08927077275772888, -6.000000000311311865E-06 ) ) ;
#1893 = ORIENTED_EDGE ( 'NONE', *, *, #978, .F. ) ;
#1894 = CARTESIAN_POINT ( 'NONE',  ( 709.7900341005868086, 289.9892363049063988, -0.000000000000000000 ) ) ;
#1895 = CARTESIAN_POINT ( 'NONE',  ( 1129.979808566812380, 363.2254198690342832, -0.000000000000000000 ) ) ;
#1896 = ORIENTED_EDGE ( 'NONE', *, *, #148, .F. ) ;
#1897 = DIRECTION ( 'NONE',  ( 1.000000000000000000, 0.000000000000000000, 0.000000000000000000 ) ) ;
#1898 = DIRECTION ( 'NONE',  ( -0.000000000000000000, -0.000000000000000000, -1.000000000000000000 ) ) ;
#1899 = CARTESIAN_POINT ( 'NONE',  ( 2033.991067431393276, 319.8878504715013946, 0.000000000000000000 ) ) ;
#1900 = CARTESIAN_POINT ( 'NONE',  ( 1739.369074701039381, 45.27182923797219871, 0.000000000000000000 ) ) ;
#1901 = CARTESIAN_POINT ( 'NONE',  ( 1470.388070831586674, 62.18125265889226938, -0.000000000000000000 ) ) ;
#1902 = CARTESIAN_POINT ( 'NONE',  ( 979.1526315789493538, 334.0892707727354036, -6.000000000311311865E-06 ) ) ;
#1903 = ORIENTED_EDGE ( 'NONE', *, *, #2857, .F. ) ;
#1904 = ORIENTED_EDGE ( 'NONE', *, *, #1938, .F. ) ;
#1905 = DIRECTION ( 'NONE',  ( -1.000000000000000000, 0.000000000000000000, 0.000000000000000000 ) ) ;
#1906 = CARTESIAN_POINT ( 'NONE',  ( 548.7157894736845947, 89.08927077274813655, 5.999999999999998224 ) ) ;
#1907 = CARTESIAN_POINT ( 'NONE',  ( 521.4246623022371523, 345.5324256314924014, -0.000000000000000000 ) ) ;
#1908 = VERTEX_POINT ( 'NONE', #553 ) ;
#1909 = EDGE_CURVE ( 'NONE', #2146, #732, #1259, .T. ) ;
#1910 = CARTESIAN_POINT ( 'NONE',  ( 384.2091531723357889, 49.45413383761345472, -0.000000000000000000 ) ) ;
#1911 = CARTESIAN_POINT ( 'NONE',  ( 376.1010361467463667, 131.7770233585447102, 0.000000000000000000 ) ) ;
#1912 = CARTESIAN_POINT ( 'NONE',  ( 1700.374545408916902, 118.2254198690150986, -0.000000000000000000 ) ) ;
#1913 = CARTESIAN_POINT ( 'NONE',  ( 1319.140511515944809, 103.2906910723623355, 0.000000000000000000 ) ) ;
#1914 = CARTESIAN_POINT ( 'NONE',  ( 957.1459463163986356, 372.3656503062438787, -0.000000000000000000 ) ) ;
#1915 = ORIENTED_EDGE ( 'NONE', *, *, #1909, .T. ) ;
#1916 = LINE ( 'NONE', #1959, #2701 ) ;
#1917 = DIRECTION ( 'NONE',  ( -0.000000000000000000, -0.000000000000000000, -1.000000000000000000 ) ) ;
#1918 = CARTESIAN_POINT ( 'NONE',  ( 1029.580320512050321, 128.7244077079625697, -0.000000000000000000 ) ) ;
#1919 = CARTESIAN_POINT ( 'NONE',  ( 2259.900000000000091, 334.0892707727449533, -6.000000000311311865E-06 ) ) ;
#1920 = EDGE_LOOP ( 'NONE', ( #1162, #26, #1947, #2688 ) ) ;
#1921 = AXIS2_PLACEMENT_3D ( 'NONE', #1866, #1607, #908 ) ;
#1922 = AXIS2_PLACEMENT_3D ( 'NONE', #296, #2632, #2143 ) ;
#1923 = CARTESIAN_POINT ( 'NONE',  ( 353.2147533269954351, 46.40151818694845076, 0.000000000000000000 ) ) ;
#1924 = DIRECTION ( 'NONE',  ( 0.000000000000000000, 0.000000000000000000, -1.000000000000000000 ) ) ;
#1925 = CARTESIAN_POINT ( 'NONE',  ( 2031.742105263158237, 334.0892707727449533, 5.999999999999998224 ) ) ;
#1926 = CARTESIAN_POINT ( 'NONE',  ( 1727.841438166225998, 45.27176162698933837, -0.000000000000000000 ) ) ;
#1927 = CARTESIAN_POINT ( 'NONE',  ( 1619.526315789474666, 334.0892707727401785, 5.999999999999998224 ) ) ;
#1928 = CARTESIAN_POINT ( 'NONE',  ( 782.6973619948323631, 66.99599433435997753, 0.000000000000000000 ) ) ;
#1929 = ORIENTED_EDGE ( 'NONE', *, *, #2719, .F. ) ;
#1930 = AXIS2_PLACEMENT_3D ( 'NONE', #431, #1755, #1079 ) ;
#1931 = CARTESIAN_POINT ( 'NONE',  ( 2195.684864173456845, 45.27182923772338796, 0.000000000000000000 ) ) ;
#1932 = EDGE_LOOP ( 'NONE', ( #53, #1869, #1458, #1134 ) ) ;
#1933 = CARTESIAN_POINT ( 'NONE',  ( 1015.900861198390430, 118.2254198690103237, -0.000000000000000000 ) ) ;
#1934 = DIRECTION ( 'NONE',  ( 1.000000000000000000, 0.000000000000000000, 0.000000000000000000 ) ) ;
#1935 = VERTEX_POINT ( 'NONE', #806 ) ;
#1936 = CARTESIAN_POINT ( 'NONE',  ( 408.7578947368424451, 86.19344682643173883, 0.000000000000000000 ) ) ;
#1937 = CARTESIAN_POINT ( 'NONE',  ( 342.5646182990676607, 127.3655929889030460, 0.000000000000000000 ) ) ;
#1938 = EDGE_CURVE ( 'NONE', #9, #1205, #2190, .T. ) ;
#1939 = CARTESIAN_POINT ( 'NONE',  ( 1777.422704693101196, 94.85308231578032689, 0.000000000000000000 ) ) ;
#1940 = ADVANCED_FACE ( 'NONE', ( #2383 ), #2425, .F. ) ;
#1941 = FACE_OUTER_BOUND ( 'NONE', #1920, .T. ) ;
#1942 = CARTESIAN_POINT ( 'NONE',  ( 974.6877685136823857, 353.6405292088076067, -0.000000000000000000 ) ) ;
#1943 = CARTESIAN_POINT ( 'NONE',  ( 785.9143866211367140, 62.18125265881064223, -0.000000000000000000 ) ) ;
#1944 = VERTEX_POINT ( 'NONE', #113 ) ;
#1945 = CARTESIAN_POINT ( 'NONE',  ( 1429.644743269710489, 356.1825472097837064, 0.000000000000000000 ) ) ;
#1946 = EDGE_CURVE ( 'NONE', #2440, #385, #2881, .T. ) ;
#1947 = ORIENTED_EDGE ( 'NONE', *, *, #2086, .F. ) ;
#1948 = CARTESIAN_POINT ( 'NONE',  ( 1014.072338677028938, 115.9972505900538096, 0.000000000000000000 ) ) ;
#1949 = CARTESIAN_POINT ( 'NONE',  ( 475.8415448470927345, 378.1893052405595768, -0.000000000000000000 ) ) ;
#1950 = VERTEX_POINT ( 'NONE', #2278 ) ;
#1951 = CARTESIAN_POINT ( 'NONE',  ( 1891.501652061522691, 339.8530823158043290, -0.000000000000000000 ) ) ;
#1952 = LINE ( 'NONE', #1241, #2128 ) ;
#1953 = CARTESIAN_POINT ( 'NONE',  ( 1766.835932160714037, 118.2253711256617237, 0.000000000000000000 ) ) ;
#1954 = CARTESIAN_POINT ( 'NONE',  ( 1714.054031102763929, 49.45419752582449746, 0.000000000000000000 ) ) ;
#1955 = DIRECTION ( 'NONE',  ( 0.000000000000000000, -0.000000000000000000, -1.000000000000000000 ) ) ;
#1956 = CARTESIAN_POINT ( 'NONE',  ( 850.1097845635096064, 55.85860176977806901, 0.000000000000000000 ) ) ;
#1957 = ORIENTED_EDGE ( 'NONE', *, *, #416, .T. ) ;
#1958 = CARTESIAN_POINT ( 'NONE',  ( 1296.840732119454515, 49.45413383745305680, -0.000000000000000000 ) ) ;
#1959 = CARTESIAN_POINT ( 'NONE',  ( 2234.021052631580005, 89.08927077275930628, 36.54176427217079492 ) ) ;
#1960 = ORIENTED_EDGE ( 'NONE', *, *, #1462, .F. ) ;
#1961 = DIRECTION ( 'NONE',  ( -0.000000000000000000, -0.000000000000000000, -1.000000000000000000 ) ) ;
#1962 = CARTESIAN_POINT ( 'NONE',  ( 136.5000000000000568, 89.08927077274498174, 36.54176427217079492 ) ) ;
#1963 = ORIENTED_EDGE ( 'NONE', *, *, #2086, .T. ) ;
#1964 = CIRCLE ( 'NONE', #661, 44.10000000000002984 ) ;
#1965 = CARTESIAN_POINT ( 'NONE',  ( 1532.355348237540056, 124.1485110434618804, 0.000000000000000000 ) ) ;
#1966 = DIRECTION ( 'NONE',  ( -1.000000000000000000, 0.000000000000000000, 0.000000000000000000 ) ) ;
#1967 = AXIS2_PLACEMENT_3D ( 'NONE', #2923, #628, #644 ) ;
#1968 = CARTESIAN_POINT ( 'NONE',  ( 932.1573343212398868, 289.9893052405627714, 0.000000000000000000 ) ) ;
#1969 = AXIS2_PLACEMENT_3D ( 'NONE', #2445, #574, #814 ) ;
#1970 = PRESENTATION_STYLE_ASSIGNMENT (( #127 ) ) ;
#1971 = ORIENTED_EDGE ( 'NONE', *, *, #1568, .T. ) ;
#1972 = VECTOR ( 'NONE', #889, 1000.000000000000000 ) ;
#1973 = CARTESIAN_POINT ( 'NONE',  ( 2148.070014799731780, 74.88785047167888820, 0.000000000000000000 ) ) ;
#1974 = CARTESIAN_POINT ( 'NONE',  ( 2156.690334888680809, 118.2254198763226611, -0.000000000000000000 ) ) ;
#1975 = ORIENTED_EDGE ( 'NONE', *, *, #830, .T. ) ;
#1976 = AXIS2_PLACEMENT_3D ( 'NONE', #602, #406, #888 ) ;
#1977 = ADVANCED_FACE ( 'NONE', ( #2307 ), #1557, .F. ) ;
#1978 = DIRECTION ( 'NONE',  ( 0.000000000000000000, 0.000000000000000000, -1.000000000000000000 ) ) ;
#1979 = AXIS2_PLACEMENT_3D ( 'NONE', #2933, #864, #2264 ) ;
#1980 = CARTESIAN_POINT ( 'NONE',  ( 481.6321393634392507, 378.1892363049049663, 0.000000000000000000 ) ) ;
#1981 = EDGE_LOOP ( 'NONE', ( #1741, #1687 ) ) ;
#1982 = CARTESIAN_POINT ( 'NONE',  ( 1478.539350305499966, 124.1485683608353554, -0.000000000000000000 ) ) ;
#1983 = EDGE_CURVE ( 'NONE', #2784, #537, #2215, .T. ) ;
#1984 = DIRECTION ( 'NONE',  ( -1.000000000000000000, 0.000000000000000000, 0.000000000000000000 ) ) ;
#1985 = CARTESIAN_POINT ( 'NONE',  ( 1485.896136365921620, 49.45419752582292006, 0.000000000000000000 ) ) ;
#1986 = DIRECTION ( 'NONE',  ( 1.000000000000000000, 0.000000000000000000, 0.000000000000000000 ) ) ;
#1987 = ORIENTED_EDGE ( 'NONE', *, *, #1255, .F. ) ;
#1988 = LINE ( 'NONE', #1329, #2064 ) ;
#1989 = CARTESIAN_POINT ( 'NONE',  ( 96.86486306473319985, 69.53801233760486866, -0.000000000000000000 ) ) ;
#1990 = CARTESIAN_POINT ( 'NONE',  ( 663.0772276963409695, 339.8530957651906306, -0.000000000000000000 ) ) ;
#1991 = CYLINDRICAL_SURFACE ( 'NONE', #2614, 44.09999999999980957 ) ;
#1992 = EDGE_CURVE ( 'NONE', #2871, #1908, #329, .T. ) ;
#1993 = CARTESIAN_POINT ( 'NONE',  ( 1119.110491847963658, 331.1939735119488546, 0.000000000000000000 ) ) ;
#1994 = EDGE_LOOP ( 'NONE', ( #147, #1677 ) ) ;
#1995 = CARTESIAN_POINT ( 'NONE',  ( 1476.311268069378684, 122.3199397771489032, 0.000000000000000000 ) ) ;
#1996 = DIRECTION ( 'NONE',  ( -1.000000000000000000, 0.000000000000000000, 0.000000000000000000 ) ) ;
#1997 = CARTESIAN_POINT ( 'NONE',  ( 1494.004227010900649, 46.40151818695641595, 0.000000000000000000 ) ) ;
#1998 = CARTESIAN_POINT ( 'NONE',  ( 1068.682837382612433, 49.45413383745145097, -0.000000000000000000 ) ) ;
#1999 = DIRECTION ( 'NONE',  ( 0.000000000000000000, 0.000000000000000000, -1.000000000000000000 ) ) ;
#2000 = CARTESIAN_POINT ( 'NONE',  ( 1319.977191793848306, 77.64595604780373606, 0.000000000000000000 ) ) ;
#2001 = CARTESIAN_POINT ( 'NONE',  ( 1347.550911906866531, 339.8530957619634023, -0.000000000000000000 ) ) ;
#2002 = CARTESIAN_POINT ( 'NONE',  ( 750.7121783767017860, 339.8530823157963709, -0.000000000000000000 ) ) ;
#2003 = EDGE_LOOP ( 'NONE', ( #1204, #461 ) ) ;
#2004 = VERTEX_POINT ( 'NONE', #874 ) ;
#2005 = DIRECTION ( 'NONE',  ( -1.000000000000000000, 0.000000000000000000, 0.000000000000000000 ) ) ;
#2006 = CARTESIAN_POINT ( 'NONE',  ( 1136.302546499003938, 299.0300305022309999, 0.000000000000000000 ) ) ;
#2007 = CARTESIAN_POINT ( 'NONE',  ( 2209.472284685622981, 128.7243440198501503, 0.000000000000000000 ) ) ;
#2008 = FACE_BOUND ( 'NONE', #101, .T. ) ;
#2009 = CARTESIAN_POINT ( 'NONE',  ( 1540.506666009060609, 115.9972888880383977, -0.000000000000000000 ) ) ;
#2010 = CARTESIAN_POINT ( 'NONE',  ( 621.9519385707116044, 122.3199885209587876, -0.000000000000000000 ) ) ;
#2011 = ADVANCED_FACE ( 'NONE', ( #2490 ), #2532, .F. ) ;
#2012 = CARTESIAN_POINT ( 'NONE',  ( 923.6094901695836370, 291.4015181869371531, 0.000000000000000000 ) ) ;
#2013 = DIRECTION ( 'NONE',  ( 0.000000000000000000, 1.000000000000000000, 0.000000000000000000 ) ) ;
#2014 = VERTEX_POINT ( 'NONE', #2997 ) ;
#2015 = CARTESIAN_POINT ( 'NONE',  ( 1803.584210526316383, 334.0892707727418269, 36.54176427217079492 ) ) ;
#2016 = VECTOR ( 'NONE', #991, 1000.000000000000000 ) ;
#2017 = CARTESIAN_POINT ( 'NONE',  ( 619.7238075887773903, 54.02997318432082352, -0.000000000000000000 ) ) ;
#2018 = DIRECTION ( 'NONE',  ( 0.000000000000000000, 0.000000000000000000, -1.000000000000000000 ) ) ;
#2019 = ORIENTED_EDGE ( 'NONE', *, *, #2416, .T. ) ;
#2020 = AXIS2_PLACEMENT_3D ( 'NONE', #1808, #1917, #1339 ) ;
#2021 = CARTESIAN_POINT ( 'NONE',  ( 776.8736842105269034, 89.08927077274974238, 36.54176427217079492 ) ) ;
#2022 = CARTESIAN_POINT ( 'NONE',  ( 2343.635073247809942, 314.5380387210868207, 0.000000000000000000 ) ) ;
#2023 = CARTESIAN_POINT ( 'NONE',  ( 776.8736842105269034, 89.08927077274972817, -6.000000000311311865E-06 ) ) ;
#2024 = ORIENTED_EDGE ( 'NONE', *, *, #1767, .T. ) ;
#2025 = CIRCLE ( 'NONE', #482, 44.10000000000002984 ) ;
#2026 = FACE_BOUND ( 'NONE', #333, .T. ) ;
#2027 = CARTESIAN_POINT ( 'NONE',  ( 1853.448035518467350, 377.9067799185085619, -0.000000000000000000 ) ) ;
#2028 = CARTESIAN_POINT ( 'NONE',  ( 604.2589308834353687, 131.7770233585462449, 0.000000000000000000 ) ) ;
#2029 = CARTESIAN_POINT ( 'NONE',  ( 1543.723747955630643, 66.99595603744010930, -0.000000000000000000 ) ) ;
#2030 = CARTESIAN_POINT ( 'NONE',  ( 1435.468421052632948, 334.0892707727385869, 5.999999999999998224 ) ) ;
#2031 = EDGE_CURVE ( 'NONE', #2090, #1716, #2321, .T. ) ;
#2032 = CARTESIAN_POINT ( 'NONE',  ( 2348.099999999999454, 334.0892707727449533, -6.000000000311311865E-06 ) ) ;
#2033 = DIRECTION ( 'NONE',  ( 1.000000000000000000, 0.000000000000000000, 0.000000000000000000 ) ) ;
#2034 = CARTESIAN_POINT ( 'NONE',  ( 1347.268421052632903, 334.0892707727385869, -6.000000000311311865E-06 ) ) ;
#2035 = CARTESIAN_POINT ( 'NONE',  ( 668.6183573085012313, 356.1825855098838360, -0.000000000000000000 ) ) ;
#2036 = EDGE_LOOP ( 'NONE', ( #2596, #723, #2319, #1929 ) ) ;
#2037 = CYLINDRICAL_SURFACE ( 'NONE', #88, 44.10000000000002984 ) ;
#2038 = CARTESIAN_POINT ( 'NONE',  ( 2289.798553319442362, 292.2381692523402990, -0.000000000000000000 ) ) ;
#2039 = CARTESIAN_POINT ( 'NONE',  ( 2424.000000000000000, 234.0892707727449817, 0.000000000000000000 ) ) ;
#2040 = CARTESIAN_POINT ( 'NONE',  ( 1233.189508152038798, 91.98456803365576206, -0.000000000000000000 ) ) ;
#2041 = CARTESIAN_POINT ( 'NONE',  ( 1605.324895490193057, 375.9403086049478588, 0.000000000000000000 ) ) ;
#2042 = CARTESIAN_POINT ( 'NONE',  ( 587.0519779300642540, 132.9067123073537005, 0.000000000000000000 ) ) ;
#2043 = LINE ( 'NONE', #2549, #182 ) ;
#2044 = CARTESIAN_POINT ( 'NONE',  ( 2119.942105263157828, 334.0892707727449533, 5.999999999999998224 ) ) ;
#2045 = CARTESIAN_POINT ( 'NONE',  ( 459.1856100517696291, 294.4541975252881230, 0.000000000000000000 ) ) ;
#2046 = ADVANCED_FACE ( 'NONE', ( #1307, #1369, #662, #1353, #2056, #2504, #2758, #2713, #681, #617, #917, #2727, #403, #2242, #2008, #1321, #2258, #1570, #175, #2026, #417 ), #1338, .T. ) ;
#2047 = EDGE_CURVE ( 'NONE', #965, #962, #1661, .T. ) ;
#2048 = CARTESIAN_POINT ( 'NONE',  ( 1584.467018201776227, 307.1812526571480930, -0.000000000000000000 ) ) ;
#2049 = CARTESIAN_POINT ( 'NONE',  ( 614.9090659109203898, 50.81294855609103678, 0.000000000000000000 ) ) ;
#2050 = CARTESIAN_POINT ( 'NONE',  ( 522.8368421052659869, 334.0892707727322204, 36.54176427217079492 ) ) ;
#2051 = ORIENTED_EDGE ( 'NONE', *, *, #2449, .T. ) ;
#2052 = B_SPLINE_CURVE_WITH_KNOTS ( 'NONE', 3,
 ( #2977, #2965, #608, #2691, #1536, #882, #384, #2736, #1594, #2237, #159, #1075, #722, #2817, #740, #1397, #267, #1172, #689, #2099, #1414, #25, #1850, #2081, #2782, #941, #2602, #1448, #1203, #2132, #1868, #527, #1187, #1639 ),
 .UNSPECIFIED., .F., .F.,
 ( 4, 2, 2, 2, 2, 2, 2, 2, 2, 2, 2, 2, 2, 2, 2, 2, 4 ),
 ( 0.000000000000000000, 0.03124999999999992367, 0.06249999999999984734, 0.09374999999999977796, 0.1249999999999996947, 0.1562499999999997224, 0.1874999999999998335, 0.2187499999999999722, 0.2500000000000000555, 0.2812500000000001665, 0.3125000000000002220, 0.3437500000000003331, 0.3750000000000003331, 0.4062500000000002776, 0.4375000000000002220, 0.4687500000000001110, 0.5000000000000000000 ),
 .UNSPECIFIED. ) ;
#2053 = DIRECTION ( 'NONE',  ( 0.000000000000000000, 0.000000000000000000, -1.000000000000000000 ) ) ;
#2054 = CARTESIAN_POINT ( 'NONE',  ( 1120.522706119607847, 322.6461159132463195, -0.000000000000000000 ) ) ;
#2055 = CARTESIAN_POINT ( 'NONE',  ( 2233.738494164981603, 94.85308231866272877, -0.000000000000000000 ) ) ;
#2056 = FACE_BOUND ( 'NONE', #2650, .T. ) ;
#2057 = CARTESIAN_POINT ( 'NONE',  ( 1975.964604574117629, 130.9403722932435414, -0.000000000000000000 ) ) ;
#2058 = CARTESIAN_POINT ( 'NONE',  ( 2048.934087152641951, 369.1485683646016582, -0.000000000000000000 ) ) ;
#2059 = LINE ( 'NONE', #19, #1337 ) ;
#2060 = CARTESIAN_POINT ( 'NONE',  ( 1431.003494298698797, 314.5380387153927586, 0.000000000000000000 ) ) ;
#2061 = CARTESIAN_POINT ( 'NONE',  ( 436.8858042730582270, 319.8878504732971919, 0.000000000000000000 ) ) ;
#2062 = CARTESIAN_POINT ( 'NONE',  ( 1630.969470647531125, 291.4014505757206734, -0.000000000000000000 ) ) ;
#2063 = CARTESIAN_POINT ( 'NONE',  ( 150.7014202995103744, 47.23823294054948008, 0.000000000000000000 ) ) ;
#2064 = VECTOR ( 'NONE', #1521, 1000.000000000000000 ) ;
#2065 = CARTESIAN_POINT ( 'NONE',  ( 776.8736842105269034, 89.08927077274972817, -6.000000000311311865E-06 ) ) ;
#2066 = AXIS2_PLACEMENT_3D ( 'NONE', #758, #2592, #1674 ) ;
#2067 = CARTESIAN_POINT ( 'NONE',  ( 210.9438741213032245, 353.6405028271599917, 0.000000000000000000 ) ) ;
#2068 = CARTESIAN_POINT ( 'NONE',  ( 1928.532488891515186, 59.95317042021746801, 0.000000000000000000 ) ) ;
#2069 = VECTOR ( 'NONE', #1829, 1000.000000000000000 ) ;
#2070 = EDGE_CURVE ( 'NONE', #1672, #2014, #1024, .T. ) ;
#2071 = CARTESIAN_POINT ( 'NONE',  ( 746.5298100893517130, 314.5380387183848825, 0.000000000000000000 ) ) ;
#2072 = CARTESIAN_POINT ( 'NONE',  ( 364.6578947368424224, 89.08927077274655915, 36.54176427217079492 ) ) ;
#2073 = CARTESIAN_POINT ( 'NONE',  ( 1994.993826897786903, 118.2253711255092128, 0.000000000000000000 ) ) ;
#2074 = CARTESIAN_POINT ( 'NONE',  ( 2053.748828821344887, 372.3655929859726257, 0.000000000000000000 ) ) ;
#2075 = ADVANCED_FACE ( 'NONE', ( #2374 ), #2358, .F. ) ;
#2076 = DIRECTION ( 'NONE',  ( 0.000000000000000000, 1.000000000000000000, 0.000000000000000000 ) ) ;
#2077 = CARTESIAN_POINT ( 'NONE',  ( 1435.185964674560637, 328.3256190957888521, -0.000000000000000000 ) ) ;
#2078 = CARTESIAN_POINT ( 'NONE',  ( 2046.705956163938936, 300.8585530257691403, -0.000000000000000000 ) ) ;
#2079 = CARTESIAN_POINT ( 'NONE',  ( 1641.619592226825716, 295.8129485561218530, 0.000000000000000000 ) ) ;
#2080 = CARTESIAN_POINT ( 'NONE',  ( 176.1350732471674405, 69.53803871831968308, 0.000000000000000000 ) ) ;
#2081 = CARTESIAN_POINT ( 'NONE',  ( 109.5919818856765175, 124.1485683617505202, -0.000000000000000000 ) ) ;
#2082 = VERTEX_POINT ( 'NONE', #2790 ) ;
#2083 = EDGE_LOOP ( 'NONE', ( #1656, #1108 ) ) ;
#2084 = CARTESIAN_POINT ( 'NONE',  ( 221.4428470155948787, 367.3199397757028350, 0.000000000000000000 ) ) ;
#2085 = CARTESIAN_POINT ( 'NONE',  ( 1185.303802753142236, 295.8129485561186698, 0.000000000000000000 ) ) ;
#2086 = EDGE_CURVE ( 'NONE', #1874, #1247, #1193, .T. ) ;
#2087 = CARTESIAN_POINT ( 'NONE',  ( 1063.333025626749077, 130.9403722933137431, -0.000000000000000000 ) ) ;
#2088 = CARTESIAN_POINT ( 'NONE',  ( 1207.310526315791321, 334.0892707727369952, -6.000000000311311865E-06 ) ) ;
#2089 = EDGE_CURVE ( 'NONE', #2252, #2692, #665, .T. ) ;
#2090 = VERTEX_POINT ( 'NONE', #1470 ) ;
#2091 = CARTESIAN_POINT ( 'NONE',  ( 1990.899306992341735, 122.3199885206596065, -0.000000000000000000 ) ) ;
#2092 = CARTESIAN_POINT ( 'NONE',  ( 2033.154352677971929, 345.5324121853417978, 0.000000000000000000 ) ) ;
#2093 = EDGE_CURVE ( 'NONE', #2167, #2839, #2668, .T. ) ;
#2094 = CARTESIAN_POINT ( 'NONE',  ( 973.3290111133600249, 311.9959560370944587, -0.000000000000000000 ) ) ;
#2095 = DIRECTION ( 'NONE',  ( 1.000000000000000000, 0.000000000000000000, 0.000000000000000000 ) ) ;
#2096 = CARTESIAN_POINT ( 'NONE',  ( 2072.946808004372542, 289.9893052405723779, 0.000000000000000000 ) ) ;
#2097 = DIRECTION ( 'NONE',  ( 0.000000000000000000, 0.000000000000000000, -1.000000000000000000 ) ) ;
#2098 = CARTESIAN_POINT ( 'NONE',  ( 142.2638115431318226, 45.27182923801962744, 0.000000000000000000 ) ) ;
#2099 = CARTESIAN_POINT ( 'NONE',  ( 125.0568451415063009, 131.7770909696310753, -0.000000000000000000 ) ) ;
#2100 = VERTEX_POINT ( 'NONE', #1050 ) ;
#2101 = ORIENTED_EDGE ( 'NONE', *, *, #852, .T. ) ;
#2102 = CARTESIAN_POINT ( 'NONE',  ( 206.4789473684241727, 334.0892707727306288, -6.000000000311311865E-06 ) ) ;
#2103 = CARTESIAN_POINT ( 'NONE',  ( 1196.441244064153580, 304.9531216756699905, -0.000000000000000000 ) ) ;
#2104 = CARTESIAN_POINT ( 'NONE',  ( 703.9994395836284866, 289.9893052405611229, 0.000000000000000000 ) ) ;
#2105 = CARTESIAN_POINT ( 'NONE',  ( 1182.761758371011865, 373.7243440197465816, 0.000000000000000000 ) ) ;
#2106 = EDGE_LOOP ( 'NONE', ( #499, #2134 ) ) ;
#2107 = CARTESIAN_POINT ( 'NONE',  ( 2114.118427475311819, 356.1825472153261671, 0.000000000000000000 ) ) ;
#2108 = CARTESIAN_POINT ( 'NONE',  ( 1689.505263157895570, 89.08927077275609463, -6.000000000311311865E-06 ) ) ;
#2109 = CARTESIAN_POINT ( 'NONE',  ( 1385.604596060482436, 290.2717616269718519, -0.000000000000000000 ) ) ;
#2110 = CARTESIAN_POINT ( 'NONE',  ( 208.7279095362165720, 319.8878504732957140, 0.000000000000000000 ) ) ;
#2111 = EDGE_CURVE ( 'NONE', #2926, #1419, #45, .T. ) ;
#2112 = CARTESIAN_POINT ( 'NONE',  ( 1691.754225325661309, 74.88785047404888928, 0.000000000000000000 ) ) ;
#2113 = CARTESIAN_POINT ( 'NONE',  ( 2268.940759726051056, 360.9972505828521321, 0.000000000000000000 ) ) ;
#2114 = ORIENTED_EDGE ( 'NONE', *, *, #1067, .T. ) ;
#2115 = ORIENTED_EDGE ( 'NONE', *, *, #1642, .F. ) ;
#2116 = CARTESIAN_POINT ( 'NONE',  ( 1244.058804680988715, 59.95317042021267184, 0.000000000000000000 ) ) ;
#2117 = FACE_OUTER_BOUND ( 'NONE', #1399, .T. ) ;
#2118 = EDGE_CURVE ( 'NONE', #1431, #2014, #1705, .T. ) ;
#2119 = AXIS2_PLACEMENT_3D ( 'NONE', #2234, #427, #186 ) ;
#2120 = CARTESIAN_POINT ( 'NONE',  ( 662.7947023742804049, 331.1939735148708337, 0.000000000000000000 ) ) ;
#2121 = CARTESIAN_POINT ( 'NONE',  ( 1202.845663251802534, 353.6405292072009843, -0.000000000000000000 ) ) ;
#2122 = VECTOR ( 'NONE', #173, 1000.000000000000000 ) ;
#2123 = ORIENTED_EDGE ( 'NONE', *, *, #2878, .T. ) ;
#2124 = CARTESIAN_POINT ( 'NONE',  ( 376.1010495955330839, 46.40145057590703459, -0.000000000000000000 ) ) ;
#2125 = AXIS2_PLACEMENT_3D ( 'NONE', #2534, #2811, #1630 ) ;
#2126 = DIRECTION ( 'NONE',  ( -0.000000000000000000, -0.000000000000000000, -1.000000000000000000 ) ) ;
#2127 = CARTESIAN_POINT ( 'NONE',  ( 239.1358059582885005, 291.4015181869326625, 0.000000000000000000 ) ) ;
#2128 = VECTOR ( 'NONE', #777, 1000.000000000000000 ) ;
#2129 = EDGE_CURVE ( 'NONE', #1527, #1431, #1723, .T. ) ;
#2130 = CARTESIAN_POINT ( 'NONE',  ( 1771.881642692472951, 66.99595603744172934, -0.000000000000000000 ) ) ;
#2131 = CARTESIAN_POINT ( 'NONE',  ( 2330.907979815186081, 369.1485110443210829, 0.000000000000000000 ) ) ;
#2132 = CARTESIAN_POINT ( 'NONE',  ( 94.64889847964026615, 103.2907174529137251, -0.000000000000000000 ) ) ;
#2133 = ORIENTED_EDGE ( 'NONE', *, *, #1862, .T. ) ;
#2134 = ORIENTED_EDGE ( 'NONE', *, *, #1292, .T. ) ;
#2135 = FACE_BOUND ( 'NONE', #2184, .T. ) ;
#2136 = CARTESIAN_POINT ( 'NONE',  ( 1207.310526315791549, 331.1934468294243175, -0.000000000000000000 ) ) ;
#2137 = CARTESIAN_POINT ( 'NONE',  ( 695.4515954327415557, 291.4015181869356184, 0.000000000000000000 ) ) ;
#2138 = CARTESIAN_POINT ( 'NONE',  ( 1151.767371458300204, 376.7770909699908088, -0.000000000000000000 ) ) ;
#2139 = ORIENTED_EDGE ( 'NONE', *, *, #830, .F. ) ;
#2140 = CARTESIAN_POINT ( 'NONE',  ( 1867.235442581537654, 373.7243440197514701, 0.000000000000000000 ) ) ;
#2141 = CARTESIAN_POINT ( 'NONE',  ( 337.7498766222882978, 124.1485683616745348, -0.000000000000000000 ) ) ;
#2142 = CARTESIAN_POINT ( 'NONE',  ( 2119.942105263157828, 334.0892707727449533, -6.000000000311311865E-06 ) ) ;
#2143 = DIRECTION ( 'NONE',  ( 1.000000000000000000, 0.000000000000000000, 0.000000000000000000 ) ) ;
#2144 = DIRECTION ( 'NONE',  ( -0.000000000000000000, -0.000000000000000000, -1.000000000000000000 ) ) ;
#2145 = CARTESIAN_POINT ( 'NONE',  ( 854.2044019581974226, 59.95312167506799739, -0.000000000000000000 ) ) ;
#2146 = VERTEX_POINT ( 'NONE', #1021 ) ;
#2147 = ORIENTED_EDGE ( 'NONE', *, *, #725, .F. ) ;
#2148 = CARTESIAN_POINT ( 'NONE',  ( 1283.053285227354536, 45.27182923796902259, 0.000000000000000000 ) ) ;
#2149 = CARTESIAN_POINT ( 'NONE',  ( 1371.817162617313670, 373.7244077080264333, -0.000000000000000000 ) ) ;
#2150 = CARTESIAN_POINT ( 'NONE',  ( 1958.867860636565183, 133.1893052405850426, -0.000000000000000000 ) ) ;
#2151 = ORIENTED_EDGE ( 'NONE', *, *, #2535, .T. ) ;
#2152 = EDGE_CURVE ( 'NONE', #1908, #2871, #1877, .T. ) ;
#2153 = CARTESIAN_POINT ( 'NONE',  ( 1814.453541523036392, 304.9531704202975106, 0.000000000000000000 ) ) ;
#2154 = CARTESIAN_POINT ( 'NONE',  ( 1198.269823903798169, 360.9972888881740118, -0.000000000000000000 ) ) ;
#2155 = EDGE_LOOP ( 'NONE', ( #2503, #1211, #495, #1725 ) ) ;
#2156 = CARTESIAN_POINT ( 'NONE',  ( 404.2929679842277437, 69.53803871903222955, 0.000000000000000000 ) ) ;
#2157 = CARTESIAN_POINT ( 'NONE',  ( 1733.605263157895479, 89.08927077275610884, 36.54176427217079492 ) ) ;
#2158 = CARTESIAN_POINT ( 'NONE',  ( 1777.705263157895843, 91.98474132560433247, -0.000000000000000000 ) ) ;
#2159 = PLANE ( 'NONE',  #1286 ) ;
#2160 = CARTESIAN_POINT ( 'NONE',  ( 964.1887806774004730, 367.3199885198665697, -0.000000000000000000 ) ) ;
#2161 = CARTESIAN_POINT ( 'NONE',  ( 865.0736842105264941, 86.19344682643470890, 0.000000000000000000 ) ) ;
#2162 = VERTEX_POINT ( 'NONE', #346 ) ;
#2163 = CARTESIAN_POINT ( 'NONE',  ( 1369.275144615743329, 372.3655929896651742, 0.000000000000000000 ) ) ;
#2164 = CARTESIAN_POINT ( 'NONE',  ( 2145.821052631580187, 89.08927077275929207, -6.000000000311311865E-06 ) ) ;
#2165 = CARTESIAN_POINT ( 'NONE',  ( 1850.579507784332236, 289.9892363049145274, -0.000000000000000000 ) ) ;
#2166 = CARTESIAN_POINT ( 'NONE',  ( 2265.723677787537781, 311.9959943304722287, 0.000000000000000000 ) ) ;
#2167 = VERTEX_POINT ( 'NONE', #2900 ) ;
#2168 = EDGE_CURVE ( 'NONE', #1716, #2090, #2268, .T. ) ;
#2169 = CARTESIAN_POINT ( 'NONE',  ( 335.5217456387949824, 55.85855302525006039, -0.000000000000000000 ) ) ;
#2170 = CARTESIAN_POINT ( 'NONE',  ( 378.8593414169529865, 130.9403722931331515, -0.000000000000000000 ) ) ;
#2171 = CARTESIAN_POINT ( 'NONE',  ( 277.4869654830936270, 299.0299731839563719, -0.000000000000000000 ) ) ;
#2172 = CIRCLE ( 'NONE', #2020, 44.09999999999980957 ) ;
#2173 = EDGE_CURVE ( 'NONE', #1419, #745, #331, .T. ) ;
#2174 = DIRECTION ( 'NONE',  ( -1.000000000000000000, 0.000000000000000000, 0.000000000000000000 ) ) ;
#2175 = VECTOR ( 'NONE', #2732, 1000.000000000000000 ) ;
#2176 = CARTESIAN_POINT ( 'NONE',  ( 2424.000000000000000, 414.0892707727450102, 6.000000000000000000 ) ) ;
#2177 = LINE ( 'NONE', #2634, #292 ) ;
#2178 = ORIENTED_EDGE ( 'NONE', *, *, #1713, .T. ) ;
#2179 = B_SPLINE_CURVE_WITH_KNOTS ( 'NONE', 3,
 ( #1736, #2246, #154, #2716, #1310, #393, #167, #1087, #635, #877, #1040, #2945, #1560, #1517, #2012, #1797, #1968, #2450, #2904, #821, #2216, #1115, #2295, #2536, #438, #2775, #1146, #2094, #1372, #467, #668, #489, #1617, #2347 ),
 .UNSPECIFIED., .F., .F.,
 ( 4, 2, 2, 2, 2, 2, 2, 2, 2, 2, 2, 2, 2, 2, 2, 2, 4 ),
 ( 0.5000000000000000000, 0.5312500000000000000, 0.5625000000000000000, 0.5937500000000000000, 0.6250000000000000000, 0.6562500000000000000, 0.6875000000000000000, 0.7187500000000000000, 0.7500000000000000000, 0.7812500000000000000, 0.8125000000000000000, 0.8437500000000000000, 0.8750000000000000000, 0.9062500000000000000, 0.9375000000000000000, 0.9687500000000000000, 1.000000000000000000 ),
 .UNSPECIFIED. ) ;
#2180 = CARTESIAN_POINT ( 'NONE',  ( 1434.056241248991228, 345.5324256314987110, -0.000000000000000000 ) ) ;
#2181 = VERTEX_POINT ( 'NONE', #106 ) ;
#2182 = CARTESIAN_POINT ( 'NONE',  ( 1803.866768990876608, 328.3254592307044391, -0.000000000000000000 ) ) ;
#2183 = CARTESIAN_POINT ( 'NONE',  ( 436.0490895194678274, 345.5324121820981418, 0.000000000000000000 ) ) ;
#2184 = EDGE_LOOP ( 'NONE', ( #2603, #1622 ) ) ;
#2185 = ADVANCED_FACE ( 'NONE', ( #2653 ), #2433, .F. ) ;
#2186 = CARTESIAN_POINT ( 'NONE',  ( 407.3456128464799235, 77.64595605087600916, 0.000000000000000000 ) ) ;
#2187 = DIRECTION ( 'NONE',  ( -1.000000000000000000, 0.000000000000000000, 0.000000000000000000 ) ) ;
#2188 = CARTESIAN_POINT ( 'NONE',  ( 1689.505263157895570, 89.08927077275609463, -6.000000000311311865E-06 ) ) ;
#2189 = EDGE_CURVE ( 'NONE', #2090, #1332, #2227, .T. ) ;
#2190 = LINE ( 'NONE', #2600, #1336 ) ;
#2191 = CARTESIAN_POINT ( 'NONE',  ( 890.9526660467769261, 336.9845680305986093, -0.000000000000000000 ) ) ;
#2192 = CARTESIAN_POINT ( 'NONE',  ( 840.5249426462700058, 49.45413383778347338, -0.000000000000000000 ) ) ;
#2193 = ORIENTED_EDGE ( 'NONE', *, *, #1012, .F. ) ;
#2194 = CARTESIAN_POINT ( 'NONE',  ( 2178.477911221427348, 46.40151818696120500, 0.000000000000000000 ) ) ;
#2195 = CARTESIAN_POINT ( 'NONE',  ( 2184.157241089704257, 132.9067123078335442, 0.000000000000000000 ) ) ;
#2196 = ORIENTED_EDGE ( 'NONE', *, *, #2993, .T. ) ;
#2197 = CARTESIAN_POINT ( 'NONE',  ( 1803.584176058488538, 331.1939735119536863, 0.000000000000000000 ) ) ;
#2198 = CARTESIAN_POINT ( 'NONE',  ( 434.6368765730932182, 336.9845680305950282, -0.000000000000000000 ) ) ;
#2199 = EDGE_LOOP ( 'NONE', ( #1957, #981 ) ) ;
#2200 = CARTESIAN_POINT ( 'NONE',  ( 1809.407830991572382, 356.1825855077299252, -0.000000000000000000 ) ) ;
#2201 = CARTESIAN_POINT ( 'NONE',  ( 1461.347368421053488, 89.08927077275453144, 36.54176427217079492 ) ) ;
#2202 = CARTESIAN_POINT ( 'NONE',  ( 895.4175583314809046, 353.6405028259567871, 0.000000000000000000 ) ) ;
#2203 = CARTESIAN_POINT ( 'NONE',  ( 1207.310526315791321, 334.0892707727369952, 36.54176427217079492 ) ) ;
#2204 = EDGE_CURVE ( 'NONE', #1332, #42, #1306, .T. ) ;
#2205 = VERTEX_POINT ( 'NONE', #2955 ) ;
#2206 = CARTESIAN_POINT ( 'NONE',  ( 16.50000000000000000, 22.08927077274480055, 6.000000000000000000 ) ) ;
#2207 = CARTESIAN_POINT ( 'NONE',  ( 1433.219458884283767, 348.2906910724727254, 0.000000000000000000 ) ) ;
#2208 = EDGE_LOOP ( 'NONE', ( #2882, #33, #843, #2804 ) ) ;
#2209 = CARTESIAN_POINT ( 'NONE',  ( 1885.960590060893310, 311.9959560373508225, -0.000000000000000000 ) ) ;
#2210 = DIRECTION ( 'NONE',  ( 0.000000000000000000, 0.000000000000000000, -1.000000000000000000 ) ) ;
#2211 = VERTEX_POINT ( 'NONE', #1580 ) ;
#2212 = VECTOR ( 'NONE', #2920, 1000.000000000000000 ) ;
#2213 = CARTESIAN_POINT ( 'NONE',  ( 1836.241055667403543, 376.7770909694066290, -0.000000000000000000 ) ) ;
#2214 = CARTESIAN_POINT ( 'NONE',  ( 2189.921052631580096, 89.08927077275930628, 36.54176427217079492 ) ) ;
#2215 = CIRCLE ( 'NONE', #2512, 44.10000000000002984 ) ;
#2216 = CARTESIAN_POINT ( 'NONE',  ( 949.2540518790365240, 292.2382329408613941, 0.000000000000000000 ) ) ;
#2217 = AXIS2_PLACEMENT_3D ( 'NONE', #1813, #1591, #2033 ) ;
#2218 = DIRECTION ( 'NONE',  ( -0.000000000000000000, -0.000000000000000000, -1.000000000000000000 ) ) ;
#2219 = VERTEX_POINT ( 'NONE', #1821 ) ;
#2220 = ORIENTED_EDGE ( 'NONE', *, *, #2796, .F. ) ;
#2221 = AXIS2_PLACEMENT_3D ( 'NONE', #1072, #1999, #2482 ) ;
#2222 = EDGE_CURVE ( 'NONE', #2219, #2386, #136, .T. ) ;
#2223 = CARTESIAN_POINT ( 'NONE',  ( 92.39996553217272890, 86.19397351453559963, 0.000000000000000000 ) ) ;
#2224 = ORIENTED_EDGE ( 'NONE', *, *, #2682, .T. ) ;
#2225 = VECTOR ( 'NONE', #320, 1000.000000000000000 ) ;
#2226 = DIRECTION ( 'NONE',  ( 0.000000000000000000, 0.000000000000000000, -1.000000000000000000 ) ) ;
#2227 = LINE ( 'NONE', #134, #2016 ) ;
#2228 = ORIENTED_EDGE ( 'NONE', *, *, #1803, .T. ) ;
#2229 = CARTESIAN_POINT ( 'NONE',  ( 1491.245948121772244, 130.9403086049621550, 0.000000000000000000 ) ) ;
#2230 = CARTESIAN_POINT ( 'NONE',  ( 136.5000000000000568, 89.08927077274498174, 5.999999999999998224 ) ) ;
#2231 = CARTESIAN_POINT ( 'NONE',  ( 1733.605263157895479, 89.08927077275610884, 5.999999999999998224 ) ) ;
#2232 = CARTESIAN_POINT ( 'NONE',  ( 1007.280541115134611, 74.88785047404412865, 0.000000000000000000 ) ) ;
#2233 = CYLINDRICAL_SURFACE ( 'NONE', #2221, 44.10000000000002984 ) ;
#2234 = CARTESIAN_POINT ( 'NONE',  ( 820.9736842105268124, 89.08927077274974238, 36.54176427217079492 ) ) ;
#2235 = CARTESIAN_POINT ( 'NONE',  ( 627.8750297454965903, 62.18129095818332530, 0.000000000000000000 ) ) ;
#2236 = EDGE_CURVE ( 'NONE', #1751, #1288, #470, .T. ) ;
#2237 = CARTESIAN_POINT ( 'NONE',  ( 165.6361490979885502, 122.3199885203385548, -0.000000000000000000 ) ) ;
#2238 = EDGE_LOOP ( 'NONE', ( #2019, #2573 ) ) ;
#2239 = CARTESIAN_POINT ( 'NONE',  ( 2304.000000000000000, 334.0892707727449533, 36.54176427217079492 ) ) ;
#2240 = CARTESIAN_POINT ( 'NONE',  ( 2333.136100357831765, 300.8586017757704099, 0.000000000000000000 ) ) ;
#2241 = CARTESIAN_POINT ( 'NONE',  ( 2231.772090462885899, 103.2906910748426554, 0.000000000000000000 ) ) ;
#2242 = FACE_BOUND ( 'NONE', #2003, .T. ) ;
#2243 = CARTESIAN_POINT ( 'NONE',  ( 1805.833109004769767, 348.2907174497140090, -0.000000000000000000 ) ) ;
#2244 = B_SPLINE_CURVE_WITH_KNOTS ( 'NONE', 3,
 ( #177, #1098, #2728, #2902, #818, #1387, #695, #208, #2073, #2091, #902, #1454, #664, #2057, #449, #76, #532, #2150, #243, #1825, #435, #1126, #195, #2998, #2741, #2970, #1601, #17, #1354, #989, #887, #2293, #2533, #1163 ),
 .UNSPECIFIED., .F., .F.,
 ( 4, 2, 2, 2, 2, 2, 2, 2, 2, 2, 2, 2, 2, 2, 2, 2, 4 ),
 ( 0.000000000000000000, 0.03124999999999761996, 0.06249999999999523992, 0.09374999999999286682, 0.1249999999999918121, 0.1562499999999924505, 0.1874999999999930889, 0.2187499999999937550, 0.2499999999999943934, 0.2812499999999950595, 0.3124999999999957256, 0.3437499999999963918, 0.3749999999999970579, 0.4062499999999978351, 0.4374999999999985567, 0.4687499999999992784, 0.5000000000000000000 ),
 .UNSPECIFIED. ) ;
#2245 = FACE_OUTER_BOUND ( 'NONE', #2626, .T. ) ;
#2246 = CARTESIAN_POINT ( 'NONE',  ( 890.9525971111218041, 331.1939735148723116, 0.000000000000000000 ) ) ;
#2247 = CARTESIAN_POINT ( 'NONE',  ( 1054.895390490512455, 45.27182923796742386, 0.000000000000000000 ) ) ;
#2248 = CARTESIAN_POINT ( 'NONE',  ( 451.8288622893807656, 299.0300305015726394, 0.000000000000000000 ) ) ;
#2249 = CARTESIAN_POINT ( 'NONE',  ( 2119.942105263157828, 334.0892707727449533, -6.000000000311311865E-06 ) ) ;
#2250 = CARTESIAN_POINT ( 'NONE',  ( 94.64896216777151494, 74.88785047328423161, 0.000000000000000000 ) ) ;
#2251 = CARTESIAN_POINT ( 'NONE',  ( 736.0308859405586190, 367.3199885198650918, -0.000000000000000000 ) ) ;
#2252 = VERTEX_POINT ( 'NONE', #612 ) ;
#2253 = CARTESIAN_POINT ( 'NONE',  ( 277.4869271841093337, 369.1485110439730875, 0.000000000000000000 ) ) ;
#2254 = CARTESIAN_POINT ( 'NONE',  ( 1174.653681173847872, 291.4014505757174902, -0.000000000000000000 ) ) ;
#2255 = CARTESIAN_POINT ( 'NONE',  ( 832.4168256206623937, 131.7770233585478650, 0.000000000000000000 ) ) ;
#2256 = ORIENTED_EDGE ( 'NONE', *, *, #2723, .T. ) ;
#2257 = EDGE_CURVE ( 'NONE', #835, #972, #2694, .T. ) ;
#2258 = FACE_BOUND ( 'NONE', #1174, .T. ) ;
#2259 = EDGE_CURVE ( 'NONE', #2368, #1494, #999, .T. ) ;
#2260 = ORIENTED_EDGE ( 'NONE', *, *, #2617, .F. ) ;
#2261 = CARTESIAN_POINT ( 'NONE',  ( 1461.347368421053488, 89.08927077275451722, -6.000000000311311865E-06 ) ) ;
#2262 = CARTESIAN_POINT ( 'NONE',  ( 634.6668273064882442, 103.2906910712145248, 0.000000000000000000 ) ) ;
#2263 = CARTESIAN_POINT ( 'NONE',  ( 1511.211179964197072, 45.27182923797061420, 0.000000000000000000 ) ) ;
#2264 = DIRECTION ( 'NONE',  ( -1.000000000000000000, 0.000000000000000000, 0.000000000000000000 ) ) ;
#2265 = CARTESIAN_POINT ( 'NONE',  ( 492.9382624053532709, 292.2382329408581541, 0.000000000000000000 ) ) ;
#2266 =( NAMED_UNIT ( * ) PLANE_ANGLE_UNIT ( ) SI_UNIT ( $, .RADIAN. ) );
#2267 = LINE ( 'NONE', #2453, #2212 ) ;
#2268 = CIRCLE ( 'NONE', #1440, 44.09999999999980957 ) ;
#2269 = CARTESIAN_POINT ( 'NONE',  ( 107.3638509021452307, 55.85855302509428810, -0.000000000000000000 ) ) ;
#2270 = CARTESIAN_POINT ( 'NONE',  ( 671.8354965706294024, 360.9972505879128448, 0.000000000000000000 ) ) ;
#2271 = ORIENTED_EDGE ( 'NONE', *, *, #1714, .F. ) ;
#2272 = VECTOR ( 'NONE', #2421, 1000.000000000000000 ) ;
#2273 = FACE_OUTER_BOUND ( 'NONE', #557, .T. ) ;
#2274 = CARTESIAN_POINT ( 'NONE',  ( 1157.446701323640809, 290.2717616269702603, -0.000000000000000000 ) ) ;
#2275 = CARTESIAN_POINT ( 'NONE',  ( 865.0736842105267215, 89.08927077274975659, -6.000000000311311865E-06 ) ) ;
#2276 = VECTOR ( 'NONE', #2018, 1000.000000000000000 ) ;
#2277 = VECTOR ( 'NONE', #2126, 1000.000000000000000 ) ;
#2278 = CARTESIAN_POINT ( 'NONE',  ( 548.7157894736845947, 89.08927077274812234, -6.000000000311311865E-06 ) ) ;
#2279 = CARTESIAN_POINT ( 'NONE',  ( 1662.214135985832854, 345.5324256315002458, -0.000000000000000000 ) ) ;
#2280 = EDGE_CURVE ( 'NONE', #2014, #1672, #1019, .T. ) ;
#2281 = CARTESIAN_POINT ( 'NONE',  ( 619.7237692893697840, 124.1485110439139561, 0.000000000000000000 ) ) ;
#2282 = CYLINDRICAL_SURFACE ( 'NONE', #2324, 44.10000000000002984 ) ;
#2283 = CARTESIAN_POINT ( 'NONE',  ( 2075.842105263157919, 334.0892707727449533, 36.54176427217079492 ) ) ;
#2284 = CYLINDRICAL_SURFACE ( 'NONE', #426, 44.09999999999997300 ) ;
#2285 = ADVANCED_FACE ( 'NONE', ( #2117 ), #64, .F. ) ;
#2286 = CARTESIAN_POINT ( 'NONE',  ( 1625.290127333240434, 290.2718292381948686, 0.000000000000000000 ) ) ;
#2287 = CARTESIAN_POINT ( 'NONE',  ( 122.2985533198799857, 47.23816925237154862, -0.000000000000000000 ) ) ;
#2288 = LINE ( 'NONE', #675, #1250 ) ;
#2289 = CARTESIAN_POINT ( 'NONE',  ( 294.6789473684240761, 334.0892707727306288, -6.000000000311311865E-06 ) ) ;
#2290 = CARTESIAN_POINT ( 'NONE',  ( 1143.659294260570732, 294.4541975257274089, 0.000000000000000000 ) ) ;
#2291 = CARTESIAN_POINT ( 'NONE',  ( 779.1225826904408223, 103.2907174539113697, -0.000000000000000000 ) ) ;
#2292 = DIRECTION ( 'NONE',  ( 0.000000000000000000, 0.000000000000000000, -1.000000000000000000 ) ) ;
#2293 = CARTESIAN_POINT ( 'NONE',  ( 1917.945648748971507, 94.85309576513708407, -0.000000000000000000 ) ) ;
#2294 = CARTESIAN_POINT ( 'NONE',  ( 563.6796891204703570, 122.3199397752588879, 0.000000000000000000 ) ) ;
#2295 = CARTESIAN_POINT ( 'NONE',  ( 957.1459080169171330, 295.8129485567334314, 0.000000000000000000 ) ) ;
#2296 = CARTESIAN_POINT ( 'NONE',  ( 1093.231578947368916, 89.08927077275134820, -6.000000000311311865E-06 ) ) ;
#2297 = CARTESIAN_POINT ( 'NONE',  ( 511.9675598536281882, 304.9531216756652725, -0.000000000000000000 ) ) ;
#2298 = CARTESIAN_POINT ( 'NONE',  ( 1706.697283341183720, 54.03003050210416802, 0.000000000000000000 ) ) ;
#2299 = CARTESIAN_POINT ( 'NONE',  ( 139.3952972582870018, 44.98923630491764669, -0.000000000000000000 ) ) ;
#2300 = ADVANCED_FACE ( 'NONE', ( #930 ), #977, .F. ) ;
#2301 = DIRECTION ( 'NONE',  ( 0.000000000000000000, 0.000000000000000000, -1.000000000000000000 ) ) ;
#2302 = VERTEX_POINT ( 'NONE', #2835 ) ;
#2303 = CARTESIAN_POINT ( 'NONE',  ( 1242.230176094744365, 62.18125265889067776, -0.000000000000000000 ) ) ;
#2304 = CARTESIAN_POINT ( 'NONE',  ( 1923.486835679043224, 66.99599433436814877, 0.000000000000000000 ) ) ;
#2305 = CARTESIAN_POINT ( 'NONE',  ( 2212.014367368723015, 127.3656503062676251, -0.000000000000000000 ) ) ;
#2306 = CARTESIAN_POINT ( 'NONE',  ( 667.2595999070692869, 314.5380123369648118, -0.000000000000000000 ) ) ;
#2307 = FACE_OUTER_BOUND ( 'NONE', #928, .T. ) ;
#2308 = CARTESIAN_POINT ( 'NONE',  ( 1581.249936254730301, 356.1825855077282768, -0.000000000000000000 ) ) ;
#2309 = CARTESIAN_POINT ( 'NONE',  ( 2031.742105263158237, 334.0892707727449533, -6.000000000311311865E-06 ) ) ;
#2310 = LINE ( 'NONE', #921, #1491 ) ;
#2311 = CARTESIAN_POINT ( 'NONE',  ( 1377.166974373252970, 292.2381692522527032, -0.000000000000000000 ) ) ;
#2312 = CARTESIAN_POINT ( 'NONE',  ( 247.6836501099448640, 289.9893052405580534, 0.000000000000000000 ) ) ;
#2313 = FACE_OUTER_BOUND ( 'NONE', #1744, .T. ) ;
#2314 = CARTESIAN_POINT ( 'NONE',  ( 2189.921052631580096, 89.08927077275930628, 5.999999999999998224 ) ) ;
#2315 = CARTESIAN_POINT ( 'NONE',  ( 2348.099999999999909, 336.9847413194752335, 0.000000000000000000 ) ) ;
#2316 = CIRCLE ( 'NONE', #1922, 44.09999999999991616 ) ;
#2317 = CARTESIAN_POINT ( 'NONE',  ( 865.0736842105267215, 89.08927077274975659, -6.000000000311311865E-06 ) ) ;
#2318 = VERTEX_POINT ( 'NONE', #2821 ) ;
#2319 = ORIENTED_EDGE ( 'NONE', *, *, #102, .F. ) ;
#2320 = ADVANCED_FACE ( 'NONE', ( #2371 ), #1137, .F. ) ;
#2321 = CIRCLE ( 'NONE', #1200, 44.09999999999980957 ) ;
#2322 = CARTESIAN_POINT ( 'NONE',  ( 208.7278458480496397, 348.2907174529022427, -0.000000000000000000 ) ) ;
#2323 = CARTESIAN_POINT ( 'NONE',  ( 1198.269766586297919, 307.1812909557989997, 0.000000000000000000 ) ) ;
#2324 = AXIS2_PLACEMENT_3D ( 'NONE', #1282, #604, #2702 ) ;
#2325 = CARTESIAN_POINT ( 'NONE',  ( 1060.574720357426031, 131.7770233585494566, 0.000000000000000000 ) ) ;
#2326 = VECTOR ( 'NONE', #842, 1000.000000000000000 ) ;
#2327 = DIRECTION ( 'NONE',  ( 1.000000000000000000, 0.000000000000000000, -0.000000000000000000 ) ) ;
#2328 = CARTESIAN_POINT ( 'NONE',  ( 1657.802638006552115, 356.1825472096321619, 0.000000000000000000 ) ) ;
#2329 = PLANE ( 'NONE',  #2125 ) ;
#2330 = VECTOR ( 'NONE', #2053, 1000.000000000000000 ) ;
#2331 = B_SPLINE_CURVE_WITH_KNOTS ( 'NONE', 3,
 ( #2781, #2315, #688, #231, #2553, #281, #970, #2570, #956, #474, #2131, #2798, #2337, #1849, #7, #493, #925, #2526, #1413, #721, #1396, #1362, #250, #1132, #1638, #2351, #2113, #40, #1887, #1171, #2816, #739, #511, #1430 ),
 .UNSPECIFIED., .F., .F.,
 ( 4, 2, 2, 2, 2, 2, 2, 2, 2, 2, 2, 2, 2, 2, 2, 2, 4 ),
 ( 0.000000000000000000, 0.03125000000000000000, 0.06250000000000000000, 0.09375000000000000000, 0.1250000000000000000, 0.1562500000000000000, 0.1875000000000000000, 0.2187500000000000000, 0.2500000000000000000, 0.2812500000000000000, 0.3125000000000000000, 0.3437500000000000000, 0.3750000000000000000, 0.4062500000000000000, 0.4375000000000000000, 0.4687500000000000000, 0.5000000000000000000 ),
 .UNSPECIFIED. ) ;
#2332 = CARTESIAN_POINT ( 'NONE',  ( 1961.763157894737560, 89.08927077275771467, 5.999999999999998224 ) ) ;
#2333 = CARTESIAN_POINT ( 'NONE',  ( 478.7368421052660210, 334.0892707727322204, 5.999999999999998224 ) ) ;
#2334 = CARTESIAN_POINT ( 'NONE',  ( 1347.268421052632903, 334.0892707727385869, 5.999999999999998224 ) ) ;
#2335 = PRODUCT_CONTEXT ( 'NONE', #2560, 'mechanical' ) ;
#2336 = FACE_OUTER_BOUND ( 'NONE', #2555, .T. ) ;
#2337 = CARTESIAN_POINT ( 'NONE',  ( 2323.551232054042885, 373.7243440198357689, 0.000000000000000000 ) ) ;
#2338 = ORIENTED_EDGE ( 'NONE', *, *, #2787, .T. ) ;
#2339 = EDGE_LOOP ( 'NONE', ( #359, #252, #1239, #2822 ) ) ;
#2340 = CARTESIAN_POINT ( 'NONE',  ( 262.0220887787128845, 376.7770233585287656, 0.000000000000000000 ) ) ;
#2341 = CARTESIAN_POINT ( 'NONE',  ( 2000.039537427746382, 66.99595603509436614, -0.000000000000000000 ) ) ;
#2342 = EDGE_CURVE ( 'NONE', #1640, #568, #2656, .T. ) ;
#2343 = LINE ( 'NONE', #1857, #2756 ) ;
#2344 = CARTESIAN_POINT ( 'NONE',  ( 522.8368421052659869, 334.0892707727322204, -6.000000000311311865E-06 ) ) ;
#2345 = ORIENTED_EDGE ( 'NONE', *, *, #1462, .T. ) ;
#2346 = CARTESIAN_POINT ( 'NONE',  ( 2117.693143094422339, 348.2906910748907876, 0.000000000000000000 ) ) ;
#2347 = CARTESIAN_POINT ( 'NONE',  ( 979.1526315789493538, 334.0892707727354036, -6.000000000311311865E-06 ) ) ;
#2348 = CARTESIAN_POINT ( 'NONE',  ( 1349.517383220314969, 319.8878504741562097, 0.000000000000000000 ) ) ;
#2349 = CARTESIAN_POINT ( 'NONE',  ( 2081.605916805034667, 290.2718292376708860, 0.000000000000000000 ) ) ;
#2350 = CARTESIAN_POINT ( 'NONE',  ( 1648.662416141765789, 300.8586017691535517, 0.000000000000000000 ) ) ;
#2351 = CARTESIAN_POINT ( 'NONE',  ( 2270.769282257177565, 363.2254198764237003, -0.000000000000000000 ) ) ;
#2352 = CARTESIAN_POINT ( 'NONE',  ( 2348.099999999999454, 334.0892707727449533, 36.54176427217079492 ) ) ;
#2353 = ORIENTED_EDGE ( 'NONE', *, *, #1992, .T. ) ;
#2354 = ORIENTED_EDGE ( 'NONE', *, *, #1938, .T. ) ;
#2355 = CARTESIAN_POINT ( 'NONE',  ( 206.7614382226573468, 339.8530957646493107, -0.000000000000000000 ) ) ;
#2356 = CARTESIAN_POINT ( 'NONE',  ( 1205.061627837221067, 319.8878240954819603, -0.000000000000000000 ) ) ;
#2357 = CARTESIAN_POINT ( 'NONE',  ( 1088.766715883172310, 108.6405292076804159, -0.000000000000000000 ) ) ;
#2358 = CYLINDRICAL_SURFACE ( 'NONE', #179, 44.10000000000002984 ) ;
#2359 = VERTEX_POINT ( 'NONE', #744 ) ;
#2360 = CARTESIAN_POINT ( 'NONE',  ( 2095.393337317200803, 373.7243440198357689, 0.000000000000000000 ) ) ;
#2361 = EDGE_CURVE ( 'NONE', #2368, #2621, #1916, .T. ) ;
#2362 = EDGE_CURVE ( 'NONE', #2100, #2621, #1596, .T. ) ;
#2363 = CARTESIAN_POINT ( 'NONE',  ( 1890.372030722675163, 345.5324256315019511, -0.000000000000000000 ) ) ;
#2364 = CARTESIAN_POINT ( 'NONE',  ( 1418.276439167610533, 299.0299731842725350, -0.000000000000000000 ) ) ;
#2365 = CARTESIAN_POINT ( 'NONE',  ( 2407.500000000000000, 234.0892707727449817, 6.000000000000000000 ) ) ;
#2366 = CARTESIAN_POINT ( 'NONE',  ( 1304.197453500697065, 124.1485110433837775, 0.000000000000000000 ) ) ;
#2367 = DIRECTION ( 'NONE',  ( 1.000000000000000000, 0.000000000000000000, 0.000000000000000000 ) ) ;
#2368 = VERTEX_POINT ( 'NONE', #558 ) ;
#2369 = ORIENTED_EDGE ( 'NONE', *, *, #2593, .T. ) ;
#2370 = CARTESIAN_POINT ( 'NONE',  ( 1271.525648692541836, 45.27176162698615514, -0.000000000000000000 ) ) ;
#2371 = FACE_OUTER_BOUND ( 'NONE', #562, .T. ) ;
#2372 = AXIS2_PLACEMENT_3D ( 'NONE', #2176, #297, #1955 ) ;
#2373 = CARTESIAN_POINT ( 'NONE',  ( 662.7947368421076817, 334.0892707727338120, -6.000000000311311865E-06 ) ) ;
#2374 = FACE_OUTER_BOUND ( 'NONE', #2559, .T. ) ;
#2375 = VECTOR ( 'NONE', #1593, 1000.000000000000000 ) ;
#2376 = ORIENTED_EDGE ( 'NONE', *, *, #2521, .T. ) ;
#2377 = VECTOR ( 'NONE', #1023, 1000.000000000000000 ) ;
#2378 = CARTESIAN_POINT ( 'NONE',  ( 399.7171350080019465, 62.18129095693791442, 0.000000000000000000 ) ) ;
#2379 = CIRCLE ( 'NONE', #1053, 44.10000000000002984 ) ;
#2380 = CARTESIAN_POINT ( 'NONE',  ( 386.7512094731847583, 127.3656503067900019, -0.000000000000000000 ) ) ;
#2381 = CARTESIAN_POINT ( 'NONE',  ( 244.8151223767373210, 290.2717616269638370, -0.000000000000000000 ) ) ;
#2382 = MECHANICAL_DESIGN_GEOMETRIC_PRESENTATION_REPRESENTATION (  '', ( #2565 ), #862 ) ;
#2383 = FACE_OUTER_BOUND ( 'NONE', #366, .T. ) ;
#2384 = CARTESIAN_POINT ( 'NONE',  ( 1476.311219323622481, 55.85855302464132421, -0.000000000000000000 ) ) ;
#2385 = ORIENTED_EDGE ( 'NONE', *, *, #571, .F. ) ;
#2386 = VERTEX_POINT ( 'NONE', #1727 ) ;
#2387 = CARTESIAN_POINT ( 'NONE',  ( 1388.473123793690547, 378.1893052405660001, -0.000000000000000000 ) ) ;
#2388 = CARTESIAN_POINT ( 'NONE',  ( 1663.626315789474347, 336.9847413256267714, 0.000000000000000000 ) ) ;
#2389 = B_SPLINE_CURVE_WITH_KNOTS ( 'NONE', 3,
 ( #521, #1257, #539, #551, #790, #1696, #1708, #82, #2842, #2615, #1442, #2380, #2643, #2170, #1911, #1010, #308, #2629, #1227, #69, #294, #1213, #1937, #2141, #983, #109, #1460, #1473, #564, #2408, #1484, #995, #763, #2859 ),
 .UNSPECIFIED., .F., .F.,
 ( 4, 2, 2, 2, 2, 2, 2, 2, 2, 2, 2, 2, 2, 2, 2, 2, 4 ),
 ( 0.000000000000000000, 0.03124999999999995837, 0.06249999999999991673, 0.09374999999999987510, 0.1249999999999998335, 0.1562499999999998890, 0.1874999999999998890, 0.2187499999999998612, 0.2499999999999998335, 0.2812499999999997780, 0.3124999999999997224, 0.3437499999999997224, 0.3749999999999996669, 0.4062499999999997224, 0.4374999999999997780, 0.4687499999999998890, 0.5000000000000000000 ),
 .UNSPECIFIED. ) ;
#2390 = DIRECTION ( 'NONE',  ( 1.000000000000000000, 0.000000000000000000, 0.000000000000000000 ) ) ;
#2391 = CARTESIAN_POINT ( 'NONE',  ( 505.6448219201458301, 369.1485110443084068, 0.000000000000000000 ) ) ;
#2392 = ORIENTED_EDGE ( 'NONE', *, *, #1746, .T. ) ;
#2393 = CARTESIAN_POINT ( 'NONE',  ( 1549.547368421053534, 89.08927077275453144, 5.999999999999998224 ) ) ;
#2394 = CARTESIAN_POINT ( 'NONE',  ( 1163.210526315791185, 334.0892707727369952, 5.999999999999998224 ) ) ;
#2395 = CARTESIAN_POINT ( 'NONE',  ( 294.6789473684240761, 334.0892707727306288, 36.54176427217079492 ) ) ;
#2396 = CARTESIAN_POINT ( 'NONE',  ( 2407.500000000000000, 22.08927077274480055, 6.000000000000000000 ) ) ;
#2397 = DIRECTION ( 'NONE',  ( 1.000000000000000000, 0.000000000000000000, 0.000000000000000000 ) ) ;
#2398 = CARTESIAN_POINT ( 'NONE',  ( 864.7912278324541830, 83.32561909279763768, -0.000000000000000000 ) ) ;
#2399 = EDGE_LOOP ( 'NONE', ( #1851, #1480, #584, #87 ) ) ;
#2400 = EDGE_CURVE ( 'NONE', #962, #1935, #2836, .T. ) ;
#2401 = CARTESIAN_POINT ( 'NONE',  ( 2209.472311066362181, 49.45413383754083014, -0.000000000000000000 ) ) ;
#2402 = B_SPLINE_CURVE_WITH_KNOTS ( 'NONE', 3,
 ( #1443, #264, #2538, #737, #2110, #38, #21, #1428, #247, #453, #278, #1199, #953, #1884, #2127, #2381, #2312, #229, #1149, #1709, #1280, #2448, #1500, #2171, #1697, #111, #552, #565, #2437, #2860, #2874, #350, #361, #1026 ),
 .UNSPECIFIED., .F., .F.,
 ( 4, 2, 2, 2, 2, 2, 2, 2, 2, 2, 2, 2, 2, 2, 2, 2, 4 ),
 ( 0.5000000000000000000, 0.5312500000000000000, 0.5625000000000000000, 0.5937500000000000000, 0.6250000000000000000, 0.6562500000000000000, 0.6875000000000000000, 0.7187500000000000000, 0.7500000000000000000, 0.7812500000000000000, 0.8125000000000000000, 0.8437500000000000000, 0.8750000000000000000, 0.9062500000000000000, 0.9375000000000000000, 0.9687500000000000000, 1.000000000000000000 ),
 .UNSPECIFIED. ) ;
#2403 = CARTESIAN_POINT ( 'NONE',  ( 1836.241069116644439, 291.4015181869436333, 0.000000000000000000 ) ) ;
#2404 = CARTESIAN_POINT ( 'NONE',  ( 2260.182558466408409, 328.3254592275691834, -0.000000000000000000 ) ) ;
#2405 = EDGE_LOOP ( 'NONE', ( #1789, #1284 ) ) ;
#2406 = B_SPLINE_CURVE_WITH_KNOTS ( 'NONE', 3,
 ( #918, #2388, #2547, #2279, #1842, #1584, #2328, #2773, #2982, #2519, #1615, #465, #302, #648, #934, #1860, #1113, #1370, #713, #1629, #2041, #2607, #1571, #2505, #419, #2760, #682, #2308, #224, #1143, #1375, #671, #2765, #248 ),
 .UNSPECIFIED., .F., .F.,
 ( 4, 2, 2, 2, 2, 2, 2, 2, 2, 2, 2, 2, 2, 2, 2, 2, 4 ),
 ( 0.000000000000000000, 0.03125000000000000000, 0.06250000000000000000, 0.09375000000000000000, 0.1250000000000000000, 0.1562500000000000000, 0.1875000000000000000, 0.2187500000000000000, 0.2500000000000000000, 0.2812500000000000000, 0.3125000000000000000, 0.3437500000000000000, 0.3750000000000000000, 0.4062500000000000000, 0.4375000000000000000, 0.4687500000000000000, 0.5000000000000000000 ),
 .UNSPECIFIED. ) ;
#2407 = CARTESIAN_POINT ( 'NONE',  ( 350.4564480567959777, 47.23816925235848885, -0.000000000000000000 ) ) ;
#2408 = CARTESIAN_POINT ( 'NONE',  ( 322.8067932166298419, 103.2907174532707444, -0.000000000000000000 ) ) ;
#2409 = LINE ( 'NONE', #2395, #1586 ) ;
#2410 = CARTESIAN_POINT ( 'NONE',  ( 1766.835980906527084, 59.95312167601633035, -0.000000000000000000 ) ) ;
#2411 = CARTESIAN_POINT ( 'NONE',  ( 1461.347368421053488, 89.08927077275451722, -6.000000000311311865E-06 ) ) ;
#2412 = CARTESIAN_POINT ( 'NONE',  ( 818.0783869522398390, 44.98930524057713143, 0.000000000000000000 ) ) ;
#2413 = EDGE_LOOP ( 'NONE', ( #2952, #1001 ) ) ;
#2414 = CARTESIAN_POINT ( 'NONE',  ( 2146.103611097928933, 83.32545922776330372, -0.000000000000000000 ) ) ;
#2415 = ORIENTED_EDGE ( 'NONE', *, *, #2486, .F. ) ;
#2416 = EDGE_CURVE ( 'NONE', #1950, #1273, #2583, .T. ) ;
#2417 = CARTESIAN_POINT ( 'NONE',  ( 1005.031578947368985, 89.08927077275131978, -6.000000000311311865E-06 ) ) ;
#2418 = CARTESIAN_POINT ( 'NONE',  ( 449.6007417523600793, 367.3199397757043130, 0.000000000000000000 ) ) ;
#2419 = ORIENTED_EDGE ( 'NONE', *, *, #1983, .T. ) ;
#2420 = CIRCLE ( 'NONE', #663, 44.10000000000002984 ) ;
#2421 = DIRECTION ( 'NONE',  ( 0.000000000000000000, 0.000000000000000000, -1.000000000000000000 ) ) ;
#2422 = DIRECTION ( 'NONE',  ( 1.000000000000000000, 0.000000000000000000, 0.000000000000000000 ) ) ;
#2423 = CARTESIAN_POINT ( 'NONE',  ( 1755.698577893738502, 127.3656503071332367, -0.000000000000000000 ) ) ;
#2424 = VECTOR ( 'NONE', #2876, 1000.000000000000000 ) ;
#2425 = CYLINDRICAL_SURFACE ( 'NONE', #1488, 44.10000000000002984 ) ;
#2426 = VECTOR ( 'NONE', #1124, 1000.000000000000000 ) ;
#2427 = CARTESIAN_POINT ( 'NONE',  ( 932.1573343207761582, 378.1893052405628737, -0.000000000000000000 ) ) ;
#2428 = CARTESIAN_POINT ( 'NONE',  ( 781.3385472742675120, 69.53801233922899883, -0.000000000000000000 ) ) ;
#2429 = ORIENTED_EDGE ( 'NONE', *, *, #2173, .T. ) ;
#2430 = CARTESIAN_POINT ( 'NONE',  ( 2228.197432162590758, 66.99595603027371737, -0.000000000000000000 ) ) ;
#2431 = ORIENTED_EDGE ( 'NONE', *, *, #658, .T. ) ;
#2432 = CARTESIAN_POINT ( 'NONE',  ( 1803.584210526316383, 334.0892707727418269, -6.000000000311311865E-06 ) ) ;
#2433 = CYLINDRICAL_SURFACE ( 'NONE', #615, 44.09999999999997300 ) ;
#2434 = ORIENTED_EDGE ( 'NONE', *, *, #2047, .T. ) ;
#2435 = EDGE_CURVE ( 'NONE', #151, #1719, #1105, .T. ) ;
#2436 = CARTESIAN_POINT ( 'NONE',  ( 1828.132952090997378, 373.7244077080295597, -0.000000000000000000 ) ) ;
#2437 = CARTESIAN_POINT ( 'NONE',  ( 290.2140206155150395, 314.5380387182288473, 0.000000000000000000 ) ) ;
#2438 = CARTESIAN_POINT ( 'NONE',  ( 937.9479288371226176, 378.1892363049081496, 0.000000000000000000 ) ) ;
#2439 = CARTESIAN_POINT ( 'NONE',  ( 835.1751045093844823, 47.23823294022056984, 0.000000000000000000 ) ) ;
#2440 = VERTEX_POINT ( 'NONE', #1785 ) ;
#2441 = EDGE_CURVE ( 'NONE', #706, #2654, #5, .T. ) ;
#2442 = DIRECTION ( 'NONE',  ( 0.000000000000000000, 0.000000000000000000, -1.000000000000000000 ) ) ;
#2443 = EDGE_LOOP ( 'NONE', ( #2133, #2604 ) ) ;
#2444 = CARTESIAN_POINT ( 'NONE',  ( 1867.235468961635888, 294.4541338374539237, -0.000000000000000000 ) ) ;
#2445 = CARTESIAN_POINT ( 'NONE',  ( 1505.447368421053397, 89.08927077275453144, 5.999999999999998224 ) ) ;
#2446 = ORIENTED_EDGE ( 'NONE', *, *, #1220, .F. ) ;
#2447 = CARTESIAN_POINT ( 'NONE',  ( 1833.482790227034911, 375.9403086049494505, 0.000000000000000000 ) ) ;
#2448 = CARTESIAN_POINT ( 'NONE',  ( 270.1302058035900586, 294.4541338374427824, -0.000000000000000000 ) ) ;
#2449 = EDGE_CURVE ( 'NONE', #835, #2162, #1534, .T. ) ;
#2450 = CARTESIAN_POINT ( 'NONE',  ( 937.9479288366591163, 289.9892363049079904, -0.000000000000000000 ) ) ;
#2451 = DIRECTION ( 'NONE',  ( -0.000000000000000000, -0.000000000000000000, -1.000000000000000000 ) ) ;
#2452 = EDGE_LOOP ( 'NONE', ( #1066, #529 ) ) ;
#2453 = CARTESIAN_POINT ( 'NONE',  ( 16.50000000000000000, 22.08927077274480055, 0.000000000000000000 ) ) ;
#2454 = CARTESIAN_POINT ( 'NONE',  ( 550.9647516424485048, 74.88785047162977548, 0.000000000000000000 ) ) ;
#2455 = VERTEX_POINT ( 'NONE', #1202 ) ;
#2456 = CARTESIAN_POINT ( 'NONE',  ( 290.2140843038097273, 353.6405292075972966, -0.000000000000000000 ) ) ;
#2457 = CARTESIAN_POINT ( 'NONE',  ( 439.1017688579390210, 353.6405028266644877, 0.000000000000000000 ) ) ;
#2458 = ORIENTED_EDGE ( 'NONE', *, *, #2685, .T. ) ;
#2459 = DIRECTION ( 'NONE',  ( 1.000000000000000000, 0.000000000000000000, 0.000000000000000000 ) ) ;
#2460 = CYLINDRICAL_SURFACE ( 'NONE', #289, 44.10000000000002984 ) ;
#2461 = AXIS2_PLACEMENT_3D ( 'NONE', #2884, #2870, #561 ) ;
#2462 = EDGE_CURVE ( 'NONE', #1671, #1266, #812, .T. ) ;
#2463 = CARTESIAN_POINT ( 'NONE',  ( 1532.355386536089100, 54.02997318428867857, -0.000000000000000000 ) ) ;
#2464 = AXIS2_PLACEMENT_3D ( 'NONE', #335, #1256, #1897 ) ;
#2465 = CARTESIAN_POINT ( 'NONE',  ( 1092.949122569296605, 83.32561909587805360, -0.000000000000000000 ) ) ;
#2466 = CARTESIAN_POINT ( 'NONE',  ( 522.8368421052659869, 334.0892707727322204, -6.000000000311311865E-06 ) ) ;
#2467 = VECTOR ( 'NONE', #2764, 1000.000000000000000 ) ;
#2468 = CARTESIAN_POINT ( 'NONE',  ( 1319.140575205655750, 74.88782409549500585, -0.000000000000000000 ) ) ;
#2469 = CARTESIAN_POINT ( 'NONE',  ( 604.2589443326695573, 46.40145057596721045, -0.000000000000000000 ) ) ;
#2470 = LINE ( 'NONE', #2050, #533 ) ;
#2471 = EDGE_LOOP ( 'NONE', ( #2224, #1859 ) ) ;
#2472 = ORIENTED_EDGE ( 'NONE', *, *, #643, .T. ) ;
#2473 = CARTESIAN_POINT ( 'NONE',  ( 279.7150964662585011, 367.3199885204782618, -0.000000000000000000 ) ) ;
#2474 = CARTESIAN_POINT ( 'NONE',  ( 1128.151228728092519, 307.1812526571447393, -0.000000000000000000 ) ) ;
#2475 = CARTESIAN_POINT ( 'NONE',  ( 778.2859316247287325, 100.5324121821920471, 0.000000000000000000 ) ) ;
#2476 = ORIENTED_EDGE ( 'NONE', *, *, #1802, .T. ) ;
#2477 = CARTESIAN_POINT ( 'NONE',  ( 1257.738215249193672, 128.7244077081655576, -0.000000000000000000 ) ) ;
#2478 = CARTESIAN_POINT ( 'NONE',  ( 1470.388128150713783, 115.9972505900570070, 0.000000000000000000 ) ) ;
#2479 = CARTESIAN_POINT ( 'NONE',  ( 578.6143691744025546, 130.9403086049557032, 0.000000000000000000 ) ) ;
#2480 = FACE_OUTER_BOUND ( 'NONE', #2635, .T. ) ;
#2481 = CARTESIAN_POINT ( 'NONE',  ( 1091.819297057006224, 77.64595604780215865, 0.000000000000000000 ) ) ;
#2482 = DIRECTION ( 'NONE',  ( -1.000000000000000000, 0.000000000000000000, 0.000000000000000000 ) ) ;
#2483 = CARTESIAN_POINT ( 'NONE',  ( 1549.547368421053534, 89.08927077275454565, -6.000000000311311865E-06 ) ) ;
#2484 = CARTESIAN_POINT ( 'NONE',  ( 92.40000000000009095, 89.08927077274496753, -6.000000000311311865E-06 ) ) ;
#2485 = DIRECTION ( 'NONE',  ( 0.000000000000000000, 0.000000000000000000, -1.000000000000000000 ) ) ;
#2486 = EDGE_CURVE ( 'NONE', #42, #1332, #2331, .T. ) ;
#2487 = DIRECTION ( 'NONE',  ( 0.000000000000000000, 0.000000000000000000, -1.000000000000000000 ) ) ;
#2488 = CARTESIAN_POINT ( 'NONE',  ( 2337.230717742821071, 304.9531216690662063, -0.000000000000000000 ) ) ;
#2489 = CARTESIAN_POINT ( 'NONE',  ( 2201.364194042022064, 131.7770233585573862, 0.000000000000000000 ) ) ;
#2490 = FACE_OUTER_BOUND ( 'NONE', #1438, .T. ) ;
#2491 = CARTESIAN_POINT ( 'NONE',  ( 1485.896109985734483, 128.7244077080423210, -0.000000000000000000 ) ) ;
#2492 = FACE_OUTER_BOUND ( 'NONE', #1107, .T. ) ;
#2493 = CARTESIAN_POINT ( 'NONE',  ( 1527.540644858347150, 50.81294855613593597, 0.000000000000000000 ) ) ;
#2494 = LINE ( 'NONE', #408, #1496 ) ;
#2495 = ORIENTED_EDGE ( 'NONE', *, *, #1679, .T. ) ;
#2496 = DIRECTION ( 'NONE',  ( -0.000000000000000000, -0.000000000000000000, -1.000000000000000000 ) ) ;
#2497 = CARTESIAN_POINT ( 'NONE',  ( 1358.137703303654462, 363.2254198690358749, -0.000000000000000000 ) ) ;
#2498 = CARTESIAN_POINT ( 'NONE',  ( 1391.368421052632812, 334.0892707727385869, 36.54176427217079492 ) ) ;
#2499 = DIRECTION ( 'NONE',  ( -1.000000000000000000, 0.000000000000000000, 0.000000000000000000 ) ) ;
#2500 = CARTESIAN_POINT ( 'NONE',  ( 1129.979857312972172, 304.9531704198313378, 0.000000000000000000 ) ) ;
#2501 = CARTESIAN_POINT ( 'NONE',  ( 785.9144439389234549, 115.9972505877032347, 0.000000000000000000 ) ) ;
#2502 = B_SPLINE_CURVE_WITH_KNOTS ( 'NONE', 3,
 ( #349, #2714, #1270, #1308, #124, #601, #164, #2009, #1038, #1558, #1965, #1054, #1513, #1279, #138, #376, #1734, #1068, #1293, #391, #2229, #2491, #152, #1982, #1995, #618, #2478, #2958, #1795, #1085, #405, #1323, #875, #2261 ),
 .UNSPECIFIED., .F., .F.,
 ( 4, 2, 2, 2, 2, 2, 2, 2, 2, 2, 2, 2, 2, 2, 2, 2, 4 ),
 ( 0.000000000000000000, 0.03125000000000016653, 0.06250000000000033307, 0.09375000000000049960, 0.1250000000000006661, 0.1562500000000007216, 0.1875000000000006939, 0.2187500000000006661, 0.2500000000000006106, 0.2812500000000006106, 0.3125000000000006106, 0.3437500000000006106, 0.3750000000000004996, 0.4062500000000003886, 0.4375000000000002776, 0.4687500000000001665, 0.5000000000000000000 ),
 .UNSPECIFIED. ) ;
#2503 = ORIENTED_EDGE ( 'NONE', *, *, #462, .F. ) ;
#2504 = FACE_BOUND ( 'NONE', #2083, .T. ) ;
#2505 = CARTESIAN_POINT ( 'NONE',  ( 1592.618297674035830, 369.1485683608979684, -0.000000000000000000 ) ) ;
#2506 = EDGE_CURVE ( 'NONE', #9, #2146, #2749, .T. ) ;
#2507 = CARTESIAN_POINT ( 'NONE',  ( 627.8750870619205671, 115.9972888881475939, -0.000000000000000000 ) ) ;
#2508 = CARTESIAN_POINT ( 'NONE',  ( 1519.648788720410494, 47.23823294055896582, 0.000000000000000000 ) ) ;
#2509 = FACE_OUTER_BOUND ( 'NONE', #775, .T. ) ;
#2510 = CARTESIAN_POINT ( 'NONE',  ( 472.9730171126564073, 290.2717616269653718, -0.000000000000000000 ) ) ;
#2511 = FACE_OUTER_BOUND ( 'NONE', #1856, .T. ) ;
#2512 = AXIS2_PLACEMENT_3D ( 'NONE', #1583, #1807, #886 ) ;
#2513 = CARTESIAN_POINT ( 'NONE',  ( 557.7564918842175530, 62.18125265888610187, -0.000000000000000000 ) ) ;
#2514 = CARTESIAN_POINT ( 'NONE',  ( 718.3378782517797845, 376.7770233585320057, 0.000000000000000000 ) ) ;
#2515 = DIRECTION ( 'NONE',  ( 0.000000000000000000, 0.000000000000000000, -1.000000000000000000 ) ) ;
#2516 = CARTESIAN_POINT ( 'NONE',  ( 2306.895297258785376, 289.9892363049176538, -0.000000000000000000 ) ) ;
#2517 = CARTESIAN_POINT ( 'NONE',  ( 835.1751308904234747, 130.9403722932250105, -0.000000000000000000 ) ) ;
#2518 = CARTESIAN_POINT ( 'NONE',  ( 1280.184770942384375, 133.1892363049255152, 0.000000000000000000 ) ) ;
#2519 = CARTESIAN_POINT ( 'NONE',  ( 1648.662464887308943, 367.3199885203349027, -0.000000000000000000 ) ) ;
#2520 = CARTESIAN_POINT ( 'NONE',  ( 614.9091042103282234, 127.3656503066668222, -0.000000000000000000 ) ) ;
#2521 = EDGE_CURVE ( 'NONE', #2800, #1874, #442, .T. ) ;
#2522 = CARTESIAN_POINT ( 'NONE',  ( 326.3815725207635410, 66.99599433474124055, 0.000000000000000000 ) ) ;
#2523 = CARTESIAN_POINT ( 'NONE',  ( 1356.309123464934373, 307.1812526571464446, -0.000000000000000000 ) ) ;
#2524 = CARTESIAN_POINT ( 'NONE',  ( 206.4789473684241727, 334.0892707727306288, 36.54176427217079492 ) ) ;
#2525 = CARTESIAN_POINT ( 'NONE',  ( 1659.161389035540651, 314.5380387153944071, 0.000000000000000000 ) ) ;
#2526 = CARTESIAN_POINT ( 'NONE',  ( 2301.104702741213714, 378.1893052405723097, -0.000000000000000000 ) ) ;
#2527 = CARTESIAN_POINT ( 'NONE',  ( 741.9540344310372575, 360.9972888870951806, -0.000000000000000000 ) ) ;
#2528 = EDGE_LOOP ( 'NONE', ( #1398, #1194, #724, #107, #259, #1504, #2446, #2271 ) ) ;
#2529 = CARTESIAN_POINT ( 'NONE',  ( 264.7803940485347880, 375.9403722931938887, -0.000000000000000000 ) ) ;
#2530 = CARTESIAN_POINT ( 'NONE',  ( 820.9736842105268124, 89.08927077274974238, 5.999999999999998224 ) ) ;
#2531 = CARTESIAN_POINT ( 'NONE',  ( 2216.829032446765268, 124.1485110443353648, 0.000000000000000000 ) ) ;
#2532 = CYLINDRICAL_SURFACE ( 'NONE', #856, 44.09999999999997300 ) ;
#2533 = CARTESIAN_POINT ( 'NONE',  ( 1917.663192362565269, 91.98456803058175524, -0.000000000000000000 ) ) ;
#2534 = CARTESIAN_POINT ( 'NONE',  ( 2407.500000000000000, 22.08927077274480055, 6.000000000000000000 ) ) ;
#2535 = EDGE_CURVE ( 'NONE', #2162, #27, #311, .T. ) ;
#2536 = CARTESIAN_POINT ( 'NONE',  ( 961.9606496933105291, 299.0299731836527144, -0.000000000000000000 ) ) ;
#2537 = CYLINDRICAL_SURFACE ( 'NONE', #2953, 44.09999999999980957 ) ;
#2538 = CARTESIAN_POINT ( 'NONE',  ( 206.7615058336429001, 328.3254592296877377, -0.000000000000000000 ) ) ;
#2539 = CARTESIAN_POINT ( 'NONE',  ( 1575.426281321646684, 331.1939735119521515, 0.000000000000000000 ) ) ;
#2540 = CARTESIAN_POINT ( 'NONE',  ( 158.5932764380631284, 50.81294855674287447, 0.000000000000000000 ) ) ;
#2541 = DIRECTION ( 'NONE',  ( 0.000000000000000000, 0.000000000000000000, -1.000000000000000000 ) ) ;
#2542 = ORIENTED_EDGE ( 'NONE', *, *, #779, .T. ) ;
#2543 = PLANE ( 'NONE',  #132 ) ;
#2544 = CARTESIAN_POINT ( 'NONE',  ( 1201.486905850368657, 311.9959560373460477, -0.000000000000000000 ) ) ;
#2545 = CARTESIAN_POINT ( 'NONE',  ( 1076.039558763855212, 124.1485110434586545, 0.000000000000000000 ) ) ;
#2546 = CARTESIAN_POINT ( 'NONE',  ( 1166.105823573194812, 378.1892363049096275, 0.000000000000000000 ) ) ;
#2547 = CARTESIAN_POINT ( 'NONE',  ( 1663.343757324680382, 339.8530823158027943, -0.000000000000000000 ) ) ;
#2548 = FACE_OUTER_BOUND ( 'NONE', #283, .T. ) ;
#2549 = CARTESIAN_POINT ( 'NONE',  ( 434.6368421052659414, 334.0892707727322204, 36.54176427217079492 ) ) ;
#2550 = DIRECTION ( 'NONE',  ( -0.000000000000000000, -0.000000000000000000, -1.000000000000000000 ) ) ;
#2551 = CARTESIAN_POINT ( 'NONE',  ( 2033.154285065184922, 322.6461159160982106, -0.000000000000000000 ) ) ;
#2552 = CARTESIAN_POINT ( 'NONE',  ( 1662.214033899111882, 322.6459560478675144, 0.000000000000000000 ) ) ;
#2553 = CARTESIAN_POINT ( 'NONE',  ( 2345.851037831264421, 348.2906910748907876, 0.000000000000000000 ) ) ;
#2554 = VERTEX_POINT ( 'NONE', #754 ) ;
#2555 = EDGE_LOOP ( 'NONE', ( #1232, #2429, #1541, #642 ) ) ;
#2556 = VECTOR ( 'NONE', #850, 1000.000000000000000 ) ;
#2557 = FACE_BOUND ( 'NONE', #2675, .T. ) ;
#2558 = CARTESIAN_POINT ( 'NONE',  ( 1990.899258246759246, 55.85860176884406769, 0.000000000000000000 ) ) ;
#2559 = EDGE_LOOP ( 'NONE', ( #1219, #1407, #318, #1835 ) ) ;
#2560 = APPLICATION_CONTEXT ( 'automotive_design' ) ;
#2561 = CARTESIAN_POINT ( 'NONE',  ( 748.7458383623595637, 319.8878240924818783, -0.000000000000000000 ) ) ;
#2562 = CARTESIAN_POINT ( 'NONE',  ( 1141.117249878901475, 372.3655929896635826, 0.000000000000000000 ) ) ;
#2563 = ORIENTED_EDGE ( 'NONE', *, *, #1568, .F. ) ;
#2564 = CARTESIAN_POINT ( 'NONE',  ( 2119.942105263157828, 334.0892707727449533, -6.000000000311311865E-06 ) ) ;
#2565 = STYLED_ITEM ( 'NONE', ( #1970 ), #839 ) ;
#2566 = DIRECTION ( 'NONE',  ( -0.000000000000000000, -0.000000000000000000, -1.000000000000000000 ) ) ;
#2567 = CARTESIAN_POINT ( 'NONE',  ( 1388.473123794617095, 289.9893052405660114, 0.000000000000000000 ) ) ;
#2568 = CARTESIAN_POINT ( 'NONE',  ( 2031.742105263158237, 334.0892707727449533, -6.000000000311311865E-06 ) ) ;
#2569 = CARTESIAN_POINT ( 'NONE',  ( 1586.295646786655652, 304.9531704198345778, 0.000000000000000000 ) ) ;
#2570 = CARTESIAN_POINT ( 'NONE',  ( 2339.059297592930307, 360.9972888824927963, -0.000000000000000000 ) ) ;
#2571 = DIRECTION ( 'NONE',  ( 0.000000000000000000, 1.000000000000000000, 0.000000000000000000 ) ) ;
#2572 = ORIENTED_EDGE ( 'NONE', *, *, #1862, .F. ) ;
#2573 = ORIENTED_EDGE ( 'NONE', *, *, #365, .T. ) ;
#2574 = CARTESIAN_POINT ( 'NONE',  ( 1233.189473684210952, 89.08927077275291140, -6.000000000311311865E-06 ) ) ;
#2575 = DIRECTION ( 'NONE',  ( 0.000000000000000000, 0.000000000000000000, -1.000000000000000000 ) ) ;
#2576 = EDGE_CURVE ( 'NONE', #475, #1047, #2420, .T. ) ;
#2577 = ORIENTED_EDGE ( 'NONE', *, *, #2222, .T. ) ;
#2578 = EDGE_CURVE ( 'NONE', #745, #2554, #1666, .T. ) ;
#2579 = CARTESIAN_POINT ( 'NONE',  ( 692.6932901611445459, 292.2381692526237202, -0.000000000000000000 ) ) ;
#2580 = CARTESIAN_POINT ( 'NONE',  ( 1119.110526315791276, 334.0892707727369952, -6.000000000311311865E-06 ) ) ;
#2581 = ORIENTED_EDGE ( 'NONE', *, *, #631, .T. ) ;
#2582 = LINE ( 'NONE', #450, #2326 ) ;
#2583 = B_SPLINE_CURVE_WITH_KNOTS ( 'NONE', 3,
 ( #607, #596, #397, #1119, #2454, #383, #2735, #2513, #1314, #1535, #1752, #2921, #639, #1577, #1815, #428, #367, #2690, #2936, #2469, #170, #1299, #2049, #2017, #881, #626, #2235, #158, #1074, #1551, #2976, #1287, #411, #1801 ),
 .UNSPECIFIED., .F., .F.,
 ( 4, 2, 2, 2, 2, 2, 2, 2, 2, 2, 2, 2, 2, 2, 2, 2, 4 ),
 ( 0.5000000000000000000, 0.5312500000000000000, 0.5625000000000000000, 0.5937500000000000000, 0.6250000000000001110, 0.6562500000000000000, 0.6875000000000000000, 0.7187500000000000000, 0.7500000000000000000, 0.7812499999999998890, 0.8124999999999998890, 0.8437499999999997780, 0.8749999999999997780, 0.9062499999999997780, 0.9374999999999998890, 0.9687500000000000000, 1.000000000000000000 ),
 .UNSPECIFIED. ) ;
#2584 = ADVANCED_FACE ( 'NONE', ( #2601 ), #2846, .F. ) ;
#2585 = CARTESIAN_POINT ( 'NONE',  ( 320.5578602690151229, 86.19397351492195014, 0.000000000000000000 ) ) ;
#2586 = CARTESIAN_POINT ( 'NONE',  ( 1405.569841351914647, 292.2382329405310202, 0.000000000000000000 ) ) ;
#2587 = CARTESIAN_POINT ( 'NONE',  ( 2090.043525563052299, 292.2382329405375003, 0.000000000000000000 ) ) ;
#2588 = CARTESIAN_POINT ( 'NONE',  ( 1663.626315789474575, 334.0892707727401785, -6.000000000311311865E-06 ) ) ;
#2589 = CARTESIAN_POINT ( 'NONE',  ( 1847.684210526316519, 334.0892707727418269, 5.999999999999998224 ) ) ;
#2590 = VERTEX_POINT ( 'NONE', #114 ) ;
#2591 = FACE_BOUND ( 'NONE', #476, .T. ) ;
#2592 = DIRECTION ( 'NONE',  ( 0.000000000000000000, 0.000000000000000000, -1.000000000000000000 ) ) ;
#2593 = EDGE_CURVE ( 'NONE', #2386, #2219, #526, .T. ) ;
#2594 = CARTESIAN_POINT ( 'NONE',  ( 749.5824549517452624, 322.6459560507868787, 0.000000000000000000 ) ) ;
#2595 = CARTESIAN_POINT ( 'NONE',  ( 1157.446714771460165, 377.9067123070481671, 0.000000000000000000 ) ) ;
#2596 = ORIENTED_EDGE ( 'NONE', *, *, #1084, .F. ) ;
#2597 = CARTESIAN_POINT ( 'NONE',  ( 865.0736842105267215, 89.08927077274974238, 36.54176427217079492 ) ) ;
#2598 = DIRECTION ( 'NONE',  ( 1.000000000000000000, 0.000000000000000000, 0.000000000000000000 ) ) ;
#2599 = CARTESIAN_POINT ( 'NONE',  ( 2061.640658582599372, 292.2381692523402990, -0.000000000000000000 ) ) ;
#2600 = CARTESIAN_POINT ( 'NONE',  ( 2424.000000000000000, 414.0892707727450102, 6.000000000000000000 ) ) ;
#2601 = FACE_OUTER_BOUND ( 'NONE', #1889, .T. ) ;
#2602 = CARTESIAN_POINT ( 'NONE',  ( 101.4407597287576834, 115.9972505882387992, 0.000000000000000000 ) ) ;
#2603 = ORIENTED_EDGE ( 'NONE', *, *, #2623, .T. ) ;
#2604 = ORIENTED_EDGE ( 'NONE', *, *, #2236, .T. ) ;
#2605 = AXIS2_PLACEMENT_3D ( 'NONE', #1350, #2487, #2978 ) ;
#2606 = CARTESIAN_POINT ( 'NONE',  ( 1207.028069937718783, 328.3256190957872036, -0.000000000000000000 ) ) ;
#2607 = CARTESIAN_POINT ( 'NONE',  ( 1599.975057354155069, 373.7244077080279112, -0.000000000000000000 ) ) ;
#2608 = AXIS2_PLACEMENT_3D ( 'NONE', #632, #434, #2740 ) ;
#2609 = CARTESIAN_POINT ( 'NONE',  ( 706.8947368421077044, 334.0892707727338120, 5.999999999999998224 ) ) ;
#2610 = CARTESIAN_POINT ( 'NONE',  ( 1201.486848532868635, 356.1825472096288649, 0.000000000000000000 ) ) ;
#2611 = ORIENTED_EDGE ( 'NONE', *, *, #2259, .F. ) ;
#2612 = VECTOR ( 'NONE', #1616, 1000.000000000000000 ) ;
#2613 = CARTESIAN_POINT ( 'NONE',  ( 393.7939950896336541, 55.85860176975558744, 0.000000000000000000 ) ) ;
#2614 = AXIS2_PLACEMENT_3D ( 'NONE', #2239, #172, #2499 ) ;
#2615 = CARTESIAN_POINT ( 'NONE',  ( 393.7940438346768133, 122.3199885204943200, -0.000000000000000000 ) ) ;
#2616 = CARTESIAN_POINT ( 'NONE',  ( 1745.048404567952502, 131.7770233585542030, 0.000000000000000000 ) ) ;
#2617 = EDGE_CURVE ( 'NONE', #1263, #1950, #1476, .T. ) ;
#2618 = CARTESIAN_POINT ( 'NONE',  ( 1296.840705739787381, 128.7243440196151880, 0.000000000000000000 ) ) ;
#2619 = CARTESIAN_POINT ( 'NONE',  ( 978.8700731135435262, 339.8530823157979057, -0.000000000000000000 ) ) ;
#2620 = DIRECTION ( 'NONE',  ( 0.000000000000000000, 1.000000000000000000, 0.000000000000000000 ) ) ;
#2621 = VERTEX_POINT ( 'NONE', #351 ) ;
#2622 = CARTESIAN_POINT ( 'NONE',  ( 1435.185862587838983, 339.8530823158011458, -0.000000000000000000 ) ) ;
#2623 = EDGE_CURVE ( 'NONE', #1022, #1646, #2755, .T. ) ;
#2624 = CARTESIAN_POINT ( 'NONE',  ( 1825.590895791378216, 295.8128912379136182, -0.000000000000000000 ) ) ;
#2625 = CARTESIAN_POINT ( 'NONE',  ( 472.9730305619401065, 377.9067123073963330, 0.000000000000000000 ) ) ;
#2626 = EDGE_LOOP ( 'NONE', ( #2220, #614, #761, #576 ) ) ;
#2627 = B_SPLINE_CURVE_WITH_KNOTS ( 'NONE', 3,
 ( #2574, #11, #29, #514, #1365, #2992, #944, #2303, #2116, #1872, #497, #219, #459, #46, #1433, #2370, #285, #797, #2148, #1492, #1505, #1958, #63, #976, #1673, #530, #771, #880, #145, #2468, #2000, #1576, #1800, #2734 ),
 .UNSPECIFIED., .F., .F.,
 ( 4, 2, 2, 2, 2, 2, 2, 2, 2, 2, 2, 2, 2, 2, 2, 2, 4 ),
 ( 0.5000000000000000000, 0.5312500000000000000, 0.5625000000000000000, 0.5937500000000000000, 0.6250000000000000000, 0.6562500000000000000, 0.6874999999999998890, 0.7187499999999998890, 0.7499999999999998890, 0.7812499999999998890, 0.8124999999999998890, 0.8437499999999997780, 0.8749999999999997780, 0.9062499999999997780, 0.9374999999999997780, 0.9687499999999998890, 1.000000000000000000 ),
 .UNSPECIFIED. ) ;
#2628 = LINE ( 'NONE', #1707, #616 ) ;
#2629 = CARTESIAN_POINT ( 'NONE',  ( 361.7625974785159428, 133.1893052405738445, -0.000000000000000000 ) ) ;
#2630 = DIRECTION ( 'NONE',  ( 0.000000000000000000, 0.000000000000000000, -1.000000000000000000 ) ) ;
#2631 = ADVANCED_FACE ( 'NONE', ( #1326 ), #1057, .F. ) ;
#2632 = DIRECTION ( 'NONE',  ( -0.000000000000000000, -0.000000000000000000, -1.000000000000000000 ) ) ;
#2633 = CARTESIAN_POINT ( 'NONE',  ( 891.2351224331827098, 339.8530957651921085, -0.000000000000000000 ) ) ;
#2634 = CARTESIAN_POINT ( 'NONE',  ( 2407.500000000000000, 22.08927077274480055, 6.000000000000000000 ) ) ;
#2635 = EDGE_LOOP ( 'NONE', ( #2848, #587, #483, #2260 ) ) ;
#2636 = CARTESIAN_POINT ( 'NONE',  ( 2229.556125879374122, 69.53803872110395901, 0.000000000000000000 ) ) ;
#2637 = EDGE_CURVE ( 'NONE', #2205, #2359, #1880, .T. ) ;
#2638 = EDGE_LOOP ( 'NONE', ( #389, #2805 ) ) ;
#2639 = CARTESIAN_POINT ( 'NONE',  ( 0.000000000000000000, 414.0892707727450102, 6.000000000000000000 ) ) ;
#2640 = CARTESIAN_POINT ( 'NONE',  ( 434.6368421052659414, 334.0892707727322204, -6.000000000311311865E-06 ) ) ;
#2641 = ORIENTED_EDGE ( 'NONE', *, *, #1062, .T. ) ;
#2642 = DIRECTION ( 'NONE',  ( 0.000000000000000000, 0.000000000000000000, -1.000000000000000000 ) ) ;
#2643 = CARTESIAN_POINT ( 'NONE',  ( 384.2091267913326647, 128.7243440198553799, 0.000000000000000000 ) ) ;
#2644 = CARTESIAN_POINT ( 'NONE',  ( 1760.513242974381455, 124.1485110434634294, 0.000000000000000000 ) ) ;
#2645 = CARTESIAN_POINT ( 'NONE',  ( 1316.924610619972100, 108.6405292077444358, -0.000000000000000000 ) ) ;
#2646 = CARTESIAN_POINT ( 'NONE',  ( 976.9036694117116895, 348.2906910712642912, 0.000000000000000000 ) ) ;
#2647 = CARTESIAN_POINT ( 'NONE',  ( 856.0329244823388990, 62.18129095818491692, 0.000000000000000000 ) ) ;
#2648 = EDGE_LOOP ( 'NONE', ( #1269, #987, #958, #1155 ) ) ;
#2649 = CARTESIAN_POINT ( 'NONE',  ( 2223.151770374054649, 59.95312166863805459, -0.000000000000000000 ) ) ;
#2650 = EDGE_LOOP ( 'NONE', ( #2542, #1291 ) ) ;
#2651 = ADVANCED_FACE ( 'NONE', ( #622 ), #2282, .F. ) ;
#2652 = CARTESIAN_POINT ( 'NONE',  ( 1809.407888308930751, 311.9959943360050829, 0.000000000000000000 ) ) ;
#2653 = FACE_OUTER_BOUND ( 'NONE', #799, .T. ) ;
#2654 = VERTEX_POINT ( 'NONE', #2960 ) ;
#2655 = AXIS2_PLACEMENT_3D ( 'NONE', #2530, #2752, #679 ) ;
#2656 = B_SPLINE_CURVE_WITH_KNOTS ( 'NONE', 3,
 ( #727, #460, #498, #692, #531, #237, #2304, #30, #2068, #2994, #12, #913, #1837, #945, #1158, #1381, #1854, #271, #2770, #2786, #1625, #1418, #47, #1873, #2558, #481, #1401, #2341, #1191, #515, #254, #2803, #960, #1892 ),
 .UNSPECIFIED., .F., .F.,
 ( 4, 2, 2, 2, 2, 2, 2, 2, 2, 2, 2, 2, 2, 2, 2, 2, 4 ),
 ( 0.5000000000000000000, 0.5312500000000000000, 0.5624999999999998890, 0.5937499999999997780, 0.6249999999999997780, 0.6562499999999997780, 0.6874999999999997780, 0.7187499999999997780, 0.7499999999999997780, 0.7812499999999997780, 0.8124999999999997780, 0.8437499999999997780, 0.8749999999999997780, 0.9062499999999997780, 0.9374999999999998890, 0.9687500000000000000, 1.000000000000000000 ),
 .UNSPECIFIED. ) ;
#2657 = CARTESIAN_POINT ( 'NONE',  ( 331.4272257342362877, 59.95317041958961113, 0.000000000000000000 ) ) ;
#2658 = ADVANCED_FACE ( 'NONE', ( #2480 ), #1530, .F. ) ;
#2659 = CARTESIAN_POINT ( 'NONE',  ( 1691.754161636363278, 103.2907174497253919, -0.000000000000000000 ) ) ;
#2660 = AXIS2_PLACEMENT_3D ( 'NONE', #420, #876, #1996 ) ;
#2661 = CARTESIAN_POINT ( 'NONE',  ( 961.9606113938291401, 369.1485110443116469, 0.000000000000000000 ) ) ;
#2662 = ORIENTED_EDGE ( 'NONE', *, *, #1679, .F. ) ;
#2663 = AXIS2_PLACEMENT_3D ( 'NONE', #1246, #2847, #1737 ) ;
#2664 = CARTESIAN_POINT ( 'NONE',  ( 1435.468421052632948, 334.0892707727385869, -6.000000000311311865E-06 ) ) ;
#2665 = CARTESIAN_POINT ( 'NONE',  ( 2160.784952273824274, 122.3199397698492277, 0.000000000000000000 ) ) ;
#2666 = ORIENTED_EDGE ( 'NONE', *, *, #204, .F. ) ;
#2667 = CARTESIAN_POINT ( 'NONE',  ( 1833.482763846936678, 292.2381692522560002, -0.000000000000000000 ) ) ;
#2668 = LINE ( 'NONE', #122, #284 ) ;
#2669 = ORIENTED_EDGE ( 'NONE', *, *, #2535, .F. ) ;
#2670 = CARTESIAN_POINT ( 'NONE',  ( 1812.624970255976223, 360.9972505900825581, 0.000000000000000000 ) ) ;
#2671 = CARTESIAN_POINT ( 'NONE',  ( 1727.841451614630614, 132.9067123074323717, 0.000000000000000000 ) ) ;
#2672 = CARTESIAN_POINT ( 'NONE',  ( 1547.298469942483052, 74.88782409542294261, -0.000000000000000000 ) ) ;
#2673 = CARTESIAN_POINT ( 'NONE',  ( 776.8736842105269034, 89.08927077274972817, -6.000000000311311865E-06 ) ) ;
#2674 = ORIENTED_EDGE ( 'NONE', *, *, #2070, .F. ) ;
#2675 = EDGE_LOOP ( 'NONE', ( #234, #2581 ) ) ;
#2676 = CARTESIAN_POINT ( 'NONE',  ( 1917.663157894737651, 89.08927077275770046, -6.000000000311311865E-06 ) ) ;
#2677 = CARTESIAN_POINT ( 'NONE',  ( 1405.569867732012426, 375.9403722932244136, -0.000000000000000000 ) ) ;
#2678 = ORIENTED_EDGE ( 'NONE', *, *, #792, .T. ) ;
#2679 = CARTESIAN_POINT ( 'NONE',  ( 1207.310526315791321, 334.0892707727369952, 5.999999999999998224 ) ) ;
#2680 = CARTESIAN_POINT ( 'NONE',  ( 484.5006670977226690, 377.9067799184991259, -0.000000000000000000 ) ) ;
#2681 = EDGE_LOOP ( 'NONE', ( #2392, #291, #48, #2114 ) ) ;
#2682 = EDGE_CURVE ( 'NONE', #2554, #745, #2179, .T. ) ;
#2683 = CARTESIAN_POINT ( 'NONE',  ( 1803.584210526316383, 334.0892707727418269, -6.000000000311311865E-06 ) ) ;
#2684 = DIRECTION ( 'NONE',  ( 0.000000000000000000, 0.000000000000000000, -1.000000000000000000 ) ) ;
#2685 = EDGE_CURVE ( 'NONE', #2898, #9, #2059, .T. ) ;
#2686 = CARTESIAN_POINT ( 'NONE',  ( 1491.245921741584652, 47.23816925219068708, -0.000000000000000000 ) ) ;
#2687 = CYLINDRICAL_SURFACE ( 'NONE', #1979, 44.09999999999994458 ) ;
#2688 = ORIENTED_EDGE ( 'NONE', *, *, #1100, .T. ) ;
#2689 = CARTESIAN_POINT ( 'NONE',  ( 1391.368421052632812, 334.0892707727385869, 5.999999999999998224 ) ) ;
#2690 = CARTESIAN_POINT ( 'NONE',  ( 595.7110867319714771, 44.98923630492082992, -0.000000000000000000 ) ) ;
#2691 = CARTESIAN_POINT ( 'NONE',  ( 179.1878201968885662, 100.5324256311879765, -0.000000000000000000 ) ) ;
#2692 = VERTEX_POINT ( 'NONE', #197 ) ;
#2693 = FACE_OUTER_BOUND ( 'NONE', #1733, .T. ) ;
#2694 = LINE ( 'NONE', #192, #2122 ) ;
#2695 = CARTESIAN_POINT ( 'NONE',  ( 781.3386109631170484, 108.6405028261888788, 0.000000000000000000 ) ) ;
#2696 = ORIENTED_EDGE ( 'NONE', *, *, #2259, .T. ) ;
#2697 = CARTESIAN_POINT ( 'NONE',  ( 1271.525662140590839, 132.9067123073585037, 0.000000000000000000 ) ) ;
#2698 = VECTOR ( 'NONE', #625, 1000.000000000000000 ) ;
#2699 = CARTESIAN_POINT ( 'NONE',  ( 1808.049137280367631, 353.6405028303704512, 0.000000000000000000 ) ) ;
#2700 = CARTESIAN_POINT ( 'NONE',  ( 632.4509264083757216, 108.6405292088826826, -0.000000000000000000 ) ) ;
#2701 = VECTOR ( 'NONE', #2442, 1000.000000000000000 ) ;
#2702 = DIRECTION ( 'NONE',  ( -1.000000000000000000, 0.000000000000000000, 0.000000000000000000 ) ) ;
#2703 = CARTESIAN_POINT ( 'NONE',  ( 1037.688437537216259, 46.40151818695322561, 0.000000000000000000 ) ) ;
#2704 = CARTESIAN_POINT ( 'NONE',  ( 522.5543857271933348, 328.3256190927034481, -0.000000000000000000 ) ) ;
#2705 = VECTOR ( 'NONE', #2630, 1000.000000000000000 ) ;
#2706 = CARTESIAN_POINT ( 'NONE',  ( 1049.131578947369007, 89.08927077275133399, 5.999999999999998224 ) ) ;
#2707 = CARTESIAN_POINT ( 'NONE',  ( 125.0568585901531407, 46.40151818694685915, 0.000000000000000000 ) ) ;
#2708 = CARTESIAN_POINT ( 'NONE',  ( 687.3434784075941479, 373.7244077083553861, -0.000000000000000000 ) ) ;
#2709 = AXIS2_PLACEMENT_3D ( 'NONE', #2609, #1961, #2390 ) ;
#2710 = CYLINDRICAL_SURFACE ( 'NONE', #1967, 44.09999999999991616 ) ;
#2711 = CARTESIAN_POINT ( 'NONE',  ( 1166.105823573807129, 289.9892363049096389, -0.000000000000000000 ) ) ;
#2712 = LINE ( 'NONE', #2039, #1391 ) ;
#2713 = FACE_BOUND ( 'NONE', #1838, .T. ) ;
#2714 = CARTESIAN_POINT ( 'NONE',  ( 1549.547368421053079, 91.98474132560271244, 0.000000000000000000 ) ) ;
#2715 = CARTESIAN_POINT ( 'NONE',  ( 631.0921116905331019, 111.1825472096776366, 0.000000000000000000 ) ) ;
#2716 = CARTESIAN_POINT ( 'NONE',  ( 892.3648113819297123, 322.6461159145256374, -0.000000000000000000 ) ) ;
#2717 = CARTESIAN_POINT ( 'NONE',  ( 1027.038264211752221, 50.81289123831883359, -0.000000000000000000 ) ) ;
#2718 = CARTESIAN_POINT ( 'NONE',  ( 443.6775445164915368, 307.1812526580627036, -0.000000000000000000 ) ) ;
#2719 = EDGE_CURVE ( 'NONE', #2784, #2692, #2043, .T. ) ;
#2720 = CARTESIAN_POINT ( 'NONE',  ( 2348.099999999999454, 334.0892707727449533, 5.999999999999998224 ) ) ;
#2721 = CARTESIAN_POINT ( 'NONE',  ( 101.4407024109562627, 62.18125265842149929, -0.000000000000000000 ) ) ;
#2722 = CARTESIAN_POINT ( 'NONE',  ( 662.7947713099350722, 336.9845680305968472, -0.000000000000000000 ) ) ;
#2723 = EDGE_CURVE ( 'NONE', #1047, #13, #1632, .T. ) ;
#2724 = CYLINDRICAL_SURFACE ( 'NONE', #2605, 44.10000000000008669 ) ;
#2725 = CARTESIAN_POINT ( 'NONE',  ( 2342.276379531135262, 311.9959560305231889, -0.000000000000000000 ) ) ;
#2726 = CARTESIAN_POINT ( 'NONE',  ( 809.5305293523244927, 131.7770909697090076, -0.000000000000000000 ) ) ;
#2727 = FACE_BOUND ( 'NONE', #2934, .T. ) ;
#2728 = CARTESIAN_POINT ( 'NONE',  ( 2005.580599428139294, 94.85308231866115136, -0.000000000000000000 ) ) ;
#2729 = CARTESIAN_POINT ( 'NONE',  ( 565.9077713591680094, 124.1485683615224076, -0.000000000000000000 ) ) ;
#2730 = CARTESIAN_POINT ( 'NONE',  ( 1540.506608691560132, 62.18129095574004594, 0.000000000000000000 ) ) ;
#2731 = CARTESIAN_POINT ( 'NONE',  ( 1078.267679299390693, 55.85860176883767281, 0.000000000000000000 ) ) ;
#2732 = DIRECTION ( 'NONE',  ( 0.000000000000000000, 0.000000000000000000, -1.000000000000000000 ) ) ;
#2733 = B_SPLINE_CURVE_WITH_KNOTS ( 'NONE', 3,
 ( #2432, #2197, #2182, #345, #1731, #2869, #2652, #91, #2153, #573, #1692, #2624, #105, #2667, #2403, #2911, #1469, #2165, #1020, #585, #786, #2444, #1704, #1495, #357, #78, #1276, #2209, #133, #534, #1456, #304, #1223, #990 ),
 .UNSPECIFIED., .F., .F.,
 ( 4, 2, 2, 2, 2, 2, 2, 2, 2, 2, 2, 2, 2, 2, 2, 2, 4 ),
 ( 0.5000000000000000000, 0.5312500000000000000, 0.5625000000000000000, 0.5937500000000000000, 0.6250000000000000000, 0.6562500000000000000, 0.6875000000000000000, 0.7187500000000000000, 0.7500000000000000000, 0.7812500000000000000, 0.8125000000000000000, 0.8437500000000000000, 0.8750000000000000000, 0.9062500000000000000, 0.9375000000000000000, 0.9687500000000000000, 1.000000000000000000 ),
 .UNSPECIFIED. ) ;
#2734 = CARTESIAN_POINT ( 'NONE',  ( 1321.389473684211225, 89.08927077275293982, -6.000000000311311865E-06 ) ) ;
#2735 = CARTESIAN_POINT ( 'NONE',  ( 554.5394672580670203, 66.99599433428129203, 0.000000000000000000 ) ) ;
#2736 = CARTESIAN_POINT ( 'NONE',  ( 171.5592975889295815, 115.9972888871062224, -0.000000000000000000 ) ) ;
#2737 = CARTESIAN_POINT ( 'NONE',  ( 1093.231578947368916, 89.08927077275133399, 5.999999999999998224 ) ) ;
#2738 = CARTESIAN_POINT ( 'NONE',  ( 1182.761784751110781, 294.4541338374492625, -0.000000000000000000 ) ) ;
#2739 = CARTESIAN_POINT ( 'NONE',  ( 522.8368421052659869, 334.0892707727322204, 5.999999999999998224 ) ) ;
#2740 = DIRECTION ( 'NONE',  ( 1.000000000000000000, 0.000000000000000000, 0.000000000000000000 ) ) ;
#2741 = CARTESIAN_POINT ( 'NONE',  ( 1932.627057543140381, 122.3199397772291377, 0.000000000000000000 ) ) ;
#2742 = FACE_OUTER_BOUND ( 'NONE', #356, .T. ) ;
#2743 = AXIS2_PLACEMENT_3D ( 'NONE', #2706, #2496, #1073 ) ;
#2744 = CARTESIAN_POINT ( 'NONE',  ( 322.8068569045514664, 74.88785047343648671, 0.000000000000000000 ) ) ;
#2745 = CARTESIAN_POINT ( 'NONE',  ( 1009.496442012107991, 69.53801233685767613, -0.000000000000000000 ) ) ;
#2746 = CARTESIAN_POINT ( 'NONE',  ( 2424.000000000000000, 414.0892707727450102, 6.000000000000000000 ) ) ;
#2747 = AXIS2_PLACEMENT_3D ( 'NONE', #1028, #1014, #767 ) ;
#2748 = CARTESIAN_POINT ( 'NONE',  ( 1847.684210526316519, 334.0892707727418269, 36.54176427217079492 ) ) ;
#2749 = LINE ( 'NONE', #674, #2375 ) ;
#2750 = CARTESIAN_POINT ( 'NONE',  ( 750.9947368421073861, 336.9847413225421633, 0.000000000000000000 ) ) ;
#2751 = FACE_BOUND ( 'NONE', #2413, .T. ) ;
#2752 = DIRECTION ( 'NONE',  ( -0.000000000000000000, -0.000000000000000000, -1.000000000000000000 ) ) ;
#2753 = CARTESIAN_POINT ( 'NONE',  ( 862.8247220433305529, 103.2906910712544288, 0.000000000000000000 ) ) ;
#2754 = AXIS2_PLACEMENT_3D ( 'NONE', #2956, #446, #221 ) ;
#2755 = B_SPLINE_CURVE_WITH_KNOTS ( 'NONE', 3,
 ( #2411, #567, #2892, #807, #126, #579, #1502, #1901, #2831, #2384, #1070, #1749, #1985, #2686, #1997, #1573, #1344, #863, #2263, #2932, #2508, #1781, #2493, #2463, #141, #378, #2730, #2029, #847, #2672, #422, #592, #407, #1102 ),
 .UNSPECIFIED., .F., .F.,
 ( 4, 2, 2, 2, 2, 2, 2, 2, 2, 2, 2, 2, 2, 2, 2, 2, 4 ),
 ( 0.5000000000000000000, 0.5312500000000000000, 0.5625000000000000000, 0.5937500000000000000, 0.6250000000000000000, 0.6562500000000000000, 0.6875000000000000000, 0.7187500000000000000, 0.7500000000000000000, 0.7812500000000000000, 0.8125000000000000000, 0.8437500000000000000, 0.8750000000000000000, 0.9062500000000000000, 0.9375000000000000000, 0.9687500000000000000, 1.000000000000000000 ),
 .UNSPECIFIED. ) ;
#2756 = VECTOR ( 'NONE', #916, 1000.000000000000000 ) ;
#2757 = ADVANCED_FACE ( 'NONE', ( #506 ), #1881, .F. ) ;
#2758 = FACE_BOUND ( 'NONE', #300, .T. ) ;
#2759 = EDGE_CURVE ( 'NONE', #2926, #2554, #2972, .T. ) ;
#2760 = CARTESIAN_POINT ( 'NONE',  ( 1586.295598040495861, 363.2254198690374665, -0.000000000000000000 ) ) ;
#2761 = CARTESIAN_POINT ( 'NONE',  ( 1049.131578947369007, 89.08927077275133399, 5.999999999999998224 ) ) ;
#2762 = DIRECTION ( 'NONE',  ( 0.000000000000000000, 0.000000000000000000, -1.000000000000000000 ) ) ;
#2763 = CARTESIAN_POINT ( 'NONE',  ( 1347.268386584805512, 331.1939735119503894, 0.000000000000000000 ) ) ;
#2764 = DIRECTION ( 'NONE',  ( -0.000000000000000000, -0.000000000000000000, -1.000000000000000000 ) ) ;
#2765 = CARTESIAN_POINT ( 'NONE',  ( 1575.426350257302602, 336.9845680335282623, -0.000000000000000000 ) ) ;
#2766 = CARTESIAN_POINT ( 'NONE',  ( 1575.426315789474529, 334.0892707727401785, -6.000000000311311865E-06 ) ) ;
#2767 = CARTESIAN_POINT ( 'NONE',  ( 364.6578947368424224, 89.08927077274655915, 5.999999999999998224 ) ) ;
#2768 = ORIENTED_EDGE ( 'NONE', *, *, #2623, .F. ) ;
#2769 = FACE_BOUND ( 'NONE', #1691, .T. ) ;
#2770 = CARTESIAN_POINT ( 'NONE',  ( 1967.526969437792332, 45.27182923795615466, 0.000000000000000000 ) ) ;
#2771 = CARTESIAN_POINT ( 'NONE',  ( 1082.362247950187793, 118.2253711256569488, 0.000000000000000000 ) ) ;
#2772 = CARTESIAN_POINT ( 'NONE',  ( 1190.118506131975664, 369.1485110434925332, 0.000000000000000000 ) ) ;
#2773 = CARTESIAN_POINT ( 'NONE',  ( 1654.585613377481877, 360.9972888881771951, -0.000000000000000000 ) ) ;
#2774 = CARTESIAN_POINT ( 'NONE',  ( 2037.565725732022429, 356.1825855149667746, -0.000000000000000000 ) ) ;
#2775 = CARTESIAN_POINT ( 'NONE',  ( 968.2833493273114982, 304.9531216756684557, -0.000000000000000000 ) ) ;
#2776 = LINE ( 'NONE', #468, #2277 ) ;
#2777 = CARTESIAN_POINT ( 'NONE',  ( 2040.782807670535476, 307.1812526626888484, -0.000000000000000000 ) ) ;
#2778 = EDGE_CURVE ( 'NONE', #475, #2865, #2310, .T. ) ;
#2779 =( LENGTH_UNIT ( ) NAMED_UNIT ( * ) SI_UNIT ( .MILLI., .METRE. ) );
#2780 = CARTESIAN_POINT ( 'NONE',  ( 1590.390166691640161, 300.8585530249924318, -0.000000000000000000 ) ) ;
#2781 = CARTESIAN_POINT ( 'NONE',  ( 2348.099999999999454, 334.0892707727449533, -6.000000000311311865E-06 ) ) ;
#2782 = CARTESIAN_POINT ( 'NONE',  ( 107.3638996467859528, 122.3199397752940030, 0.000000000000000000 ) ) ;
#2783 = ORIENTED_EDGE ( 'NONE', *, *, #2927, .F. ) ;
#2784 = VERTEX_POINT ( 'NONE', #1389 ) ;
#2785 = FACE_BOUND ( 'NONE', #2810, .T. ) ;
#2786 = CARTESIAN_POINT ( 'NONE',  ( 1973.206312753504790, 46.40145057599445977, -0.000000000000000000 ) ) ;
#2787 = EDGE_CURVE ( 'NONE', #1301, #2004, #375, .T. ) ;
#2788 = ORIENTED_EDGE ( 'NONE', *, *, #2861, .T. ) ;
#2789 = CARTESIAN_POINT ( 'NONE',  ( 679.9867570266252415, 299.0300305014073388, 0.000000000000000000 ) ) ;
#2790 = CARTESIAN_POINT ( 'NONE',  ( 2424.000000000000000, 234.0892707727449817, 0.000000000000000000 ) ) ;
#2791 = ORIENTED_EDGE ( 'NONE', *, *, #792, .F. ) ;
#2792 = CARTESIAN_POINT ( 'NONE',  ( 2090.043551943716466, 375.9403722931496077, -0.000000000000000000 ) ) ;
#2793 = DIRECTION ( 'NONE',  ( 0.000000000000000000, -0.000000000000000000, 1.000000000000000000 ) ) ;
#2794 = CARTESIAN_POINT ( 'NONE',  ( 1369.275106317694281, 295.8128912379103781, -0.000000000000000000 ) ) ;
#2795 = CARTESIAN_POINT ( 'NONE',  ( 2102.750123373673887, 299.0299731808881347, -0.000000000000000000 ) ) ;
#2796 = EDGE_CURVE ( 'NONE', #2801, #2440, #1128, .T. ) ;
#2797 = CARTESIAN_POINT ( 'NONE',  ( 1689.505228690067952, 86.19397351185321554, 0.000000000000000000 ) ) ;
#2798 = CARTESIAN_POINT ( 'NONE',  ( 2326.093314737143373, 372.3656503062533716, -0.000000000000000000 ) ) ;
#2799 = CARTESIAN_POINT ( 'NONE',  ( 16.50000000000000000, 22.08927077274480055, 6.000000000000000000 ) ) ;
#2800 = VERTEX_POINT ( 'NONE', #262 ) ;
#2801 = VERTEX_POINT ( 'NONE', #1182 ) ;
#2802 = CARTESIAN_POINT ( 'NONE',  ( 223.6709292539852925, 369.1485683616592155, -0.000000000000000000 ) ) ;
#2803 = CARTESIAN_POINT ( 'NONE',  ( 2005.580701516664931, 83.32561909280488521, -0.000000000000000000 ) ) ;
#2804 = ORIENTED_EDGE ( 'NONE', *, *, #589, .T. ) ;
#2805 = ORIENTED_EDGE ( 'NONE', *, *, #1035, .T. ) ;
#2806 = AXIS2_PLACEMENT_3D ( 'NONE', #2231, #1546, #1296 ) ;
#2807 = FACE_OUTER_BOUND ( 'NONE', #829, .T. ) ;
#2808 = VECTOR ( 'NONE', #1865, 1000.000000000000000 ) ;
#2809 = CARTESIAN_POINT ( 'NONE',  ( 1207.027967850997129, 339.8530823157995542, -0.000000000000000000 ) ) ;
#2810 = EDGE_LOOP ( 'NONE', ( #487, #1173 ) ) ;
#2811 = DIRECTION ( 'NONE',  ( -1.000000000000000000, 0.000000000000000000, 0.000000000000000000 ) ) ;
#2812 = CARTESIAN_POINT ( 'NONE',  ( 1321.389473684211225, 89.08927077275292561, 36.54176427217079492 ) ) ;
#2813 = CARTESIAN_POINT ( 'NONE',  ( 1351.733284117455469, 314.5380123367201008, -0.000000000000000000 ) ) ;
#2814 = CARTESIAN_POINT ( 'NONE',  ( 2048.934125447368842, 299.0300305014185938, 0.000000000000000000 ) ) ;
#2815 = CARTESIAN_POINT ( 'NONE',  ( 1581.249993572089124, 311.9959943360033776, 0.000000000000000000 ) ) ;
#2816 = CARTESIAN_POINT ( 'NONE',  ( 2261.312247414813555, 345.5324121853417978, 0.000000000000000000 ) ) ;
#2817 = CARTESIAN_POINT ( 'NONE',  ( 150.7014466801815331, 130.9403722931023424, -0.000000000000000000 ) ) ;
#2818 = ORIENTED_EDGE ( 'NONE', *, *, #402, .T. ) ;
#2819 = ORIENTED_EDGE ( 'NONE', *, *, #112, .T. ) ;
#2820 = FACE_BOUND ( 'NONE', #2106, .T. ) ;
#2821 = CARTESIAN_POINT ( 'NONE',  ( 1233.189473684210952, 89.08927077275292561, 5.999999999999998224 ) ) ;
#2822 = ORIENTED_EDGE ( 'NONE', *, *, #1062, .F. ) ;
#2823 = EDGE_CURVE ( 'NONE', #2205, #2455, #936, .T. ) ;
#2824 = CARTESIAN_POINT ( 'NONE',  ( 712.6585483854448739, 290.2718292380109801, 0.000000000000000000 ) ) ;
#2825 = CARTESIAN_POINT ( 'NONE',  ( 522.8368421052662143, 336.9847413225406285, 0.000000000000000000 ) ) ;
#2826 = ORIENTED_EDGE ( 'NONE', *, *, #2257, .F. ) ;
#2827 = CARTESIAN_POINT ( 'NONE',  ( 1889.535248357967248, 348.2906910724760223, 0.000000000000000000 ) ) ;
#2828 = LINE ( 'NONE', #263, #1885 ) ;
#2829 = LINE ( 'NONE', #1168, #2467 ) ;
#2830 = DIRECTION ( 'NONE',  ( -0.000000000000000000, 0.000000000000000000, -1.000000000000000000 ) ) ;
#2831 = CARTESIAN_POINT ( 'NONE',  ( 1472.216699417831251, 59.95317042021426346, 0.000000000000000000 ) ) ;
#2832 = PLANE ( 'NONE',  #1882 ) ;
#2833 = ORIENTED_EDGE ( 'NONE', *, *, #1255, .T. ) ;
#2834 = ORIENTED_EDGE ( 'NONE', *, *, #1169, .T. ) ;
#2835 = CARTESIAN_POINT ( 'NONE',  ( 92.40000000000009095, 89.08927077274498174, 5.999999999999998224 ) ) ;
#2836 = B_SPLINE_CURVE_WITH_KNOTS ( 'NONE', 3,
 ( #2664, #1248, #2622, #2180, #2207, #582, #1945, #2880, #1506, #545, #1045, #825, #1740, #2677, #314, #1467, #1452, #2387, #1233, #301, #1221, #2149, #2163, #89, #1002, #2497, #1770, #868, #1348, #894, #837, #2001, #1522, #2034 ),
 .UNSPECIFIED., .F., .F.,
 ( 4, 2, 2, 2, 2, 2, 2, 2, 2, 2, 2, 2, 2, 2, 2, 2, 4 ),
 ( 0.000000000000000000, 0.03125000000000000000, 0.06250000000000000000, 0.09375000000000000000, 0.1250000000000000000, 0.1562500000000000000, 0.1875000000000000000, 0.2187500000000000000, 0.2500000000000000000, 0.2812500000000000000, 0.3125000000000000000, 0.3437500000000000000, 0.3750000000000000000, 0.4062500000000000000, 0.4375000000000000000, 0.4687500000000000000, 0.5000000000000000000 ),
 .UNSPECIFIED. ) ;
#2837 = CARTESIAN_POINT ( 'NONE',  ( 1087.407901164446230, 111.1825472097963541, 0.000000000000000000 ) ) ;
#2838 = CARTESIAN_POINT ( 'NONE',  ( 520.5878799380283226, 348.2906910712611648, 0.000000000000000000 ) ) ;
#2839 = VERTEX_POINT ( 'NONE', #227 ) ;
#2840 = EDGE_CURVE ( 'NONE', #1077, #1944, #245, .T. ) ;
#2841 = CARTESIAN_POINT ( 'NONE',  ( 1880.914879528674192, 363.2253711261088824, 0.000000000000000000 ) ) ;
#2842 = CARTESIAN_POINT ( 'NONE',  ( 397.8885637396614925, 118.2253711256522450, 0.000000000000000000 ) ) ;
#2843 = CARTESIAN_POINT ( 'NONE',  ( 1714.054004722576337, 128.7244077079674014, -0.000000000000000000 ) ) ;
#2844 = ADVANCED_FACE ( 'NONE', ( #904 ), #1166, .F. ) ;
#2845 = CARTESIAN_POINT ( 'NONE',  ( 16.50000000000000000, 234.0892707727449817, 6.000000000000000000 ) ) ;
#2846 = PLANE ( 'NONE',  #2372 ) ;
#2847 = DIRECTION ( 'NONE',  ( -0.000000000000000000, -0.000000000000000000, -1.000000000000000000 ) ) ;
#2848 = ORIENTED_EDGE ( 'NONE', *, *, #402, .F. ) ;
#2849 = CIRCLE ( 'NONE', #1921, 44.10000000000002984 ) ;
#2850 = CARTESIAN_POINT ( 'NONE',  ( 2154.861755039112268, 62.18125266251090721, -0.000000000000000000 ) ) ;
#2851 = EDGE_LOOP ( 'NONE', ( #1222, #597, #1712, #2024 ) ) ;
#2852 = ORIENTED_EDGE ( 'NONE', *, *, #2576, .T. ) ;
#2853 = CARTESIAN_POINT ( 'NONE',  ( 1917.663157894737651, 89.08927077275771467, 5.999999999999998224 ) ) ;
#2854 = CARTESIAN_POINT ( 'NONE',  ( 2259.899965532784336, 331.1939735150348838, 0.000000000000000000 ) ) ;
#2855 = VERTEX_POINT ( 'NONE', #2108 ) ;
#2856 = VECTOR ( 'NONE', #2684, 1000.000000000000000 ) ;
#2857 = EDGE_CURVE ( 'NONE', #972, #27, #1294, .T. ) ;
#2858 = DIRECTION ( 'NONE',  ( -0.000000000000000000, -0.000000000000000000, -1.000000000000000000 ) ) ;
#2859 = CARTESIAN_POINT ( 'NONE',  ( 320.5578947368424565, 89.08927077274654494, -6.000000000311311865E-06 ) ) ;
#2860 = CARTESIAN_POINT ( 'NONE',  ( 292.4300488888286509, 319.8878240926315470, -0.000000000000000000 ) ) ;
#2861 = EDGE_CURVE ( 'NONE', #1751, #826, #1695, .T. ) ;
#2862 = CARTESIAN_POINT ( 'NONE',  ( 1736.500560416488725, 44.98923630492877379, -0.000000000000000000 ) ) ;
#2863 = CARTESIAN_POINT ( 'NONE',  ( 901.8219138312014138, 363.2254198704164878, -0.000000000000000000 ) ) ;
#2864 = CARTESIAN_POINT ( 'NONE',  ( 859.2500637437989326, 66.99595603498565310, -0.000000000000000000 ) ) ;
#2865 = VERTEX_POINT ( 'NONE', #966 ) ;
#2866 = CARTESIAN_POINT ( 'NONE',  ( 2234.021052631580005, 89.08927077275930628, -6.000000000311311865E-06 ) ) ;
#2867 = CARTESIAN_POINT ( 'NONE',  ( 750.9947368421077272, 334.0892707727338120, -6.000000000311311865E-06 ) ) ;
#2868 = ORIENTED_EDGE ( 'NONE', *, *, #1082, .F. ) ;
#2869 = CARTESIAN_POINT ( 'NONE',  ( 1808.049073591138949, 314.5380123367232272, -0.000000000000000000 ) ) ;
#2870 = DIRECTION ( 'NONE',  ( -0.000000000000000000, -0.000000000000000000, -1.000000000000000000 ) ) ;
#2871 = VERTEX_POINT ( 'NONE', #2393 ) ;
#2872 = FACE_OUTER_BOUND ( 'NONE', #1520, .T. ) ;
#2873 = CYLINDRICAL_SURFACE ( 'NONE', #819, 44.10000000000002984 ) ;
#2874 = CARTESIAN_POINT ( 'NONE',  ( 293.2666654780614408, 322.6459560501668875, 0.000000000000000000 ) ) ;
#2875 = CARTESIAN_POINT ( 'NONE',  ( 1775.456364679324452, 74.88782409542449159, -0.000000000000000000 ) ) ;
#2876 = DIRECTION ( 'NONE',  ( 0.000000000000000000, 0.000000000000000000, -1.000000000000000000 ) ) ;
#2877 = CARTESIAN_POINT ( 'NONE',  ( 794.0657043946204112, 54.03003050176415201, 0.000000000000000000 ) ) ;
#2878 = EDGE_CURVE ( 'NONE', #2801, #2318, #1051, .T. ) ;
#2879 = ORIENTED_EDGE ( 'NONE', *, *, #2070, .T. ) ;
#2880 = CARTESIAN_POINT ( 'NONE',  ( 1426.427718640639796, 360.9972888880224104, -0.000000000000000000 ) ) ;
#2881 = B_SPLINE_CURVE_WITH_KNOTS ( 'NONE', 3,
 ( #997, #766, #71, #985, #1913, #2645, #1475, #1684, #84, #510, #2366, #280, #2618, #1229, #1543, #1097, #2518, #207, #2697, #1125, #163, #2477, #448, #2981, #1600, #647, #2941, #1141, #390, #900, #1112, #858, #2040, #1083 ),
 .UNSPECIFIED., .F., .F.,
 ( 4, 2, 2, 2, 2, 2, 2, 2, 2, 2, 2, 2, 2, 2, 2, 2, 4 ),
 ( 0.000000000000000000, 0.03124999999999990286, 0.06249999999999980571, 0.09374999999999970857, 0.1249999999999996114, 0.1562499999999995004, 0.1874999999999995004, 0.2187499999999994726, 0.2499999999999995004, 0.2812499999999995004, 0.3124999999999995004, 0.3437499999999995559, 0.3749999999999995559, 0.4062499999999996114, 0.4374999999999997224, 0.4687499999999998890, 0.5000000000000000000 ),
 .UNSPECIFIED. ) ;
#2882 = ORIENTED_EDGE ( 'NONE', *, *, #2435, .T. ) ;
#2883 = CARTESIAN_POINT ( 'NONE',  ( 1010.855199412624643, 111.1825855077777447, -0.000000000000000000 ) ) ;
#2884 = CARTESIAN_POINT ( 'NONE',  ( 1163.210526315791185, 334.0892707727369952, 5.999999999999998224 ) ) ;
#2885 = ORIENTED_EDGE ( 'NONE', *, *, #1220, .T. ) ;
#2886 = UNCERTAINTY_MEASURE_WITH_UNIT (LENGTH_MEASURE( 1.000000000000000082E-05 ), #2779, 'distance_accuracy_value', 'NONE');
#2887 = CARTESIAN_POINT ( 'NONE',  ( 345.1066626822880608, 49.45419752563918792, 0.000000000000000000 ) ) ;
#2888 = FACE_OUTER_BOUND ( 'NONE', #2339, .T. ) ;
#2889 = CARTESIAN_POINT ( 'NONE',  ( 1693.970189911932266, 108.6405028303876605, 0.000000000000000000 ) ) ;
#2890 = EDGE_CURVE ( 'NONE', #1007, #1701, #2628, .T. ) ;
#2891 = CARTESIAN_POINT ( 'NONE',  ( 1762.741363509917164, 55.85860176884244765, 0.000000000000000000 ) ) ;
#2892 = CARTESIAN_POINT ( 'NONE',  ( 1461.629926885598707, 83.32545923067598892, -0.000000000000000000 ) ) ;
#2893 = CARTESIAN_POINT ( 'NONE',  ( 777.1562426762643554, 83.32545922775338454, -0.000000000000000000 ) ) ;
#2894 = ORIENTED_EDGE ( 'NONE', *, *, #2189, .F. ) ;
#2895 = ADVANCED_FACE ( 'NONE', ( #2872 ), #1472, .F. ) ;
#2896 = EDGE_CURVE ( 'NONE', #2590, #2654, #1483, .T. ) ;
#2897 = CARTESIAN_POINT ( 'NONE',  ( 2216.829070741750002, 54.02997318065221322, -0.000000000000000000 ) ) ;
#2898 = VERTEX_POINT ( 'NONE', #520 ) ;
#2899 = PLANE ( 'NONE',  #1828 ) ;
#2900 = CARTESIAN_POINT ( 'NONE',  ( 1005.031578947368985, 89.08927077275133399, 5.999999999999998224 ) ) ;
#2901 = EDGE_LOOP ( 'NONE', ( #274, #218, #570, #1657 ) ) ;
#2902 = CARTESIAN_POINT ( 'NONE',  ( 2004.450978092901551, 100.5324256286769611, -0.000000000000000000 ) ) ;
#2903 = CARTESIAN_POINT ( 'NONE',  ( 1747.806709837275321, 130.9403722933184611, -0.000000000000000000 ) ) ;
#2904 = CARTESIAN_POINT ( 'NONE',  ( 940.8164431229977254, 290.2718292383070207, 0.000000000000000000 ) ) ;
#2905 = SURFACE_SIDE_STYLE ('',( #1503 ) ) ;
#2906 = EDGE_LOOP ( 'NONE', ( #313, #1432 ) ) ;
#2907 = DIRECTION ( 'NONE',  ( 0.000000000000000000, 0.000000000000000000, -1.000000000000000000 ) ) ;
#2908 = CARTESIAN_POINT ( 'NONE',  ( 2219.057152989759288, 55.85860177622713252, 0.000000000000000000 ) ) ;
#2909 = EDGE_CURVE ( 'NONE', #911, #1077, #473, .T. ) ;
#2910 = ORIENTED_EDGE ( 'NONE', *, *, #2890, .T. ) ;
#2911 = CARTESIAN_POINT ( 'NONE',  ( 1841.920385534166371, 290.2717616269750920, -0.000000000000000000 ) ) ;
#2912 = CARTESIAN_POINT ( 'NONE',  ( 935.0526315789493310, 334.0892707727354036, 5.999999999999998224 ) ) ;
#2913 = VERTEX_POINT ( 'NONE', #577 ) ;
#2914 = EDGE_CURVE ( 'NONE', #1322, #2913, #2937, .T. ) ;
#2915 = CARTESIAN_POINT ( 'NONE',  ( 1820.776192410877229, 369.1485683608995600, -0.000000000000000000 ) ) ;
#2916 = CARTESIAN_POINT ( 'NONE',  ( 554.5394099402035408, 111.1825855100852465, -0.000000000000000000 ) ) ;
#2917 = CARTESIAN_POINT ( 'NONE',  ( 592.8157894736845037, 89.08927077274813655, 36.54176427217079492 ) ) ;
#2918 = CARTESIAN_POINT ( 'NONE',  ( 1076.039597062404482, 54.02997318428548112, -0.000000000000000000 ) ) ;
#2919 = ORIENTED_EDGE ( 'NONE', *, *, #746, .T. ) ;
#2920 = DIRECTION ( 'NONE',  ( 1.000000000000000000, 0.000000000000000000, 0.000000000000000000 ) ) ;
#2921 = CARTESIAN_POINT ( 'NONE',  ( 570.7224747372621323, 50.81289123864927149, -0.000000000000000000 ) ) ;
#2922 = LINE ( 'NONE', #412, #2276 ) ;
#2923 = CARTESIAN_POINT ( 'NONE',  ( 820.9736842105268124, 89.08927077274974238, 36.54176427217079492 ) ) ;
#2924 = CARTESIAN_POINT ( 'NONE',  ( 1121.359488483640462, 319.8878504739050754, 0.000000000000000000 ) ) ;
#2925 = CARTESIAN_POINT ( 'NONE',  ( 840.5249162652311270, 128.7243440197698590, 0.000000000000000000 ) ) ;
#2926 = VERTEX_POINT ( 'NONE', #845 ) ;
#2927 = EDGE_CURVE ( 'NONE', #1266, #1671, #423, .T. ) ;
#2928 = APPLICATION_CONTEXT ( 'automotive_design' ) ;
#2929 = EDGE_CURVE ( 'NONE', #1646, #1022, #2502, .T. ) ;
#2930 = CARTESIAN_POINT ( 'NONE',  ( 1850.579507785259466, 378.1892363049144592, 0.000000000000000000 ) ) ;
#2931 = CARTESIAN_POINT ( 'NONE',  ( 626.0464584773110346, 118.2253711251909039, 0.000000000000000000 ) ) ;
#2932 = CARTESIAN_POINT ( 'NONE',  ( 1516.890523279732179, 46.40145057597355560, -0.000000000000000000 ) ) ;
#2933 = CARTESIAN_POINT ( 'NONE',  ( 250.5789473684241102, 334.0892707727306288, 36.54176427217079492 ) ) ;
#2934 = EDGE_LOOP ( 'NONE', ( #2419, #306 ) ) ;
#2935 = CARTESIAN_POINT ( 'NONE',  ( 2189.921052631580096, 89.08927077275930628, 36.54176427217079492 ) ) ;
#2936 = CARTESIAN_POINT ( 'NONE',  ( 598.5796010165216785, 45.27182923796421221, 0.000000000000000000 ) ) ;
#2937 = B_SPLINE_CURVE_WITH_KNOTS ( 'NONE', 3,
 ( #54, #994, #1951, #2363, #2827, #276, #1196, #1441, #2841, #750, #1664, #293, #2140, #982, #360, #2027, #2930, #1779, #1528, #2213, #2447, #2436, #2942, #2915, #831, #1499, #2670, #2200, #2699, #2243, #859, #1747, #590, #2683 ),
 .UNSPECIFIED., .F., .F.,
 ( 4, 2, 2, 2, 2, 2, 2, 2, 2, 2, 2, 2, 2, 2, 2, 2, 4 ),
 ( 0.000000000000000000, 0.03125000000000000000, 0.06250000000000000000, 0.09375000000000000000, 0.1250000000000000000, 0.1562500000000000000, 0.1875000000000000000, 0.2187500000000000000, 0.2500000000000000000, 0.2812500000000000000, 0.3125000000000000000, 0.3437500000000000000, 0.3750000000000000000, 0.4062500000000000000, 0.4375000000000000000, 0.4687500000000000000, 0.5000000000000000000 ),
 .UNSPECIFIED. ) ;
#2938 = FACE_OUTER_BOUND ( 'NONE', #796, .T. ) ;
#2939 = CARTESIAN_POINT ( 'NONE',  ( 1141.117211580249659, 295.8128912381583859, -0.000000000000000000 ) ) ;
#2940 = CARTESIAN_POINT ( 'NONE',  ( 2204.122499312138189, 130.9403722931639038, -0.000000000000000000 ) ) ;
#2941 = CARTESIAN_POINT ( 'NONE',  ( 1242.230233413954466, 115.9972505902184992, 0.000000000000000000 ) ) ;
#2942 = CARTESIAN_POINT ( 'NONE',  ( 1825.590934089426810, 372.3655929896683574, 0.000000000000000000 ) ) ;
#2943 = CARTESIAN_POINT ( 'NONE',  ( 573.2645310383655897, 128.7244077080360398, -0.000000000000000000 ) ) ;
#2944 = AXIS2_PLACEMENT_3D ( 'NONE', #1659, #708, #1176 ) ;
#2945 = CARTESIAN_POINT ( 'NONE',  ( 912.9593168421029077, 295.8128912389772722, -0.000000000000000000 ) ) ;
#2946 = CARTESIAN_POINT ( 'NONE',  ( 1090.982680468798662, 74.88782409541973095, -0.000000000000000000 ) ) ;
#2947 = ORIENTED_EDGE ( 'NONE', *, *, #2840, .T. ) ;
#2948 = EDGE_CURVE ( 'NONE', #568, #1640, #2244, .T. ) ;
#2949 = DIRECTION ( 'NONE',  ( 1.000000000000000000, 0.000000000000000000, 0.000000000000000000 ) ) ;
#2950 = CARTESIAN_POINT ( 'NONE',  ( 133.6047027417131687, 44.98930524057238500, 0.000000000000000000 ) ) ;
#2951 = CARTESIAN_POINT ( 'NONE',  ( 709.7900341002809910, 378.1892363049065580, 0.000000000000000000 ) ) ;
#2952 = ORIENTED_EDGE ( 'NONE', *, *, #1120, .T. ) ;
#2953 = AXIS2_PLACEMENT_3D ( 'NONE', #1373, #3, #2187 ) ;
#2954 = LINE ( 'NONE', #853, #1439 ) ;
#2955 = CARTESIAN_POINT ( 'NONE',  ( 1777.705263157895615, 89.08927077275610884, 5.999999999999998224 ) ) ;
#2956 = CARTESIAN_POINT ( 'NONE',  ( 250.5789473684241102, 334.0892707727306288, 36.54176427217079492 ) ) ;
#2957 = DIRECTION ( 'NONE',  ( -1.000000000000000000, 0.000000000000000000, 0.000000000000000000 ) ) ;
#2958 = CARTESIAN_POINT ( 'NONE',  ( 1467.170988886309715, 111.1825855077809422, -0.000000000000000000 ) ) ;
#2959 = CARTESIAN_POINT ( 'NONE',  ( 1277.289473684211089, 89.08927077275292561, 36.54176427217079492 ) ) ;
#2960 = CARTESIAN_POINT ( 'NONE',  ( 180.6000000000000512, 89.08927077274499595, -6.000000000311311865E-06 ) ) ;
#2961 = FACE_OUTER_BOUND ( 'NONE', #1422, .T. ) ;
#2962 = ORIENTED_EDGE ( 'NONE', *, *, #2361, .T. ) ;
#2963 = CARTESIAN_POINT ( 'NONE',  ( 0.000000000000000000, 234.0892707727449817, 0.000000000000000000 ) ) ;
#2964 = EDGE_CURVE ( 'NONE', #1007, #282, #2172, .T. ) ;
#2965 = CARTESIAN_POINT ( 'NONE',  ( 180.6000000000000796, 91.98474132328443886, -0.000000000000000000 ) ) ;
#2966 = CARTESIAN_POINT ( 'NONE',  ( 1619.526315789474666, 334.0892707727401785, 36.54176427217079492 ) ) ;
#2967 = CARTESIAN_POINT ( 'NONE',  ( 2277.092020184211378, 299.0300305014185938, 0.000000000000000000 ) ) ;
#2968 = CARTESIAN_POINT ( 'NONE',  ( 818.0783869523534122, 133.1893052405769993, -0.000000000000000000 ) ) ;
#2969 = DIRECTION ( 'NONE',  ( 0.000000000000000000, 0.000000000000000000, -1.000000000000000000 ) ) ;
#2970 = CARTESIAN_POINT ( 'NONE',  ( 1928.532440145681676, 118.2254198689396389, -0.000000000000000000 ) ) ;
#2971 = CARTESIAN_POINT ( 'NONE',  ( 570.7225130358721117, 127.3655929890582570, 0.000000000000000000 ) ) ;
#2972 = LINE ( 'NONE', #211, #1145 ) ;
#2973 = LINE ( 'NONE', #890, #1394 ) ;
#2974 = CARTESIAN_POINT ( 'NONE',  ( 475.8415448475562357, 289.9893052405594744, 0.000000000000000000 ) ) ;
#2975 = CARTESIAN_POINT ( 'NONE',  ( 1639.077574224794034, 294.4541338374524457, -0.000000000000000000 ) ) ;
#2976 = CARTESIAN_POINT ( 'NONE',  ( 635.5035075833219480, 77.64595605087778551, 0.000000000000000000 ) ) ;
#2977 = CARTESIAN_POINT ( 'NONE',  ( 180.6000000000000512, 89.08927077274499595, -6.000000000311311865E-06 ) ) ;
#2978 = DIRECTION ( 'NONE',  ( -1.000000000000000000, 0.000000000000000000, 0.000000000000000000 ) ) ;
#2979 = CARTESIAN_POINT ( 'NONE',  ( 2281.906685263459622, 295.8128912389870493, -0.000000000000000000 ) ) ;
#2980 = CARTESIAN_POINT ( 'NONE',  ( 2232.608872829743632, 100.5324256286785243, -0.000000000000000000 ) ) ;
#2981 = CARTESIAN_POINT ( 'NONE',  ( 1250.381455568887304, 124.1485683610643491, -0.000000000000000000 ) ) ;
#2982 = CARTESIAN_POINT ( 'NONE',  ( 1652.756984792293906, 363.2253711257989153, 0.000000000000000000 ) ) ;
#2983 = CARTESIAN_POINT ( 'NONE',  ( 1663.626315789474575, 334.0892707727401785, 5.999999999999998224 ) ) ;
#2984 = DIRECTION ( 'NONE',  ( 1.000000000000000000, 0.000000000000000000, 0.000000000000000000 ) ) ;
#2985 = CARTESIAN_POINT ( 'NONE',  ( 1433.219522574062466, 319.8878240954835519, -0.000000000000000000 ) ) ;
#2986 = CARTESIAN_POINT ( 'NONE',  ( 513.7960823759399318, 307.1812909560441085, 0.000000000000000000 ) ) ;
#2987 = AXIS2_PLACEMENT_3D ( 'NONE', #486, #464, #2327 ) ;
#2988 = DIRECTION ( 'NONE',  ( 1.000000000000000000, 0.000000000000000000, 0.000000000000000000 ) ) ;
#2989 = CARTESIAN_POINT ( 'NONE',  ( 165.6361003527913454, 55.85860176975400293, 0.000000000000000000 ) ) ;
#2990 = DIRECTION ( 'NONE',  ( 1.000000000000000000, 0.000000000000000000, 0.000000000000000000 ) ) ;
#2991 = CIRCLE ( 'NONE', #817, 44.10000000000002984 ) ;
#2992 = CARTESIAN_POINT ( 'NONE',  ( 1237.654336747909383, 69.53801233933313597, -0.000000000000000000 ) ) ;
#2993 = EDGE_CURVE ( 'NONE', #2865, #13, #2406, .T. ) ;
#2994 = CARTESIAN_POINT ( 'NONE',  ( 1932.627008797307099, 55.85855302464453587, -0.000000000000000000 ) ) ;
#2995 = AXIS2_PLACEMENT_3D ( 'NONE', #1333, #191, #2005 ) ;
#2996 = CARTESIAN_POINT ( 'NONE',  ( 750.9947368421079545, 331.1934468264953466, -0.000000000000000000 ) ) ;
#2997 = CARTESIAN_POINT ( 'NONE',  ( 1119.110526315791276, 334.0892707727369952, -6.000000000311311865E-06 ) ) ;
#2998 = CARTESIAN_POINT ( 'NONE',  ( 1934.855139779414003, 124.1485683610691950, -0.000000000000000000 ) ) ;
#2999 = ADVANCED_FACE ( 'NONE', ( #2313 ), #471, .F. ) ;
ENDSEC;
END-ISO-10303-21;
