ISO-10303-21;
HEADER;
/* Generated by software containing ST-Developer
 * from STEP Tools, Inc. (www.steptools.com) 
 */
/* OPTION: using custom schema-name function */

FILE_DESCRIPTION(
/* description */ (''),
/* implementation_level */ '2;1');

FILE_NAME(
/* name */ 'sams_simple_cone',
/* time_stamp */ '2026-09-04T11:43:53-07:00',
/* author */ (''),
/* organization */ (''),
/* preprocessor_version */ 'ST-DEVELOPER v19.2',
/* originating_system */ 'Rhino 8.34',
/* authorisation */ '');

FILE_SCHEMA (('CONFIG_CONTROL_DESIGN'));
ENDSEC;

DATA;
#10=SHAPE_REPRESENTATION_RELATIONSHIP('','',#8902,#12);
#11=MANIFOLD_SOLID_BREP('brep_1',#13);
#12=ADVANCED_BREP_SHAPE_REPRESENTATION('brep_rep_0',(#11,#9622),#8901);
#13=CLOSED_SHELL('',(#14,#15,#16,#17,#18,#19,#20,#21,#22,#23,#24,#25,#26,
#27,#28,#29,#30,#31,#32,#33,#34,#35,#36,#37,#38,#39,#40,#41,#42,#43,#44,
#45,#46,#47,#48,#49,#50,#51,#52,#53,#54,#55,#56,#57,#58,#59,#60,#61,#62,
#63,#64,#65,#66,#67,#68,#69,#70,#71,#72,#73,#74,#75,#76,#77,#78,#79,#80,
#81,#82,#83,#84,#85,#86,#87,#88,#89,#90,#91,#92,#93,#94,#95,#96,#97,#98,
#99,#100,#101,#102,#103,#104,#105,#106,#107,#108,#109,#110,#111,#112,#113,
#114,#115,#116,#117,#118,#119,#120,#121,#122,#123,#124,#125,#126,#127,#128,
#129,#130,#131,#132,#133,#134,#135,#136,#137,#138,#139,#140,#141,#142,#143,
#144,#145,#146,#147,#148,#149,#150,#151,#152,#153,#154,#155,#156,#157,#158,
#159,#160,#161,#162,#163,#164,#165,#166,#167,#168,#169,#170,#171,#172,#173,
#174,#175,#176,#177,#178,#179,#180,#181,#182,#183,#184,#185,#186,#187,#188,
#189,#190,#191,#192,#193,#194,#195,#196,#197,#198,#199,#200,#201,#202,#203,
#204,#205,#206,#207,#208,#209,#210,#211,#212,#213,#214,#215,#216,#217,#218,
#219,#220,#221,#222,#223,#224,#225,#226,#227,#228,#229,#230,#231,#232,#233,
#234,#235,#236,#237,#238,#239,#240,#241,#242,#243,#244,#245,#246,#247,#248,
#249,#250,#251,#252,#253,#254,#255,#256,#257,#258,#259,#260,#261,#262,#263,
#264,#265,#266,#267,#268,#269,#270,#271,#272,#273,#274,#275,#276,#277,#278,
#279,#280,#281,#282,#283,#284,#285,#286,#287,#288,#289,#290,#291,#292,#293,
#294,#295,#296,#297,#298,#299,#300,#301,#302,#303,#304,#305,#306,#307,#308,
#309,#310,#311,#312,#313,#314,#315,#316,#317,#318,#319,#320,#321,#322,#323,
#324,#325,#326,#327,#328,#329,#330,#331,#332,#333,#334,#335,#336,#337,#338,
#339,#340,#341,#342,#343,#344,#345,#346,#347,#348,#349,#350,#351,#352,#353,
#354,#355,#356,#357,#358,#359,#360,#361,#362,#363,#364,#365,#366,#367,#368,
#369,#370,#371,#372,#373,#374,#375,#376,#377,#378,#379,#380,#381,#382,#383,
#384,#385,#386,#387,#388,#389,#390,#391,#392,#393,#394,#395,#396,#397,#398,
#399,#400,#401,#402,#403,#404,#405,#406,#407,#408,#409,#410,#411,#412,#413,
#414,#415,#416,#417,#418,#419,#420,#421,#422,#423,#424,#425,#426,#427,#428,
#429,#430,#431,#432,#433,#434,#435,#436,#437,#438,#439,#440,#441,#442,#443,
#444,#445,#446,#447,#448,#449,#450,#451,#452,#453,#454,#455,#456,#457,#458,
#459,#460,#461,#462,#463,#464,#465,#466,#467,#468,#469,#470,#471,#472,#473,
#474,#475,#476,#477,#478,#479,#480,#481,#482,#483,#484,#485,#486,#487,#488,
#489,#490,#491,#492,#493,#494,#495,#496,#497,#498,#499,#500,#501,#502,#503,
#504,#505,#506,#507,#508,#509,#510,#511,#512,#513,#514,#515,#516,#517,#518,
#519,#520,#521,#522,#523,#524,#525,#526,#527,#528,#529,#530,#531,#532,#533,
#534,#535,#536,#537,#538,#539,#540,#541,#542,#543,#544,#545,#546,#547,#548,
#549,#550,#551,#552,#553,#554,#555,#556,#557,#558,#559,#560,#561,#562,#563,
#564,#565,#566,#567,#568,#569,#570,#571,#572,#573,#574,#575,#576,#577,#578,
#579,#580,#581,#582,#583,#584,#585,#586,#587,#588,#589,#590,#591,#592,#593,
#594,#595,#596,#597,#598,#599,#600,#601,#602,#603,#604,#605,#606,#607,#608,
#609,#610,#611,#612,#613,#614,#615,#616,#617,#618,#619,#620,#621,#622,#623,
#624,#625,#626,#627,#628,#629,#630,#631,#632,#633,#634,#635,#636,#637,#638,
#639,#640,#641,#642,#643,#644,#645,#646,#647,#648,#649,#650,#651,#652,#653,
#654,#655,#656,#657,#658,#659,#660,#661,#662,#663,#664,#665,#666,#667,#668,
#669,#670,#671,#672,#673,#674,#675,#676,#677,#678,#679,#680,#681,#682,#683,
#684,#685,#686,#687,#688,#689,#690,#691,#692,#693,#694,#695,#696,#697,#698,
#699,#700,#701,#702,#703,#704,#705,#706,#707,#708,#709,#710,#711,#712,#713,
#714,#715,#716,#717,#718,#719,#720,#721,#722,#723,#724,#725,#726,#727,#728,
#729,#730,#731,#732,#733,#734,#735,#736,#737,#738,#739,#740,#741,#742,#743,
#744,#745,#746,#747,#748,#749,#750,#751,#752,#753,#754,#755,#756,#757,#758,
#759,#760,#761,#762,#763,#764,#765,#766,#767,#768,#769,#770,#771,#772,#773,
#774,#775,#776,#777,#778,#779,#780,#781,#782,#783));
#14=ADVANCED_FACE('',(#784),#8098,.T.);
#15=ADVANCED_FACE('',(#785),#8099,.T.);
#16=ADVANCED_FACE('',(#786),#8100,.T.);
#17=ADVANCED_FACE('',(#787),#8101,.T.);
#18=ADVANCED_FACE('',(#788),#8102,.T.);
#19=ADVANCED_FACE('',(#789),#8103,.T.);
#20=ADVANCED_FACE('',(#790),#8104,.T.);
#21=ADVANCED_FACE('',(#791),#8105,.T.);
#22=ADVANCED_FACE('',(#792),#8106,.T.);
#23=ADVANCED_FACE('',(#793),#8107,.T.);
#24=ADVANCED_FACE('',(#794),#8108,.T.);
#25=ADVANCED_FACE('',(#795),#8109,.T.);
#26=ADVANCED_FACE('',(#796),#8110,.T.);
#27=ADVANCED_FACE('',(#797),#8111,.T.);
#28=ADVANCED_FACE('',(#798),#8112,.T.);
#29=ADVANCED_FACE('',(#799),#8113,.T.);
#30=ADVANCED_FACE('',(#800),#8114,.T.);
#31=ADVANCED_FACE('',(#801),#8115,.T.);
#32=ADVANCED_FACE('',(#802),#8116,.T.);
#33=ADVANCED_FACE('',(#803),#8117,.T.);
#34=ADVANCED_FACE('',(#804),#8118,.T.);
#35=ADVANCED_FACE('',(#805),#8119,.T.);
#36=ADVANCED_FACE('',(#806),#8120,.T.);
#37=ADVANCED_FACE('',(#807),#8121,.T.);
#38=ADVANCED_FACE('',(#808),#8122,.T.);
#39=ADVANCED_FACE('',(#809),#8123,.T.);
#40=ADVANCED_FACE('',(#810),#8124,.T.);
#41=ADVANCED_FACE('',(#811),#8125,.T.);
#42=ADVANCED_FACE('',(#812),#8126,.T.);
#43=ADVANCED_FACE('',(#813),#8127,.T.);
#44=ADVANCED_FACE('',(#814),#8128,.T.);
#45=ADVANCED_FACE('',(#815),#8129,.T.);
#46=ADVANCED_FACE('',(#816),#8130,.T.);
#47=ADVANCED_FACE('',(#817),#8131,.T.);
#48=ADVANCED_FACE('',(#818),#8132,.T.);
#49=ADVANCED_FACE('',(#819),#8133,.T.);
#50=ADVANCED_FACE('',(#820),#8134,.T.);
#51=ADVANCED_FACE('',(#821),#8135,.T.);
#52=ADVANCED_FACE('',(#822),#8136,.T.);
#53=ADVANCED_FACE('',(#823),#8137,.T.);
#54=ADVANCED_FACE('',(#824),#8138,.T.);
#55=ADVANCED_FACE('',(#825),#8139,.T.);
#56=ADVANCED_FACE('',(#826),#8140,.T.);
#57=ADVANCED_FACE('',(#827),#8141,.T.);
#58=ADVANCED_FACE('',(#828),#8142,.T.);
#59=ADVANCED_FACE('',(#829),#8143,.T.);
#60=ADVANCED_FACE('',(#830),#8144,.T.);
#61=ADVANCED_FACE('',(#831),#8145,.T.);
#62=ADVANCED_FACE('',(#832),#8146,.T.);
#63=ADVANCED_FACE('',(#833),#8147,.T.);
#64=ADVANCED_FACE('',(#834),#8148,.T.);
#65=ADVANCED_FACE('',(#835),#8149,.T.);
#66=ADVANCED_FACE('',(#836),#8150,.T.);
#67=ADVANCED_FACE('',(#837),#8151,.T.);
#68=ADVANCED_FACE('',(#838),#8152,.T.);
#69=ADVANCED_FACE('',(#839),#8153,.T.);
#70=ADVANCED_FACE('',(#840),#8154,.T.);
#71=ADVANCED_FACE('',(#841),#8155,.T.);
#72=ADVANCED_FACE('',(#842),#8156,.T.);
#73=ADVANCED_FACE('',(#843),#8157,.T.);
#74=ADVANCED_FACE('',(#844),#8158,.T.);
#75=ADVANCED_FACE('',(#845),#8159,.T.);
#76=ADVANCED_FACE('',(#846),#8160,.T.);
#77=ADVANCED_FACE('',(#847),#8161,.T.);
#78=ADVANCED_FACE('',(#848),#8162,.T.);
#79=ADVANCED_FACE('',(#849),#8163,.T.);
#80=ADVANCED_FACE('',(#850),#8164,.T.);
#81=ADVANCED_FACE('',(#851),#8165,.T.);
#82=ADVANCED_FACE('',(#852),#8166,.T.);
#83=ADVANCED_FACE('',(#853),#8167,.T.);
#84=ADVANCED_FACE('',(#854),#8168,.T.);
#85=ADVANCED_FACE('',(#855),#8169,.T.);
#86=ADVANCED_FACE('',(#856),#8170,.T.);
#87=ADVANCED_FACE('',(#857),#8171,.T.);
#88=ADVANCED_FACE('',(#858),#8172,.T.);
#89=ADVANCED_FACE('',(#859),#8173,.T.);
#90=ADVANCED_FACE('',(#860),#8174,.T.);
#91=ADVANCED_FACE('',(#861),#8175,.T.);
#92=ADVANCED_FACE('',(#862),#8176,.T.);
#93=ADVANCED_FACE('',(#863),#8177,.T.);
#94=ADVANCED_FACE('',(#864),#8178,.T.);
#95=ADVANCED_FACE('',(#865),#8179,.T.);
#96=ADVANCED_FACE('',(#866),#8180,.T.);
#97=ADVANCED_FACE('',(#867),#8181,.T.);
#98=ADVANCED_FACE('',(#868),#8182,.T.);
#99=ADVANCED_FACE('',(#869),#8183,.T.);
#100=ADVANCED_FACE('',(#870),#8184,.T.);
#101=ADVANCED_FACE('',(#871),#8185,.T.);
#102=ADVANCED_FACE('',(#872),#8186,.T.);
#103=ADVANCED_FACE('',(#873),#8187,.T.);
#104=ADVANCED_FACE('',(#874),#8188,.T.);
#105=ADVANCED_FACE('',(#875),#8189,.T.);
#106=ADVANCED_FACE('',(#876),#8190,.T.);
#107=ADVANCED_FACE('',(#877),#8191,.T.);
#108=ADVANCED_FACE('',(#878),#8192,.T.);
#109=ADVANCED_FACE('',(#879),#8193,.T.);
#110=ADVANCED_FACE('',(#880),#8194,.T.);
#111=ADVANCED_FACE('',(#881),#8195,.T.);
#112=ADVANCED_FACE('',(#882),#8196,.T.);
#113=ADVANCED_FACE('',(#883),#8197,.T.);
#114=ADVANCED_FACE('',(#884),#8198,.T.);
#115=ADVANCED_FACE('',(#885),#8199,.T.);
#116=ADVANCED_FACE('',(#886),#8200,.T.);
#117=ADVANCED_FACE('',(#887),#8201,.T.);
#118=ADVANCED_FACE('',(#888),#8202,.T.);
#119=ADVANCED_FACE('',(#889),#8203,.T.);
#120=ADVANCED_FACE('',(#890),#8204,.T.);
#121=ADVANCED_FACE('',(#891),#8205,.T.);
#122=ADVANCED_FACE('',(#892),#8206,.T.);
#123=ADVANCED_FACE('',(#893),#8207,.T.);
#124=ADVANCED_FACE('',(#894),#8208,.T.);
#125=ADVANCED_FACE('',(#895),#8209,.T.);
#126=ADVANCED_FACE('',(#896),#8210,.T.);
#127=ADVANCED_FACE('',(#897),#8211,.T.);
#128=ADVANCED_FACE('',(#898),#8212,.T.);
#129=ADVANCED_FACE('',(#899),#8213,.T.);
#130=ADVANCED_FACE('',(#900),#8214,.T.);
#131=ADVANCED_FACE('',(#901),#8215,.T.);
#132=ADVANCED_FACE('',(#902),#8216,.T.);
#133=ADVANCED_FACE('',(#903),#8217,.T.);
#134=ADVANCED_FACE('',(#904),#8218,.T.);
#135=ADVANCED_FACE('',(#905),#8219,.T.);
#136=ADVANCED_FACE('',(#906),#8220,.T.);
#137=ADVANCED_FACE('',(#907),#8221,.T.);
#138=ADVANCED_FACE('',(#908),#8222,.T.);
#139=ADVANCED_FACE('',(#909),#8223,.T.);
#140=ADVANCED_FACE('',(#910),#8224,.T.);
#141=ADVANCED_FACE('',(#911),#8225,.T.);
#142=ADVANCED_FACE('',(#912),#8226,.T.);
#143=ADVANCED_FACE('',(#913),#8227,.T.);
#144=ADVANCED_FACE('',(#914),#8228,.T.);
#145=ADVANCED_FACE('',(#915),#8229,.T.);
#146=ADVANCED_FACE('',(#916),#8230,.T.);
#147=ADVANCED_FACE('',(#917),#8231,.T.);
#148=ADVANCED_FACE('',(#918),#8232,.T.);
#149=ADVANCED_FACE('',(#919),#8233,.T.);
#150=ADVANCED_FACE('',(#920),#8234,.T.);
#151=ADVANCED_FACE('',(#921),#8235,.T.);
#152=ADVANCED_FACE('',(#922),#8236,.T.);
#153=ADVANCED_FACE('',(#923),#8237,.T.);
#154=ADVANCED_FACE('',(#924),#8238,.T.);
#155=ADVANCED_FACE('',(#925),#8239,.T.);
#156=ADVANCED_FACE('',(#926),#8240,.T.);
#157=ADVANCED_FACE('',(#927),#8241,.T.);
#158=ADVANCED_FACE('',(#928),#8242,.T.);
#159=ADVANCED_FACE('',(#929),#8243,.T.);
#160=ADVANCED_FACE('',(#930),#8244,.T.);
#161=ADVANCED_FACE('',(#931),#8245,.T.);
#162=ADVANCED_FACE('',(#932),#8246,.T.);
#163=ADVANCED_FACE('',(#933),#8247,.T.);
#164=ADVANCED_FACE('',(#934),#8248,.T.);
#165=ADVANCED_FACE('',(#935),#8249,.T.);
#166=ADVANCED_FACE('',(#936),#8250,.T.);
#167=ADVANCED_FACE('',(#937),#8251,.T.);
#168=ADVANCED_FACE('',(#938),#8252,.T.);
#169=ADVANCED_FACE('',(#939),#8253,.T.);
#170=ADVANCED_FACE('',(#940),#8254,.T.);
#171=ADVANCED_FACE('',(#941),#8255,.T.);
#172=ADVANCED_FACE('',(#942),#8256,.T.);
#173=ADVANCED_FACE('',(#943),#8257,.T.);
#174=ADVANCED_FACE('',(#944),#8258,.T.);
#175=ADVANCED_FACE('',(#945),#8259,.T.);
#176=ADVANCED_FACE('',(#946),#8260,.T.);
#177=ADVANCED_FACE('',(#947),#8261,.T.);
#178=ADVANCED_FACE('',(#948),#8262,.T.);
#179=ADVANCED_FACE('',(#949),#8263,.T.);
#180=ADVANCED_FACE('',(#950),#8264,.T.);
#181=ADVANCED_FACE('',(#951),#8265,.T.);
#182=ADVANCED_FACE('',(#952),#8266,.T.);
#183=ADVANCED_FACE('',(#953),#8267,.T.);
#184=ADVANCED_FACE('',(#954),#8268,.T.);
#185=ADVANCED_FACE('',(#955),#8269,.T.);
#186=ADVANCED_FACE('',(#956),#8270,.T.);
#187=ADVANCED_FACE('',(#957),#8271,.T.);
#188=ADVANCED_FACE('',(#958),#8272,.T.);
#189=ADVANCED_FACE('',(#959),#8273,.T.);
#190=ADVANCED_FACE('',(#960),#8274,.T.);
#191=ADVANCED_FACE('',(#961),#8275,.T.);
#192=ADVANCED_FACE('',(#962),#8276,.T.);
#193=ADVANCED_FACE('',(#963),#8277,.T.);
#194=ADVANCED_FACE('',(#964),#8278,.T.);
#195=ADVANCED_FACE('',(#965),#8279,.T.);
#196=ADVANCED_FACE('',(#966),#8280,.T.);
#197=ADVANCED_FACE('',(#967),#8281,.T.);
#198=ADVANCED_FACE('',(#968),#8282,.T.);
#199=ADVANCED_FACE('',(#969),#8283,.T.);
#200=ADVANCED_FACE('',(#970),#8284,.T.);
#201=ADVANCED_FACE('',(#971),#8285,.T.);
#202=ADVANCED_FACE('',(#972),#8286,.T.);
#203=ADVANCED_FACE('',(#973),#8287,.T.);
#204=ADVANCED_FACE('',(#974),#8288,.T.);
#205=ADVANCED_FACE('',(#975),#8289,.T.);
#206=ADVANCED_FACE('',(#976),#8290,.T.);
#207=ADVANCED_FACE('',(#977),#8291,.T.);
#208=ADVANCED_FACE('',(#978),#8292,.T.);
#209=ADVANCED_FACE('',(#979),#8293,.T.);
#210=ADVANCED_FACE('',(#980),#8294,.T.);
#211=ADVANCED_FACE('',(#981),#8295,.T.);
#212=ADVANCED_FACE('',(#982),#8296,.T.);
#213=ADVANCED_FACE('',(#983),#8297,.T.);
#214=ADVANCED_FACE('',(#984),#8298,.T.);
#215=ADVANCED_FACE('',(#985),#8299,.T.);
#216=ADVANCED_FACE('',(#986),#8300,.T.);
#217=ADVANCED_FACE('',(#987),#8301,.T.);
#218=ADVANCED_FACE('',(#988),#8302,.T.);
#219=ADVANCED_FACE('',(#989),#8303,.T.);
#220=ADVANCED_FACE('',(#990),#8304,.T.);
#221=ADVANCED_FACE('',(#991),#8305,.T.);
#222=ADVANCED_FACE('',(#992),#8306,.T.);
#223=ADVANCED_FACE('',(#993),#8307,.T.);
#224=ADVANCED_FACE('',(#994),#8308,.T.);
#225=ADVANCED_FACE('',(#995),#8309,.T.);
#226=ADVANCED_FACE('',(#996),#8310,.T.);
#227=ADVANCED_FACE('',(#997),#8311,.T.);
#228=ADVANCED_FACE('',(#998),#8312,.T.);
#229=ADVANCED_FACE('',(#999),#8313,.T.);
#230=ADVANCED_FACE('',(#1000),#8314,.T.);
#231=ADVANCED_FACE('',(#1001),#8315,.T.);
#232=ADVANCED_FACE('',(#1002),#8316,.T.);
#233=ADVANCED_FACE('',(#1003),#8317,.T.);
#234=ADVANCED_FACE('',(#1004),#8318,.T.);
#235=ADVANCED_FACE('',(#1005),#8319,.T.);
#236=ADVANCED_FACE('',(#1006),#8320,.T.);
#237=ADVANCED_FACE('',(#1007),#8321,.T.);
#238=ADVANCED_FACE('',(#1008),#8322,.T.);
#239=ADVANCED_FACE('',(#1009),#8323,.T.);
#240=ADVANCED_FACE('',(#1010),#8324,.T.);
#241=ADVANCED_FACE('',(#1011),#8325,.T.);
#242=ADVANCED_FACE('',(#1012),#8326,.T.);
#243=ADVANCED_FACE('',(#1013),#8327,.T.);
#244=ADVANCED_FACE('',(#1014),#8328,.T.);
#245=ADVANCED_FACE('',(#1015),#8329,.T.);
#246=ADVANCED_FACE('',(#1016),#8330,.T.);
#247=ADVANCED_FACE('',(#1017),#8331,.T.);
#248=ADVANCED_FACE('',(#1018),#8332,.T.);
#249=ADVANCED_FACE('',(#1019),#8333,.T.);
#250=ADVANCED_FACE('',(#1020),#8334,.T.);
#251=ADVANCED_FACE('',(#1021),#8335,.T.);
#252=ADVANCED_FACE('',(#1022),#8336,.T.);
#253=ADVANCED_FACE('',(#1023),#8337,.T.);
#254=ADVANCED_FACE('',(#1024),#8338,.T.);
#255=ADVANCED_FACE('',(#1025),#8339,.T.);
#256=ADVANCED_FACE('',(#1026),#8340,.T.);
#257=ADVANCED_FACE('',(#1027),#8341,.T.);
#258=ADVANCED_FACE('',(#1028),#8342,.T.);
#259=ADVANCED_FACE('',(#1029),#8343,.T.);
#260=ADVANCED_FACE('',(#1030),#8344,.T.);
#261=ADVANCED_FACE('',(#1031),#8345,.T.);
#262=ADVANCED_FACE('',(#1032),#8346,.T.);
#263=ADVANCED_FACE('',(#1033),#8347,.T.);
#264=ADVANCED_FACE('',(#1034),#8348,.T.);
#265=ADVANCED_FACE('',(#1035),#8349,.T.);
#266=ADVANCED_FACE('',(#1036),#8350,.T.);
#267=ADVANCED_FACE('',(#1037),#8351,.T.);
#268=ADVANCED_FACE('',(#1038),#8352,.T.);
#269=ADVANCED_FACE('',(#1039),#8353,.T.);
#270=ADVANCED_FACE('',(#1040),#8354,.T.);
#271=ADVANCED_FACE('',(#1041),#8355,.T.);
#272=ADVANCED_FACE('',(#1042),#8356,.T.);
#273=ADVANCED_FACE('',(#1043),#8357,.T.);
#274=ADVANCED_FACE('',(#1044),#8358,.T.);
#275=ADVANCED_FACE('',(#1045),#8359,.T.);
#276=ADVANCED_FACE('',(#1046),#8360,.T.);
#277=ADVANCED_FACE('',(#1047),#8361,.T.);
#278=ADVANCED_FACE('',(#1048),#8362,.T.);
#279=ADVANCED_FACE('',(#1049),#8363,.T.);
#280=ADVANCED_FACE('',(#1050),#8364,.T.);
#281=ADVANCED_FACE('',(#1051),#8365,.T.);
#282=ADVANCED_FACE('',(#1052),#8366,.T.);
#283=ADVANCED_FACE('',(#1053),#8367,.T.);
#284=ADVANCED_FACE('',(#1054),#8368,.T.);
#285=ADVANCED_FACE('',(#1055),#8369,.T.);
#286=ADVANCED_FACE('',(#1056),#8370,.T.);
#287=ADVANCED_FACE('',(#1057),#8371,.T.);
#288=ADVANCED_FACE('',(#1058),#8046,.T.);
#289=ADVANCED_FACE('',(#1059),#8372,.T.);
#290=ADVANCED_FACE('',(#1060),#8373,.T.);
#291=ADVANCED_FACE('',(#1061),#8374,.T.);
#292=ADVANCED_FACE('',(#1062),#8375,.T.);
#293=ADVANCED_FACE('',(#1063),#8376,.T.);
#294=ADVANCED_FACE('',(#1064),#8377,.T.);
#295=ADVANCED_FACE('',(#1065),#8378,.T.);
#296=ADVANCED_FACE('',(#1066),#8379,.T.);
#297=ADVANCED_FACE('',(#1067),#8380,.T.);
#298=ADVANCED_FACE('',(#1068),#8047,.T.);
#299=ADVANCED_FACE('',(#1069),#8381,.T.);
#300=ADVANCED_FACE('',(#1070),#8048,.T.);
#301=ADVANCED_FACE('',(#1071),#8382,.T.);
#302=ADVANCED_FACE('',(#1072),#8383,.T.);
#303=ADVANCED_FACE('',(#1073),#8384,.T.);
#304=ADVANCED_FACE('',(#1074),#8385,.T.);
#305=ADVANCED_FACE('',(#1075),#8386,.T.);
#306=ADVANCED_FACE('',(#1076),#8049,.T.);
#307=ADVANCED_FACE('',(#1077),#8387,.T.);
#308=ADVANCED_FACE('',(#1078),#8388,.T.);
#309=ADVANCED_FACE('',(#1079),#8389,.T.);
#310=ADVANCED_FACE('',(#1080),#8390,.T.);
#311=ADVANCED_FACE('',(#1081),#8391,.T.);
#312=ADVANCED_FACE('',(#1082),#8392,.T.);
#313=ADVANCED_FACE('',(#1083),#8393,.T.);
#314=ADVANCED_FACE('',(#1084),#8394,.T.);
#315=ADVANCED_FACE('',(#1085),#8395,.T.);
#316=ADVANCED_FACE('',(#1086),#8050,.T.);
#317=ADVANCED_FACE('',(#1087),#8396,.T.);
#318=ADVANCED_FACE('',(#1088),#8397,.T.);
#319=ADVANCED_FACE('',(#1089),#8398,.T.);
#320=ADVANCED_FACE('',(#1090),#8399,.T.);
#321=ADVANCED_FACE('',(#1091),#8400,.T.);
#322=ADVANCED_FACE('',(#1092),#8401,.T.);
#323=ADVANCED_FACE('',(#1093),#8402,.T.);
#324=ADVANCED_FACE('',(#1094),#8403,.T.);
#325=ADVANCED_FACE('',(#1095),#8404,.T.);
#326=ADVANCED_FACE('',(#1096),#8405,.T.);
#327=ADVANCED_FACE('',(#1097),#8406,.T.);
#328=ADVANCED_FACE('',(#1098),#8051,.T.);
#329=ADVANCED_FACE('',(#1099),#8407,.T.);
#330=ADVANCED_FACE('',(#1100),#8052,.T.);
#331=ADVANCED_FACE('',(#1101),#8053,.T.);
#332=ADVANCED_FACE('',(#1102),#8408,.T.);
#333=ADVANCED_FACE('',(#1103),#8409,.T.);
#334=ADVANCED_FACE('',(#1104),#8410,.T.);
#335=ADVANCED_FACE('',(#1105),#8411,.T.);
#336=ADVANCED_FACE('',(#1106),#8412,.T.);
#337=ADVANCED_FACE('',(#1107),#8413,.T.);
#338=ADVANCED_FACE('',(#1108),#8414,.T.);
#339=ADVANCED_FACE('',(#1109),#8415,.T.);
#340=ADVANCED_FACE('',(#1110),#8054,.T.);
#341=ADVANCED_FACE('',(#1111),#8416,.T.);
#342=ADVANCED_FACE('',(#1112),#8055,.T.);
#343=ADVANCED_FACE('',(#1113),#8417,.T.);
#344=ADVANCED_FACE('',(#1114),#8418,.T.);
#345=ADVANCED_FACE('',(#1115),#8419,.T.);
#346=ADVANCED_FACE('',(#1116),#8420,.T.);
#347=ADVANCED_FACE('',(#1117),#8421,.T.);
#348=ADVANCED_FACE('',(#1118),#8422,.T.);
#349=ADVANCED_FACE('',(#1119),#8423,.T.);
#350=ADVANCED_FACE('',(#1120),#8424,.T.);
#351=ADVANCED_FACE('',(#1121),#8425,.T.);
#352=ADVANCED_FACE('',(#1122),#8426,.T.);
#353=ADVANCED_FACE('',(#1123),#8427,.T.);
#354=ADVANCED_FACE('',(#1124),#8428,.T.);
#355=ADVANCED_FACE('',(#1125),#8429,.T.);
#356=ADVANCED_FACE('',(#1126),#8430,.T.);
#357=ADVANCED_FACE('',(#1127),#8431,.T.);
#358=ADVANCED_FACE('',(#1128),#8432,.T.);
#359=ADVANCED_FACE('',(#1129),#8433,.T.);
#360=ADVANCED_FACE('',(#1130),#8434,.T.);
#361=ADVANCED_FACE('',(#1131),#8435,.T.);
#362=ADVANCED_FACE('',(#1132),#8436,.T.);
#363=ADVANCED_FACE('',(#1133),#8437,.T.);
#364=ADVANCED_FACE('',(#1134),#8438,.T.);
#365=ADVANCED_FACE('',(#1135),#8439,.T.);
#366=ADVANCED_FACE('',(#1136),#8440,.T.);
#367=ADVANCED_FACE('',(#1137),#8441,.T.);
#368=ADVANCED_FACE('',(#1138),#8442,.T.);
#369=ADVANCED_FACE('',(#1139),#8443,.T.);
#370=ADVANCED_FACE('',(#1140),#8444,.T.);
#371=ADVANCED_FACE('',(#1141),#8445,.T.);
#372=ADVANCED_FACE('',(#1142),#8446,.T.);
#373=ADVANCED_FACE('',(#1143),#8447,.T.);
#374=ADVANCED_FACE('',(#1144),#8056,.T.);
#375=ADVANCED_FACE('',(#1145),#8448,.T.);
#376=ADVANCED_FACE('',(#1146),#8057,.T.);
#377=ADVANCED_FACE('',(#1147),#8449,.T.);
#378=ADVANCED_FACE('',(#1148),#8450,.T.);
#379=ADVANCED_FACE('',(#1149),#8058,.T.);
#380=ADVANCED_FACE('',(#1150),#8451,.T.);
#381=ADVANCED_FACE('',(#1151),#8452,.T.);
#382=ADVANCED_FACE('',(#1152),#8453,.T.);
#383=ADVANCED_FACE('',(#1153),#8454,.T.);
#384=ADVANCED_FACE('',(#1154),#8455,.T.);
#385=ADVANCED_FACE('',(#1155),#8456,.T.);
#386=ADVANCED_FACE('',(#1156),#8457,.T.);
#387=ADVANCED_FACE('',(#1157),#8059,.T.);
#388=ADVANCED_FACE('',(#1158),#8458,.T.);
#389=ADVANCED_FACE('',(#1159),#8459,.T.);
#390=ADVANCED_FACE('',(#1160),#8460,.T.);
#391=ADVANCED_FACE('',(#1161),#8461,.T.);
#392=ADVANCED_FACE('',(#1162),#8462,.T.);
#393=ADVANCED_FACE('',(#1163),#8463,.T.);
#394=ADVANCED_FACE('',(#1164),#8464,.T.);
#395=ADVANCED_FACE('',(#1165),#8465,.T.);
#396=ADVANCED_FACE('',(#1166),#8060,.T.);
#397=ADVANCED_FACE('',(#1167),#8466,.T.);
#398=ADVANCED_FACE('',(#1168),#8467,.T.);
#399=ADVANCED_FACE('',(#1169),#8468,.T.);
#400=ADVANCED_FACE('',(#1170),#8469,.T.);
#401=ADVANCED_FACE('',(#1171),#8470,.T.);
#402=ADVANCED_FACE('',(#1172),#8061,.T.);
#403=ADVANCED_FACE('',(#1173),#8471,.T.);
#404=ADVANCED_FACE('',(#1174),#8062,.T.);
#405=ADVANCED_FACE('',(#1175),#8472,.T.);
#406=ADVANCED_FACE('',(#1176),#8473,.T.);
#407=ADVANCED_FACE('',(#1177),#8474,.T.);
#408=ADVANCED_FACE('',(#1178),#8475,.T.);
#409=ADVANCED_FACE('',(#1179),#8063,.T.);
#410=ADVANCED_FACE('',(#1180),#8476,.T.);
#411=ADVANCED_FACE('',(#1181),#8477,.T.);
#412=ADVANCED_FACE('',(#1182),#8478,.T.);
#413=ADVANCED_FACE('',(#1183),#8479,.T.);
#414=ADVANCED_FACE('',(#1184),#8480,.T.);
#415=ADVANCED_FACE('',(#1185),#8064,.T.);
#416=ADVANCED_FACE('',(#1186),#8481,.T.);
#417=ADVANCED_FACE('',(#1187),#8482,.T.);
#418=ADVANCED_FACE('',(#1188),#8483,.T.);
#419=ADVANCED_FACE('',(#1189),#8065,.T.);
#420=ADVANCED_FACE('',(#1190),#8484,.T.);
#421=ADVANCED_FACE('',(#1191),#8485,.T.);
#422=ADVANCED_FACE('',(#1192),#8486,.T.);
#423=ADVANCED_FACE('',(#1193),#8487,.T.);
#424=ADVANCED_FACE('',(#1194),#8488,.T.);
#425=ADVANCED_FACE('',(#1195),#8489,.T.);
#426=ADVANCED_FACE('',(#1196),#8490,.T.);
#427=ADVANCED_FACE('',(#1197),#8491,.T.);
#428=ADVANCED_FACE('',(#1198),#8492,.T.);
#429=ADVANCED_FACE('',(#1199),#8493,.T.);
#430=ADVANCED_FACE('',(#1200),#8066,.T.);
#431=ADVANCED_FACE('',(#1201),#8494,.T.);
#432=ADVANCED_FACE('',(#1202),#8495,.T.);
#433=ADVANCED_FACE('',(#1203),#8496,.T.);
#434=ADVANCED_FACE('',(#1204),#8497,.T.);
#435=ADVANCED_FACE('',(#1205),#8498,.T.);
#436=ADVANCED_FACE('',(#1206),#8067,.T.);
#437=ADVANCED_FACE('',(#1207),#8499,.T.);
#438=ADVANCED_FACE('',(#1208),#8068,.T.);
#439=ADVANCED_FACE('',(#1209),#8500,.T.);
#440=ADVANCED_FACE('',(#1210),#8501,.T.);
#441=ADVANCED_FACE('',(#1211),#8502,.T.);
#442=ADVANCED_FACE('',(#1212),#8069,.T.);
#443=ADVANCED_FACE('',(#1213),#8503,.T.);
#444=ADVANCED_FACE('',(#1214),#8504,.T.);
#445=ADVANCED_FACE('',(#1215),#8505,.T.);
#446=ADVANCED_FACE('',(#1216),#8506,.T.);
#447=ADVANCED_FACE('',(#1217),#8507,.T.);
#448=ADVANCED_FACE('',(#1218),#8508,.T.);
#449=ADVANCED_FACE('',(#1219),#8509,.T.);
#450=ADVANCED_FACE('',(#1220),#8070,.T.);
#451=ADVANCED_FACE('',(#1221),#8071,.T.);
#452=ADVANCED_FACE('',(#1222),#8072,.T.);
#453=ADVANCED_FACE('',(#1223),#8510,.T.);
#454=ADVANCED_FACE('',(#1224),#8511,.T.);
#455=ADVANCED_FACE('',(#1225),#8512,.T.);
#456=ADVANCED_FACE('',(#1226),#8073,.T.);
#457=ADVANCED_FACE('',(#1227),#8513,.T.);
#458=ADVANCED_FACE('',(#1228),#8074,.T.);
#459=ADVANCED_FACE('',(#1229),#8075,.T.);
#460=ADVANCED_FACE('',(#1230),#8514,.T.);
#461=ADVANCED_FACE('',(#1231),#8076,.T.);
#462=ADVANCED_FACE('',(#1232),#8077,.T.);
#463=ADVANCED_FACE('',(#1233),#8078,.T.);
#464=ADVANCED_FACE('',(#1234),#8079,.T.);
#465=ADVANCED_FACE('',(#1235),#8080,.T.);
#466=ADVANCED_FACE('',(#1236),#8081,.T.);
#467=ADVANCED_FACE('',(#1237),#8082,.T.);
#468=ADVANCED_FACE('',(#1238),#8083,.T.);
#469=ADVANCED_FACE('',(#1239),#8084,.T.);
#470=ADVANCED_FACE('',(#1240),#8085,.T.);
#471=ADVANCED_FACE('',(#1241),#8086,.T.);
#472=ADVANCED_FACE('',(#1242),#8087,.T.);
#473=ADVANCED_FACE('',(#1243),#8515,.T.);
#474=ADVANCED_FACE('',(#1244),#8516,.T.);
#475=ADVANCED_FACE('',(#1245),#8517,.T.);
#476=ADVANCED_FACE('',(#1246),#8518,.T.);
#477=ADVANCED_FACE('',(#1247),#8519,.T.);
#478=ADVANCED_FACE('',(#1248),#8520,.T.);
#479=ADVANCED_FACE('',(#1249),#8521,.T.);
#480=ADVANCED_FACE('',(#1250),#8522,.T.);
#481=ADVANCED_FACE('',(#1251),#8523,.T.);
#482=ADVANCED_FACE('',(#1252),#8524,.T.);
#483=ADVANCED_FACE('',(#1253),#8525,.T.);
#484=ADVANCED_FACE('',(#1254),#8526,.T.);
#485=ADVANCED_FACE('',(#1255),#8527,.T.);
#486=ADVANCED_FACE('',(#1256),#8528,.T.);
#487=ADVANCED_FACE('',(#1257),#8529,.T.);
#488=ADVANCED_FACE('',(#1258),#8530,.T.);
#489=ADVANCED_FACE('',(#1259),#8531,.T.);
#490=ADVANCED_FACE('',(#1260),#8532,.T.);
#491=ADVANCED_FACE('',(#1261),#8533,.T.);
#492=ADVANCED_FACE('',(#1262),#8534,.T.);
#493=ADVANCED_FACE('',(#1263),#8535,.T.);
#494=ADVANCED_FACE('',(#1264),#8536,.T.);
#495=ADVANCED_FACE('',(#1265),#8537,.T.);
#496=ADVANCED_FACE('',(#1266),#8538,.T.);
#497=ADVANCED_FACE('',(#1267),#8539,.T.);
#498=ADVANCED_FACE('',(#1268),#8540,.T.);
#499=ADVANCED_FACE('',(#1269),#8541,.T.);
#500=ADVANCED_FACE('',(#1270),#8542,.T.);
#501=ADVANCED_FACE('',(#1271),#8543,.T.);
#502=ADVANCED_FACE('',(#1272),#8544,.T.);
#503=ADVANCED_FACE('',(#1273),#8545,.T.);
#504=ADVANCED_FACE('',(#1274),#8546,.T.);
#505=ADVANCED_FACE('',(#1275),#8547,.T.);
#506=ADVANCED_FACE('',(#1276),#8548,.T.);
#507=ADVANCED_FACE('',(#1277),#8549,.T.);
#508=ADVANCED_FACE('',(#1278),#8550,.T.);
#509=ADVANCED_FACE('',(#1279),#8551,.T.);
#510=ADVANCED_FACE('',(#1280),#8552,.T.);
#511=ADVANCED_FACE('',(#1281),#8553,.T.);
#512=ADVANCED_FACE('',(#1282),#8554,.T.);
#513=ADVANCED_FACE('',(#1283),#8555,.T.);
#514=ADVANCED_FACE('',(#1284),#8556,.T.);
#515=ADVANCED_FACE('',(#1285),#8557,.T.);
#516=ADVANCED_FACE('',(#1286),#8558,.T.);
#517=ADVANCED_FACE('',(#1287),#8559,.T.);
#518=ADVANCED_FACE('',(#1288),#8560,.T.);
#519=ADVANCED_FACE('',(#1289),#8561,.T.);
#520=ADVANCED_FACE('',(#1290),#8562,.T.);
#521=ADVANCED_FACE('',(#1291),#8563,.T.);
#522=ADVANCED_FACE('',(#1292),#8564,.T.);
#523=ADVANCED_FACE('',(#1293),#8565,.T.);
#524=ADVANCED_FACE('',(#1294),#8566,.T.);
#525=ADVANCED_FACE('',(#1295),#8567,.T.);
#526=ADVANCED_FACE('',(#1296),#8568,.T.);
#527=ADVANCED_FACE('',(#1297),#8569,.T.);
#528=ADVANCED_FACE('',(#1298),#8570,.T.);
#529=ADVANCED_FACE('',(#1299),#8571,.T.);
#530=ADVANCED_FACE('',(#1300),#8572,.T.);
#531=ADVANCED_FACE('',(#1301),#8573,.T.);
#532=ADVANCED_FACE('',(#1302),#8574,.T.);
#533=ADVANCED_FACE('',(#1303),#8575,.T.);
#534=ADVANCED_FACE('',(#1304),#8576,.T.);
#535=ADVANCED_FACE('',(#1305),#8577,.T.);
#536=ADVANCED_FACE('',(#1306),#8578,.T.);
#537=ADVANCED_FACE('',(#1307),#8579,.T.);
#538=ADVANCED_FACE('',(#1308),#8580,.T.);
#539=ADVANCED_FACE('',(#1309),#8581,.T.);
#540=ADVANCED_FACE('',(#1310),#8582,.T.);
#541=ADVANCED_FACE('',(#1311),#8583,.T.);
#542=ADVANCED_FACE('',(#1312),#8584,.T.);
#543=ADVANCED_FACE('',(#1313),#8585,.T.);
#544=ADVANCED_FACE('',(#1314),#8586,.T.);
#545=ADVANCED_FACE('',(#1315),#8587,.T.);
#546=ADVANCED_FACE('',(#1316),#8588,.T.);
#547=ADVANCED_FACE('',(#1317),#8589,.T.);
#548=ADVANCED_FACE('',(#1318),#8590,.T.);
#549=ADVANCED_FACE('',(#1319),#8591,.T.);
#550=ADVANCED_FACE('',(#1320),#8592,.T.);
#551=ADVANCED_FACE('',(#1321),#8593,.T.);
#552=ADVANCED_FACE('',(#1322),#8594,.T.);
#553=ADVANCED_FACE('',(#1323),#8595,.T.);
#554=ADVANCED_FACE('',(#1324),#8596,.T.);
#555=ADVANCED_FACE('',(#1325),#8597,.T.);
#556=ADVANCED_FACE('',(#1326),#8598,.T.);
#557=ADVANCED_FACE('',(#1327),#8599,.T.);
#558=ADVANCED_FACE('',(#1328),#8600,.T.);
#559=ADVANCED_FACE('',(#1329),#8601,.T.);
#560=ADVANCED_FACE('',(#1330),#8602,.T.);
#561=ADVANCED_FACE('',(#1331),#8603,.T.);
#562=ADVANCED_FACE('',(#1332),#8604,.T.);
#563=ADVANCED_FACE('',(#1333),#8605,.T.);
#564=ADVANCED_FACE('',(#1334),#8606,.T.);
#565=ADVANCED_FACE('',(#1335),#8607,.T.);
#566=ADVANCED_FACE('',(#1336),#8608,.T.);
#567=ADVANCED_FACE('',(#1337),#8609,.T.);
#568=ADVANCED_FACE('',(#1338),#8610,.T.);
#569=ADVANCED_FACE('',(#1339),#8611,.T.);
#570=ADVANCED_FACE('',(#1340),#8612,.T.);
#571=ADVANCED_FACE('',(#1341),#8613,.T.);
#572=ADVANCED_FACE('',(#1342),#8614,.T.);
#573=ADVANCED_FACE('',(#1343),#8615,.T.);
#574=ADVANCED_FACE('',(#1344),#8616,.T.);
#575=ADVANCED_FACE('',(#1345),#8617,.T.);
#576=ADVANCED_FACE('',(#1346),#8618,.T.);
#577=ADVANCED_FACE('',(#1347),#8619,.T.);
#578=ADVANCED_FACE('',(#1348),#8620,.T.);
#579=ADVANCED_FACE('',(#1349),#8621,.T.);
#580=ADVANCED_FACE('',(#1350),#8622,.T.);
#581=ADVANCED_FACE('',(#1351),#8623,.T.);
#582=ADVANCED_FACE('',(#1352),#8624,.T.);
#583=ADVANCED_FACE('',(#1353),#8625,.T.);
#584=ADVANCED_FACE('',(#1354),#8626,.T.);
#585=ADVANCED_FACE('',(#1355),#8627,.T.);
#586=ADVANCED_FACE('',(#1356),#8628,.T.);
#587=ADVANCED_FACE('',(#1357),#8629,.T.);
#588=ADVANCED_FACE('',(#1358),#8630,.T.);
#589=ADVANCED_FACE('',(#1359),#8631,.T.);
#590=ADVANCED_FACE('',(#1360),#8632,.T.);
#591=ADVANCED_FACE('',(#1361),#8633,.T.);
#592=ADVANCED_FACE('',(#1362),#8634,.T.);
#593=ADVANCED_FACE('',(#1363),#8635,.T.);
#594=ADVANCED_FACE('',(#1364),#8636,.T.);
#595=ADVANCED_FACE('',(#1365),#8637,.T.);
#596=ADVANCED_FACE('',(#1366),#8638,.T.);
#597=ADVANCED_FACE('',(#1367),#8639,.T.);
#598=ADVANCED_FACE('',(#1368),#8640,.T.);
#599=ADVANCED_FACE('',(#1369),#8641,.T.);
#600=ADVANCED_FACE('',(#1370),#8642,.T.);
#601=ADVANCED_FACE('',(#1371),#8643,.T.);
#602=ADVANCED_FACE('',(#1372),#8644,.T.);
#603=ADVANCED_FACE('',(#1373),#8645,.T.);
#604=ADVANCED_FACE('',(#1374),#8646,.T.);
#605=ADVANCED_FACE('',(#1375),#8647,.T.);
#606=ADVANCED_FACE('',(#1376),#8648,.T.);
#607=ADVANCED_FACE('',(#1377),#8649,.T.);
#608=ADVANCED_FACE('',(#1378),#8650,.T.);
#609=ADVANCED_FACE('',(#1379),#8651,.T.);
#610=ADVANCED_FACE('',(#1380),#8652,.T.);
#611=ADVANCED_FACE('',(#1381),#8653,.T.);
#612=ADVANCED_FACE('',(#1382),#8654,.T.);
#613=ADVANCED_FACE('',(#1383),#8655,.T.);
#614=ADVANCED_FACE('',(#1384),#8656,.T.);
#615=ADVANCED_FACE('',(#1385),#8657,.T.);
#616=ADVANCED_FACE('',(#1386),#8658,.T.);
#617=ADVANCED_FACE('',(#1387),#8659,.T.);
#618=ADVANCED_FACE('',(#1388),#8660,.T.);
#619=ADVANCED_FACE('',(#1389),#8661,.T.);
#620=ADVANCED_FACE('',(#1390),#8662,.T.);
#621=ADVANCED_FACE('',(#1391),#8663,.T.);
#622=ADVANCED_FACE('',(#1392),#8664,.T.);
#623=ADVANCED_FACE('',(#1393),#8665,.T.);
#624=ADVANCED_FACE('',(#1394),#8666,.T.);
#625=ADVANCED_FACE('',(#1395),#8667,.T.);
#626=ADVANCED_FACE('',(#1396),#8668,.T.);
#627=ADVANCED_FACE('',(#1397),#8669,.T.);
#628=ADVANCED_FACE('',(#1398),#8670,.T.);
#629=ADVANCED_FACE('',(#1399),#8671,.T.);
#630=ADVANCED_FACE('',(#1400),#8672,.T.);
#631=ADVANCED_FACE('',(#1401),#8673,.T.);
#632=ADVANCED_FACE('',(#1402),#8674,.T.);
#633=ADVANCED_FACE('',(#1403),#8675,.T.);
#634=ADVANCED_FACE('',(#1404),#8676,.T.);
#635=ADVANCED_FACE('',(#1405),#8677,.T.);
#636=ADVANCED_FACE('',(#1406),#8678,.T.);
#637=ADVANCED_FACE('',(#1407),#8679,.T.);
#638=ADVANCED_FACE('',(#1408),#8680,.T.);
#639=ADVANCED_FACE('',(#1409),#8681,.T.);
#640=ADVANCED_FACE('',(#1410),#8682,.T.);
#641=ADVANCED_FACE('',(#1411),#8683,.T.);
#642=ADVANCED_FACE('',(#1412),#8684,.T.);
#643=ADVANCED_FACE('',(#1413),#8685,.T.);
#644=ADVANCED_FACE('',(#1414),#8686,.T.);
#645=ADVANCED_FACE('',(#1415),#8687,.T.);
#646=ADVANCED_FACE('',(#1416),#8688,.T.);
#647=ADVANCED_FACE('',(#1417),#8689,.T.);
#648=ADVANCED_FACE('',(#1418),#8690,.T.);
#649=ADVANCED_FACE('',(#1419),#8691,.T.);
#650=ADVANCED_FACE('',(#1420),#8692,.T.);
#651=ADVANCED_FACE('',(#1421),#8693,.T.);
#652=ADVANCED_FACE('',(#1422),#8694,.T.);
#653=ADVANCED_FACE('',(#1423),#8695,.T.);
#654=ADVANCED_FACE('',(#1424),#8696,.T.);
#655=ADVANCED_FACE('',(#1425),#8697,.T.);
#656=ADVANCED_FACE('',(#1426),#8698,.T.);
#657=ADVANCED_FACE('',(#1427),#8699,.T.);
#658=ADVANCED_FACE('',(#1428),#8700,.T.);
#659=ADVANCED_FACE('',(#1429),#8701,.T.);
#660=ADVANCED_FACE('',(#1430),#8702,.T.);
#661=ADVANCED_FACE('',(#1431),#8703,.T.);
#662=ADVANCED_FACE('',(#1432),#8704,.T.);
#663=ADVANCED_FACE('',(#1433),#8705,.T.);
#664=ADVANCED_FACE('',(#1434),#8706,.T.);
#665=ADVANCED_FACE('',(#1435),#8707,.T.);
#666=ADVANCED_FACE('',(#1436),#8708,.T.);
#667=ADVANCED_FACE('',(#1437),#8709,.T.);
#668=ADVANCED_FACE('',(#1438),#8710,.T.);
#669=ADVANCED_FACE('',(#1439),#8711,.T.);
#670=ADVANCED_FACE('',(#1440),#8712,.T.);
#671=ADVANCED_FACE('',(#1441),#8713,.T.);
#672=ADVANCED_FACE('',(#1442),#8714,.T.);
#673=ADVANCED_FACE('',(#1443),#8715,.T.);
#674=ADVANCED_FACE('',(#1444),#8716,.T.);
#675=ADVANCED_FACE('',(#1445),#8717,.T.);
#676=ADVANCED_FACE('',(#1446),#8718,.T.);
#677=ADVANCED_FACE('',(#1447),#8719,.T.);
#678=ADVANCED_FACE('',(#1448),#8720,.T.);
#679=ADVANCED_FACE('',(#1449),#8721,.T.);
#680=ADVANCED_FACE('',(#1450),#8722,.T.);
#681=ADVANCED_FACE('',(#1451),#8723,.T.);
#682=ADVANCED_FACE('',(#1452),#8724,.T.);
#683=ADVANCED_FACE('',(#1453),#8725,.T.);
#684=ADVANCED_FACE('',(#1454),#8726,.T.);
#685=ADVANCED_FACE('',(#1455),#8727,.T.);
#686=ADVANCED_FACE('',(#1456),#8728,.T.);
#687=ADVANCED_FACE('',(#1457),#8729,.T.);
#688=ADVANCED_FACE('',(#1458),#8730,.T.);
#689=ADVANCED_FACE('',(#1459),#8731,.T.);
#690=ADVANCED_FACE('',(#1460),#8732,.T.);
#691=ADVANCED_FACE('',(#1461),#8733,.T.);
#692=ADVANCED_FACE('',(#1462),#8734,.T.);
#693=ADVANCED_FACE('',(#1463),#8735,.T.);
#694=ADVANCED_FACE('',(#1464),#8736,.T.);
#695=ADVANCED_FACE('',(#1465),#8737,.T.);
#696=ADVANCED_FACE('',(#1466),#8738,.T.);
#697=ADVANCED_FACE('',(#1467),#8739,.T.);
#698=ADVANCED_FACE('',(#1468),#8740,.T.);
#699=ADVANCED_FACE('',(#1469),#8741,.T.);
#700=ADVANCED_FACE('',(#1470),#8742,.T.);
#701=ADVANCED_FACE('',(#1471),#8743,.T.);
#702=ADVANCED_FACE('',(#1472),#8744,.T.);
#703=ADVANCED_FACE('',(#1473),#8745,.T.);
#704=ADVANCED_FACE('',(#1474),#8746,.T.);
#705=ADVANCED_FACE('',(#1475),#8747,.T.);
#706=ADVANCED_FACE('',(#1476),#8748,.T.);
#707=ADVANCED_FACE('',(#1477),#8749,.T.);
#708=ADVANCED_FACE('',(#1478),#8750,.T.);
#709=ADVANCED_FACE('',(#1479),#8751,.T.);
#710=ADVANCED_FACE('',(#1480),#8752,.T.);
#711=ADVANCED_FACE('',(#1481),#8753,.T.);
#712=ADVANCED_FACE('',(#1482),#8754,.T.);
#713=ADVANCED_FACE('',(#1483),#8755,.T.);
#714=ADVANCED_FACE('',(#1484),#8756,.T.);
#715=ADVANCED_FACE('',(#1485),#8757,.T.);
#716=ADVANCED_FACE('',(#1486),#8758,.T.);
#717=ADVANCED_FACE('',(#1487),#8759,.T.);
#718=ADVANCED_FACE('',(#1488),#8760,.T.);
#719=ADVANCED_FACE('',(#1489),#8761,.T.);
#720=ADVANCED_FACE('',(#1490),#8762,.T.);
#721=ADVANCED_FACE('',(#1491),#8763,.T.);
#722=ADVANCED_FACE('',(#1492),#8764,.T.);
#723=ADVANCED_FACE('',(#1493),#8765,.T.);
#724=ADVANCED_FACE('',(#1494),#8088,.T.);
#725=ADVANCED_FACE('',(#1495),#8766,.T.);
#726=ADVANCED_FACE('',(#1496),#8767,.T.);
#727=ADVANCED_FACE('',(#1497),#8768,.T.);
#728=ADVANCED_FACE('',(#1498),#8769,.T.);
#729=ADVANCED_FACE('',(#1499),#8770,.T.);
#730=ADVANCED_FACE('',(#1500),#8771,.T.);
#731=ADVANCED_FACE('',(#1501),#8772,.T.);
#732=ADVANCED_FACE('',(#1502),#8773,.T.);
#733=ADVANCED_FACE('',(#1503),#8774,.T.);
#734=ADVANCED_FACE('',(#1504),#8089,.T.);
#735=ADVANCED_FACE('',(#1505),#8775,.T.);
#736=ADVANCED_FACE('',(#1506),#8090,.T.);
#737=ADVANCED_FACE('',(#1507),#8776,.T.);
#738=ADVANCED_FACE('',(#1508),#8777,.T.);
#739=ADVANCED_FACE('',(#1509),#8778,.T.);
#740=ADVANCED_FACE('',(#1510),#8779,.T.);
#741=ADVANCED_FACE('',(#1511),#8780,.T.);
#742=ADVANCED_FACE('',(#1512),#8091,.T.);
#743=ADVANCED_FACE('',(#1513),#8781,.T.);
#744=ADVANCED_FACE('',(#1514),#8782,.T.);
#745=ADVANCED_FACE('',(#1515),#8783,.T.);
#746=ADVANCED_FACE('',(#1516),#8784,.T.);
#747=ADVANCED_FACE('',(#1517),#8785,.T.);
#748=ADVANCED_FACE('',(#1518),#8786,.T.);
#749=ADVANCED_FACE('',(#1519),#8787,.T.);
#750=ADVANCED_FACE('',(#1520),#8788,.T.);
#751=ADVANCED_FACE('',(#1521),#8789,.T.);
#752=ADVANCED_FACE('',(#1522),#8092,.T.);
#753=ADVANCED_FACE('',(#1523),#8790,.T.);
#754=ADVANCED_FACE('',(#1524),#8791,.T.);
#755=ADVANCED_FACE('',(#1525),#8792,.T.);
#756=ADVANCED_FACE('',(#1526),#8793,.T.);
#757=ADVANCED_FACE('',(#1527),#8794,.T.);
#758=ADVANCED_FACE('',(#1528),#8795,.T.);
#759=ADVANCED_FACE('',(#1529),#8796,.T.);
#760=ADVANCED_FACE('',(#1530),#8797,.T.);
#761=ADVANCED_FACE('',(#1531),#8798,.T.);
#762=ADVANCED_FACE('',(#1532),#8799,.T.);
#763=ADVANCED_FACE('',(#1533),#8800,.T.);
#764=ADVANCED_FACE('',(#1534),#8093,.T.);
#765=ADVANCED_FACE('',(#1535),#8801,.T.);
#766=ADVANCED_FACE('',(#1536),#8094,.T.);
#767=ADVANCED_FACE('',(#1537),#8095,.T.);
#768=ADVANCED_FACE('',(#1538),#8802,.T.);
#769=ADVANCED_FACE('',(#1539),#8803,.T.);
#770=ADVANCED_FACE('',(#1540),#8804,.T.);
#771=ADVANCED_FACE('',(#1541),#8805,.T.);
#772=ADVANCED_FACE('',(#1542),#8806,.T.);
#773=ADVANCED_FACE('',(#1543),#8807,.T.);
#774=ADVANCED_FACE('',(#1544),#8808,.T.);
#775=ADVANCED_FACE('',(#1545),#8809,.T.);
#776=ADVANCED_FACE('',(#1546),#8096,.T.);
#777=ADVANCED_FACE('',(#1547),#8810,.T.);
#778=ADVANCED_FACE('',(#1548),#8097,.T.);
#779=ADVANCED_FACE('',(#1549),#8811,.T.);
#780=ADVANCED_FACE('',(#1550),#8812,.T.);
#781=ADVANCED_FACE('',(#1551),#8813,.T.);
#782=ADVANCED_FACE('',(#1552),#8814,.T.);
#783=ADVANCED_FACE('',(#1553),#8815,.T.);
#784=FACE_OUTER_BOUND('',#1554,.T.);
#785=FACE_OUTER_BOUND('',#1555,.T.);
#786=FACE_OUTER_BOUND('',#1556,.T.);
#787=FACE_OUTER_BOUND('',#1557,.T.);
#788=FACE_OUTER_BOUND('',#1558,.T.);
#789=FACE_OUTER_BOUND('',#1559,.T.);
#790=FACE_OUTER_BOUND('',#1560,.T.);
#791=FACE_OUTER_BOUND('',#1561,.T.);
#792=FACE_OUTER_BOUND('',#1562,.T.);
#793=FACE_OUTER_BOUND('',#1563,.T.);
#794=FACE_OUTER_BOUND('',#1564,.T.);
#795=FACE_OUTER_BOUND('',#1565,.T.);
#796=FACE_OUTER_BOUND('',#1566,.T.);
#797=FACE_OUTER_BOUND('',#1567,.T.);
#798=FACE_OUTER_BOUND('',#1568,.T.);
#799=FACE_OUTER_BOUND('',#1569,.T.);
#800=FACE_OUTER_BOUND('',#1570,.T.);
#801=FACE_OUTER_BOUND('',#1571,.T.);
#802=FACE_OUTER_BOUND('',#1572,.T.);
#803=FACE_OUTER_BOUND('',#1573,.T.);
#804=FACE_OUTER_BOUND('',#1574,.T.);
#805=FACE_OUTER_BOUND('',#1575,.T.);
#806=FACE_OUTER_BOUND('',#1576,.T.);
#807=FACE_OUTER_BOUND('',#1577,.T.);
#808=FACE_OUTER_BOUND('',#1578,.T.);
#809=FACE_OUTER_BOUND('',#1579,.T.);
#810=FACE_OUTER_BOUND('',#1580,.T.);
#811=FACE_OUTER_BOUND('',#1581,.T.);
#812=FACE_OUTER_BOUND('',#1582,.T.);
#813=FACE_OUTER_BOUND('',#1583,.T.);
#814=FACE_OUTER_BOUND('',#1584,.T.);
#815=FACE_OUTER_BOUND('',#1585,.T.);
#816=FACE_OUTER_BOUND('',#1586,.T.);
#817=FACE_OUTER_BOUND('',#1587,.T.);
#818=FACE_OUTER_BOUND('',#1588,.T.);
#819=FACE_OUTER_BOUND('',#1589,.T.);
#820=FACE_OUTER_BOUND('',#1590,.T.);
#821=FACE_OUTER_BOUND('',#1591,.T.);
#822=FACE_OUTER_BOUND('',#1592,.T.);
#823=FACE_OUTER_BOUND('',#1593,.T.);
#824=FACE_OUTER_BOUND('',#1594,.T.);
#825=FACE_OUTER_BOUND('',#1595,.T.);
#826=FACE_OUTER_BOUND('',#1596,.T.);
#827=FACE_OUTER_BOUND('',#1597,.T.);
#828=FACE_OUTER_BOUND('',#1598,.T.);
#829=FACE_OUTER_BOUND('',#1599,.T.);
#830=FACE_OUTER_BOUND('',#1600,.T.);
#831=FACE_OUTER_BOUND('',#1601,.T.);
#832=FACE_OUTER_BOUND('',#1602,.T.);
#833=FACE_OUTER_BOUND('',#1603,.T.);
#834=FACE_OUTER_BOUND('',#1604,.T.);
#835=FACE_OUTER_BOUND('',#1605,.T.);
#836=FACE_OUTER_BOUND('',#1606,.T.);
#837=FACE_OUTER_BOUND('',#1607,.T.);
#838=FACE_OUTER_BOUND('',#1608,.T.);
#839=FACE_OUTER_BOUND('',#1609,.T.);
#840=FACE_OUTER_BOUND('',#1610,.T.);
#841=FACE_OUTER_BOUND('',#1611,.T.);
#842=FACE_OUTER_BOUND('',#1612,.T.);
#843=FACE_OUTER_BOUND('',#1613,.T.);
#844=FACE_OUTER_BOUND('',#1614,.T.);
#845=FACE_OUTER_BOUND('',#1615,.T.);
#846=FACE_OUTER_BOUND('',#1616,.T.);
#847=FACE_OUTER_BOUND('',#1617,.T.);
#848=FACE_OUTER_BOUND('',#1618,.T.);
#849=FACE_OUTER_BOUND('',#1619,.T.);
#850=FACE_OUTER_BOUND('',#1620,.T.);
#851=FACE_OUTER_BOUND('',#1621,.T.);
#852=FACE_OUTER_BOUND('',#1622,.T.);
#853=FACE_OUTER_BOUND('',#1623,.T.);
#854=FACE_OUTER_BOUND('',#1624,.T.);
#855=FACE_OUTER_BOUND('',#1625,.T.);
#856=FACE_OUTER_BOUND('',#1626,.T.);
#857=FACE_OUTER_BOUND('',#1627,.T.);
#858=FACE_OUTER_BOUND('',#1628,.T.);
#859=FACE_OUTER_BOUND('',#1629,.T.);
#860=FACE_OUTER_BOUND('',#1630,.T.);
#861=FACE_OUTER_BOUND('',#1631,.T.);
#862=FACE_OUTER_BOUND('',#1632,.T.);
#863=FACE_OUTER_BOUND('',#1633,.T.);
#864=FACE_OUTER_BOUND('',#1634,.T.);
#865=FACE_OUTER_BOUND('',#1635,.T.);
#866=FACE_OUTER_BOUND('',#1636,.T.);
#867=FACE_OUTER_BOUND('',#1637,.T.);
#868=FACE_OUTER_BOUND('',#1638,.T.);
#869=FACE_OUTER_BOUND('',#1639,.T.);
#870=FACE_OUTER_BOUND('',#1640,.T.);
#871=FACE_OUTER_BOUND('',#1641,.T.);
#872=FACE_OUTER_BOUND('',#1642,.T.);
#873=FACE_OUTER_BOUND('',#1643,.T.);
#874=FACE_OUTER_BOUND('',#1644,.T.);
#875=FACE_OUTER_BOUND('',#1645,.T.);
#876=FACE_OUTER_BOUND('',#1646,.T.);
#877=FACE_OUTER_BOUND('',#1647,.T.);
#878=FACE_OUTER_BOUND('',#1648,.T.);
#879=FACE_OUTER_BOUND('',#1649,.T.);
#880=FACE_OUTER_BOUND('',#1650,.T.);
#881=FACE_OUTER_BOUND('',#1651,.T.);
#882=FACE_OUTER_BOUND('',#1652,.T.);
#883=FACE_OUTER_BOUND('',#1653,.T.);
#884=FACE_OUTER_BOUND('',#1654,.T.);
#885=FACE_OUTER_BOUND('',#1655,.T.);
#886=FACE_OUTER_BOUND('',#1656,.T.);
#887=FACE_OUTER_BOUND('',#1657,.T.);
#888=FACE_OUTER_BOUND('',#1658,.T.);
#889=FACE_OUTER_BOUND('',#1659,.T.);
#890=FACE_OUTER_BOUND('',#1660,.T.);
#891=FACE_OUTER_BOUND('',#1661,.T.);
#892=FACE_OUTER_BOUND('',#1662,.T.);
#893=FACE_OUTER_BOUND('',#1663,.T.);
#894=FACE_OUTER_BOUND('',#1664,.T.);
#895=FACE_OUTER_BOUND('',#1665,.T.);
#896=FACE_OUTER_BOUND('',#1666,.T.);
#897=FACE_OUTER_BOUND('',#1667,.T.);
#898=FACE_OUTER_BOUND('',#1668,.T.);
#899=FACE_OUTER_BOUND('',#1669,.T.);
#900=FACE_OUTER_BOUND('',#1670,.T.);
#901=FACE_OUTER_BOUND('',#1671,.T.);
#902=FACE_OUTER_BOUND('',#1672,.T.);
#903=FACE_OUTER_BOUND('',#1673,.T.);
#904=FACE_OUTER_BOUND('',#1674,.T.);
#905=FACE_OUTER_BOUND('',#1675,.T.);
#906=FACE_OUTER_BOUND('',#1676,.T.);
#907=FACE_OUTER_BOUND('',#1677,.T.);
#908=FACE_OUTER_BOUND('',#1678,.T.);
#909=FACE_OUTER_BOUND('',#1679,.T.);
#910=FACE_OUTER_BOUND('',#1680,.T.);
#911=FACE_OUTER_BOUND('',#1681,.T.);
#912=FACE_OUTER_BOUND('',#1682,.T.);
#913=FACE_OUTER_BOUND('',#1683,.T.);
#914=FACE_OUTER_BOUND('',#1684,.T.);
#915=FACE_OUTER_BOUND('',#1685,.T.);
#916=FACE_OUTER_BOUND('',#1686,.T.);
#917=FACE_OUTER_BOUND('',#1687,.T.);
#918=FACE_OUTER_BOUND('',#1688,.T.);
#919=FACE_OUTER_BOUND('',#1689,.T.);
#920=FACE_OUTER_BOUND('',#1690,.T.);
#921=FACE_OUTER_BOUND('',#1691,.T.);
#922=FACE_OUTER_BOUND('',#1692,.T.);
#923=FACE_OUTER_BOUND('',#1693,.T.);
#924=FACE_OUTER_BOUND('',#1694,.T.);
#925=FACE_OUTER_BOUND('',#1695,.T.);
#926=FACE_OUTER_BOUND('',#1696,.T.);
#927=FACE_OUTER_BOUND('',#1697,.T.);
#928=FACE_OUTER_BOUND('',#1698,.T.);
#929=FACE_OUTER_BOUND('',#1699,.T.);
#930=FACE_OUTER_BOUND('',#1700,.T.);
#931=FACE_OUTER_BOUND('',#1701,.T.);
#932=FACE_OUTER_BOUND('',#1702,.T.);
#933=FACE_OUTER_BOUND('',#1703,.T.);
#934=FACE_OUTER_BOUND('',#1704,.T.);
#935=FACE_OUTER_BOUND('',#1705,.T.);
#936=FACE_OUTER_BOUND('',#1706,.T.);
#937=FACE_OUTER_BOUND('',#1707,.T.);
#938=FACE_OUTER_BOUND('',#1708,.T.);
#939=FACE_OUTER_BOUND('',#1709,.T.);
#940=FACE_OUTER_BOUND('',#1710,.T.);
#941=FACE_OUTER_BOUND('',#1711,.T.);
#942=FACE_OUTER_BOUND('',#1712,.T.);
#943=FACE_OUTER_BOUND('',#1713,.T.);
#944=FACE_OUTER_BOUND('',#1714,.T.);
#945=FACE_OUTER_BOUND('',#1715,.T.);
#946=FACE_OUTER_BOUND('',#1716,.T.);
#947=FACE_OUTER_BOUND('',#1717,.T.);
#948=FACE_OUTER_BOUND('',#1718,.T.);
#949=FACE_OUTER_BOUND('',#1719,.T.);
#950=FACE_OUTER_BOUND('',#1720,.T.);
#951=FACE_OUTER_BOUND('',#1721,.T.);
#952=FACE_OUTER_BOUND('',#1722,.T.);
#953=FACE_OUTER_BOUND('',#1723,.T.);
#954=FACE_OUTER_BOUND('',#1724,.T.);
#955=FACE_OUTER_BOUND('',#1725,.T.);
#956=FACE_OUTER_BOUND('',#1726,.T.);
#957=FACE_OUTER_BOUND('',#1727,.T.);
#958=FACE_OUTER_BOUND('',#1728,.T.);
#959=FACE_OUTER_BOUND('',#1729,.T.);
#960=FACE_OUTER_BOUND('',#1730,.T.);
#961=FACE_OUTER_BOUND('',#1731,.T.);
#962=FACE_OUTER_BOUND('',#1732,.T.);
#963=FACE_OUTER_BOUND('',#1733,.T.);
#964=FACE_OUTER_BOUND('',#1734,.T.);
#965=FACE_OUTER_BOUND('',#1735,.T.);
#966=FACE_OUTER_BOUND('',#1736,.T.);
#967=FACE_OUTER_BOUND('',#1737,.T.);
#968=FACE_OUTER_BOUND('',#1738,.T.);
#969=FACE_OUTER_BOUND('',#1739,.T.);
#970=FACE_OUTER_BOUND('',#1740,.T.);
#971=FACE_OUTER_BOUND('',#1741,.T.);
#972=FACE_OUTER_BOUND('',#1742,.T.);
#973=FACE_OUTER_BOUND('',#1743,.T.);
#974=FACE_OUTER_BOUND('',#1744,.T.);
#975=FACE_OUTER_BOUND('',#1745,.T.);
#976=FACE_OUTER_BOUND('',#1746,.T.);
#977=FACE_OUTER_BOUND('',#1747,.T.);
#978=FACE_OUTER_BOUND('',#1748,.T.);
#979=FACE_OUTER_BOUND('',#1749,.T.);
#980=FACE_OUTER_BOUND('',#1750,.T.);
#981=FACE_OUTER_BOUND('',#1751,.T.);
#982=FACE_OUTER_BOUND('',#1752,.T.);
#983=FACE_OUTER_BOUND('',#1753,.T.);
#984=FACE_OUTER_BOUND('',#1754,.T.);
#985=FACE_OUTER_BOUND('',#1755,.T.);
#986=FACE_OUTER_BOUND('',#1756,.T.);
#987=FACE_OUTER_BOUND('',#1757,.T.);
#988=FACE_OUTER_BOUND('',#1758,.T.);
#989=FACE_OUTER_BOUND('',#1759,.T.);
#990=FACE_OUTER_BOUND('',#1760,.T.);
#991=FACE_OUTER_BOUND('',#1761,.T.);
#992=FACE_OUTER_BOUND('',#1762,.T.);
#993=FACE_OUTER_BOUND('',#1763,.T.);
#994=FACE_OUTER_BOUND('',#1764,.T.);
#995=FACE_OUTER_BOUND('',#1765,.T.);
#996=FACE_OUTER_BOUND('',#1766,.T.);
#997=FACE_OUTER_BOUND('',#1767,.T.);
#998=FACE_OUTER_BOUND('',#1768,.T.);
#999=FACE_OUTER_BOUND('',#1769,.T.);
#1000=FACE_OUTER_BOUND('',#1770,.T.);
#1001=FACE_OUTER_BOUND('',#1771,.T.);
#1002=FACE_OUTER_BOUND('',#1772,.T.);
#1003=FACE_OUTER_BOUND('',#1773,.T.);
#1004=FACE_OUTER_BOUND('',#1774,.T.);
#1005=FACE_OUTER_BOUND('',#1775,.T.);
#1006=FACE_OUTER_BOUND('',#1776,.T.);
#1007=FACE_OUTER_BOUND('',#1777,.T.);
#1008=FACE_OUTER_BOUND('',#1778,.T.);
#1009=FACE_OUTER_BOUND('',#1779,.T.);
#1010=FACE_OUTER_BOUND('',#1780,.T.);
#1011=FACE_OUTER_BOUND('',#1781,.T.);
#1012=FACE_OUTER_BOUND('',#1782,.T.);
#1013=FACE_OUTER_BOUND('',#1783,.T.);
#1014=FACE_OUTER_BOUND('',#1784,.T.);
#1015=FACE_OUTER_BOUND('',#1785,.T.);
#1016=FACE_OUTER_BOUND('',#1786,.T.);
#1017=FACE_OUTER_BOUND('',#1787,.T.);
#1018=FACE_OUTER_BOUND('',#1788,.T.);
#1019=FACE_OUTER_BOUND('',#1789,.T.);
#1020=FACE_OUTER_BOUND('',#1790,.T.);
#1021=FACE_OUTER_BOUND('',#1791,.T.);
#1022=FACE_OUTER_BOUND('',#1792,.T.);
#1023=FACE_OUTER_BOUND('',#1793,.T.);
#1024=FACE_OUTER_BOUND('',#1794,.T.);
#1025=FACE_OUTER_BOUND('',#1795,.T.);
#1026=FACE_OUTER_BOUND('',#1796,.T.);
#1027=FACE_OUTER_BOUND('',#1797,.T.);
#1028=FACE_OUTER_BOUND('',#1798,.T.);
#1029=FACE_OUTER_BOUND('',#1799,.T.);
#1030=FACE_OUTER_BOUND('',#1800,.T.);
#1031=FACE_OUTER_BOUND('',#1801,.T.);
#1032=FACE_OUTER_BOUND('',#1802,.T.);
#1033=FACE_OUTER_BOUND('',#1803,.T.);
#1034=FACE_OUTER_BOUND('',#1804,.T.);
#1035=FACE_OUTER_BOUND('',#1805,.T.);
#1036=FACE_OUTER_BOUND('',#1806,.T.);
#1037=FACE_OUTER_BOUND('',#1807,.T.);
#1038=FACE_OUTER_BOUND('',#1808,.T.);
#1039=FACE_OUTER_BOUND('',#1809,.T.);
#1040=FACE_OUTER_BOUND('',#1810,.T.);
#1041=FACE_OUTER_BOUND('',#1811,.T.);
#1042=FACE_OUTER_BOUND('',#1812,.T.);
#1043=FACE_OUTER_BOUND('',#1813,.T.);
#1044=FACE_OUTER_BOUND('',#1814,.T.);
#1045=FACE_OUTER_BOUND('',#1815,.T.);
#1046=FACE_OUTER_BOUND('',#1816,.T.);
#1047=FACE_OUTER_BOUND('',#1817,.T.);
#1048=FACE_OUTER_BOUND('',#1818,.T.);
#1049=FACE_OUTER_BOUND('',#1819,.T.);
#1050=FACE_OUTER_BOUND('',#1820,.T.);
#1051=FACE_OUTER_BOUND('',#1821,.T.);
#1052=FACE_OUTER_BOUND('',#1822,.T.);
#1053=FACE_OUTER_BOUND('',#1823,.T.);
#1054=FACE_OUTER_BOUND('',#1824,.T.);
#1055=FACE_OUTER_BOUND('',#1825,.T.);
#1056=FACE_OUTER_BOUND('',#1826,.T.);
#1057=FACE_OUTER_BOUND('',#1827,.T.);
#1058=FACE_OUTER_BOUND('',#1828,.T.);
#1059=FACE_OUTER_BOUND('',#1829,.T.);
#1060=FACE_OUTER_BOUND('',#1830,.T.);
#1061=FACE_OUTER_BOUND('',#1831,.T.);
#1062=FACE_OUTER_BOUND('',#1832,.T.);
#1063=FACE_OUTER_BOUND('',#1833,.T.);
#1064=FACE_OUTER_BOUND('',#1834,.T.);
#1065=FACE_OUTER_BOUND('',#1835,.T.);
#1066=FACE_OUTER_BOUND('',#1836,.T.);
#1067=FACE_OUTER_BOUND('',#1837,.T.);
#1068=FACE_OUTER_BOUND('',#1838,.T.);
#1069=FACE_OUTER_BOUND('',#1839,.T.);
#1070=FACE_OUTER_BOUND('',#1840,.T.);
#1071=FACE_OUTER_BOUND('',#1841,.T.);
#1072=FACE_OUTER_BOUND('',#1842,.T.);
#1073=FACE_OUTER_BOUND('',#1843,.T.);
#1074=FACE_OUTER_BOUND('',#1844,.T.);
#1075=FACE_OUTER_BOUND('',#1845,.T.);
#1076=FACE_OUTER_BOUND('',#1846,.T.);
#1077=FACE_OUTER_BOUND('',#1847,.T.);
#1078=FACE_OUTER_BOUND('',#1848,.T.);
#1079=FACE_OUTER_BOUND('',#1849,.T.);
#1080=FACE_OUTER_BOUND('',#1850,.T.);
#1081=FACE_OUTER_BOUND('',#1851,.T.);
#1082=FACE_OUTER_BOUND('',#1852,.T.);
#1083=FACE_OUTER_BOUND('',#1853,.T.);
#1084=FACE_OUTER_BOUND('',#1854,.T.);
#1085=FACE_OUTER_BOUND('',#1855,.T.);
#1086=FACE_OUTER_BOUND('',#1856,.T.);
#1087=FACE_OUTER_BOUND('',#1857,.T.);
#1088=FACE_OUTER_BOUND('',#1858,.T.);
#1089=FACE_OUTER_BOUND('',#1859,.T.);
#1090=FACE_OUTER_BOUND('',#1860,.T.);
#1091=FACE_OUTER_BOUND('',#1861,.T.);
#1092=FACE_OUTER_BOUND('',#1862,.T.);
#1093=FACE_OUTER_BOUND('',#1863,.T.);
#1094=FACE_OUTER_BOUND('',#1864,.T.);
#1095=FACE_OUTER_BOUND('',#1865,.T.);
#1096=FACE_OUTER_BOUND('',#1866,.T.);
#1097=FACE_OUTER_BOUND('',#1867,.T.);
#1098=FACE_OUTER_BOUND('',#1868,.T.);
#1099=FACE_OUTER_BOUND('',#1869,.T.);
#1100=FACE_OUTER_BOUND('',#1870,.T.);
#1101=FACE_OUTER_BOUND('',#1871,.T.);
#1102=FACE_OUTER_BOUND('',#1872,.T.);
#1103=FACE_OUTER_BOUND('',#1873,.T.);
#1104=FACE_OUTER_BOUND('',#1874,.T.);
#1105=FACE_OUTER_BOUND('',#1875,.T.);
#1106=FACE_OUTER_BOUND('',#1876,.T.);
#1107=FACE_OUTER_BOUND('',#1877,.T.);
#1108=FACE_OUTER_BOUND('',#1878,.T.);
#1109=FACE_OUTER_BOUND('',#1879,.T.);
#1110=FACE_OUTER_BOUND('',#1880,.T.);
#1111=FACE_OUTER_BOUND('',#1881,.T.);
#1112=FACE_OUTER_BOUND('',#1882,.T.);
#1113=FACE_OUTER_BOUND('',#1883,.T.);
#1114=FACE_OUTER_BOUND('',#1884,.T.);
#1115=FACE_OUTER_BOUND('',#1885,.T.);
#1116=FACE_OUTER_BOUND('',#1886,.T.);
#1117=FACE_OUTER_BOUND('',#1887,.T.);
#1118=FACE_OUTER_BOUND('',#1888,.T.);
#1119=FACE_OUTER_BOUND('',#1889,.T.);
#1120=FACE_OUTER_BOUND('',#1890,.T.);
#1121=FACE_OUTER_BOUND('',#1891,.T.);
#1122=FACE_OUTER_BOUND('',#1892,.T.);
#1123=FACE_OUTER_BOUND('',#1893,.T.);
#1124=FACE_OUTER_BOUND('',#1894,.T.);
#1125=FACE_OUTER_BOUND('',#1895,.T.);
#1126=FACE_OUTER_BOUND('',#1896,.T.);
#1127=FACE_OUTER_BOUND('',#1897,.T.);
#1128=FACE_OUTER_BOUND('',#1898,.T.);
#1129=FACE_OUTER_BOUND('',#1899,.T.);
#1130=FACE_OUTER_BOUND('',#1900,.T.);
#1131=FACE_OUTER_BOUND('',#1901,.T.);
#1132=FACE_OUTER_BOUND('',#1902,.T.);
#1133=FACE_OUTER_BOUND('',#1903,.T.);
#1134=FACE_OUTER_BOUND('',#1904,.T.);
#1135=FACE_OUTER_BOUND('',#1905,.T.);
#1136=FACE_OUTER_BOUND('',#1906,.T.);
#1137=FACE_OUTER_BOUND('',#1907,.T.);
#1138=FACE_OUTER_BOUND('',#1908,.T.);
#1139=FACE_OUTER_BOUND('',#1909,.T.);
#1140=FACE_OUTER_BOUND('',#1910,.T.);
#1141=FACE_OUTER_BOUND('',#1911,.T.);
#1142=FACE_OUTER_BOUND('',#1912,.T.);
#1143=FACE_OUTER_BOUND('',#1913,.T.);
#1144=FACE_OUTER_BOUND('',#1914,.T.);
#1145=FACE_OUTER_BOUND('',#1915,.T.);
#1146=FACE_OUTER_BOUND('',#1916,.T.);
#1147=FACE_OUTER_BOUND('',#1917,.T.);
#1148=FACE_OUTER_BOUND('',#1918,.T.);
#1149=FACE_OUTER_BOUND('',#1919,.T.);
#1150=FACE_OUTER_BOUND('',#1920,.T.);
#1151=FACE_OUTER_BOUND('',#1921,.T.);
#1152=FACE_OUTER_BOUND('',#1922,.T.);
#1153=FACE_OUTER_BOUND('',#1923,.T.);
#1154=FACE_OUTER_BOUND('',#1924,.T.);
#1155=FACE_OUTER_BOUND('',#1925,.T.);
#1156=FACE_OUTER_BOUND('',#1926,.T.);
#1157=FACE_OUTER_BOUND('',#1927,.T.);
#1158=FACE_OUTER_BOUND('',#1928,.T.);
#1159=FACE_OUTER_BOUND('',#1929,.T.);
#1160=FACE_OUTER_BOUND('',#1930,.T.);
#1161=FACE_OUTER_BOUND('',#1931,.T.);
#1162=FACE_OUTER_BOUND('',#1932,.T.);
#1163=FACE_OUTER_BOUND('',#1933,.T.);
#1164=FACE_OUTER_BOUND('',#1934,.T.);
#1165=FACE_OUTER_BOUND('',#1935,.T.);
#1166=FACE_OUTER_BOUND('',#1936,.T.);
#1167=FACE_OUTER_BOUND('',#1937,.T.);
#1168=FACE_OUTER_BOUND('',#1938,.T.);
#1169=FACE_OUTER_BOUND('',#1939,.T.);
#1170=FACE_OUTER_BOUND('',#1940,.T.);
#1171=FACE_OUTER_BOUND('',#1941,.T.);
#1172=FACE_OUTER_BOUND('',#1942,.T.);
#1173=FACE_OUTER_BOUND('',#1943,.T.);
#1174=FACE_OUTER_BOUND('',#1944,.T.);
#1175=FACE_OUTER_BOUND('',#1945,.T.);
#1176=FACE_OUTER_BOUND('',#1946,.T.);
#1177=FACE_OUTER_BOUND('',#1947,.T.);
#1178=FACE_OUTER_BOUND('',#1948,.T.);
#1179=FACE_OUTER_BOUND('',#1949,.T.);
#1180=FACE_OUTER_BOUND('',#1950,.T.);
#1181=FACE_OUTER_BOUND('',#1951,.T.);
#1182=FACE_OUTER_BOUND('',#1952,.T.);
#1183=FACE_OUTER_BOUND('',#1953,.T.);
#1184=FACE_OUTER_BOUND('',#1954,.T.);
#1185=FACE_OUTER_BOUND('',#1955,.T.);
#1186=FACE_OUTER_BOUND('',#1956,.T.);
#1187=FACE_OUTER_BOUND('',#1957,.T.);
#1188=FACE_OUTER_BOUND('',#1958,.T.);
#1189=FACE_OUTER_BOUND('',#1959,.T.);
#1190=FACE_OUTER_BOUND('',#1960,.T.);
#1191=FACE_OUTER_BOUND('',#1961,.T.);
#1192=FACE_OUTER_BOUND('',#1962,.T.);
#1193=FACE_OUTER_BOUND('',#1963,.T.);
#1194=FACE_OUTER_BOUND('',#1964,.T.);
#1195=FACE_OUTER_BOUND('',#1965,.T.);
#1196=FACE_OUTER_BOUND('',#1966,.T.);
#1197=FACE_OUTER_BOUND('',#1967,.T.);
#1198=FACE_OUTER_BOUND('',#1968,.T.);
#1199=FACE_OUTER_BOUND('',#1969,.T.);
#1200=FACE_OUTER_BOUND('',#1970,.T.);
#1201=FACE_OUTER_BOUND('',#1971,.T.);
#1202=FACE_OUTER_BOUND('',#1972,.T.);
#1203=FACE_OUTER_BOUND('',#1973,.T.);
#1204=FACE_OUTER_BOUND('',#1974,.T.);
#1205=FACE_OUTER_BOUND('',#1975,.T.);
#1206=FACE_OUTER_BOUND('',#1976,.T.);
#1207=FACE_OUTER_BOUND('',#1977,.T.);
#1208=FACE_OUTER_BOUND('',#1978,.T.);
#1209=FACE_OUTER_BOUND('',#1979,.T.);
#1210=FACE_OUTER_BOUND('',#1980,.T.);
#1211=FACE_OUTER_BOUND('',#1981,.T.);
#1212=FACE_OUTER_BOUND('',#1982,.T.);
#1213=FACE_OUTER_BOUND('',#1983,.T.);
#1214=FACE_OUTER_BOUND('',#1984,.T.);
#1215=FACE_OUTER_BOUND('',#1985,.T.);
#1216=FACE_OUTER_BOUND('',#1986,.T.);
#1217=FACE_OUTER_BOUND('',#1987,.T.);
#1218=FACE_OUTER_BOUND('',#1988,.T.);
#1219=FACE_OUTER_BOUND('',#1989,.T.);
#1220=FACE_OUTER_BOUND('',#1990,.T.);
#1221=FACE_OUTER_BOUND('',#1991,.T.);
#1222=FACE_OUTER_BOUND('',#1992,.T.);
#1223=FACE_OUTER_BOUND('',#1993,.T.);
#1224=FACE_OUTER_BOUND('',#1994,.T.);
#1225=FACE_OUTER_BOUND('',#1995,.T.);
#1226=FACE_OUTER_BOUND('',#1996,.T.);
#1227=FACE_OUTER_BOUND('',#1997,.T.);
#1228=FACE_OUTER_BOUND('',#1998,.T.);
#1229=FACE_OUTER_BOUND('',#1999,.T.);
#1230=FACE_OUTER_BOUND('',#2000,.T.);
#1231=FACE_OUTER_BOUND('',#2001,.T.);
#1232=FACE_OUTER_BOUND('',#2002,.T.);
#1233=FACE_OUTER_BOUND('',#2003,.T.);
#1234=FACE_OUTER_BOUND('',#2004,.T.);
#1235=FACE_OUTER_BOUND('',#2005,.T.);
#1236=FACE_OUTER_BOUND('',#2006,.T.);
#1237=FACE_OUTER_BOUND('',#2007,.T.);
#1238=FACE_OUTER_BOUND('',#2008,.T.);
#1239=FACE_OUTER_BOUND('',#2009,.T.);
#1240=FACE_OUTER_BOUND('',#2010,.T.);
#1241=FACE_OUTER_BOUND('',#2011,.T.);
#1242=FACE_OUTER_BOUND('',#2012,.T.);
#1243=FACE_OUTER_BOUND('',#2013,.T.);
#1244=FACE_OUTER_BOUND('',#2014,.T.);
#1245=FACE_OUTER_BOUND('',#2015,.T.);
#1246=FACE_OUTER_BOUND('',#2016,.T.);
#1247=FACE_OUTER_BOUND('',#2017,.T.);
#1248=FACE_OUTER_BOUND('',#2018,.T.);
#1249=FACE_OUTER_BOUND('',#2019,.T.);
#1250=FACE_OUTER_BOUND('',#2020,.T.);
#1251=FACE_OUTER_BOUND('',#2021,.T.);
#1252=FACE_OUTER_BOUND('',#2022,.T.);
#1253=FACE_OUTER_BOUND('',#2023,.T.);
#1254=FACE_OUTER_BOUND('',#2024,.T.);
#1255=FACE_OUTER_BOUND('',#2025,.T.);
#1256=FACE_OUTER_BOUND('',#2026,.T.);
#1257=FACE_OUTER_BOUND('',#2027,.T.);
#1258=FACE_OUTER_BOUND('',#2028,.T.);
#1259=FACE_OUTER_BOUND('',#2029,.T.);
#1260=FACE_OUTER_BOUND('',#2030,.T.);
#1261=FACE_OUTER_BOUND('',#2031,.T.);
#1262=FACE_OUTER_BOUND('',#2032,.T.);
#1263=FACE_OUTER_BOUND('',#2033,.T.);
#1264=FACE_OUTER_BOUND('',#2034,.T.);
#1265=FACE_OUTER_BOUND('',#2035,.T.);
#1266=FACE_OUTER_BOUND('',#2036,.T.);
#1267=FACE_OUTER_BOUND('',#2037,.T.);
#1268=FACE_OUTER_BOUND('',#2038,.T.);
#1269=FACE_OUTER_BOUND('',#2039,.T.);
#1270=FACE_OUTER_BOUND('',#2040,.T.);
#1271=FACE_OUTER_BOUND('',#2041,.T.);
#1272=FACE_OUTER_BOUND('',#2042,.T.);
#1273=FACE_OUTER_BOUND('',#2043,.T.);
#1274=FACE_OUTER_BOUND('',#2044,.T.);
#1275=FACE_OUTER_BOUND('',#2045,.T.);
#1276=FACE_OUTER_BOUND('',#2046,.T.);
#1277=FACE_OUTER_BOUND('',#2047,.T.);
#1278=FACE_OUTER_BOUND('',#2048,.T.);
#1279=FACE_OUTER_BOUND('',#2049,.T.);
#1280=FACE_OUTER_BOUND('',#2050,.T.);
#1281=FACE_OUTER_BOUND('',#2051,.T.);
#1282=FACE_OUTER_BOUND('',#2052,.T.);
#1283=FACE_OUTER_BOUND('',#2053,.T.);
#1284=FACE_OUTER_BOUND('',#2054,.T.);
#1285=FACE_OUTER_BOUND('',#2055,.T.);
#1286=FACE_OUTER_BOUND('',#2056,.T.);
#1287=FACE_OUTER_BOUND('',#2057,.T.);
#1288=FACE_OUTER_BOUND('',#2058,.T.);
#1289=FACE_OUTER_BOUND('',#2059,.T.);
#1290=FACE_OUTER_BOUND('',#2060,.T.);
#1291=FACE_OUTER_BOUND('',#2061,.T.);
#1292=FACE_OUTER_BOUND('',#2062,.T.);
#1293=FACE_OUTER_BOUND('',#2063,.T.);
#1294=FACE_OUTER_BOUND('',#2064,.T.);
#1295=FACE_OUTER_BOUND('',#2065,.T.);
#1296=FACE_OUTER_BOUND('',#2066,.T.);
#1297=FACE_OUTER_BOUND('',#2067,.T.);
#1298=FACE_OUTER_BOUND('',#2068,.T.);
#1299=FACE_OUTER_BOUND('',#2069,.T.);
#1300=FACE_OUTER_BOUND('',#2070,.T.);
#1301=FACE_OUTER_BOUND('',#2071,.T.);
#1302=FACE_OUTER_BOUND('',#2072,.T.);
#1303=FACE_OUTER_BOUND('',#2073,.T.);
#1304=FACE_OUTER_BOUND('',#2074,.T.);
#1305=FACE_OUTER_BOUND('',#2075,.T.);
#1306=FACE_OUTER_BOUND('',#2076,.T.);
#1307=FACE_OUTER_BOUND('',#2077,.T.);
#1308=FACE_OUTER_BOUND('',#2078,.T.);
#1309=FACE_OUTER_BOUND('',#2079,.T.);
#1310=FACE_OUTER_BOUND('',#2080,.T.);
#1311=FACE_OUTER_BOUND('',#2081,.T.);
#1312=FACE_OUTER_BOUND('',#2082,.T.);
#1313=FACE_OUTER_BOUND('',#2083,.T.);
#1314=FACE_OUTER_BOUND('',#2084,.T.);
#1315=FACE_OUTER_BOUND('',#2085,.T.);
#1316=FACE_OUTER_BOUND('',#2086,.T.);
#1317=FACE_OUTER_BOUND('',#2087,.T.);
#1318=FACE_OUTER_BOUND('',#2088,.T.);
#1319=FACE_OUTER_BOUND('',#2089,.T.);
#1320=FACE_OUTER_BOUND('',#2090,.T.);
#1321=FACE_OUTER_BOUND('',#2091,.T.);
#1322=FACE_OUTER_BOUND('',#2092,.T.);
#1323=FACE_OUTER_BOUND('',#2093,.T.);
#1324=FACE_OUTER_BOUND('',#2094,.T.);
#1325=FACE_OUTER_BOUND('',#2095,.T.);
#1326=FACE_OUTER_BOUND('',#2096,.T.);
#1327=FACE_OUTER_BOUND('',#2097,.T.);
#1328=FACE_OUTER_BOUND('',#2098,.T.);
#1329=FACE_OUTER_BOUND('',#2099,.T.);
#1330=FACE_OUTER_BOUND('',#2100,.T.);
#1331=FACE_OUTER_BOUND('',#2101,.T.);
#1332=FACE_OUTER_BOUND('',#2102,.T.);
#1333=FACE_OUTER_BOUND('',#2103,.T.);
#1334=FACE_OUTER_BOUND('',#2104,.T.);
#1335=FACE_OUTER_BOUND('',#2105,.T.);
#1336=FACE_OUTER_BOUND('',#2106,.T.);
#1337=FACE_OUTER_BOUND('',#2107,.T.);
#1338=FACE_OUTER_BOUND('',#2108,.T.);
#1339=FACE_OUTER_BOUND('',#2109,.T.);
#1340=FACE_OUTER_BOUND('',#2110,.T.);
#1341=FACE_OUTER_BOUND('',#2111,.T.);
#1342=FACE_OUTER_BOUND('',#2112,.T.);
#1343=FACE_OUTER_BOUND('',#2113,.T.);
#1344=FACE_OUTER_BOUND('',#2114,.T.);
#1345=FACE_OUTER_BOUND('',#2115,.T.);
#1346=FACE_OUTER_BOUND('',#2116,.T.);
#1347=FACE_OUTER_BOUND('',#2117,.T.);
#1348=FACE_OUTER_BOUND('',#2118,.T.);
#1349=FACE_OUTER_BOUND('',#2119,.T.);
#1350=FACE_OUTER_BOUND('',#2120,.T.);
#1351=FACE_OUTER_BOUND('',#2121,.T.);
#1352=FACE_OUTER_BOUND('',#2122,.T.);
#1353=FACE_OUTER_BOUND('',#2123,.T.);
#1354=FACE_OUTER_BOUND('',#2124,.T.);
#1355=FACE_OUTER_BOUND('',#2125,.T.);
#1356=FACE_OUTER_BOUND('',#2126,.T.);
#1357=FACE_OUTER_BOUND('',#2127,.T.);
#1358=FACE_OUTER_BOUND('',#2128,.T.);
#1359=FACE_OUTER_BOUND('',#2129,.T.);
#1360=FACE_OUTER_BOUND('',#2130,.T.);
#1361=FACE_OUTER_BOUND('',#2131,.T.);
#1362=FACE_OUTER_BOUND('',#2132,.T.);
#1363=FACE_OUTER_BOUND('',#2133,.T.);
#1364=FACE_OUTER_BOUND('',#2134,.T.);
#1365=FACE_OUTER_BOUND('',#2135,.T.);
#1366=FACE_OUTER_BOUND('',#2136,.T.);
#1367=FACE_OUTER_BOUND('',#2137,.T.);
#1368=FACE_OUTER_BOUND('',#2138,.T.);
#1369=FACE_OUTER_BOUND('',#2139,.T.);
#1370=FACE_OUTER_BOUND('',#2140,.T.);
#1371=FACE_OUTER_BOUND('',#2141,.T.);
#1372=FACE_OUTER_BOUND('',#2142,.T.);
#1373=FACE_OUTER_BOUND('',#2143,.T.);
#1374=FACE_OUTER_BOUND('',#2144,.T.);
#1375=FACE_OUTER_BOUND('',#2145,.T.);
#1376=FACE_OUTER_BOUND('',#2146,.T.);
#1377=FACE_OUTER_BOUND('',#2147,.T.);
#1378=FACE_OUTER_BOUND('',#2148,.T.);
#1379=FACE_OUTER_BOUND('',#2149,.T.);
#1380=FACE_OUTER_BOUND('',#2150,.T.);
#1381=FACE_OUTER_BOUND('',#2151,.T.);
#1382=FACE_OUTER_BOUND('',#2152,.T.);
#1383=FACE_OUTER_BOUND('',#2153,.T.);
#1384=FACE_OUTER_BOUND('',#2154,.T.);
#1385=FACE_OUTER_BOUND('',#2155,.T.);
#1386=FACE_OUTER_BOUND('',#2156,.T.);
#1387=FACE_OUTER_BOUND('',#2157,.T.);
#1388=FACE_OUTER_BOUND('',#2158,.T.);
#1389=FACE_OUTER_BOUND('',#2159,.T.);
#1390=FACE_OUTER_BOUND('',#2160,.T.);
#1391=FACE_OUTER_BOUND('',#2161,.T.);
#1392=FACE_OUTER_BOUND('',#2162,.T.);
#1393=FACE_OUTER_BOUND('',#2163,.T.);
#1394=FACE_OUTER_BOUND('',#2164,.T.);
#1395=FACE_OUTER_BOUND('',#2165,.T.);
#1396=FACE_OUTER_BOUND('',#2166,.T.);
#1397=FACE_OUTER_BOUND('',#2167,.T.);
#1398=FACE_OUTER_BOUND('',#2168,.T.);
#1399=FACE_OUTER_BOUND('',#2169,.T.);
#1400=FACE_OUTER_BOUND('',#2170,.T.);
#1401=FACE_OUTER_BOUND('',#2171,.T.);
#1402=FACE_OUTER_BOUND('',#2172,.T.);
#1403=FACE_OUTER_BOUND('',#2173,.T.);
#1404=FACE_OUTER_BOUND('',#2174,.T.);
#1405=FACE_OUTER_BOUND('',#2175,.T.);
#1406=FACE_OUTER_BOUND('',#2176,.T.);
#1407=FACE_OUTER_BOUND('',#2177,.T.);
#1408=FACE_OUTER_BOUND('',#2178,.T.);
#1409=FACE_OUTER_BOUND('',#2179,.T.);
#1410=FACE_OUTER_BOUND('',#2180,.T.);
#1411=FACE_OUTER_BOUND('',#2181,.T.);
#1412=FACE_OUTER_BOUND('',#2182,.T.);
#1413=FACE_OUTER_BOUND('',#2183,.T.);
#1414=FACE_OUTER_BOUND('',#2184,.T.);
#1415=FACE_OUTER_BOUND('',#2185,.T.);
#1416=FACE_OUTER_BOUND('',#2186,.T.);
#1417=FACE_OUTER_BOUND('',#2187,.T.);
#1418=FACE_OUTER_BOUND('',#2188,.T.);
#1419=FACE_OUTER_BOUND('',#2189,.T.);
#1420=FACE_OUTER_BOUND('',#2190,.T.);
#1421=FACE_OUTER_BOUND('',#2191,.T.);
#1422=FACE_OUTER_BOUND('',#2192,.T.);
#1423=FACE_OUTER_BOUND('',#2193,.T.);
#1424=FACE_OUTER_BOUND('',#2194,.T.);
#1425=FACE_OUTER_BOUND('',#2195,.T.);
#1426=FACE_OUTER_BOUND('',#2196,.T.);
#1427=FACE_OUTER_BOUND('',#2197,.T.);
#1428=FACE_OUTER_BOUND('',#2198,.T.);
#1429=FACE_OUTER_BOUND('',#2199,.T.);
#1430=FACE_OUTER_BOUND('',#2200,.T.);
#1431=FACE_OUTER_BOUND('',#2201,.T.);
#1432=FACE_OUTER_BOUND('',#2202,.T.);
#1433=FACE_OUTER_BOUND('',#2203,.T.);
#1434=FACE_OUTER_BOUND('',#2204,.T.);
#1435=FACE_OUTER_BOUND('',#2205,.T.);
#1436=FACE_OUTER_BOUND('',#2206,.T.);
#1437=FACE_OUTER_BOUND('',#2207,.T.);
#1438=FACE_OUTER_BOUND('',#2208,.T.);
#1439=FACE_OUTER_BOUND('',#2209,.T.);
#1440=FACE_OUTER_BOUND('',#2210,.T.);
#1441=FACE_OUTER_BOUND('',#2211,.T.);
#1442=FACE_OUTER_BOUND('',#2212,.T.);
#1443=FACE_OUTER_BOUND('',#2213,.T.);
#1444=FACE_OUTER_BOUND('',#2214,.T.);
#1445=FACE_OUTER_BOUND('',#2215,.T.);
#1446=FACE_OUTER_BOUND('',#2216,.T.);
#1447=FACE_OUTER_BOUND('',#2217,.T.);
#1448=FACE_OUTER_BOUND('',#2218,.T.);
#1449=FACE_OUTER_BOUND('',#2219,.T.);
#1450=FACE_OUTER_BOUND('',#2220,.T.);
#1451=FACE_OUTER_BOUND('',#2221,.T.);
#1452=FACE_OUTER_BOUND('',#2222,.T.);
#1453=FACE_OUTER_BOUND('',#2223,.T.);
#1454=FACE_OUTER_BOUND('',#2224,.T.);
#1455=FACE_OUTER_BOUND('',#2225,.T.);
#1456=FACE_OUTER_BOUND('',#2226,.T.);
#1457=FACE_OUTER_BOUND('',#2227,.T.);
#1458=FACE_OUTER_BOUND('',#2228,.T.);
#1459=FACE_OUTER_BOUND('',#2229,.T.);
#1460=FACE_OUTER_BOUND('',#2230,.T.);
#1461=FACE_OUTER_BOUND('',#2231,.T.);
#1462=FACE_OUTER_BOUND('',#2232,.T.);
#1463=FACE_OUTER_BOUND('',#2233,.T.);
#1464=FACE_OUTER_BOUND('',#2234,.T.);
#1465=FACE_OUTER_BOUND('',#2235,.T.);
#1466=FACE_OUTER_BOUND('',#2236,.T.);
#1467=FACE_OUTER_BOUND('',#2237,.T.);
#1468=FACE_OUTER_BOUND('',#2238,.T.);
#1469=FACE_OUTER_BOUND('',#2239,.T.);
#1470=FACE_OUTER_BOUND('',#2240,.T.);
#1471=FACE_OUTER_BOUND('',#2241,.T.);
#1472=FACE_OUTER_BOUND('',#2242,.T.);
#1473=FACE_OUTER_BOUND('',#2243,.T.);
#1474=FACE_OUTER_BOUND('',#2244,.T.);
#1475=FACE_OUTER_BOUND('',#2245,.T.);
#1476=FACE_OUTER_BOUND('',#2246,.T.);
#1477=FACE_OUTER_BOUND('',#2247,.T.);
#1478=FACE_OUTER_BOUND('',#2248,.T.);
#1479=FACE_OUTER_BOUND('',#2249,.T.);
#1480=FACE_OUTER_BOUND('',#2250,.T.);
#1481=FACE_OUTER_BOUND('',#2251,.T.);
#1482=FACE_OUTER_BOUND('',#2252,.T.);
#1483=FACE_OUTER_BOUND('',#2253,.T.);
#1484=FACE_OUTER_BOUND('',#2254,.T.);
#1485=FACE_OUTER_BOUND('',#2255,.T.);
#1486=FACE_OUTER_BOUND('',#2256,.T.);
#1487=FACE_OUTER_BOUND('',#2257,.T.);
#1488=FACE_OUTER_BOUND('',#2258,.T.);
#1489=FACE_OUTER_BOUND('',#2259,.T.);
#1490=FACE_OUTER_BOUND('',#2260,.T.);
#1491=FACE_OUTER_BOUND('',#2261,.T.);
#1492=FACE_OUTER_BOUND('',#2262,.T.);
#1493=FACE_OUTER_BOUND('',#2263,.T.);
#1494=FACE_OUTER_BOUND('',#2264,.T.);
#1495=FACE_OUTER_BOUND('',#2265,.T.);
#1496=FACE_OUTER_BOUND('',#2266,.T.);
#1497=FACE_OUTER_BOUND('',#2267,.T.);
#1498=FACE_OUTER_BOUND('',#2268,.T.);
#1499=FACE_OUTER_BOUND('',#2269,.T.);
#1500=FACE_OUTER_BOUND('',#2270,.T.);
#1501=FACE_OUTER_BOUND('',#2271,.T.);
#1502=FACE_OUTER_BOUND('',#2272,.T.);
#1503=FACE_OUTER_BOUND('',#2273,.T.);
#1504=FACE_OUTER_BOUND('',#2274,.T.);
#1505=FACE_OUTER_BOUND('',#2275,.T.);
#1506=FACE_OUTER_BOUND('',#2276,.T.);
#1507=FACE_OUTER_BOUND('',#2277,.T.);
#1508=FACE_OUTER_BOUND('',#2278,.T.);
#1509=FACE_OUTER_BOUND('',#2279,.T.);
#1510=FACE_OUTER_BOUND('',#2280,.T.);
#1511=FACE_OUTER_BOUND('',#2281,.T.);
#1512=FACE_OUTER_BOUND('',#2282,.T.);
#1513=FACE_OUTER_BOUND('',#2283,.T.);
#1514=FACE_OUTER_BOUND('',#2284,.T.);
#1515=FACE_OUTER_BOUND('',#2285,.T.);
#1516=FACE_OUTER_BOUND('',#2286,.T.);
#1517=FACE_OUTER_BOUND('',#2287,.T.);
#1518=FACE_OUTER_BOUND('',#2288,.T.);
#1519=FACE_OUTER_BOUND('',#2289,.T.);
#1520=FACE_OUTER_BOUND('',#2290,.T.);
#1521=FACE_OUTER_BOUND('',#2291,.T.);
#1522=FACE_OUTER_BOUND('',#2292,.T.);
#1523=FACE_OUTER_BOUND('',#2293,.T.);
#1524=FACE_OUTER_BOUND('',#2294,.T.);
#1525=FACE_OUTER_BOUND('',#2295,.T.);
#1526=FACE_OUTER_BOUND('',#2296,.T.);
#1527=FACE_OUTER_BOUND('',#2297,.T.);
#1528=FACE_OUTER_BOUND('',#2298,.T.);
#1529=FACE_OUTER_BOUND('',#2299,.T.);
#1530=FACE_OUTER_BOUND('',#2300,.T.);
#1531=FACE_OUTER_BOUND('',#2301,.T.);
#1532=FACE_OUTER_BOUND('',#2302,.T.);
#1533=FACE_OUTER_BOUND('',#2303,.T.);
#1534=FACE_OUTER_BOUND('',#2304,.T.);
#1535=FACE_OUTER_BOUND('',#2305,.T.);
#1536=FACE_OUTER_BOUND('',#2306,.T.);
#1537=FACE_OUTER_BOUND('',#2307,.T.);
#1538=FACE_OUTER_BOUND('',#2308,.T.);
#1539=FACE_OUTER_BOUND('',#2309,.T.);
#1540=FACE_OUTER_BOUND('',#2310,.T.);
#1541=FACE_OUTER_BOUND('',#2311,.T.);
#1542=FACE_OUTER_BOUND('',#2312,.T.);
#1543=FACE_OUTER_BOUND('',#2313,.T.);
#1544=FACE_OUTER_BOUND('',#2314,.T.);
#1545=FACE_OUTER_BOUND('',#2315,.T.);
#1546=FACE_OUTER_BOUND('',#2316,.T.);
#1547=FACE_OUTER_BOUND('',#2317,.T.);
#1548=FACE_OUTER_BOUND('',#2318,.T.);
#1549=FACE_OUTER_BOUND('',#2319,.T.);
#1550=FACE_OUTER_BOUND('',#2320,.T.);
#1551=FACE_OUTER_BOUND('',#2321,.T.);
#1552=FACE_OUTER_BOUND('',#2322,.T.);
#1553=FACE_OUTER_BOUND('',#2323,.T.);
#1554=EDGE_LOOP('',(#2324,#2325,#2326));
#1555=EDGE_LOOP('',(#2327,#2328,#2329));
#1556=EDGE_LOOP('',(#2330,#2331,#2332));
#1557=EDGE_LOOP('',(#2333,#2334,#2335));
#1558=EDGE_LOOP('',(#2336,#2337,#2338));
#1559=EDGE_LOOP('',(#2339,#2340,#2341));
#1560=EDGE_LOOP('',(#2342,#2343,#2344,#2345));
#1561=EDGE_LOOP('',(#2346,#2347,#2348,#2349));
#1562=EDGE_LOOP('',(#2350,#2351,#2352,#2353));
#1563=EDGE_LOOP('',(#2354,#2355,#2356,#2357));
#1564=EDGE_LOOP('',(#2358,#2359,#2360));
#1565=EDGE_LOOP('',(#2361,#2362,#2363));
#1566=EDGE_LOOP('',(#2364,#2365,#2366));
#1567=EDGE_LOOP('',(#2367,#2368,#2369,#2370));
#1568=EDGE_LOOP('',(#2371,#2372,#2373));
#1569=EDGE_LOOP('',(#2374,#2375,#2376));
#1570=EDGE_LOOP('',(#2377,#2378,#2379));
#1571=EDGE_LOOP('',(#2380,#2381,#2382));
#1572=EDGE_LOOP('',(#2383,#2384,#2385));
#1573=EDGE_LOOP('',(#2386,#2387,#2388));
#1574=EDGE_LOOP('',(#2389,#2390,#2391));
#1575=EDGE_LOOP('',(#2392,#2393,#2394,#2395));
#1576=EDGE_LOOP('',(#2396,#2397,#2398,#2399));
#1577=EDGE_LOOP('',(#2400,#2401,#2402,#2403));
#1578=EDGE_LOOP('',(#2404,#2405,#2406,#2407));
#1579=EDGE_LOOP('',(#2408,#2409,#2410));
#1580=EDGE_LOOP('',(#2411,#2412,#2413));
#1581=EDGE_LOOP('',(#2414,#2415,#2416));
#1582=EDGE_LOOP('',(#2417,#2418,#2419,#2420));
#1583=EDGE_LOOP('',(#2421,#2422,#2423));
#1584=EDGE_LOOP('',(#2424,#2425,#2426));
#1585=EDGE_LOOP('',(#2427,#2428,#2429));
#1586=EDGE_LOOP('',(#2430,#2431,#2432));
#1587=EDGE_LOOP('',(#2433,#2434,#2435));
#1588=EDGE_LOOP('',(#2436,#2437,#2438));
#1589=EDGE_LOOP('',(#2439,#2440,#2441));
#1590=EDGE_LOOP('',(#2442,#2443,#2444,#2445));
#1591=EDGE_LOOP('',(#2446,#2447,#2448,#2449));
#1592=EDGE_LOOP('',(#2450,#2451,#2452,#2453));
#1593=EDGE_LOOP('',(#2454,#2455,#2456,#2457));
#1594=EDGE_LOOP('',(#2458,#2459,#2460));
#1595=EDGE_LOOP('',(#2461,#2462,#2463));
#1596=EDGE_LOOP('',(#2464,#2465,#2466));
#1597=EDGE_LOOP('',(#2467,#2468,#2469,#2470));
#1598=EDGE_LOOP('',(#2471,#2472,#2473));
#1599=EDGE_LOOP('',(#2474,#2475,#2476));
#1600=EDGE_LOOP('',(#2477,#2478,#2479));
#1601=EDGE_LOOP('',(#2480,#2481,#2482));
#1602=EDGE_LOOP('',(#2483,#2484,#2485));
#1603=EDGE_LOOP('',(#2486,#2487,#2488));
#1604=EDGE_LOOP('',(#2489,#2490,#2491));
#1605=EDGE_LOOP('',(#2492,#2493,#2494,#2495));
#1606=EDGE_LOOP('',(#2496,#2497,#2498,#2499));
#1607=EDGE_LOOP('',(#2500,#2501,#2502,#2503));
#1608=EDGE_LOOP('',(#2504,#2505,#2506,#2507));
#1609=EDGE_LOOP('',(#2508,#2509,#2510));
#1610=EDGE_LOOP('',(#2511,#2512,#2513));
#1611=EDGE_LOOP('',(#2514,#2515,#2516));
#1612=EDGE_LOOP('',(#2517,#2518,#2519,#2520));
#1613=EDGE_LOOP('',(#2521,#2522,#2523));
#1614=EDGE_LOOP('',(#2524,#2525,#2526));
#1615=EDGE_LOOP('',(#2527,#2528,#2529));
#1616=EDGE_LOOP('',(#2530,#2531,#2532));
#1617=EDGE_LOOP('',(#2533,#2534,#2535));
#1618=EDGE_LOOP('',(#2536,#2537,#2538));
#1619=EDGE_LOOP('',(#2539,#2540,#2541));
#1620=EDGE_LOOP('',(#2542,#2543,#2544));
#1621=EDGE_LOOP('',(#2545,#2546,#2547));
#1622=EDGE_LOOP('',(#2548,#2549,#2550));
#1623=EDGE_LOOP('',(#2551,#2552,#2553));
#1624=EDGE_LOOP('',(#2554,#2555,#2556));
#1625=EDGE_LOOP('',(#2557,#2558,#2559));
#1626=EDGE_LOOP('',(#2560,#2561,#2562));
#1627=EDGE_LOOP('',(#2563,#2564,#2565));
#1628=EDGE_LOOP('',(#2566,#2567,#2568));
#1629=EDGE_LOOP('',(#2569,#2570,#2571));
#1630=EDGE_LOOP('',(#2572,#2573,#2574));
#1631=EDGE_LOOP('',(#2575,#2576,#2577));
#1632=EDGE_LOOP('',(#2578,#2579,#2580));
#1633=EDGE_LOOP('',(#2581,#2582,#2583));
#1634=EDGE_LOOP('',(#2584,#2585,#2586));
#1635=EDGE_LOOP('',(#2587,#2588,#2589));
#1636=EDGE_LOOP('',(#2590,#2591,#2592,#2593));
#1637=EDGE_LOOP('',(#2594,#2595,#2596));
#1638=EDGE_LOOP('',(#2597,#2598,#2599));
#1639=EDGE_LOOP('',(#2600,#2601,#2602));
#1640=EDGE_LOOP('',(#2603,#2604,#2605));
#1641=EDGE_LOOP('',(#2606,#2607,#2608));
#1642=EDGE_LOOP('',(#2609,#2610,#2611));
#1643=EDGE_LOOP('',(#2612,#2613,#2614));
#1644=EDGE_LOOP('',(#2615,#2616,#2617));
#1645=EDGE_LOOP('',(#2618,#2619,#2620));
#1646=EDGE_LOOP('',(#2621,#2622,#2623));
#1647=EDGE_LOOP('',(#2624,#2625,#2626));
#1648=EDGE_LOOP('',(#2627,#2628,#2629));
#1649=EDGE_LOOP('',(#2630,#2631,#2632));
#1650=EDGE_LOOP('',(#2633,#2634,#2635));
#1651=EDGE_LOOP('',(#2636,#2637,#2638));
#1652=EDGE_LOOP('',(#2639,#2640,#2641));
#1653=EDGE_LOOP('',(#2642,#2643,#2644));
#1654=EDGE_LOOP('',(#2645,#2646,#2647));
#1655=EDGE_LOOP('',(#2648,#2649,#2650));
#1656=EDGE_LOOP('',(#2651,#2652,#2653));
#1657=EDGE_LOOP('',(#2654,#2655,#2656));
#1658=EDGE_LOOP('',(#2657,#2658,#2659,#2660));
#1659=EDGE_LOOP('',(#2661,#2662,#2663));
#1660=EDGE_LOOP('',(#2664,#2665,#2666,#2667));
#1661=EDGE_LOOP('',(#2668,#2669,#2670));
#1662=EDGE_LOOP('',(#2671,#2672,#2673));
#1663=EDGE_LOOP('',(#2674,#2675,#2676));
#1664=EDGE_LOOP('',(#2677,#2678,#2679));
#1665=EDGE_LOOP('',(#2680,#2681,#2682,#2683));
#1666=EDGE_LOOP('',(#2684,#2685,#2686));
#1667=EDGE_LOOP('',(#2687,#2688,#2689));
#1668=EDGE_LOOP('',(#2690,#2691,#2692));
#1669=EDGE_LOOP('',(#2693,#2694,#2695,#2696));
#1670=EDGE_LOOP('',(#2697,#2698,#2699,#2700));
#1671=EDGE_LOOP('',(#2701,#2702,#2703,#2704));
#1672=EDGE_LOOP('',(#2705,#2706,#2707,#2708));
#1673=EDGE_LOOP('',(#2709,#2710,#2711));
#1674=EDGE_LOOP('',(#2712,#2713,#2714));
#1675=EDGE_LOOP('',(#2715,#2716,#2717));
#1676=EDGE_LOOP('',(#2718,#2719,#2720));
#1677=EDGE_LOOP('',(#2721,#2722,#2723));
#1678=EDGE_LOOP('',(#2724,#2725,#2726));
#1679=EDGE_LOOP('',(#2727,#2728,#2729));
#1680=EDGE_LOOP('',(#2730,#2731,#2732,#2733));
#1681=EDGE_LOOP('',(#2734,#2735,#2736));
#1682=EDGE_LOOP('',(#2737,#2738,#2739));
#1683=EDGE_LOOP('',(#2740,#2741,#2742));
#1684=EDGE_LOOP('',(#2743,#2744,#2745,#2746));
#1685=EDGE_LOOP('',(#2747,#2748,#2749,#2750));
#1686=EDGE_LOOP('',(#2751,#2752,#2753,#2754));
#1687=EDGE_LOOP('',(#2755,#2756,#2757,#2758));
#1688=EDGE_LOOP('',(#2759,#2760,#2761));
#1689=EDGE_LOOP('',(#2762,#2763,#2764));
#1690=EDGE_LOOP('',(#2765,#2766,#2767));
#1691=EDGE_LOOP('',(#2768,#2769,#2770));
#1692=EDGE_LOOP('',(#2771,#2772,#2773));
#1693=EDGE_LOOP('',(#2774,#2775,#2776));
#1694=EDGE_LOOP('',(#2777,#2778,#2779));
#1695=EDGE_LOOP('',(#2780,#2781,#2782,#2783));
#1696=EDGE_LOOP('',(#2784,#2785,#2786));
#1697=EDGE_LOOP('',(#2787,#2788,#2789));
#1698=EDGE_LOOP('',(#2790,#2791,#2792));
#1699=EDGE_LOOP('',(#2793,#2794,#2795,#2796));
#1700=EDGE_LOOP('',(#2797,#2798,#2799,#2800));
#1701=EDGE_LOOP('',(#2801,#2802,#2803,#2804));
#1702=EDGE_LOOP('',(#2805,#2806,#2807,#2808));
#1703=EDGE_LOOP('',(#2809,#2810,#2811));
#1704=EDGE_LOOP('',(#2812,#2813,#2814));
#1705=EDGE_LOOP('',(#2815,#2816,#2817));
#1706=EDGE_LOOP('',(#2818,#2819,#2820));
#1707=EDGE_LOOP('',(#2821,#2822,#2823));
#1708=EDGE_LOOP('',(#2824,#2825,#2826));
#1709=EDGE_LOOP('',(#2827,#2828,#2829));
#1710=EDGE_LOOP('',(#2830,#2831,#2832,#2833));
#1711=EDGE_LOOP('',(#2834,#2835,#2836));
#1712=EDGE_LOOP('',(#2837,#2838,#2839));
#1713=EDGE_LOOP('',(#2840,#2841,#2842));
#1714=EDGE_LOOP('',(#2843,#2844,#2845,#2846));
#1715=EDGE_LOOP('',(#2847,#2848,#2849,#2850));
#1716=EDGE_LOOP('',(#2851,#2852,#2853,#2854));
#1717=EDGE_LOOP('',(#2855,#2856,#2857,#2858));
#1718=EDGE_LOOP('',(#2859,#2860,#2861));
#1719=EDGE_LOOP('',(#2862,#2863,#2864));
#1720=EDGE_LOOP('',(#2865,#2866,#2867));
#1721=EDGE_LOOP('',(#2868,#2869,#2870));
#1722=EDGE_LOOP('',(#2871,#2872,#2873));
#1723=EDGE_LOOP('',(#2874,#2875,#2876));
#1724=EDGE_LOOP('',(#2877,#2878,#2879));
#1725=EDGE_LOOP('',(#2880,#2881,#2882,#2883));
#1726=EDGE_LOOP('',(#2884,#2885,#2886));
#1727=EDGE_LOOP('',(#2887,#2888,#2889,#2890));
#1728=EDGE_LOOP('',(#2891,#2892,#2893));
#1729=EDGE_LOOP('',(#2894,#2895,#2896,#2897));
#1730=EDGE_LOOP('',(#2898,#2899,#2900,#2901));
#1731=EDGE_LOOP('',(#2902,#2903,#2904,#2905));
#1732=EDGE_LOOP('',(#2906,#2907,#2908,#2909));
#1733=EDGE_LOOP('',(#2910,#2911,#2912,#2913));
#1734=EDGE_LOOP('',(#2914,#2915,#2916));
#1735=EDGE_LOOP('',(#2917,#2918,#2919));
#1736=EDGE_LOOP('',(#2920,#2921,#2922));
#1737=EDGE_LOOP('',(#2923,#2924,#2925));
#1738=EDGE_LOOP('',(#2926,#2927,#2928));
#1739=EDGE_LOOP('',(#2929,#2930,#2931));
#1740=EDGE_LOOP('',(#2932,#2933,#2934));
#1741=EDGE_LOOP('',(#2935,#2936,#2937));
#1742=EDGE_LOOP('',(#2938,#2939,#2940));
#1743=EDGE_LOOP('',(#2941,#2942,#2943));
#1744=EDGE_LOOP('',(#2944,#2945,#2946));
#1745=EDGE_LOOP('',(#2947,#2948,#2949));
#1746=EDGE_LOOP('',(#2950,#2951,#2952));
#1747=EDGE_LOOP('',(#2953,#2954,#2955));
#1748=EDGE_LOOP('',(#2956,#2957,#2958));
#1749=EDGE_LOOP('',(#2959,#2960,#2961));
#1750=EDGE_LOOP('',(#2962,#2963,#2964));
#1751=EDGE_LOOP('',(#2965,#2966,#2967,#2968));
#1752=EDGE_LOOP('',(#2969,#2970,#2971,#2972));
#1753=EDGE_LOOP('',(#2973,#2974,#2975,#2976));
#1754=EDGE_LOOP('',(#2977,#2978,#2979,#2980));
#1755=EDGE_LOOP('',(#2981,#2982,#2983,#2984));
#1756=EDGE_LOOP('',(#2985,#2986,#2987,#2988));
#1757=EDGE_LOOP('',(#2989,#2990,#2991));
#1758=EDGE_LOOP('',(#2992,#2993,#2994));
#1759=EDGE_LOOP('',(#2995,#2996,#2997));
#1760=EDGE_LOOP('',(#2998,#2999,#3000));
#1761=EDGE_LOOP('',(#3001,#3002,#3003));
#1762=EDGE_LOOP('',(#3004,#3005,#3006));
#1763=EDGE_LOOP('',(#3007,#3008,#3009));
#1764=EDGE_LOOP('',(#3010,#3011,#3012,#3013));
#1765=EDGE_LOOP('',(#3014,#3015,#3016,#3017));
#1766=EDGE_LOOP('',(#3018,#3019,#3020,#3021));
#1767=EDGE_LOOP('',(#3022,#3023,#3024,#3025));
#1768=EDGE_LOOP('',(#3026,#3027,#3028,#3029));
#1769=EDGE_LOOP('',(#3030,#3031,#3032,#3033));
#1770=EDGE_LOOP('',(#3034,#3035,#3036,#3037));
#1771=EDGE_LOOP('',(#3038,#3039,#3040,#3041));
#1772=EDGE_LOOP('',(#3042,#3043,#3044,#3045));
#1773=EDGE_LOOP('',(#3046,#3047,#3048,#3049));
#1774=EDGE_LOOP('',(#3050,#3051,#3052,#3053));
#1775=EDGE_LOOP('',(#3054,#3055,#3056,#3057));
#1776=EDGE_LOOP('',(#3058,#3059,#3060,#3061));
#1777=EDGE_LOOP('',(#3062,#3063,#3064,#3065));
#1778=EDGE_LOOP('',(#3066,#3067,#3068,#3069));
#1779=EDGE_LOOP('',(#3070,#3071,#3072,#3073));
#1780=EDGE_LOOP('',(#3074,#3075,#3076,#3077));
#1781=EDGE_LOOP('',(#3078,#3079,#3080,#3081));
#1782=EDGE_LOOP('',(#3082,#3083,#3084,#3085));
#1783=EDGE_LOOP('',(#3086,#3087,#3088,#3089));
#1784=EDGE_LOOP('',(#3090,#3091,#3092,#3093));
#1785=EDGE_LOOP('',(#3094,#3095,#3096,#3097));
#1786=EDGE_LOOP('',(#3098,#3099,#3100,#3101));
#1787=EDGE_LOOP('',(#3102,#3103,#3104,#3105));
#1788=EDGE_LOOP('',(#3106,#3107,#3108,#3109));
#1789=EDGE_LOOP('',(#3110,#3111,#3112,#3113));
#1790=EDGE_LOOP('',(#3114,#3115,#3116,#3117));
#1791=EDGE_LOOP('',(#3118,#3119,#3120,#3121));
#1792=EDGE_LOOP('',(#3122,#3123,#3124,#3125));
#1793=EDGE_LOOP('',(#3126,#3127,#3128,#3129));
#1794=EDGE_LOOP('',(#3130,#3131,#3132,#3133));
#1795=EDGE_LOOP('',(#3134,#3135,#3136,#3137));
#1796=EDGE_LOOP('',(#3138,#3139,#3140,#3141));
#1797=EDGE_LOOP('',(#3142,#3143,#3144,#3145));
#1798=EDGE_LOOP('',(#3146,#3147,#3148,#3149));
#1799=EDGE_LOOP('',(#3150,#3151,#3152,#3153));
#1800=EDGE_LOOP('',(#3154,#3155,#3156));
#1801=EDGE_LOOP('',(#3157,#3158,#3159));
#1802=EDGE_LOOP('',(#3160,#3161,#3162));
#1803=EDGE_LOOP('',(#3163,#3164,#3165));
#1804=EDGE_LOOP('',(#3166,#3167,#3168));
#1805=EDGE_LOOP('',(#3169,#3170,#3171));
#1806=EDGE_LOOP('',(#3172,#3173,#3174));
#1807=EDGE_LOOP('',(#3175,#3176,#3177));
#1808=EDGE_LOOP('',(#3178,#3179,#3180));
#1809=EDGE_LOOP('',(#3181,#3182,#3183));
#1810=EDGE_LOOP('',(#3184,#3185,#3186));
#1811=EDGE_LOOP('',(#3187,#3188,#3189));
#1812=EDGE_LOOP('',(#3190,#3191,#3192));
#1813=EDGE_LOOP('',(#3193,#3194,#3195));
#1814=EDGE_LOOP('',(#3196,#3197,#3198));
#1815=EDGE_LOOP('',(#3199,#3200,#3201));
#1816=EDGE_LOOP('',(#3202,#3203,#3204));
#1817=EDGE_LOOP('',(#3205,#3206,#3207));
#1818=EDGE_LOOP('',(#3208,#3209,#3210));
#1819=EDGE_LOOP('',(#3211,#3212,#3213));
#1820=EDGE_LOOP('',(#3214,#3215,#3216));
#1821=EDGE_LOOP('',(#3217,#3218,#3219));
#1822=EDGE_LOOP('',(#3220,#3221,#3222));
#1823=EDGE_LOOP('',(#3223,#3224,#3225));
#1824=EDGE_LOOP('',(#3226,#3227,#3228));
#1825=EDGE_LOOP('',(#3229,#3230,#3231));
#1826=EDGE_LOOP('',(#3232,#3233,#3234));
#1827=EDGE_LOOP('',(#3235,#3236,#3237));
#1828=EDGE_LOOP('',(#3238,#3239,#3240,#3241));
#1829=EDGE_LOOP('',(#3242,#3243,#3244));
#1830=EDGE_LOOP('',(#3245,#3246,#3247));
#1831=EDGE_LOOP('',(#3248,#3249,#3250));
#1832=EDGE_LOOP('',(#3251,#3252,#3253));
#1833=EDGE_LOOP('',(#3254,#3255,#3256));
#1834=EDGE_LOOP('',(#3257,#3258,#3259));
#1835=EDGE_LOOP('',(#3260,#3261,#3262));
#1836=EDGE_LOOP('',(#3263,#3264,#3265));
#1837=EDGE_LOOP('',(#3266,#3267,#3268));
#1838=EDGE_LOOP('',(#3269,#3270,#3271,#3272));
#1839=EDGE_LOOP('',(#3273,#3274,#3275));
#1840=EDGE_LOOP('',(#3276,#3277,#3278,#3279));
#1841=EDGE_LOOP('',(#3280,#3281,#3282));
#1842=EDGE_LOOP('',(#3283,#3284,#3285));
#1843=EDGE_LOOP('',(#3286,#3287,#3288));
#1844=EDGE_LOOP('',(#3289,#3290,#3291));
#1845=EDGE_LOOP('',(#3292,#3293,#3294));
#1846=EDGE_LOOP('',(#3295,#3296,#3297,#3298));
#1847=EDGE_LOOP('',(#3299,#3300,#3301));
#1848=EDGE_LOOP('',(#3302,#3303,#3304));
#1849=EDGE_LOOP('',(#3305,#3306,#3307));
#1850=EDGE_LOOP('',(#3308,#3309,#3310));
#1851=EDGE_LOOP('',(#3311,#3312,#3313));
#1852=EDGE_LOOP('',(#3314,#3315,#3316));
#1853=EDGE_LOOP('',(#3317,#3318,#3319));
#1854=EDGE_LOOP('',(#3320,#3321,#3322));
#1855=EDGE_LOOP('',(#3323,#3324,#3325));
#1856=EDGE_LOOP('',(#3326,#3327,#3328,#3329));
#1857=EDGE_LOOP('',(#3330,#3331,#3332));
#1858=EDGE_LOOP('',(#3333,#3334,#3335));
#1859=EDGE_LOOP('',(#3336,#3337,#3338));
#1860=EDGE_LOOP('',(#3339,#3340,#3341));
#1861=EDGE_LOOP('',(#3342,#3343,#3344));
#1862=EDGE_LOOP('',(#3345,#3346,#3347));
#1863=EDGE_LOOP('',(#3348,#3349,#3350));
#1864=EDGE_LOOP('',(#3351,#3352,#3353));
#1865=EDGE_LOOP('',(#3354,#3355,#3356));
#1866=EDGE_LOOP('',(#3357,#3358,#3359));
#1867=EDGE_LOOP('',(#3360,#3361,#3362));
#1868=EDGE_LOOP('',(#3363,#3364,#3365,#3366));
#1869=EDGE_LOOP('',(#3367,#3368,#3369));
#1870=EDGE_LOOP('',(#3370,#3371,#3372,#3373));
#1871=EDGE_LOOP('',(#3374,#3375,#3376,#3377));
#1872=EDGE_LOOP('',(#3378,#3379,#3380));
#1873=EDGE_LOOP('',(#3381,#3382,#3383));
#1874=EDGE_LOOP('',(#3384,#3385,#3386));
#1875=EDGE_LOOP('',(#3387,#3388,#3389));
#1876=EDGE_LOOP('',(#3390,#3391,#3392));
#1877=EDGE_LOOP('',(#3393,#3394,#3395));
#1878=EDGE_LOOP('',(#3396,#3397,#3398));
#1879=EDGE_LOOP('',(#3399,#3400,#3401));
#1880=EDGE_LOOP('',(#3402,#3403,#3404,#3405));
#1881=EDGE_LOOP('',(#3406,#3407,#3408));
#1882=EDGE_LOOP('',(#3409,#3410,#3411,#3412));
#1883=EDGE_LOOP('',(#3413,#3414,#3415));
#1884=EDGE_LOOP('',(#3416,#3417,#3418));
#1885=EDGE_LOOP('',(#3419,#3420,#3421));
#1886=EDGE_LOOP('',(#3422,#3423,#3424));
#1887=EDGE_LOOP('',(#3425,#3426,#3427));
#1888=EDGE_LOOP('',(#3428,#3429,#3430,#3431));
#1889=EDGE_LOOP('',(#3432,#3433,#3434,#3435));
#1890=EDGE_LOOP('',(#3436,#3437,#3438,#3439));
#1891=EDGE_LOOP('',(#3440,#3441,#3442,#3443));
#1892=EDGE_LOOP('',(#3444,#3445,#3446,#3447));
#1893=EDGE_LOOP('',(#3448,#3449,#3450,#3451));
#1894=EDGE_LOOP('',(#3452,#3453,#3454,#3455));
#1895=EDGE_LOOP('',(#3456,#3457,#3458,#3459));
#1896=EDGE_LOOP('',(#3460,#3461,#3462,#3463));
#1897=EDGE_LOOP('',(#3464,#3465,#3466,#3467));
#1898=EDGE_LOOP('',(#3468,#3469,#3470,#3471));
#1899=EDGE_LOOP('',(#3472,#3473,#3474,#3475));
#1900=EDGE_LOOP('',(#3476,#3477,#3478,#3479));
#1901=EDGE_LOOP('',(#3480,#3481,#3482,#3483));
#1902=EDGE_LOOP('',(#3484,#3485,#3486,#3487));
#1903=EDGE_LOOP('',(#3488,#3489,#3490,#3491));
#1904=EDGE_LOOP('',(#3492,#3493,#3494,#3495));
#1905=EDGE_LOOP('',(#3496,#3497,#3498,#3499));
#1906=EDGE_LOOP('',(#3500,#3501,#3502,#3503));
#1907=EDGE_LOOP('',(#3504,#3505,#3506,#3507));
#1908=EDGE_LOOP('',(#3508,#3509,#3510,#3511));
#1909=EDGE_LOOP('',(#3512,#3513,#3514,#3515));
#1910=EDGE_LOOP('',(#3516,#3517,#3518));
#1911=EDGE_LOOP('',(#3519,#3520,#3521));
#1912=EDGE_LOOP('',(#3522,#3523,#3524));
#1913=EDGE_LOOP('',(#3525,#3526,#3527));
#1914=EDGE_LOOP('',(#3528,#3529,#3530,#3531));
#1915=EDGE_LOOP('',(#3532,#3533,#3534));
#1916=EDGE_LOOP('',(#3535,#3536,#3537,#3538));
#1917=EDGE_LOOP('',(#3539,#3540,#3541));
#1918=EDGE_LOOP('',(#3542,#3543,#3544));
#1919=EDGE_LOOP('',(#3545,#3546,#3547,#3548));
#1920=EDGE_LOOP('',(#3549,#3550,#3551));
#1921=EDGE_LOOP('',(#3552,#3553,#3554));
#1922=EDGE_LOOP('',(#3555,#3556,#3557));
#1923=EDGE_LOOP('',(#3558,#3559,#3560));
#1924=EDGE_LOOP('',(#3561,#3562,#3563));
#1925=EDGE_LOOP('',(#3564,#3565,#3566));
#1926=EDGE_LOOP('',(#3567,#3568,#3569));
#1927=EDGE_LOOP('',(#3570,#3571,#3572,#3573));
#1928=EDGE_LOOP('',(#3574,#3575,#3576));
#1929=EDGE_LOOP('',(#3577,#3578,#3579));
#1930=EDGE_LOOP('',(#3580,#3581,#3582));
#1931=EDGE_LOOP('',(#3583,#3584,#3585));
#1932=EDGE_LOOP('',(#3586,#3587,#3588));
#1933=EDGE_LOOP('',(#3589,#3590,#3591));
#1934=EDGE_LOOP('',(#3592,#3593,#3594));
#1935=EDGE_LOOP('',(#3595,#3596,#3597));
#1936=EDGE_LOOP('',(#3598,#3599,#3600,#3601));
#1937=EDGE_LOOP('',(#3602,#3603,#3604));
#1938=EDGE_LOOP('',(#3605,#3606,#3607));
#1939=EDGE_LOOP('',(#3608,#3609,#3610));
#1940=EDGE_LOOP('',(#3611,#3612,#3613));
#1941=EDGE_LOOP('',(#3614,#3615,#3616));
#1942=EDGE_LOOP('',(#3617,#3618,#3619,#3620));
#1943=EDGE_LOOP('',(#3621,#3622,#3623));
#1944=EDGE_LOOP('',(#3624,#3625,#3626,#3627));
#1945=EDGE_LOOP('',(#3628,#3629,#3630));
#1946=EDGE_LOOP('',(#3631,#3632,#3633));
#1947=EDGE_LOOP('',(#3634,#3635,#3636));
#1948=EDGE_LOOP('',(#3637,#3638,#3639));
#1949=EDGE_LOOP('',(#3640,#3641,#3642,#3643));
#1950=EDGE_LOOP('',(#3644,#3645,#3646));
#1951=EDGE_LOOP('',(#3647,#3648,#3649));
#1952=EDGE_LOOP('',(#3650,#3651,#3652));
#1953=EDGE_LOOP('',(#3653,#3654,#3655));
#1954=EDGE_LOOP('',(#3656,#3657,#3658));
#1955=EDGE_LOOP('',(#3659,#3660,#3661,#3662));
#1956=EDGE_LOOP('',(#3663,#3664,#3665));
#1957=EDGE_LOOP('',(#3666,#3667,#3668));
#1958=EDGE_LOOP('',(#3669,#3670,#3671));
#1959=EDGE_LOOP('',(#3672,#3673,#3674,#3675));
#1960=EDGE_LOOP('',(#3676,#3677,#3678));
#1961=EDGE_LOOP('',(#3679,#3680,#3681,#3682));
#1962=EDGE_LOOP('',(#3683,#3684,#3685));
#1963=EDGE_LOOP('',(#3686,#3687,#3688));
#1964=EDGE_LOOP('',(#3689,#3690,#3691));
#1965=EDGE_LOOP('',(#3692,#3693,#3694,#3695));
#1966=EDGE_LOOP('',(#3696,#3697,#3698));
#1967=EDGE_LOOP('',(#3699,#3700,#3701));
#1968=EDGE_LOOP('',(#3702,#3703,#3704));
#1969=EDGE_LOOP('',(#3705,#3706,#3707));
#1970=EDGE_LOOP('',(#3708,#3709,#3710,#3711));
#1971=EDGE_LOOP('',(#3712,#3713,#3714));
#1972=EDGE_LOOP('',(#3715,#3716,#3717));
#1973=EDGE_LOOP('',(#3718,#3719,#3720));
#1974=EDGE_LOOP('',(#3721,#3722,#3723));
#1975=EDGE_LOOP('',(#3724,#3725,#3726));
#1976=EDGE_LOOP('',(#3727,#3728,#3729,#3730));
#1977=EDGE_LOOP('',(#3731,#3732,#3733));
#1978=EDGE_LOOP('',(#3734,#3735,#3736,#3737));
#1979=EDGE_LOOP('',(#3738,#3739,#3740));
#1980=EDGE_LOOP('',(#3741,#3742,#3743));
#1981=EDGE_LOOP('',(#3744,#3745,#3746));
#1982=EDGE_LOOP('',(#3747,#3748,#3749,#3750));
#1983=EDGE_LOOP('',(#3751,#3752,#3753));
#1984=EDGE_LOOP('',(#3754,#3755,#3756));
#1985=EDGE_LOOP('',(#3757,#3758,#3759));
#1986=EDGE_LOOP('',(#3760,#3761,#3762));
#1987=EDGE_LOOP('',(#3763,#3764,#3765));
#1988=EDGE_LOOP('',(#3766,#3767,#3768));
#1989=EDGE_LOOP('',(#3769,#3770,#3771));
#1990=EDGE_LOOP('',(#3772,#3773,#3774,#3775));
#1991=EDGE_LOOP('',(#3776,#3777,#3778,#3779));
#1992=EDGE_LOOP('',(#3780,#3781,#3782,#3783));
#1993=EDGE_LOOP('',(#3784,#3785,#3786));
#1994=EDGE_LOOP('',(#3787,#3788,#3789));
#1995=EDGE_LOOP('',(#3790,#3791,#3792));
#1996=EDGE_LOOP('',(#3793,#3794,#3795,#3796));
#1997=EDGE_LOOP('',(#3797,#3798,#3799));
#1998=EDGE_LOOP('',(#3800,#3801,#3802,#3803));
#1999=EDGE_LOOP('',(#3804,#3805,#3806,#3807));
#2000=EDGE_LOOP('',(#3808,#3809,#3810));
#2001=EDGE_LOOP('',(#3811,#3812,#3813,#3814));
#2002=EDGE_LOOP('',(#3815,#3816,#3817,#3818));
#2003=EDGE_LOOP('',(#3819,#3820,#3821,#3822));
#2004=EDGE_LOOP('',(#3823,#3824,#3825,#3826));
#2005=EDGE_LOOP('',(#3827,#3828,#3829,#3830));
#2006=EDGE_LOOP('',(#3831,#3832,#3833,#3834));
#2007=EDGE_LOOP('',(#3835,#3836,#3837,#3838));
#2008=EDGE_LOOP('',(#3839,#3840,#3841,#3842));
#2009=EDGE_LOOP('',(#3843,#3844,#3845,#3846));
#2010=EDGE_LOOP('',(#3847,#3848,#3849,#3850));
#2011=EDGE_LOOP('',(#3851,#3852,#3853,#3854));
#2012=EDGE_LOOP('',(#3855,#3856,#3857,#3858));
#2013=EDGE_LOOP('',(#3859,#3860,#3861,#3862));
#2014=EDGE_LOOP('',(#3863,#3864,#3865,#3866));
#2015=EDGE_LOOP('',(#3867,#3868,#3869,#3870));
#2016=EDGE_LOOP('',(#3871,#3872,#3873,#3874));
#2017=EDGE_LOOP('',(#3875,#3876,#3877));
#2018=EDGE_LOOP('',(#3878,#3879,#3880));
#2019=EDGE_LOOP('',(#3881,#3882,#3883));
#2020=EDGE_LOOP('',(#3884,#3885,#3886));
#2021=EDGE_LOOP('',(#3887,#3888,#3889));
#2022=EDGE_LOOP('',(#3890,#3891,#3892));
#2023=EDGE_LOOP('',(#3893,#3894,#3895,#3896));
#2024=EDGE_LOOP('',(#3897,#3898,#3899,#3900));
#2025=EDGE_LOOP('',(#3901,#3902,#3903,#3904));
#2026=EDGE_LOOP('',(#3905,#3906,#3907,#3908));
#2027=EDGE_LOOP('',(#3909,#3910,#3911));
#2028=EDGE_LOOP('',(#3912,#3913,#3914));
#2029=EDGE_LOOP('',(#3915,#3916,#3917));
#2030=EDGE_LOOP('',(#3918,#3919,#3920));
#2031=EDGE_LOOP('',(#3921,#3922,#3923));
#2032=EDGE_LOOP('',(#3924,#3925,#3926));
#2033=EDGE_LOOP('',(#3927,#3928,#3929,#3930));
#2034=EDGE_LOOP('',(#3931,#3932,#3933,#3934));
#2035=EDGE_LOOP('',(#3935,#3936,#3937,#3938));
#2036=EDGE_LOOP('',(#3939,#3940,#3941,#3942));
#2037=EDGE_LOOP('',(#3943,#3944,#3945));
#2038=EDGE_LOOP('',(#3946,#3947,#3948));
#2039=EDGE_LOOP('',(#3949,#3950,#3951));
#2040=EDGE_LOOP('',(#3952,#3953,#3954));
#2041=EDGE_LOOP('',(#3955,#3956,#3957));
#2042=EDGE_LOOP('',(#3958,#3959,#3960));
#2043=EDGE_LOOP('',(#3961,#3962,#3963,#3964));
#2044=EDGE_LOOP('',(#3965,#3966,#3967,#3968));
#2045=EDGE_LOOP('',(#3969,#3970,#3971,#3972));
#2046=EDGE_LOOP('',(#3973,#3974,#3975,#3976));
#2047=EDGE_LOOP('',(#3977,#3978,#3979));
#2048=EDGE_LOOP('',(#3980,#3981,#3982));
#2049=EDGE_LOOP('',(#3983,#3984,#3985));
#2050=EDGE_LOOP('',(#3986,#3987,#3988));
#2051=EDGE_LOOP('',(#3989,#3990,#3991));
#2052=EDGE_LOOP('',(#3992,#3993,#3994));
#2053=EDGE_LOOP('',(#3995,#3996,#3997,#3998));
#2054=EDGE_LOOP('',(#3999,#4000,#4001,#4002));
#2055=EDGE_LOOP('',(#4003,#4004,#4005,#4006));
#2056=EDGE_LOOP('',(#4007,#4008,#4009,#4010));
#2057=EDGE_LOOP('',(#4011,#4012,#4013));
#2058=EDGE_LOOP('',(#4014,#4015,#4016));
#2059=EDGE_LOOP('',(#4017,#4018,#4019));
#2060=EDGE_LOOP('',(#4020,#4021,#4022));
#2061=EDGE_LOOP('',(#4023,#4024,#4025));
#2062=EDGE_LOOP('',(#4026,#4027,#4028));
#2063=EDGE_LOOP('',(#4029,#4030,#4031,#4032));
#2064=EDGE_LOOP('',(#4033,#4034,#4035,#4036));
#2065=EDGE_LOOP('',(#4037,#4038,#4039,#4040));
#2066=EDGE_LOOP('',(#4041,#4042,#4043,#4044));
#2067=EDGE_LOOP('',(#4045,#4046,#4047));
#2068=EDGE_LOOP('',(#4048,#4049,#4050));
#2069=EDGE_LOOP('',(#4051,#4052,#4053));
#2070=EDGE_LOOP('',(#4054,#4055,#4056));
#2071=EDGE_LOOP('',(#4057,#4058,#4059));
#2072=EDGE_LOOP('',(#4060,#4061,#4062));
#2073=EDGE_LOOP('',(#4063,#4064,#4065,#4066));
#2074=EDGE_LOOP('',(#4067,#4068,#4069,#4070));
#2075=EDGE_LOOP('',(#4071,#4072,#4073,#4074));
#2076=EDGE_LOOP('',(#4075,#4076,#4077,#4078));
#2077=EDGE_LOOP('',(#4079,#4080,#4081));
#2078=EDGE_LOOP('',(#4082,#4083,#4084));
#2079=EDGE_LOOP('',(#4085,#4086,#4087));
#2080=EDGE_LOOP('',(#4088,#4089,#4090));
#2081=EDGE_LOOP('',(#4091,#4092,#4093));
#2082=EDGE_LOOP('',(#4094,#4095,#4096));
#2083=EDGE_LOOP('',(#4097,#4098,#4099,#4100));
#2084=EDGE_LOOP('',(#4101,#4102,#4103,#4104));
#2085=EDGE_LOOP('',(#4105,#4106,#4107,#4108));
#2086=EDGE_LOOP('',(#4109,#4110,#4111,#4112));
#2087=EDGE_LOOP('',(#4113,#4114,#4115));
#2088=EDGE_LOOP('',(#4116,#4117,#4118));
#2089=EDGE_LOOP('',(#4119,#4120,#4121));
#2090=EDGE_LOOP('',(#4122,#4123,#4124));
#2091=EDGE_LOOP('',(#4125,#4126,#4127));
#2092=EDGE_LOOP('',(#4128,#4129,#4130));
#2093=EDGE_LOOP('',(#4131,#4132,#4133,#4134));
#2094=EDGE_LOOP('',(#4135,#4136,#4137,#4138));
#2095=EDGE_LOOP('',(#4139,#4140,#4141,#4142));
#2096=EDGE_LOOP('',(#4143,#4144,#4145,#4146));
#2097=EDGE_LOOP('',(#4147,#4148,#4149));
#2098=EDGE_LOOP('',(#4150,#4151,#4152));
#2099=EDGE_LOOP('',(#4153,#4154,#4155));
#2100=EDGE_LOOP('',(#4156,#4157,#4158));
#2101=EDGE_LOOP('',(#4159,#4160,#4161));
#2102=EDGE_LOOP('',(#4162,#4163,#4164));
#2103=EDGE_LOOP('',(#4165,#4166,#4167,#4168));
#2104=EDGE_LOOP('',(#4169,#4170,#4171,#4172));
#2105=EDGE_LOOP('',(#4173,#4174,#4175,#4176));
#2106=EDGE_LOOP('',(#4177,#4178,#4179,#4180));
#2107=EDGE_LOOP('',(#4181,#4182,#4183));
#2108=EDGE_LOOP('',(#4184,#4185,#4186));
#2109=EDGE_LOOP('',(#4187,#4188,#4189));
#2110=EDGE_LOOP('',(#4190,#4191,#4192));
#2111=EDGE_LOOP('',(#4193,#4194,#4195));
#2112=EDGE_LOOP('',(#4196,#4197,#4198));
#2113=EDGE_LOOP('',(#4199,#4200,#4201,#4202));
#2114=EDGE_LOOP('',(#4203,#4204,#4205,#4206));
#2115=EDGE_LOOP('',(#4207,#4208,#4209,#4210));
#2116=EDGE_LOOP('',(#4211,#4212,#4213,#4214));
#2117=EDGE_LOOP('',(#4215,#4216,#4217));
#2118=EDGE_LOOP('',(#4218,#4219,#4220));
#2119=EDGE_LOOP('',(#4221,#4222,#4223));
#2120=EDGE_LOOP('',(#4224,#4225,#4226));
#2121=EDGE_LOOP('',(#4227,#4228,#4229));
#2122=EDGE_LOOP('',(#4230,#4231,#4232));
#2123=EDGE_LOOP('',(#4233,#4234,#4235));
#2124=EDGE_LOOP('',(#4236,#4237,#4238));
#2125=EDGE_LOOP('',(#4239,#4240,#4241));
#2126=EDGE_LOOP('',(#4242,#4243,#4244));
#2127=EDGE_LOOP('',(#4245,#4246,#4247));
#2128=EDGE_LOOP('',(#4248,#4249,#4250,#4251));
#2129=EDGE_LOOP('',(#4252,#4253,#4254,#4255));
#2130=EDGE_LOOP('',(#4256,#4257,#4258));
#2131=EDGE_LOOP('',(#4259,#4260,#4261,#4262));
#2132=EDGE_LOOP('',(#4263,#4264,#4265,#4266));
#2133=EDGE_LOOP('',(#4267,#4268,#4269));
#2134=EDGE_LOOP('',(#4270,#4271,#4272,#4273));
#2135=EDGE_LOOP('',(#4274,#4275,#4276,#4277));
#2136=EDGE_LOOP('',(#4278,#4279,#4280));
#2137=EDGE_LOOP('',(#4281,#4282,#4283,#4284));
#2138=EDGE_LOOP('',(#4285,#4286,#4287,#4288));
#2139=EDGE_LOOP('',(#4289,#4290,#4291,#4292));
#2140=EDGE_LOOP('',(#4293,#4294,#4295));
#2141=EDGE_LOOP('',(#4296,#4297,#4298,#4299));
#2142=EDGE_LOOP('',(#4300,#4301,#4302));
#2143=EDGE_LOOP('',(#4303,#4304,#4305));
#2144=EDGE_LOOP('',(#4306,#4307,#4308));
#2145=EDGE_LOOP('',(#4309,#4310,#4311,#4312));
#2146=EDGE_LOOP('',(#4313,#4314,#4315));
#2147=EDGE_LOOP('',(#4316,#4317,#4318,#4319));
#2148=EDGE_LOOP('',(#4320,#4321,#4322,#4323));
#2149=EDGE_LOOP('',(#4324,#4325,#4326));
#2150=EDGE_LOOP('',(#4327,#4328,#4329));
#2151=EDGE_LOOP('',(#4330,#4331,#4332,#4333));
#2152=EDGE_LOOP('',(#4334,#4335,#4336,#4337));
#2153=EDGE_LOOP('',(#4338,#4339,#4340));
#2154=EDGE_LOOP('',(#4341,#4342,#4343,#4344));
#2155=EDGE_LOOP('',(#4345,#4346,#4347,#4348));
#2156=EDGE_LOOP('',(#4349,#4350,#4351,#4352));
#2157=EDGE_LOOP('',(#4353,#4354,#4355));
#2158=EDGE_LOOP('',(#4356,#4357,#4358));
#2159=EDGE_LOOP('',(#4359,#4360,#4361,#4362));
#2160=EDGE_LOOP('',(#4363,#4364,#4365));
#2161=EDGE_LOOP('',(#4366,#4367,#4368));
#2162=EDGE_LOOP('',(#4369,#4370,#4371));
#2163=EDGE_LOOP('',(#4372,#4373,#4374));
#2164=EDGE_LOOP('',(#4375,#4376,#4377));
#2165=EDGE_LOOP('',(#4378,#4379,#4380));
#2166=EDGE_LOOP('',(#4381,#4382,#4383));
#2167=EDGE_LOOP('',(#4384,#4385,#4386,#4387));
#2168=EDGE_LOOP('',(#4388,#4389,#4390));
#2169=EDGE_LOOP('',(#4391,#4392,#4393,#4394));
#2170=EDGE_LOOP('',(#4395,#4396,#4397,#4398));
#2171=EDGE_LOOP('',(#4399,#4400,#4401,#4402));
#2172=EDGE_LOOP('',(#4403,#4404,#4405));
#2173=EDGE_LOOP('',(#4406,#4407,#4408,#4409));
#2174=EDGE_LOOP('',(#4410,#4411,#4412,#4413));
#2175=EDGE_LOOP('',(#4414,#4415,#4416));
#2176=EDGE_LOOP('',(#4417,#4418,#4419,#4420));
#2177=EDGE_LOOP('',(#4421,#4422,#4423));
#2178=EDGE_LOOP('',(#4424,#4425,#4426,#4427));
#2179=EDGE_LOOP('',(#4428,#4429,#4430,#4431));
#2180=EDGE_LOOP('',(#4432,#4433,#4434,#4435));
#2181=EDGE_LOOP('',(#4436,#4437,#4438,#4439));
#2182=EDGE_LOOP('',(#4440,#4441,#4442,#4443));
#2183=EDGE_LOOP('',(#4444,#4445,#4446));
#2184=EDGE_LOOP('',(#4447,#4448,#4449));
#2185=EDGE_LOOP('',(#4450,#4451,#4452));
#2186=EDGE_LOOP('',(#4453,#4454,#4455));
#2187=EDGE_LOOP('',(#4456,#4457,#4458,#4459));
#2188=EDGE_LOOP('',(#4460,#4461,#4462));
#2189=EDGE_LOOP('',(#4463,#4464,#4465));
#2190=EDGE_LOOP('',(#4466,#4467,#4468,#4469));
#2191=EDGE_LOOP('',(#4470,#4471,#4472,#4473));
#2192=EDGE_LOOP('',(#4474,#4475,#4476,#4477));
#2193=EDGE_LOOP('',(#4478,#4479,#4480));
#2194=EDGE_LOOP('',(#4481,#4482,#4483,#4484));
#2195=EDGE_LOOP('',(#4485,#4486,#4487));
#2196=EDGE_LOOP('',(#4488,#4489,#4490,#4491));
#2197=EDGE_LOOP('',(#4492,#4493,#4494));
#2198=EDGE_LOOP('',(#4495,#4496,#4497,#4498));
#2199=EDGE_LOOP('',(#4499,#4500,#4501));
#2200=EDGE_LOOP('',(#4502,#4503,#4504,#4505));
#2201=EDGE_LOOP('',(#4506,#4507,#4508,#4509));
#2202=EDGE_LOOP('',(#4510,#4511,#4512,#4513));
#2203=EDGE_LOOP('',(#4514,#4515,#4516,#4517));
#2204=EDGE_LOOP('',(#4518,#4519,#4520,#4521));
#2205=EDGE_LOOP('',(#4522,#4523,#4524,#4525));
#2206=EDGE_LOOP('',(#4526,#4527,#4528,#4529));
#2207=EDGE_LOOP('',(#4530,#4531,#4532,#4533));
#2208=EDGE_LOOP('',(#4534,#4535,#4536,#4537));
#2209=EDGE_LOOP('',(#4538,#4539,#4540,#4541));
#2210=EDGE_LOOP('',(#4542,#4543,#4544,#4545));
#2211=EDGE_LOOP('',(#4546,#4547,#4548,#4549));
#2212=EDGE_LOOP('',(#4550,#4551,#4552,#4553));
#2213=EDGE_LOOP('',(#4554,#4555,#4556,#4557));
#2214=EDGE_LOOP('',(#4558,#4559,#4560,#4561));
#2215=EDGE_LOOP('',(#4562,#4563,#4564,#4565));
#2216=EDGE_LOOP('',(#4566,#4567,#4568,#4569));
#2217=EDGE_LOOP('',(#4570,#4571,#4572,#4573));
#2218=EDGE_LOOP('',(#4574,#4575,#4576,#4577));
#2219=EDGE_LOOP('',(#4578,#4579,#4580,#4581));
#2220=EDGE_LOOP('',(#4582,#4583,#4584,#4585));
#2221=EDGE_LOOP('',(#4586,#4587,#4588,#4589));
#2222=EDGE_LOOP('',(#4590,#4591,#4592,#4593));
#2223=EDGE_LOOP('',(#4594,#4595,#4596,#4597));
#2224=EDGE_LOOP('',(#4598,#4599,#4600,#4601));
#2225=EDGE_LOOP('',(#4602,#4603,#4604,#4605));
#2226=EDGE_LOOP('',(#4606,#4607,#4608,#4609));
#2227=EDGE_LOOP('',(#4610,#4611,#4612,#4613));
#2228=EDGE_LOOP('',(#4614,#4615,#4616,#4617));
#2229=EDGE_LOOP('',(#4618,#4619,#4620,#4621));
#2230=EDGE_LOOP('',(#4622,#4623,#4624,#4625));
#2231=EDGE_LOOP('',(#4626,#4627,#4628,#4629));
#2232=EDGE_LOOP('',(#4630,#4631,#4632,#4633));
#2233=EDGE_LOOP('',(#4634,#4635,#4636,#4637));
#2234=EDGE_LOOP('',(#4638,#4639,#4640,#4641));
#2235=EDGE_LOOP('',(#4642,#4643,#4644,#4645));
#2236=EDGE_LOOP('',(#4646,#4647,#4648));
#2237=EDGE_LOOP('',(#4649,#4650,#4651));
#2238=EDGE_LOOP('',(#4652,#4653,#4654));
#2239=EDGE_LOOP('',(#4655,#4656,#4657));
#2240=EDGE_LOOP('',(#4658,#4659,#4660));
#2241=EDGE_LOOP('',(#4661,#4662,#4663));
#2242=EDGE_LOOP('',(#4664,#4665,#4666));
#2243=EDGE_LOOP('',(#4667,#4668,#4669));
#2244=EDGE_LOOP('',(#4670,#4671,#4672));
#2245=EDGE_LOOP('',(#4673,#4674,#4675));
#2246=EDGE_LOOP('',(#4676,#4677,#4678));
#2247=EDGE_LOOP('',(#4679,#4680,#4681));
#2248=EDGE_LOOP('',(#4682,#4683,#4684));
#2249=EDGE_LOOP('',(#4685,#4686,#4687));
#2250=EDGE_LOOP('',(#4688,#4689,#4690));
#2251=EDGE_LOOP('',(#4691,#4692,#4693));
#2252=EDGE_LOOP('',(#4694,#4695,#4696));
#2253=EDGE_LOOP('',(#4697,#4698,#4699));
#2254=EDGE_LOOP('',(#4700,#4701,#4702));
#2255=EDGE_LOOP('',(#4703,#4704,#4705));
#2256=EDGE_LOOP('',(#4706,#4707,#4708));
#2257=EDGE_LOOP('',(#4709,#4710,#4711));
#2258=EDGE_LOOP('',(#4712,#4713,#4714));
#2259=EDGE_LOOP('',(#4715,#4716,#4717));
#2260=EDGE_LOOP('',(#4718,#4719,#4720));
#2261=EDGE_LOOP('',(#4721,#4722,#4723));
#2262=EDGE_LOOP('',(#4724,#4725,#4726));
#2263=EDGE_LOOP('',(#4727,#4728,#4729));
#2264=EDGE_LOOP('',(#4730,#4731,#4732,#4733));
#2265=EDGE_LOOP('',(#4734,#4735,#4736));
#2266=EDGE_LOOP('',(#4737,#4738,#4739));
#2267=EDGE_LOOP('',(#4740,#4741,#4742));
#2268=EDGE_LOOP('',(#4743,#4744,#4745));
#2269=EDGE_LOOP('',(#4746,#4747,#4748));
#2270=EDGE_LOOP('',(#4749,#4750,#4751));
#2271=EDGE_LOOP('',(#4752,#4753,#4754));
#2272=EDGE_LOOP('',(#4755,#4756,#4757));
#2273=EDGE_LOOP('',(#4758,#4759,#4760));
#2274=EDGE_LOOP('',(#4761,#4762,#4763,#4764));
#2275=EDGE_LOOP('',(#4765,#4766,#4767));
#2276=EDGE_LOOP('',(#4768,#4769,#4770,#4771));
#2277=EDGE_LOOP('',(#4772,#4773,#4774));
#2278=EDGE_LOOP('',(#4775,#4776,#4777));
#2279=EDGE_LOOP('',(#4778,#4779,#4780));
#2280=EDGE_LOOP('',(#4781,#4782,#4783));
#2281=EDGE_LOOP('',(#4784,#4785,#4786));
#2282=EDGE_LOOP('',(#4787,#4788,#4789,#4790));
#2283=EDGE_LOOP('',(#4791,#4792,#4793));
#2284=EDGE_LOOP('',(#4794,#4795,#4796));
#2285=EDGE_LOOP('',(#4797,#4798,#4799));
#2286=EDGE_LOOP('',(#4800,#4801,#4802));
#2287=EDGE_LOOP('',(#4803,#4804,#4805));
#2288=EDGE_LOOP('',(#4806,#4807,#4808));
#2289=EDGE_LOOP('',(#4809,#4810,#4811));
#2290=EDGE_LOOP('',(#4812,#4813,#4814));
#2291=EDGE_LOOP('',(#4815,#4816,#4817));
#2292=EDGE_LOOP('',(#4818,#4819,#4820,#4821));
#2293=EDGE_LOOP('',(#4822,#4823,#4824));
#2294=EDGE_LOOP('',(#4825,#4826,#4827));
#2295=EDGE_LOOP('',(#4828,#4829,#4830));
#2296=EDGE_LOOP('',(#4831,#4832,#4833));
#2297=EDGE_LOOP('',(#4834,#4835,#4836));
#2298=EDGE_LOOP('',(#4837,#4838,#4839));
#2299=EDGE_LOOP('',(#4840,#4841,#4842));
#2300=EDGE_LOOP('',(#4843,#4844,#4845));
#2301=EDGE_LOOP('',(#4846,#4847,#4848));
#2302=EDGE_LOOP('',(#4849,#4850,#4851));
#2303=EDGE_LOOP('',(#4852,#4853,#4854));
#2304=EDGE_LOOP('',(#4855,#4856,#4857,#4858));
#2305=EDGE_LOOP('',(#4859,#4860,#4861));
#2306=EDGE_LOOP('',(#4862,#4863,#4864,#4865));
#2307=EDGE_LOOP('',(#4866,#4867,#4868,#4869));
#2308=EDGE_LOOP('',(#4870,#4871,#4872));
#2309=EDGE_LOOP('',(#4873,#4874,#4875));
#2310=EDGE_LOOP('',(#4876,#4877,#4878));
#2311=EDGE_LOOP('',(#4879,#4880,#4881));
#2312=EDGE_LOOP('',(#4882,#4883,#4884));
#2313=EDGE_LOOP('',(#4885,#4886,#4887));
#2314=EDGE_LOOP('',(#4888,#4889,#4890));
#2315=EDGE_LOOP('',(#4891,#4892,#4893));
#2316=EDGE_LOOP('',(#4894,#4895,#4896,#4897));
#2317=EDGE_LOOP('',(#4898,#4899,#4900));
#2318=EDGE_LOOP('',(#4901,#4902,#4903,#4904));
#2319=EDGE_LOOP('',(#4905,#4906,#4907));
#2320=EDGE_LOOP('',(#4908,#4909,#4910));
#2321=EDGE_LOOP('',(#4911,#4912,#4913));
#2322=EDGE_LOOP('',(#4914,#4915,#4916));
#2323=EDGE_LOOP('',(#4917,#4918,#4919));
#2324=ORIENTED_EDGE('',*,*,#4920,.T.);
#2325=ORIENTED_EDGE('',*,*,#4925,.T.);
#2326=ORIENTED_EDGE('',*,*,#4921,.F.);
#2327=ORIENTED_EDGE('',*,*,#4932,.T.);
#2328=ORIENTED_EDGE('',*,*,#4923,.F.);
#2329=ORIENTED_EDGE('',*,*,#4922,.T.);
#2330=ORIENTED_EDGE('',*,*,#4928,.T.);
#2331=ORIENTED_EDGE('',*,*,#4922,.F.);
#2332=ORIENTED_EDGE('',*,*,#4921,.T.);
#2333=ORIENTED_EDGE('',*,*,#4937,.F.);
#2334=ORIENTED_EDGE('',*,*,#4932,.F.);
#2335=ORIENTED_EDGE('',*,*,#4933,.T.);
#2336=ORIENTED_EDGE('',*,*,#4942,.T.);
#2337=ORIENTED_EDGE('',*,*,#4940,.F.);
#2338=ORIENTED_EDGE('',*,*,#4939,.T.);
#2339=ORIENTED_EDGE('',*,*,#4934,.T.);
#2340=ORIENTED_EDGE('',*,*,#4939,.F.);
#2341=ORIENTED_EDGE('',*,*,#4933,.F.);
#2342=ORIENTED_EDGE('',*,*,#4937,.T.);
#2343=ORIENTED_EDGE('',*,*,#4941,.T.);
#2344=ORIENTED_EDGE('',*,*,#4948,.T.);
#2345=ORIENTED_EDGE('',*,*,#4938,.F.);
#2346=ORIENTED_EDGE('',*,*,#4940,.T.);
#2347=ORIENTED_EDGE('',*,*,#4946,.T.);
#2348=ORIENTED_EDGE('',*,*,#4949,.F.);
#2349=ORIENTED_EDGE('',*,*,#4941,.F.);
#2350=ORIENTED_EDGE('',*,*,#4920,.F.);
#2351=ORIENTED_EDGE('',*,*,#4924,.T.);
#2352=ORIENTED_EDGE('',*,*,#4962,.T.);
#2353=ORIENTED_EDGE('',*,*,#4926,.F.);
#2354=ORIENTED_EDGE('',*,*,#4923,.T.);
#2355=ORIENTED_EDGE('',*,*,#4938,.T.);
#2356=ORIENTED_EDGE('',*,*,#4953,.T.);
#2357=ORIENTED_EDGE('',*,*,#4924,.F.);
#2358=ORIENTED_EDGE('',*,*,#4928,.F.);
#2359=ORIENTED_EDGE('',*,*,#4929,.T.);
#2360=ORIENTED_EDGE('',*,*,#4935,.F.);
#2361=ORIENTED_EDGE('',*,*,#4943,.F.);
#2362=ORIENTED_EDGE('',*,*,#4934,.F.);
#2363=ORIENTED_EDGE('',*,*,#4936,.T.);
#2364=ORIENTED_EDGE('',*,*,#4970,.T.);
#2365=ORIENTED_EDGE('',*,*,#4936,.F.);
#2366=ORIENTED_EDGE('',*,*,#4935,.T.);
#2367=ORIENTED_EDGE('',*,*,#4977,.T.);
#2368=ORIENTED_EDGE('',*,*,#4974,.F.);
#2369=ORIENTED_EDGE('',*,*,#4970,.F.);
#2370=ORIENTED_EDGE('',*,*,#4971,.T.);
#2371=ORIENTED_EDGE('',*,*,#4980,.F.);
#2372=ORIENTED_EDGE('',*,*,#4977,.F.);
#2373=ORIENTED_EDGE('',*,*,#4978,.T.);
#2374=ORIENTED_EDGE('',*,*,#4984,.T.);
#2375=ORIENTED_EDGE('',*,*,#4989,.T.);
#2376=ORIENTED_EDGE('',*,*,#4985,.F.);
#2377=ORIENTED_EDGE('',*,*,#4996,.T.);
#2378=ORIENTED_EDGE('',*,*,#4987,.F.);
#2379=ORIENTED_EDGE('',*,*,#4986,.T.);
#2380=ORIENTED_EDGE('',*,*,#4992,.T.);
#2381=ORIENTED_EDGE('',*,*,#4986,.F.);
#2382=ORIENTED_EDGE('',*,*,#4985,.T.);
#2383=ORIENTED_EDGE('',*,*,#4999,.F.);
#2384=ORIENTED_EDGE('',*,*,#4996,.F.);
#2385=ORIENTED_EDGE('',*,*,#4997,.T.);
#2386=ORIENTED_EDGE('',*,*,#4925,.F.);
#2387=ORIENTED_EDGE('',*,*,#4927,.T.);
#2388=ORIENTED_EDGE('',*,*,#4931,.F.);
#2389=ORIENTED_EDGE('',*,*,#4930,.F.);
#2390=ORIENTED_EDGE('',*,*,#4931,.T.);
#2391=ORIENTED_EDGE('',*,*,#4997,.F.);
#2392=ORIENTED_EDGE('',*,*,#4999,.T.);
#2393=ORIENTED_EDGE('',*,*,#5001,.T.);
#2394=ORIENTED_EDGE('',*,*,#5002,.T.);
#2395=ORIENTED_EDGE('',*,*,#5000,.F.);
#2396=ORIENTED_EDGE('',*,*,#4927,.F.);
#2397=ORIENTED_EDGE('',*,*,#4926,.T.);
#2398=ORIENTED_EDGE('',*,*,#4966,.T.);
#2399=ORIENTED_EDGE('',*,*,#5001,.F.);
#2400=ORIENTED_EDGE('',*,*,#4984,.F.);
#2401=ORIENTED_EDGE('',*,*,#4988,.T.);
#2402=ORIENTED_EDGE('',*,*,#5011,.T.);
#2403=ORIENTED_EDGE('',*,*,#4990,.F.);
#2404=ORIENTED_EDGE('',*,*,#4987,.T.);
#2405=ORIENTED_EDGE('',*,*,#5000,.T.);
#2406=ORIENTED_EDGE('',*,*,#5007,.T.);
#2407=ORIENTED_EDGE('',*,*,#4988,.F.);
#2408=ORIENTED_EDGE('',*,*,#4992,.F.);
#2409=ORIENTED_EDGE('',*,*,#4993,.T.);
#2410=ORIENTED_EDGE('',*,*,#4998,.F.);
#2411=ORIENTED_EDGE('',*,*,#4929,.F.);
#2412=ORIENTED_EDGE('',*,*,#4930,.T.);
#2413=ORIENTED_EDGE('',*,*,#4972,.F.);
#2414=ORIENTED_EDGE('',*,*,#4973,.F.);
#2415=ORIENTED_EDGE('',*,*,#4972,.T.);
#2416=ORIENTED_EDGE('',*,*,#4998,.T.);
#2417=ORIENTED_EDGE('',*,*,#4979,.F.);
#2418=ORIENTED_EDGE('',*,*,#4971,.F.);
#2419=ORIENTED_EDGE('',*,*,#4973,.T.);
#2420=ORIENTED_EDGE('',*,*,#5019,.T.);
#2421=ORIENTED_EDGE('',*,*,#4978,.F.);
#2422=ORIENTED_EDGE('',*,*,#4979,.T.);
#2423=ORIENTED_EDGE('',*,*,#4982,.F.);
#2424=ORIENTED_EDGE('',*,*,#5023,.T.);
#2425=ORIENTED_EDGE('',*,*,#5028,.T.);
#2426=ORIENTED_EDGE('',*,*,#5024,.F.);
#2427=ORIENTED_EDGE('',*,*,#5035,.T.);
#2428=ORIENTED_EDGE('',*,*,#5026,.F.);
#2429=ORIENTED_EDGE('',*,*,#5025,.T.);
#2430=ORIENTED_EDGE('',*,*,#5031,.T.);
#2431=ORIENTED_EDGE('',*,*,#5025,.F.);
#2432=ORIENTED_EDGE('',*,*,#5024,.T.);
#2433=ORIENTED_EDGE('',*,*,#5038,.F.);
#2434=ORIENTED_EDGE('',*,*,#5035,.F.);
#2435=ORIENTED_EDGE('',*,*,#5036,.T.);
#2436=ORIENTED_EDGE('',*,*,#4989,.F.);
#2437=ORIENTED_EDGE('',*,*,#4991,.T.);
#2438=ORIENTED_EDGE('',*,*,#4995,.F.);
#2439=ORIENTED_EDGE('',*,*,#4994,.F.);
#2440=ORIENTED_EDGE('',*,*,#4995,.T.);
#2441=ORIENTED_EDGE('',*,*,#5036,.F.);
#2442=ORIENTED_EDGE('',*,*,#5038,.T.);
#2443=ORIENTED_EDGE('',*,*,#5040,.T.);
#2444=ORIENTED_EDGE('',*,*,#5041,.T.);
#2445=ORIENTED_EDGE('',*,*,#5039,.F.);
#2446=ORIENTED_EDGE('',*,*,#4991,.F.);
#2447=ORIENTED_EDGE('',*,*,#4990,.T.);
#2448=ORIENTED_EDGE('',*,*,#5015,.T.);
#2449=ORIENTED_EDGE('',*,*,#5040,.F.);
#2450=ORIENTED_EDGE('',*,*,#5023,.F.);
#2451=ORIENTED_EDGE('',*,*,#5027,.T.);
#2452=ORIENTED_EDGE('',*,*,#5049,.T.);
#2453=ORIENTED_EDGE('',*,*,#5029,.F.);
#2454=ORIENTED_EDGE('',*,*,#5026,.T.);
#2455=ORIENTED_EDGE('',*,*,#5039,.T.);
#2456=ORIENTED_EDGE('',*,*,#5045,.T.);
#2457=ORIENTED_EDGE('',*,*,#5027,.F.);
#2458=ORIENTED_EDGE('',*,*,#5031,.F.);
#2459=ORIENTED_EDGE('',*,*,#5032,.T.);
#2460=ORIENTED_EDGE('',*,*,#5037,.F.);
#2461=ORIENTED_EDGE('',*,*,#4993,.F.);
#2462=ORIENTED_EDGE('',*,*,#4994,.T.);
#2463=ORIENTED_EDGE('',*,*,#5020,.F.);
#2464=ORIENTED_EDGE('',*,*,#5021,.F.);
#2465=ORIENTED_EDGE('',*,*,#5020,.T.);
#2466=ORIENTED_EDGE('',*,*,#5037,.T.);
#2467=ORIENTED_EDGE('',*,*,#5022,.F.);
#2468=ORIENTED_EDGE('',*,*,#5019,.F.);
#2469=ORIENTED_EDGE('',*,*,#5021,.T.);
#2470=ORIENTED_EDGE('',*,*,#5058,.T.);
#2471=ORIENTED_EDGE('',*,*,#4982,.T.);
#2472=ORIENTED_EDGE('',*,*,#5022,.T.);
#2473=ORIENTED_EDGE('',*,*,#4983,.F.);
#2474=ORIENTED_EDGE('',*,*,#4947,.F.);
#2475=ORIENTED_EDGE('',*,*,#4942,.F.);
#2476=ORIENTED_EDGE('',*,*,#4944,.T.);
#2477=ORIENTED_EDGE('',*,*,#5063,.T.);
#2478=ORIENTED_EDGE('',*,*,#5061,.F.);
#2479=ORIENTED_EDGE('',*,*,#5060,.T.);
#2480=ORIENTED_EDGE('',*,*,#4945,.T.);
#2481=ORIENTED_EDGE('',*,*,#5060,.F.);
#2482=ORIENTED_EDGE('',*,*,#4944,.F.);
#2483=ORIENTED_EDGE('',*,*,#5065,.F.);
#2484=ORIENTED_EDGE('',*,*,#5063,.F.);
#2485=ORIENTED_EDGE('',*,*,#5064,.T.);
#2486=ORIENTED_EDGE('',*,*,#5028,.F.);
#2487=ORIENTED_EDGE('',*,*,#5030,.T.);
#2488=ORIENTED_EDGE('',*,*,#5034,.F.);
#2489=ORIENTED_EDGE('',*,*,#5033,.F.);
#2490=ORIENTED_EDGE('',*,*,#5034,.T.);
#2491=ORIENTED_EDGE('',*,*,#5064,.F.);
#2492=ORIENTED_EDGE('',*,*,#5065,.T.);
#2493=ORIENTED_EDGE('',*,*,#5067,.T.);
#2494=ORIENTED_EDGE('',*,*,#5068,.T.);
#2495=ORIENTED_EDGE('',*,*,#5066,.F.);
#2496=ORIENTED_EDGE('',*,*,#5030,.F.);
#2497=ORIENTED_EDGE('',*,*,#5029,.T.);
#2498=ORIENTED_EDGE('',*,*,#5054,.T.);
#2499=ORIENTED_EDGE('',*,*,#5067,.F.);
#2500=ORIENTED_EDGE('',*,*,#4947,.T.);
#2501=ORIENTED_EDGE('',*,*,#5062,.T.);
#2502=ORIENTED_EDGE('',*,*,#4958,.F.);
#2503=ORIENTED_EDGE('',*,*,#4946,.F.);
#2504=ORIENTED_EDGE('',*,*,#5061,.T.);
#2505=ORIENTED_EDGE('',*,*,#5066,.T.);
#2506=ORIENTED_EDGE('',*,*,#5072,.T.);
#2507=ORIENTED_EDGE('',*,*,#5062,.F.);
#2508=ORIENTED_EDGE('',*,*,#4945,.F.);
#2509=ORIENTED_EDGE('',*,*,#4943,.T.);
#2510=ORIENTED_EDGE('',*,*,#4976,.T.);
#2511=ORIENTED_EDGE('',*,*,#5032,.F.);
#2512=ORIENTED_EDGE('',*,*,#5033,.T.);
#2513=ORIENTED_EDGE('',*,*,#5059,.F.);
#2514=ORIENTED_EDGE('',*,*,#4975,.T.);
#2515=ORIENTED_EDGE('',*,*,#5059,.T.);
#2516=ORIENTED_EDGE('',*,*,#4976,.F.);
#2517=ORIENTED_EDGE('',*,*,#4981,.T.);
#2518=ORIENTED_EDGE('',*,*,#5058,.F.);
#2519=ORIENTED_EDGE('',*,*,#4975,.F.);
#2520=ORIENTED_EDGE('',*,*,#4974,.T.);
#2521=ORIENTED_EDGE('',*,*,#4983,.T.);
#2522=ORIENTED_EDGE('',*,*,#4981,.F.);
#2523=ORIENTED_EDGE('',*,*,#4980,.T.);
#2524=ORIENTED_EDGE('',*,*,#4959,.T.);
#2525=ORIENTED_EDGE('',*,*,#5078,.T.);
#2526=ORIENTED_EDGE('',*,*,#4960,.F.);
#2527=ORIENTED_EDGE('',*,*,#4950,.T.);
#2528=ORIENTED_EDGE('',*,*,#5081,.T.);
#2529=ORIENTED_EDGE('',*,*,#4951,.F.);
#2530=ORIENTED_EDGE('',*,*,#4954,.T.);
#2531=ORIENTED_EDGE('',*,*,#5086,.T.);
#2532=ORIENTED_EDGE('',*,*,#4955,.F.);
#2533=ORIENTED_EDGE('',*,*,#4955,.T.);
#2534=ORIENTED_EDGE('',*,*,#5088,.T.);
#2535=ORIENTED_EDGE('',*,*,#4956,.F.);
#2536=ORIENTED_EDGE('',*,*,#4951,.T.);
#2537=ORIENTED_EDGE('',*,*,#5083,.T.);
#2538=ORIENTED_EDGE('',*,*,#4952,.F.);
#2539=ORIENTED_EDGE('',*,*,#4963,.T.);
#2540=ORIENTED_EDGE('',*,*,#5092,.T.);
#2541=ORIENTED_EDGE('',*,*,#4964,.F.);
#2542=ORIENTED_EDGE('',*,*,#4964,.T.);
#2543=ORIENTED_EDGE('',*,*,#5094,.T.);
#2544=ORIENTED_EDGE('',*,*,#4965,.F.);
#2545=ORIENTED_EDGE('',*,*,#4968,.T.);
#2546=ORIENTED_EDGE('',*,*,#5099,.T.);
#2547=ORIENTED_EDGE('',*,*,#4969,.F.);
#2548=ORIENTED_EDGE('',*,*,#5004,.T.);
#2549=ORIENTED_EDGE('',*,*,#5103,.T.);
#2550=ORIENTED_EDGE('',*,*,#5005,.F.);
#2551=ORIENTED_EDGE('',*,*,#5003,.T.);
#2552=ORIENTED_EDGE('',*,*,#5101,.T.);
#2553=ORIENTED_EDGE('',*,*,#5004,.F.);
#2554=ORIENTED_EDGE('',*,*,#4967,.T.);
#2555=ORIENTED_EDGE('',*,*,#5096,.T.);
#2556=ORIENTED_EDGE('',*,*,#4968,.F.);
#2557=ORIENTED_EDGE('',*,*,#4956,.T.);
#2558=ORIENTED_EDGE('',*,*,#5090,.T.);
#2559=ORIENTED_EDGE('',*,*,#4957,.F.);
#2560=ORIENTED_EDGE('',*,*,#4960,.T.);
#2561=ORIENTED_EDGE('',*,*,#4950,.F.);
#2562=ORIENTED_EDGE('',*,*,#4949,.T.);
#2563=ORIENTED_EDGE('',*,*,#5005,.T.);
#2564=ORIENTED_EDGE('',*,*,#5106,.T.);
#2565=ORIENTED_EDGE('',*,*,#5006,.F.);
#2566=ORIENTED_EDGE('',*,*,#4952,.T.);
#2567=ORIENTED_EDGE('',*,*,#4954,.F.);
#2568=ORIENTED_EDGE('',*,*,#4948,.F.);
#2569=ORIENTED_EDGE('',*,*,#4953,.F.);
#2570=ORIENTED_EDGE('',*,*,#4957,.T.);
#2571=ORIENTED_EDGE('',*,*,#4963,.F.);
#2572=ORIENTED_EDGE('',*,*,#4966,.F.);
#2573=ORIENTED_EDGE('',*,*,#4969,.T.);
#2574=ORIENTED_EDGE('',*,*,#5003,.F.);
#2575=ORIENTED_EDGE('',*,*,#4965,.T.);
#2576=ORIENTED_EDGE('',*,*,#4967,.F.);
#2577=ORIENTED_EDGE('',*,*,#4962,.F.);
#2578=ORIENTED_EDGE('',*,*,#5006,.T.);
#2579=ORIENTED_EDGE('',*,*,#5008,.F.);
#2580=ORIENTED_EDGE('',*,*,#5002,.F.);
#2581=ORIENTED_EDGE('',*,*,#5009,.T.);
#2582=ORIENTED_EDGE('',*,*,#5110,.T.);
#2583=ORIENTED_EDGE('',*,*,#5010,.F.);
#2584=ORIENTED_EDGE('',*,*,#5012,.T.);
#2585=ORIENTED_EDGE('',*,*,#5112,.T.);
#2586=ORIENTED_EDGE('',*,*,#5013,.F.);
#2587=ORIENTED_EDGE('',*,*,#5007,.F.);
#2588=ORIENTED_EDGE('',*,*,#5010,.T.);
#2589=ORIENTED_EDGE('',*,*,#5012,.F.);
#2590=ORIENTED_EDGE('',*,*,#5011,.F.);
#2591=ORIENTED_EDGE('',*,*,#5014,.T.);
#2592=ORIENTED_EDGE('',*,*,#5116,.T.);
#2593=ORIENTED_EDGE('',*,*,#5016,.F.);
#2594=ORIENTED_EDGE('',*,*,#5013,.T.);
#2595=ORIENTED_EDGE('',*,*,#5114,.T.);
#2596=ORIENTED_EDGE('',*,*,#5014,.F.);
#2597=ORIENTED_EDGE('',*,*,#5108,.T.);
#2598=ORIENTED_EDGE('',*,*,#5009,.F.);
#2599=ORIENTED_EDGE('',*,*,#5008,.T.);
#2600=ORIENTED_EDGE('',*,*,#5017,.T.);
#2601=ORIENTED_EDGE('',*,*,#5120,.T.);
#2602=ORIENTED_EDGE('',*,*,#5018,.F.);
#2603=ORIENTED_EDGE('',*,*,#5042,.T.);
#2604=ORIENTED_EDGE('',*,*,#5122,.T.);
#2605=ORIENTED_EDGE('',*,*,#5043,.F.);
#2606=ORIENTED_EDGE('',*,*,#5046,.T.);
#2607=ORIENTED_EDGE('',*,*,#5126,.T.);
#2608=ORIENTED_EDGE('',*,*,#5047,.F.);
#2609=ORIENTED_EDGE('',*,*,#5050,.T.);
#2610=ORIENTED_EDGE('',*,*,#5130,.T.);
#2611=ORIENTED_EDGE('',*,*,#5051,.F.);
#2612=ORIENTED_EDGE('',*,*,#5047,.T.);
#2613=ORIENTED_EDGE('',*,*,#5128,.T.);
#2614=ORIENTED_EDGE('',*,*,#5048,.F.);
#2615=ORIENTED_EDGE('',*,*,#5043,.T.);
#2616=ORIENTED_EDGE('',*,*,#5124,.T.);
#2617=ORIENTED_EDGE('',*,*,#5044,.F.);
#2618=ORIENTED_EDGE('',*,*,#5052,.T.);
#2619=ORIENTED_EDGE('',*,*,#5134,.T.);
#2620=ORIENTED_EDGE('',*,*,#5053,.F.);
#2621=ORIENTED_EDGE('',*,*,#5055,.T.);
#2622=ORIENTED_EDGE('',*,*,#5136,.T.);
#2623=ORIENTED_EDGE('',*,*,#5056,.F.);
#2624=ORIENTED_EDGE('',*,*,#5069,.T.);
#2625=ORIENTED_EDGE('',*,*,#5140,.T.);
#2626=ORIENTED_EDGE('',*,*,#5070,.F.);
#2627=ORIENTED_EDGE('',*,*,#5073,.T.);
#2628=ORIENTED_EDGE('',*,*,#5145,.T.);
#2629=ORIENTED_EDGE('',*,*,#5074,.F.);
#2630=ORIENTED_EDGE('',*,*,#5070,.T.);
#2631=ORIENTED_EDGE('',*,*,#5143,.T.);
#2632=ORIENTED_EDGE('',*,*,#5071,.F.);
#2633=ORIENTED_EDGE('',*,*,#5056,.T.);
#2634=ORIENTED_EDGE('',*,*,#5138,.T.);
#2635=ORIENTED_EDGE('',*,*,#5057,.F.);
#2636=ORIENTED_EDGE('',*,*,#5051,.T.);
#2637=ORIENTED_EDGE('',*,*,#5132,.T.);
#2638=ORIENTED_EDGE('',*,*,#5052,.F.);
#2639=ORIENTED_EDGE('',*,*,#5015,.F.);
#2640=ORIENTED_EDGE('',*,*,#5018,.T.);
#2641=ORIENTED_EDGE('',*,*,#5042,.F.);
#2642=ORIENTED_EDGE('',*,*,#5041,.F.);
#2643=ORIENTED_EDGE('',*,*,#5044,.T.);
#2644=ORIENTED_EDGE('',*,*,#5046,.F.);
#2645=ORIENTED_EDGE('',*,*,#5049,.F.);
#2646=ORIENTED_EDGE('',*,*,#5053,.T.);
#2647=ORIENTED_EDGE('',*,*,#5055,.F.);
#2648=ORIENTED_EDGE('',*,*,#5068,.F.);
#2649=ORIENTED_EDGE('',*,*,#5071,.T.);
#2650=ORIENTED_EDGE('',*,*,#5073,.F.);
#2651=ORIENTED_EDGE('',*,*,#5057,.T.);
#2652=ORIENTED_EDGE('',*,*,#5069,.F.);
#2653=ORIENTED_EDGE('',*,*,#5054,.F.);
#2654=ORIENTED_EDGE('',*,*,#5048,.T.);
#2655=ORIENTED_EDGE('',*,*,#5050,.F.);
#2656=ORIENTED_EDGE('',*,*,#5045,.F.);
#2657=ORIENTED_EDGE('',*,*,#5072,.F.);
#2658=ORIENTED_EDGE('',*,*,#5075,.T.);
#2659=ORIENTED_EDGE('',*,*,#5149,.T.);
#2660=ORIENTED_EDGE('',*,*,#5076,.F.);
#2661=ORIENTED_EDGE('',*,*,#5076,.T.);
#2662=ORIENTED_EDGE('',*,*,#5151,.T.);
#2663=ORIENTED_EDGE('',*,*,#5077,.F.);
#2664=ORIENTED_EDGE('',*,*,#4958,.T.);
#2665=ORIENTED_EDGE('',*,*,#5077,.T.);
#2666=ORIENTED_EDGE('',*,*,#5153,.T.);
#2667=ORIENTED_EDGE('',*,*,#4961,.F.);
#2668=ORIENTED_EDGE('',*,*,#5079,.F.);
#2669=ORIENTED_EDGE('',*,*,#4959,.F.);
#2670=ORIENTED_EDGE('',*,*,#4961,.T.);
#2671=ORIENTED_EDGE('',*,*,#5075,.F.);
#2672=ORIENTED_EDGE('',*,*,#5074,.T.);
#2673=ORIENTED_EDGE('',*,*,#5147,.T.);
#2674=ORIENTED_EDGE('',*,*,#5118,.T.);
#2675=ORIENTED_EDGE('',*,*,#5017,.F.);
#2676=ORIENTED_EDGE('',*,*,#5016,.T.);
#2677=ORIENTED_EDGE('',*,*,#5156,.T.);
#2678=ORIENTED_EDGE('',*,*,#5160,.T.);
#2679=ORIENTED_EDGE('',*,*,#5157,.F.);
#2680=ORIENTED_EDGE('',*,*,#5165,.T.);
#2681=ORIENTED_EDGE('',*,*,#5161,.F.);
#2682=ORIENTED_EDGE('',*,*,#5156,.F.);
#2683=ORIENTED_EDGE('',*,*,#5158,.T.);
#2684=ORIENTED_EDGE('',*,*,#5174,.T.);
#2685=ORIENTED_EDGE('',*,*,#5171,.F.);
#2686=ORIENTED_EDGE('',*,*,#5170,.T.);
#2687=ORIENTED_EDGE('',*,*,#5167,.T.);
#2688=ORIENTED_EDGE('',*,*,#5175,.F.);
#2689=ORIENTED_EDGE('',*,*,#5166,.F.);
#2690=ORIENTED_EDGE('',*,*,#5165,.F.);
#2691=ORIENTED_EDGE('',*,*,#5166,.T.);
#2692=ORIENTED_EDGE('',*,*,#5170,.F.);
#2693=ORIENTED_EDGE('',*,*,#5187,.T.);
#2694=ORIENTED_EDGE('',*,*,#5193,.T.);
#2695=ORIENTED_EDGE('',*,*,#5197,.T.);
#2696=ORIENTED_EDGE('',*,*,#5188,.F.);
#2697=ORIENTED_EDGE('',*,*,#5189,.F.);
#2698=ORIENTED_EDGE('',*,*,#5188,.T.);
#2699=ORIENTED_EDGE('',*,*,#5199,.T.);
#2700=ORIENTED_EDGE('',*,*,#5200,.F.);
#2701=ORIENTED_EDGE('',*,*,#5205,.T.);
#2702=ORIENTED_EDGE('',*,*,#5209,.T.);
#2703=ORIENTED_EDGE('',*,*,#5214,.T.);
#2704=ORIENTED_EDGE('',*,*,#5206,.F.);
#2705=ORIENTED_EDGE('',*,*,#5194,.T.);
#2706=ORIENTED_EDGE('',*,*,#5206,.T.);
#2707=ORIENTED_EDGE('',*,*,#5198,.F.);
#2708=ORIENTED_EDGE('',*,*,#5193,.F.);
#2709=ORIENTED_EDGE('',*,*,#5214,.F.);
#2710=ORIENTED_EDGE('',*,*,#5179,.F.);
#2711=ORIENTED_EDGE('',*,*,#5180,.T.);
#2712=ORIENTED_EDGE('',*,*,#5176,.T.);
#2713=ORIENTED_EDGE('',*,*,#5198,.T.);
#2714=ORIENTED_EDGE('',*,*,#5178,.F.);
#2715=ORIENTED_EDGE('',*,*,#5174,.F.);
#2716=ORIENTED_EDGE('',*,*,#5178,.T.);
#2717=ORIENTED_EDGE('',*,*,#5180,.F.);
#2718=ORIENTED_EDGE('',*,*,#5197,.F.);
#2719=ORIENTED_EDGE('',*,*,#5176,.F.);
#2720=ORIENTED_EDGE('',*,*,#5177,.T.);
#2721=ORIENTED_EDGE('',*,*,#5184,.T.);
#2722=ORIENTED_EDGE('',*,*,#5199,.F.);
#2723=ORIENTED_EDGE('',*,*,#5183,.F.);
#2724=ORIENTED_EDGE('',*,*,#5175,.T.);
#2725=ORIENTED_EDGE('',*,*,#5183,.T.);
#2726=ORIENTED_EDGE('',*,*,#5177,.F.);
#2727=ORIENTED_EDGE('',*,*,#5159,.F.);
#2728=ORIENTED_EDGE('',*,*,#5157,.T.);
#2729=ORIENTED_EDGE('',*,*,#5163,.T.);
#2730=ORIENTED_EDGE('',*,*,#5168,.F.);
#2731=ORIENTED_EDGE('',*,*,#5158,.F.);
#2732=ORIENTED_EDGE('',*,*,#5159,.T.);
#2733=ORIENTED_EDGE('',*,*,#5216,.T.);
#2734=ORIENTED_EDGE('',*,*,#5185,.F.);
#2735=ORIENTED_EDGE('',*,*,#5167,.F.);
#2736=ORIENTED_EDGE('',*,*,#5169,.T.);
#2737=ORIENTED_EDGE('',*,*,#5219,.T.);
#2738=ORIENTED_EDGE('',*,*,#5222,.F.);
#2739=ORIENTED_EDGE('',*,*,#5218,.F.);
#2740=ORIENTED_EDGE('',*,*,#5168,.T.);
#2741=ORIENTED_EDGE('',*,*,#5218,.T.);
#2742=ORIENTED_EDGE('',*,*,#5169,.F.);
#2743=ORIENTED_EDGE('',*,*,#5230,.T.);
#2744=ORIENTED_EDGE('',*,*,#5235,.T.);
#2745=ORIENTED_EDGE('',*,*,#5240,.T.);
#2746=ORIENTED_EDGE('',*,*,#5231,.F.);
#2747=ORIENTED_EDGE('',*,*,#5232,.F.);
#2748=ORIENTED_EDGE('',*,*,#5231,.T.);
#2749=ORIENTED_EDGE('',*,*,#5242,.T.);
#2750=ORIENTED_EDGE('',*,*,#5243,.F.);
#2751=ORIENTED_EDGE('',*,*,#5201,.F.);
#2752=ORIENTED_EDGE('',*,*,#5200,.T.);
#2753=ORIENTED_EDGE('',*,*,#5204,.T.);
#2754=ORIENTED_EDGE('',*,*,#5250,.F.);
#2755=ORIENTED_EDGE('',*,*,#5236,.T.);
#2756=ORIENTED_EDGE('',*,*,#5250,.T.);
#2757=ORIENTED_EDGE('',*,*,#5241,.F.);
#2758=ORIENTED_EDGE('',*,*,#5235,.F.);
#2759=ORIENTED_EDGE('',*,*,#5204,.F.);
#2760=ORIENTED_EDGE('',*,*,#5184,.F.);
#2761=ORIENTED_EDGE('',*,*,#5186,.T.);
#2762=ORIENTED_EDGE('',*,*,#5223,.T.);
#2763=ORIENTED_EDGE('',*,*,#5241,.T.);
#2764=ORIENTED_EDGE('',*,*,#5225,.F.);
#2765=ORIENTED_EDGE('',*,*,#5185,.T.);
#2766=ORIENTED_EDGE('',*,*,#5225,.T.);
#2767=ORIENTED_EDGE('',*,*,#5186,.F.);
#2768=ORIENTED_EDGE('',*,*,#5240,.F.);
#2769=ORIENTED_EDGE('',*,*,#5223,.F.);
#2770=ORIENTED_EDGE('',*,*,#5224,.T.);
#2771=ORIENTED_EDGE('',*,*,#5227,.T.);
#2772=ORIENTED_EDGE('',*,*,#5242,.F.);
#2773=ORIENTED_EDGE('',*,*,#5226,.F.);
#2774=ORIENTED_EDGE('',*,*,#5222,.T.);
#2775=ORIENTED_EDGE('',*,*,#5226,.T.);
#2776=ORIENTED_EDGE('',*,*,#5224,.F.);
#2777=ORIENTED_EDGE('',*,*,#5217,.F.);
#2778=ORIENTED_EDGE('',*,*,#5163,.F.);
#2779=ORIENTED_EDGE('',*,*,#5164,.T.);
#2780=ORIENTED_EDGE('',*,*,#5220,.F.);
#2781=ORIENTED_EDGE('',*,*,#5216,.F.);
#2782=ORIENTED_EDGE('',*,*,#5217,.T.);
#2783=ORIENTED_EDGE('',*,*,#5253,.T.);
#2784=ORIENTED_EDGE('',*,*,#5228,.F.);
#2785=ORIENTED_EDGE('',*,*,#5219,.F.);
#2786=ORIENTED_EDGE('',*,*,#5221,.T.);
#2787=ORIENTED_EDGE('',*,*,#5255,.T.);
#2788=ORIENTED_EDGE('',*,*,#5257,.F.);
#2789=ORIENTED_EDGE('',*,*,#5254,.F.);
#2790=ORIENTED_EDGE('',*,*,#5220,.T.);
#2791=ORIENTED_EDGE('',*,*,#5254,.T.);
#2792=ORIENTED_EDGE('',*,*,#5221,.F.);
#2793=ORIENTED_EDGE('',*,*,#5265,.T.);
#2794=ORIENTED_EDGE('',*,*,#5270,.T.);
#2795=ORIENTED_EDGE('',*,*,#5275,.T.);
#2796=ORIENTED_EDGE('',*,*,#5266,.F.);
#2797=ORIENTED_EDGE('',*,*,#5267,.F.);
#2798=ORIENTED_EDGE('',*,*,#5266,.T.);
#2799=ORIENTED_EDGE('',*,*,#5277,.T.);
#2800=ORIENTED_EDGE('',*,*,#5278,.F.);
#2801=ORIENTED_EDGE('',*,*,#5244,.F.);
#2802=ORIENTED_EDGE('',*,*,#5243,.T.);
#2803=ORIENTED_EDGE('',*,*,#5249,.T.);
#2804=ORIENTED_EDGE('',*,*,#5283,.F.);
#2805=ORIENTED_EDGE('',*,*,#5271,.T.);
#2806=ORIENTED_EDGE('',*,*,#5283,.T.);
#2807=ORIENTED_EDGE('',*,*,#5276,.F.);
#2808=ORIENTED_EDGE('',*,*,#5270,.F.);
#2809=ORIENTED_EDGE('',*,*,#5249,.F.);
#2810=ORIENTED_EDGE('',*,*,#5227,.F.);
#2811=ORIENTED_EDGE('',*,*,#5229,.T.);
#2812=ORIENTED_EDGE('',*,*,#5258,.T.);
#2813=ORIENTED_EDGE('',*,*,#5276,.T.);
#2814=ORIENTED_EDGE('',*,*,#5260,.F.);
#2815=ORIENTED_EDGE('',*,*,#5228,.T.);
#2816=ORIENTED_EDGE('',*,*,#5260,.T.);
#2817=ORIENTED_EDGE('',*,*,#5229,.F.);
#2818=ORIENTED_EDGE('',*,*,#5275,.F.);
#2819=ORIENTED_EDGE('',*,*,#5258,.F.);
#2820=ORIENTED_EDGE('',*,*,#5259,.T.);
#2821=ORIENTED_EDGE('',*,*,#5262,.T.);
#2822=ORIENTED_EDGE('',*,*,#5277,.F.);
#2823=ORIENTED_EDGE('',*,*,#5261,.F.);
#2824=ORIENTED_EDGE('',*,*,#5257,.T.);
#2825=ORIENTED_EDGE('',*,*,#5261,.T.);
#2826=ORIENTED_EDGE('',*,*,#5259,.F.);
#2827=ORIENTED_EDGE('',*,*,#5162,.T.);
#2828=ORIENTED_EDGE('',*,*,#5164,.F.);
#2829=ORIENTED_EDGE('',*,*,#5160,.F.);
#2830=ORIENTED_EDGE('',*,*,#5172,.T.);
#2831=ORIENTED_EDGE('',*,*,#5253,.F.);
#2832=ORIENTED_EDGE('',*,*,#5162,.F.);
#2833=ORIENTED_EDGE('',*,*,#5161,.T.);
#2834=ORIENTED_EDGE('',*,*,#5263,.F.);
#2835=ORIENTED_EDGE('',*,*,#5255,.F.);
#2836=ORIENTED_EDGE('',*,*,#5256,.T.);
#2837=ORIENTED_EDGE('',*,*,#5171,.T.);
#2838=ORIENTED_EDGE('',*,*,#5181,.T.);
#2839=ORIENTED_EDGE('',*,*,#5173,.F.);
#2840=ORIENTED_EDGE('',*,*,#5172,.F.);
#2841=ORIENTED_EDGE('',*,*,#5173,.T.);
#2842=ORIENTED_EDGE('',*,*,#5256,.F.);
#2843=ORIENTED_EDGE('',*,*,#5290,.T.);
#2844=ORIENTED_EDGE('',*,*,#5294,.T.);
#2845=ORIENTED_EDGE('',*,*,#5298,.T.);
#2846=ORIENTED_EDGE('',*,*,#5291,.F.);
#2847=ORIENTED_EDGE('',*,*,#5210,.T.);
#2848=ORIENTED_EDGE('',*,*,#5291,.T.);
#2849=ORIENTED_EDGE('',*,*,#5215,.F.);
#2850=ORIENTED_EDGE('',*,*,#5209,.F.);
#2851=ORIENTED_EDGE('',*,*,#5279,.F.);
#2852=ORIENTED_EDGE('',*,*,#5278,.T.);
#2853=ORIENTED_EDGE('',*,*,#5282,.T.);
#2854=ORIENTED_EDGE('',*,*,#5300,.F.);
#2855=ORIENTED_EDGE('',*,*,#5295,.T.);
#2856=ORIENTED_EDGE('',*,*,#5300,.T.);
#2857=ORIENTED_EDGE('',*,*,#5299,.F.);
#2858=ORIENTED_EDGE('',*,*,#5294,.F.);
#2859=ORIENTED_EDGE('',*,*,#5282,.F.);
#2860=ORIENTED_EDGE('',*,*,#5262,.F.);
#2861=ORIENTED_EDGE('',*,*,#5264,.T.);
#2862=ORIENTED_EDGE('',*,*,#5287,.T.);
#2863=ORIENTED_EDGE('',*,*,#5299,.T.);
#2864=ORIENTED_EDGE('',*,*,#5289,.F.);
#2865=ORIENTED_EDGE('',*,*,#5263,.T.);
#2866=ORIENTED_EDGE('',*,*,#5289,.T.);
#2867=ORIENTED_EDGE('',*,*,#5264,.F.);
#2868=ORIENTED_EDGE('',*,*,#5298,.F.);
#2869=ORIENTED_EDGE('',*,*,#5287,.F.);
#2870=ORIENTED_EDGE('',*,*,#5288,.T.);
#2871=ORIENTED_EDGE('',*,*,#5179,.T.);
#2872=ORIENTED_EDGE('',*,*,#5215,.T.);
#2873=ORIENTED_EDGE('',*,*,#5182,.F.);
#2874=ORIENTED_EDGE('',*,*,#5181,.F.);
#2875=ORIENTED_EDGE('',*,*,#5182,.T.);
#2876=ORIENTED_EDGE('',*,*,#5288,.F.);
#2877=ORIENTED_EDGE('',*,*,#5304,.T.);
#2878=ORIENTED_EDGE('',*,*,#5212,.F.);
#2879=ORIENTED_EDGE('',*,*,#5211,.T.);
#2880=ORIENTED_EDGE('',*,*,#5205,.F.);
#2881=ORIENTED_EDGE('',*,*,#5207,.T.);
#2882=ORIENTED_EDGE('',*,*,#5305,.F.);
#2883=ORIENTED_EDGE('',*,*,#5211,.F.);
#2884=ORIENTED_EDGE('',*,*,#5208,.T.);
#2885=ORIENTED_EDGE('',*,*,#5309,.F.);
#2886=ORIENTED_EDGE('',*,*,#5207,.F.);
#2887=ORIENTED_EDGE('',*,*,#5194,.F.);
#2888=ORIENTED_EDGE('',*,*,#5195,.T.);
#2889=ORIENTED_EDGE('',*,*,#5312,.F.);
#2890=ORIENTED_EDGE('',*,*,#5208,.F.);
#2891=ORIENTED_EDGE('',*,*,#5314,.F.);
#2892=ORIENTED_EDGE('',*,*,#5195,.F.);
#2893=ORIENTED_EDGE('',*,*,#5196,.T.);
#2894=ORIENTED_EDGE('',*,*,#5187,.F.);
#2895=ORIENTED_EDGE('',*,*,#5190,.T.);
#2896=ORIENTED_EDGE('',*,*,#5316,.F.);
#2897=ORIENTED_EDGE('',*,*,#5196,.F.);
#2898=ORIENTED_EDGE('',*,*,#5201,.T.);
#2899=ORIENTED_EDGE('',*,*,#5251,.T.);
#2900=ORIENTED_EDGE('',*,*,#5321,.T.);
#2901=ORIENTED_EDGE('',*,*,#5202,.F.);
#2902=ORIENTED_EDGE('',*,*,#5189,.T.);
#2903=ORIENTED_EDGE('',*,*,#5203,.T.);
#2904=ORIENTED_EDGE('',*,*,#5327,.T.);
#2905=ORIENTED_EDGE('',*,*,#5191,.F.);
#2906=ORIENTED_EDGE('',*,*,#5236,.F.);
#2907=ORIENTED_EDGE('',*,*,#5237,.T.);
#2908=ORIENTED_EDGE('',*,*,#5332,.T.);
#2909=ORIENTED_EDGE('',*,*,#5252,.F.);
#2910=ORIENTED_EDGE('',*,*,#5230,.F.);
#2911=ORIENTED_EDGE('',*,*,#5233,.T.);
#2912=ORIENTED_EDGE('',*,*,#5336,.T.);
#2913=ORIENTED_EDGE('',*,*,#5238,.F.);
#2914=ORIENTED_EDGE('',*,*,#5192,.T.);
#2915=ORIENTED_EDGE('',*,*,#5319,.F.);
#2916=ORIENTED_EDGE('',*,*,#5190,.F.);
#2917=ORIENTED_EDGE('',*,*,#5325,.T.);
#2918=ORIENTED_EDGE('',*,*,#5203,.F.);
#2919=ORIENTED_EDGE('',*,*,#5202,.T.);
#2920=ORIENTED_EDGE('',*,*,#5329,.T.);
#2921=ORIENTED_EDGE('',*,*,#5192,.F.);
#2922=ORIENTED_EDGE('',*,*,#5191,.T.);
#2923=ORIENTED_EDGE('',*,*,#5239,.T.);
#2924=ORIENTED_EDGE('',*,*,#5333,.F.);
#2925=ORIENTED_EDGE('',*,*,#5237,.F.);
#2926=ORIENTED_EDGE('',*,*,#5245,.F.);
#2927=ORIENTED_EDGE('',*,*,#5246,.T.);
#2928=ORIENTED_EDGE('',*,*,#5344,.F.);
#2929=ORIENTED_EDGE('',*,*,#5337,.F.);
#2930=ORIENTED_EDGE('',*,*,#5233,.F.);
#2931=ORIENTED_EDGE('',*,*,#5234,.T.);
#2932=ORIENTED_EDGE('',*,*,#5339,.T.);
#2933=ORIENTED_EDGE('',*,*,#5239,.F.);
#2934=ORIENTED_EDGE('',*,*,#5238,.T.);
#2935=ORIENTED_EDGE('',*,*,#5322,.F.);
#2936=ORIENTED_EDGE('',*,*,#5251,.F.);
#2937=ORIENTED_EDGE('',*,*,#5252,.T.);
#2938=ORIENTED_EDGE('',*,*,#5245,.T.);
#2939=ORIENTED_EDGE('',*,*,#5234,.F.);
#2940=ORIENTED_EDGE('',*,*,#5232,.T.);
#2941=ORIENTED_EDGE('',*,*,#5349,.T.);
#2942=ORIENTED_EDGE('',*,*,#5248,.F.);
#2943=ORIENTED_EDGE('',*,*,#5247,.T.);
#2944=ORIENTED_EDGE('',*,*,#5284,.T.);
#2945=ORIENTED_EDGE('',*,*,#5247,.F.);
#2946=ORIENTED_EDGE('',*,*,#5244,.T.);
#2947=ORIENTED_EDGE('',*,*,#5246,.F.);
#2948=ORIENTED_EDGE('',*,*,#5248,.T.);
#2949=ORIENTED_EDGE('',*,*,#5347,.F.);
#2950=ORIENTED_EDGE('',*,*,#5285,.T.);
#2951=ORIENTED_EDGE('',*,*,#5350,.F.);
#2952=ORIENTED_EDGE('',*,*,#5284,.F.);
#2953=ORIENTED_EDGE('',*,*,#5272,.F.);
#2954=ORIENTED_EDGE('',*,*,#5273,.T.);
#2955=ORIENTED_EDGE('',*,*,#5355,.F.);
#2956=ORIENTED_EDGE('',*,*,#5353,.F.);
#2957=ORIENTED_EDGE('',*,*,#5285,.F.);
#2958=ORIENTED_EDGE('',*,*,#5286,.T.);
#2959=ORIENTED_EDGE('',*,*,#5272,.T.);
#2960=ORIENTED_EDGE('',*,*,#5286,.F.);
#2961=ORIENTED_EDGE('',*,*,#5271,.F.);
#2962=ORIENTED_EDGE('',*,*,#5357,.F.);
#2963=ORIENTED_EDGE('',*,*,#5273,.F.);
#2964=ORIENTED_EDGE('',*,*,#5274,.T.);
#2965=ORIENTED_EDGE('',*,*,#5265,.F.);
#2966=ORIENTED_EDGE('',*,*,#5268,.T.);
#2967=ORIENTED_EDGE('',*,*,#5360,.F.);
#2968=ORIENTED_EDGE('',*,*,#5274,.F.);
#2969=ORIENTED_EDGE('',*,*,#5279,.T.);
#2970=ORIENTED_EDGE('',*,*,#5301,.T.);
#2971=ORIENTED_EDGE('',*,*,#5364,.T.);
#2972=ORIENTED_EDGE('',*,*,#5280,.F.);
#2973=ORIENTED_EDGE('',*,*,#5290,.F.);
#2974=ORIENTED_EDGE('',*,*,#5292,.T.);
#2975=ORIENTED_EDGE('',*,*,#5369,.T.);
#2976=ORIENTED_EDGE('',*,*,#5296,.F.);
#2977=ORIENTED_EDGE('',*,*,#5295,.F.);
#2978=ORIENTED_EDGE('',*,*,#5297,.T.);
#2979=ORIENTED_EDGE('',*,*,#5374,.T.);
#2980=ORIENTED_EDGE('',*,*,#5302,.F.);
#2981=ORIENTED_EDGE('',*,*,#5267,.T.);
#2982=ORIENTED_EDGE('',*,*,#5281,.T.);
#2983=ORIENTED_EDGE('',*,*,#5379,.T.);
#2984=ORIENTED_EDGE('',*,*,#5269,.F.);
#2985=ORIENTED_EDGE('',*,*,#5210,.F.);
#2986=ORIENTED_EDGE('',*,*,#5213,.T.);
#2987=ORIENTED_EDGE('',*,*,#5383,.T.);
#2988=ORIENTED_EDGE('',*,*,#5293,.F.);
#2989=ORIENTED_EDGE('',*,*,#5269,.T.);
#2990=ORIENTED_EDGE('',*,*,#5362,.F.);
#2991=ORIENTED_EDGE('',*,*,#5268,.F.);
#2992=ORIENTED_EDGE('',*,*,#5280,.T.);
#2993=ORIENTED_EDGE('',*,*,#5367,.T.);
#2994=ORIENTED_EDGE('',*,*,#5281,.F.);
#2995=ORIENTED_EDGE('',*,*,#5303,.T.);
#2996=ORIENTED_EDGE('',*,*,#5365,.F.);
#2997=ORIENTED_EDGE('',*,*,#5301,.F.);
#2998=ORIENTED_EDGE('',*,*,#5296,.T.);
#2999=ORIENTED_EDGE('',*,*,#5372,.T.);
#3000=ORIENTED_EDGE('',*,*,#5297,.F.);
#3001=ORIENTED_EDGE('',*,*,#5293,.T.);
#3002=ORIENTED_EDGE('',*,*,#5370,.F.);
#3003=ORIENTED_EDGE('',*,*,#5292,.F.);
#3004=ORIENTED_EDGE('',*,*,#5212,.T.);
#3005=ORIENTED_EDGE('',*,*,#5307,.T.);
#3006=ORIENTED_EDGE('',*,*,#5213,.F.);
#3007=ORIENTED_EDGE('',*,*,#5377,.T.);
#3008=ORIENTED_EDGE('',*,*,#5303,.F.);
#3009=ORIENTED_EDGE('',*,*,#5302,.T.);
#3010=ORIENTED_EDGE('',*,*,#5388,.T.);
#3011=ORIENTED_EDGE('',*,*,#5392,.T.);
#3012=ORIENTED_EDGE('',*,*,#5395,.T.);
#3013=ORIENTED_EDGE('',*,*,#5389,.F.);
#3014=ORIENTED_EDGE('',*,*,#5393,.T.);
#3015=ORIENTED_EDGE('',*,*,#5398,.T.);
#3016=ORIENTED_EDGE('',*,*,#5396,.F.);
#3017=ORIENTED_EDGE('',*,*,#5392,.F.);
#3018=ORIENTED_EDGE('',*,*,#5402,.T.);
#3019=ORIENTED_EDGE('',*,*,#5399,.F.);
#3020=ORIENTED_EDGE('',*,*,#5393,.F.);
#3021=ORIENTED_EDGE('',*,*,#5394,.T.);
#3022=ORIENTED_EDGE('',*,*,#5388,.F.);
#3023=ORIENTED_EDGE('',*,*,#5390,.T.);
#3024=ORIENTED_EDGE('',*,*,#5403,.F.);
#3025=ORIENTED_EDGE('',*,*,#5394,.F.);
#3026=ORIENTED_EDGE('',*,*,#5409,.T.);
#3027=ORIENTED_EDGE('',*,*,#5405,.F.);
#3028=ORIENTED_EDGE('',*,*,#5402,.F.);
#3029=ORIENTED_EDGE('',*,*,#5404,.T.);
#3030=ORIENTED_EDGE('',*,*,#5410,.F.);
#3031=ORIENTED_EDGE('',*,*,#5404,.F.);
#3032=ORIENTED_EDGE('',*,*,#5403,.T.);
#3033=ORIENTED_EDGE('',*,*,#5407,.T.);
#3034=ORIENTED_EDGE('',*,*,#5424,.T.);
#3035=ORIENTED_EDGE('',*,*,#5428,.T.);
#3036=ORIENTED_EDGE('',*,*,#5430,.T.);
#3037=ORIENTED_EDGE('',*,*,#5425,.F.);
#3038=ORIENTED_EDGE('',*,*,#5391,.F.);
#3039=ORIENTED_EDGE('',*,*,#5389,.T.);
#3040=ORIENTED_EDGE('',*,*,#5397,.T.);
#3041=ORIENTED_EDGE('',*,*,#5428,.F.);
#3042=ORIENTED_EDGE('',*,*,#5408,.F.);
#3043=ORIENTED_EDGE('',*,*,#5390,.F.);
#3044=ORIENTED_EDGE('',*,*,#5391,.T.);
#3045=ORIENTED_EDGE('',*,*,#5429,.T.);
#3046=ORIENTED_EDGE('',*,*,#5424,.F.);
#3047=ORIENTED_EDGE('',*,*,#5426,.T.);
#3048=ORIENTED_EDGE('',*,*,#5432,.F.);
#3049=ORIENTED_EDGE('',*,*,#5429,.F.);
#3050=ORIENTED_EDGE('',*,*,#5419,.F.);
#3051=ORIENTED_EDGE('',*,*,#5407,.F.);
#3052=ORIENTED_EDGE('',*,*,#5408,.T.);
#3053=ORIENTED_EDGE('',*,*,#5433,.T.);
#3054=ORIENTED_EDGE('',*,*,#5436,.F.);
#3055=ORIENTED_EDGE('',*,*,#5433,.F.);
#3056=ORIENTED_EDGE('',*,*,#5432,.T.);
#3057=ORIENTED_EDGE('',*,*,#5434,.T.);
#3058=ORIENTED_EDGE('',*,*,#5445,.T.);
#3059=ORIENTED_EDGE('',*,*,#5449,.T.);
#3060=ORIENTED_EDGE('',*,*,#5451,.T.);
#3061=ORIENTED_EDGE('',*,*,#5446,.F.);
#3062=ORIENTED_EDGE('',*,*,#5427,.F.);
#3063=ORIENTED_EDGE('',*,*,#5425,.T.);
#3064=ORIENTED_EDGE('',*,*,#5431,.T.);
#3065=ORIENTED_EDGE('',*,*,#5449,.F.);
#3066=ORIENTED_EDGE('',*,*,#5435,.F.);
#3067=ORIENTED_EDGE('',*,*,#5426,.F.);
#3068=ORIENTED_EDGE('',*,*,#5427,.T.);
#3069=ORIENTED_EDGE('',*,*,#5450,.T.);
#3070=ORIENTED_EDGE('',*,*,#5445,.F.);
#3071=ORIENTED_EDGE('',*,*,#5447,.T.);
#3072=ORIENTED_EDGE('',*,*,#5453,.F.);
#3073=ORIENTED_EDGE('',*,*,#5450,.F.);
#3074=ORIENTED_EDGE('',*,*,#5441,.F.);
#3075=ORIENTED_EDGE('',*,*,#5434,.F.);
#3076=ORIENTED_EDGE('',*,*,#5435,.T.);
#3077=ORIENTED_EDGE('',*,*,#5454,.T.);
#3078=ORIENTED_EDGE('',*,*,#5457,.F.);
#3079=ORIENTED_EDGE('',*,*,#5454,.F.);
#3080=ORIENTED_EDGE('',*,*,#5453,.T.);
#3081=ORIENTED_EDGE('',*,*,#5455,.T.);
#3082=ORIENTED_EDGE('',*,*,#5466,.T.);
#3083=ORIENTED_EDGE('',*,*,#5470,.T.);
#3084=ORIENTED_EDGE('',*,*,#5472,.T.);
#3085=ORIENTED_EDGE('',*,*,#5467,.F.);
#3086=ORIENTED_EDGE('',*,*,#5448,.F.);
#3087=ORIENTED_EDGE('',*,*,#5446,.T.);
#3088=ORIENTED_EDGE('',*,*,#5452,.T.);
#3089=ORIENTED_EDGE('',*,*,#5470,.F.);
#3090=ORIENTED_EDGE('',*,*,#5456,.F.);
#3091=ORIENTED_EDGE('',*,*,#5447,.F.);
#3092=ORIENTED_EDGE('',*,*,#5448,.T.);
#3093=ORIENTED_EDGE('',*,*,#5471,.T.);
#3094=ORIENTED_EDGE('',*,*,#5466,.F.);
#3095=ORIENTED_EDGE('',*,*,#5468,.T.);
#3096=ORIENTED_EDGE('',*,*,#5474,.F.);
#3097=ORIENTED_EDGE('',*,*,#5471,.F.);
#3098=ORIENTED_EDGE('',*,*,#5461,.F.);
#3099=ORIENTED_EDGE('',*,*,#5455,.F.);
#3100=ORIENTED_EDGE('',*,*,#5456,.T.);
#3101=ORIENTED_EDGE('',*,*,#5475,.T.);
#3102=ORIENTED_EDGE('',*,*,#5478,.F.);
#3103=ORIENTED_EDGE('',*,*,#5475,.F.);
#3104=ORIENTED_EDGE('',*,*,#5474,.T.);
#3105=ORIENTED_EDGE('',*,*,#5476,.T.);
#3106=ORIENTED_EDGE('',*,*,#5486,.T.);
#3107=ORIENTED_EDGE('',*,*,#5490,.T.);
#3108=ORIENTED_EDGE('',*,*,#5492,.T.);
#3109=ORIENTED_EDGE('',*,*,#5487,.F.);
#3110=ORIENTED_EDGE('',*,*,#5469,.F.);
#3111=ORIENTED_EDGE('',*,*,#5467,.T.);
#3112=ORIENTED_EDGE('',*,*,#5473,.T.);
#3113=ORIENTED_EDGE('',*,*,#5490,.F.);
#3114=ORIENTED_EDGE('',*,*,#5477,.F.);
#3115=ORIENTED_EDGE('',*,*,#5468,.F.);
#3116=ORIENTED_EDGE('',*,*,#5469,.T.);
#3117=ORIENTED_EDGE('',*,*,#5491,.T.);
#3118=ORIENTED_EDGE('',*,*,#5486,.F.);
#3119=ORIENTED_EDGE('',*,*,#5488,.T.);
#3120=ORIENTED_EDGE('',*,*,#5494,.F.);
#3121=ORIENTED_EDGE('',*,*,#5491,.F.);
#3122=ORIENTED_EDGE('',*,*,#5482,.F.);
#3123=ORIENTED_EDGE('',*,*,#5476,.F.);
#3124=ORIENTED_EDGE('',*,*,#5477,.T.);
#3125=ORIENTED_EDGE('',*,*,#5495,.T.);
#3126=ORIENTED_EDGE('',*,*,#5498,.F.);
#3127=ORIENTED_EDGE('',*,*,#5495,.F.);
#3128=ORIENTED_EDGE('',*,*,#5494,.T.);
#3129=ORIENTED_EDGE('',*,*,#5496,.T.);
#3130=ORIENTED_EDGE('',*,*,#5400,.T.);
#3131=ORIENTED_EDGE('',*,*,#5507,.T.);
#3132=ORIENTED_EDGE('',*,*,#5401,.F.);
#3133=ORIENTED_EDGE('',*,*,#5398,.F.);
#3134=ORIENTED_EDGE('',*,*,#5489,.F.);
#3135=ORIENTED_EDGE('',*,*,#5487,.T.);
#3136=ORIENTED_EDGE('',*,*,#5493,.T.);
#3137=ORIENTED_EDGE('',*,*,#5507,.F.);
#3138=ORIENTED_EDGE('',*,*,#5497,.F.);
#3139=ORIENTED_EDGE('',*,*,#5488,.F.);
#3140=ORIENTED_EDGE('',*,*,#5489,.T.);
#3141=ORIENTED_EDGE('',*,*,#5508,.T.);
#3142=ORIENTED_EDGE('',*,*,#5400,.F.);
#3143=ORIENTED_EDGE('',*,*,#5399,.T.);
#3144=ORIENTED_EDGE('',*,*,#5406,.T.);
#3145=ORIENTED_EDGE('',*,*,#5508,.F.);
#3146=ORIENTED_EDGE('',*,*,#5502,.F.);
#3147=ORIENTED_EDGE('',*,*,#5496,.F.);
#3148=ORIENTED_EDGE('',*,*,#5497,.T.);
#3149=ORIENTED_EDGE('',*,*,#5509,.T.);
#3150=ORIENTED_EDGE('',*,*,#5414,.T.);
#3151=ORIENTED_EDGE('',*,*,#5509,.F.);
#3152=ORIENTED_EDGE('',*,*,#5406,.F.);
#3153=ORIENTED_EDGE('',*,*,#5405,.T.);
#3154=ORIENTED_EDGE('',*,*,#5308,.F.);
#3155=ORIENTED_EDGE('',*,*,#5304,.F.);
#3156=ORIENTED_EDGE('',*,*,#5306,.T.);
#3157=ORIENTED_EDGE('',*,*,#5306,.F.);
#3158=ORIENTED_EDGE('',*,*,#5305,.T.);
#3159=ORIENTED_EDGE('',*,*,#5311,.T.);
#3160=ORIENTED_EDGE('',*,*,#5313,.F.);
#3161=ORIENTED_EDGE('',*,*,#5312,.T.);
#3162=ORIENTED_EDGE('',*,*,#5315,.T.);
#3163=ORIENTED_EDGE('',*,*,#5315,.F.);
#3164=ORIENTED_EDGE('',*,*,#5314,.T.);
#3165=ORIENTED_EDGE('',*,*,#5317,.T.);
#3166=ORIENTED_EDGE('',*,*,#5310,.F.);
#3167=ORIENTED_EDGE('',*,*,#5309,.T.);
#3168=ORIENTED_EDGE('',*,*,#5313,.T.);
#3169=ORIENTED_EDGE('',*,*,#5311,.F.);
#3170=ORIENTED_EDGE('',*,*,#5310,.T.);
#3171=ORIENTED_EDGE('',*,*,#5396,.T.);
#3172=ORIENTED_EDGE('',*,*,#5318,.F.);
#3173=ORIENTED_EDGE('',*,*,#5316,.T.);
#3174=ORIENTED_EDGE('',*,*,#5320,.T.);
#3175=ORIENTED_EDGE('',*,*,#5317,.F.);
#3176=ORIENTED_EDGE('',*,*,#5318,.T.);
#3177=ORIENTED_EDGE('',*,*,#5395,.F.);
#3178=ORIENTED_EDGE('',*,*,#5330,.T.);
#3179=ORIENTED_EDGE('',*,*,#5341,.F.);
#3180=ORIENTED_EDGE('',*,*,#5329,.F.);
#3181=ORIENTED_EDGE('',*,*,#5319,.T.);
#3182=ORIENTED_EDGE('',*,*,#5341,.T.);
#3183=ORIENTED_EDGE('',*,*,#5320,.F.);
#3184=ORIENTED_EDGE('',*,*,#5397,.F.);
#3185=ORIENTED_EDGE('',*,*,#5330,.F.);
#3186=ORIENTED_EDGE('',*,*,#5331,.T.);
#3187=ORIENTED_EDGE('',*,*,#5328,.F.);
#3188=ORIENTED_EDGE('',*,*,#5325,.F.);
#3189=ORIENTED_EDGE('',*,*,#5326,.T.);
#3190=ORIENTED_EDGE('',*,*,#5326,.F.);
#3191=ORIENTED_EDGE('',*,*,#5321,.F.);
#3192=ORIENTED_EDGE('',*,*,#5323,.T.);
#3193=ORIENTED_EDGE('',*,*,#5335,.F.);
#3194=ORIENTED_EDGE('',*,*,#5332,.F.);
#3195=ORIENTED_EDGE('',*,*,#5334,.T.);
#3196=ORIENTED_EDGE('',*,*,#5334,.F.);
#3197=ORIENTED_EDGE('',*,*,#5333,.T.);
#3198=ORIENTED_EDGE('',*,*,#5342,.T.);
#3199=ORIENTED_EDGE('',*,*,#5324,.F.);
#3200=ORIENTED_EDGE('',*,*,#5322,.T.);
#3201=ORIENTED_EDGE('',*,*,#5335,.T.);
#3202=ORIENTED_EDGE('',*,*,#5323,.F.);
#3203=ORIENTED_EDGE('',*,*,#5324,.T.);
#3204=ORIENTED_EDGE('',*,*,#5430,.F.);
#3205=ORIENTED_EDGE('',*,*,#5343,.F.);
#3206=ORIENTED_EDGE('',*,*,#5339,.F.);
#3207=ORIENTED_EDGE('',*,*,#5340,.T.);
#3208=ORIENTED_EDGE('',*,*,#5342,.F.);
#3209=ORIENTED_EDGE('',*,*,#5343,.T.);
#3210=ORIENTED_EDGE('',*,*,#5431,.F.);
#3211=ORIENTED_EDGE('',*,*,#5338,.F.);
#3212=ORIENTED_EDGE('',*,*,#5337,.T.);
#3213=ORIENTED_EDGE('',*,*,#5345,.T.);
#3214=ORIENTED_EDGE('',*,*,#5348,.T.);
#3215=ORIENTED_EDGE('',*,*,#5346,.F.);
#3216=ORIENTED_EDGE('',*,*,#5344,.T.);
#3217=ORIENTED_EDGE('',*,*,#5345,.F.);
#3218=ORIENTED_EDGE('',*,*,#5346,.T.);
#3219=ORIENTED_EDGE('',*,*,#5451,.F.);
#3220=ORIENTED_EDGE('',*,*,#5336,.F.);
#3221=ORIENTED_EDGE('',*,*,#5338,.T.);
#3222=ORIENTED_EDGE('',*,*,#5340,.F.);
#3223=ORIENTED_EDGE('',*,*,#5327,.F.);
#3224=ORIENTED_EDGE('',*,*,#5328,.T.);
#3225=ORIENTED_EDGE('',*,*,#5331,.F.);
#3226=ORIENTED_EDGE('',*,*,#5415,.F.);
#3227=ORIENTED_EDGE('',*,*,#5416,.T.);
#3228=ORIENTED_EDGE('',*,*,#5513,.F.);
#3229=ORIENTED_EDGE('',*,*,#5516,.F.);
#3230=ORIENTED_EDGE('',*,*,#5416,.F.);
#3231=ORIENTED_EDGE('',*,*,#5417,.T.);
#3232=ORIENTED_EDGE('',*,*,#5412,.T.);
#3233=ORIENTED_EDGE('',*,*,#5519,.F.);
#3234=ORIENTED_EDGE('',*,*,#5411,.F.);
#3235=ORIENTED_EDGE('',*,*,#5409,.F.);
#3236=ORIENTED_EDGE('',*,*,#5411,.T.);
#3237=ORIENTED_EDGE('',*,*,#5417,.F.);
#3238=ORIENTED_EDGE('',*,*,#5410,.T.);
#3239=ORIENTED_EDGE('',*,*,#5420,.T.);
#3240=ORIENTED_EDGE('',*,*,#5523,.T.);
#3241=ORIENTED_EDGE('',*,*,#5413,.F.);
#3242=ORIENTED_EDGE('',*,*,#5413,.T.);
#3243=ORIENTED_EDGE('',*,*,#5521,.F.);
#3244=ORIENTED_EDGE('',*,*,#5412,.F.);
#3245=ORIENTED_EDGE('',*,*,#5421,.T.);
#3246=ORIENTED_EDGE('',*,*,#5528,.T.);
#3247=ORIENTED_EDGE('',*,*,#5422,.F.);
#3248=ORIENTED_EDGE('',*,*,#5437,.F.);
#3249=ORIENTED_EDGE('',*,*,#5438,.T.);
#3250=ORIENTED_EDGE('',*,*,#5532,.F.);
#3251=ORIENTED_EDGE('',*,*,#5529,.F.);
#3252=ORIENTED_EDGE('',*,*,#5421,.F.);
#3253=ORIENTED_EDGE('',*,*,#5423,.T.);
#3254=ORIENTED_EDGE('',*,*,#5524,.F.);
#3255=ORIENTED_EDGE('',*,*,#5420,.F.);
#3256=ORIENTED_EDGE('',*,*,#5422,.T.);
#3257=ORIENTED_EDGE('',*,*,#5437,.T.);
#3258=ORIENTED_EDGE('',*,*,#5423,.F.);
#3259=ORIENTED_EDGE('',*,*,#5419,.T.);
#3260=ORIENTED_EDGE('',*,*,#5439,.F.);
#3261=ORIENTED_EDGE('',*,*,#5440,.T.);
#3262=ORIENTED_EDGE('',*,*,#5537,.F.);
#3263=ORIENTED_EDGE('',*,*,#5442,.T.);
#3264=ORIENTED_EDGE('',*,*,#5440,.F.);
#3265=ORIENTED_EDGE('',*,*,#5436,.T.);
#3266=ORIENTED_EDGE('',*,*,#5438,.F.);
#3267=ORIENTED_EDGE('',*,*,#5439,.T.);
#3268=ORIENTED_EDGE('',*,*,#5534,.F.);
#3269=ORIENTED_EDGE('',*,*,#5457,.T.);
#3270=ORIENTED_EDGE('',*,*,#5462,.T.);
#3271=ORIENTED_EDGE('',*,*,#5542,.T.);
#3272=ORIENTED_EDGE('',*,*,#5458,.F.);
#3273=ORIENTED_EDGE('',*,*,#5539,.F.);
#3274=ORIENTED_EDGE('',*,*,#5442,.F.);
#3275=ORIENTED_EDGE('',*,*,#5443,.T.);
#3276=ORIENTED_EDGE('',*,*,#5441,.T.);
#3277=ORIENTED_EDGE('',*,*,#5459,.T.);
#3278=ORIENTED_EDGE('',*,*,#5550,.T.);
#3279=ORIENTED_EDGE('',*,*,#5444,.F.);
#3280=ORIENTED_EDGE('',*,*,#5444,.T.);
#3281=ORIENTED_EDGE('',*,*,#5548,.F.);
#3282=ORIENTED_EDGE('',*,*,#5443,.F.);
#3283=ORIENTED_EDGE('',*,*,#5458,.T.);
#3284=ORIENTED_EDGE('',*,*,#5545,.T.);
#3285=ORIENTED_EDGE('',*,*,#5460,.F.);
#3286=ORIENTED_EDGE('',*,*,#5462,.F.);
#3287=ORIENTED_EDGE('',*,*,#5463,.T.);
#3288=ORIENTED_EDGE('',*,*,#5543,.F.);
#3289=ORIENTED_EDGE('',*,*,#5551,.F.);
#3290=ORIENTED_EDGE('',*,*,#5459,.F.);
#3291=ORIENTED_EDGE('',*,*,#5460,.T.);
#3292=ORIENTED_EDGE('',*,*,#5348,.F.);
#3293=ORIENTED_EDGE('',*,*,#5347,.T.);
#3294=ORIENTED_EDGE('',*,*,#5352,.T.);
#3295=ORIENTED_EDGE('',*,*,#5452,.F.);
#3296=ORIENTED_EDGE('',*,*,#5351,.F.);
#3297=ORIENTED_EDGE('',*,*,#5350,.T.);
#3298=ORIENTED_EDGE('',*,*,#5354,.T.);
#3299=ORIENTED_EDGE('',*,*,#5356,.F.);
#3300=ORIENTED_EDGE('',*,*,#5355,.T.);
#3301=ORIENTED_EDGE('',*,*,#5358,.T.);
#3302=ORIENTED_EDGE('',*,*,#5359,.F.);
#3303=ORIENTED_EDGE('',*,*,#5357,.T.);
#3304=ORIENTED_EDGE('',*,*,#5361,.T.);
#3305=ORIENTED_EDGE('',*,*,#5354,.F.);
#3306=ORIENTED_EDGE('',*,*,#5353,.T.);
#3307=ORIENTED_EDGE('',*,*,#5356,.T.);
#3308=ORIENTED_EDGE('',*,*,#5358,.F.);
#3309=ORIENTED_EDGE('',*,*,#5359,.T.);
#3310=ORIENTED_EDGE('',*,*,#5472,.F.);
#3311=ORIENTED_EDGE('',*,*,#5363,.T.);
#3312=ORIENTED_EDGE('',*,*,#5361,.F.);
#3313=ORIENTED_EDGE('',*,*,#5360,.T.);
#3314=ORIENTED_EDGE('',*,*,#5381,.T.);
#3315=ORIENTED_EDGE('',*,*,#5363,.F.);
#3316=ORIENTED_EDGE('',*,*,#5362,.T.);
#3317=ORIENTED_EDGE('',*,*,#5382,.F.);
#3318=ORIENTED_EDGE('',*,*,#5379,.F.);
#3319=ORIENTED_EDGE('',*,*,#5380,.T.);
#3320=ORIENTED_EDGE('',*,*,#5368,.T.);
#3321=ORIENTED_EDGE('',*,*,#5380,.F.);
#3322=ORIENTED_EDGE('',*,*,#5367,.F.);
#3323=ORIENTED_EDGE('',*,*,#5381,.F.);
#3324=ORIENTED_EDGE('',*,*,#5382,.T.);
#3325=ORIENTED_EDGE('',*,*,#5473,.F.);
#3326=ORIENTED_EDGE('',*,*,#5492,.F.);
#3327=ORIENTED_EDGE('',*,*,#5366,.F.);
#3328=ORIENTED_EDGE('',*,*,#5365,.T.);
#3329=ORIENTED_EDGE('',*,*,#5387,.T.);
#3330=ORIENTED_EDGE('',*,*,#5378,.F.);
#3331=ORIENTED_EDGE('',*,*,#5374,.F.);
#3332=ORIENTED_EDGE('',*,*,#5375,.T.);
#3333=ORIENTED_EDGE('',*,*,#5376,.F.);
#3334=ORIENTED_EDGE('',*,*,#5372,.F.);
#3335=ORIENTED_EDGE('',*,*,#5373,.T.);
#3336=ORIENTED_EDGE('',*,*,#5387,.F.);
#3337=ORIENTED_EDGE('',*,*,#5377,.F.);
#3338=ORIENTED_EDGE('',*,*,#5378,.T.);
#3339=ORIENTED_EDGE('',*,*,#5375,.F.);
#3340=ORIENTED_EDGE('',*,*,#5376,.T.);
#3341=ORIENTED_EDGE('',*,*,#5493,.F.);
#3342=ORIENTED_EDGE('',*,*,#5371,.T.);
#3343=ORIENTED_EDGE('',*,*,#5373,.F.);
#3344=ORIENTED_EDGE('',*,*,#5369,.F.);
#3345=ORIENTED_EDGE('',*,*,#5386,.T.);
#3346=ORIENTED_EDGE('',*,*,#5371,.F.);
#3347=ORIENTED_EDGE('',*,*,#5370,.T.);
#3348=ORIENTED_EDGE('',*,*,#5385,.F.);
#3349=ORIENTED_EDGE('',*,*,#5383,.F.);
#3350=ORIENTED_EDGE('',*,*,#5384,.T.);
#3351=ORIENTED_EDGE('',*,*,#5307,.F.);
#3352=ORIENTED_EDGE('',*,*,#5308,.T.);
#3353=ORIENTED_EDGE('',*,*,#5384,.F.);
#3354=ORIENTED_EDGE('',*,*,#5386,.F.);
#3355=ORIENTED_EDGE('',*,*,#5385,.T.);
#3356=ORIENTED_EDGE('',*,*,#5401,.T.);
#3357=ORIENTED_EDGE('',*,*,#5364,.F.);
#3358=ORIENTED_EDGE('',*,*,#5366,.T.);
#3359=ORIENTED_EDGE('',*,*,#5368,.F.);
#3360=ORIENTED_EDGE('',*,*,#5464,.F.);
#3361=ORIENTED_EDGE('',*,*,#5465,.T.);
#3362=ORIENTED_EDGE('',*,*,#5559,.F.);
#3363=ORIENTED_EDGE('',*,*,#5461,.T.);
#3364=ORIENTED_EDGE('',*,*,#5479,.T.);
#3365=ORIENTED_EDGE('',*,*,#5561,.F.);
#3366=ORIENTED_EDGE('',*,*,#5465,.F.);
#3367=ORIENTED_EDGE('',*,*,#5463,.F.);
#3368=ORIENTED_EDGE('',*,*,#5464,.T.);
#3369=ORIENTED_EDGE('',*,*,#5556,.F.);
#3370=ORIENTED_EDGE('',*,*,#5478,.T.);
#3371=ORIENTED_EDGE('',*,*,#5483,.T.);
#3372=ORIENTED_EDGE('',*,*,#5566,.T.);
#3373=ORIENTED_EDGE('',*,*,#5480,.F.);
#3374=ORIENTED_EDGE('',*,*,#5482,.T.);
#3375=ORIENTED_EDGE('',*,*,#5499,.T.);
#3376=ORIENTED_EDGE('',*,*,#5572,.T.);
#3377=ORIENTED_EDGE('',*,*,#5484,.F.);
#3378=ORIENTED_EDGE('',*,*,#5481,.T.);
#3379=ORIENTED_EDGE('',*,*,#5563,.F.);
#3380=ORIENTED_EDGE('',*,*,#5479,.F.);
#3381=ORIENTED_EDGE('',*,*,#5480,.T.);
#3382=ORIENTED_EDGE('',*,*,#5569,.T.);
#3383=ORIENTED_EDGE('',*,*,#5481,.F.);
#3384=ORIENTED_EDGE('',*,*,#5485,.T.);
#3385=ORIENTED_EDGE('',*,*,#5567,.F.);
#3386=ORIENTED_EDGE('',*,*,#5483,.F.);
#3387=ORIENTED_EDGE('',*,*,#5575,.T.);
#3388=ORIENTED_EDGE('',*,*,#5485,.F.);
#3389=ORIENTED_EDGE('',*,*,#5484,.T.);
#3390=ORIENTED_EDGE('',*,*,#5499,.F.);
#3391=ORIENTED_EDGE('',*,*,#5500,.T.);
#3392=ORIENTED_EDGE('',*,*,#5573,.F.);
#3393=ORIENTED_EDGE('',*,*,#5579,.F.);
#3394=ORIENTED_EDGE('',*,*,#5500,.F.);
#3395=ORIENTED_EDGE('',*,*,#5501,.T.);
#3396=ORIENTED_EDGE('',*,*,#5504,.T.);
#3397=ORIENTED_EDGE('',*,*,#5582,.F.);
#3398=ORIENTED_EDGE('',*,*,#5503,.F.);
#3399=ORIENTED_EDGE('',*,*,#5584,.F.);
#3400=ORIENTED_EDGE('',*,*,#5504,.F.);
#3401=ORIENTED_EDGE('',*,*,#5505,.T.);
#3402=ORIENTED_EDGE('',*,*,#5502,.T.);
#3403=ORIENTED_EDGE('',*,*,#5510,.T.);
#3404=ORIENTED_EDGE('',*,*,#5589,.T.);
#3405=ORIENTED_EDGE('',*,*,#5506,.F.);
#3406=ORIENTED_EDGE('',*,*,#5501,.F.);
#3407=ORIENTED_EDGE('',*,*,#5498,.T.);
#3408=ORIENTED_EDGE('',*,*,#5503,.T.);
#3409=ORIENTED_EDGE('',*,*,#5414,.F.);
#3410=ORIENTED_EDGE('',*,*,#5418,.T.);
#3411=ORIENTED_EDGE('',*,*,#5594,.T.);
#3412=ORIENTED_EDGE('',*,*,#5511,.F.);
#3413=ORIENTED_EDGE('',*,*,#5506,.T.);
#3414=ORIENTED_EDGE('',*,*,#5586,.F.);
#3415=ORIENTED_EDGE('',*,*,#5505,.F.);
#3416=ORIENTED_EDGE('',*,*,#5511,.T.);
#3417=ORIENTED_EDGE('',*,*,#5597,.T.);
#3418=ORIENTED_EDGE('',*,*,#5512,.F.);
#3419=ORIENTED_EDGE('',*,*,#5415,.T.);
#3420=ORIENTED_EDGE('',*,*,#5514,.T.);
#3421=ORIENTED_EDGE('',*,*,#5418,.F.);
#3422=ORIENTED_EDGE('',*,*,#5590,.F.);
#3423=ORIENTED_EDGE('',*,*,#5510,.F.);
#3424=ORIENTED_EDGE('',*,*,#5512,.T.);
#3425=ORIENTED_EDGE('',*,*,#5351,.T.);
#3426=ORIENTED_EDGE('',*,*,#5352,.F.);
#3427=ORIENTED_EDGE('',*,*,#5349,.F.);
#3428=ORIENTED_EDGE('',*,*,#5600,.T.);
#3429=ORIENTED_EDGE('',*,*,#5604,.T.);
#3430=ORIENTED_EDGE('',*,*,#5608,.T.);
#3431=ORIENTED_EDGE('',*,*,#5601,.F.);
#3432=ORIENTED_EDGE('',*,*,#5605,.T.);
#3433=ORIENTED_EDGE('',*,*,#5611,.T.);
#3434=ORIENTED_EDGE('',*,*,#5609,.F.);
#3435=ORIENTED_EDGE('',*,*,#5604,.F.);
#3436=ORIENTED_EDGE('',*,*,#5615,.T.);
#3437=ORIENTED_EDGE('',*,*,#5619,.T.);
#3438=ORIENTED_EDGE('',*,*,#5622,.T.);
#3439=ORIENTED_EDGE('',*,*,#5616,.F.);
#3440=ORIENTED_EDGE('',*,*,#5602,.F.);
#3441=ORIENTED_EDGE('',*,*,#5601,.T.);
#3442=ORIENTED_EDGE('',*,*,#5610,.T.);
#3443=ORIENTED_EDGE('',*,*,#5619,.F.);
#3444=ORIENTED_EDGE('',*,*,#5624,.T.);
#3445=ORIENTED_EDGE('',*,*,#5629,.T.);
#3446=ORIENTED_EDGE('',*,*,#5631,.T.);
#3447=ORIENTED_EDGE('',*,*,#5625,.F.);
#3448=ORIENTED_EDGE('',*,*,#5617,.F.);
#3449=ORIENTED_EDGE('',*,*,#5616,.T.);
#3450=ORIENTED_EDGE('',*,*,#5623,.T.);
#3451=ORIENTED_EDGE('',*,*,#5629,.F.);
#3452=ORIENTED_EDGE('',*,*,#5633,.T.);
#3453=ORIENTED_EDGE('',*,*,#5637,.T.);
#3454=ORIENTED_EDGE('',*,*,#5639,.T.);
#3455=ORIENTED_EDGE('',*,*,#5634,.F.);
#3456=ORIENTED_EDGE('',*,*,#5626,.F.);
#3457=ORIENTED_EDGE('',*,*,#5625,.T.);
#3458=ORIENTED_EDGE('',*,*,#5632,.T.);
#3459=ORIENTED_EDGE('',*,*,#5637,.F.);
#3460=ORIENTED_EDGE('',*,*,#5641,.T.);
#3461=ORIENTED_EDGE('',*,*,#5645,.T.);
#3462=ORIENTED_EDGE('',*,*,#5647,.T.);
#3463=ORIENTED_EDGE('',*,*,#5642,.F.);
#3464=ORIENTED_EDGE('',*,*,#5635,.F.);
#3465=ORIENTED_EDGE('',*,*,#5634,.T.);
#3466=ORIENTED_EDGE('',*,*,#5640,.T.);
#3467=ORIENTED_EDGE('',*,*,#5645,.F.);
#3468=ORIENTED_EDGE('',*,*,#5649,.T.);
#3469=ORIENTED_EDGE('',*,*,#5653,.T.);
#3470=ORIENTED_EDGE('',*,*,#5655,.T.);
#3471=ORIENTED_EDGE('',*,*,#5650,.F.);
#3472=ORIENTED_EDGE('',*,*,#5643,.F.);
#3473=ORIENTED_EDGE('',*,*,#5642,.T.);
#3474=ORIENTED_EDGE('',*,*,#5648,.T.);
#3475=ORIENTED_EDGE('',*,*,#5653,.F.);
#3476=ORIENTED_EDGE('',*,*,#5657,.T.);
#3477=ORIENTED_EDGE('',*,*,#5662,.T.);
#3478=ORIENTED_EDGE('',*,*,#5664,.T.);
#3479=ORIENTED_EDGE('',*,*,#5658,.F.);
#3480=ORIENTED_EDGE('',*,*,#5651,.F.);
#3481=ORIENTED_EDGE('',*,*,#5650,.T.);
#3482=ORIENTED_EDGE('',*,*,#5656,.T.);
#3483=ORIENTED_EDGE('',*,*,#5662,.F.);
#3484=ORIENTED_EDGE('',*,*,#5666,.T.);
#3485=ORIENTED_EDGE('',*,*,#5670,.T.);
#3486=ORIENTED_EDGE('',*,*,#5672,.T.);
#3487=ORIENTED_EDGE('',*,*,#5667,.F.);
#3488=ORIENTED_EDGE('',*,*,#5659,.F.);
#3489=ORIENTED_EDGE('',*,*,#5658,.T.);
#3490=ORIENTED_EDGE('',*,*,#5665,.T.);
#3491=ORIENTED_EDGE('',*,*,#5670,.F.);
#3492=ORIENTED_EDGE('',*,*,#5674,.T.);
#3493=ORIENTED_EDGE('',*,*,#5678,.T.);
#3494=ORIENTED_EDGE('',*,*,#5680,.T.);
#3495=ORIENTED_EDGE('',*,*,#5675,.F.);
#3496=ORIENTED_EDGE('',*,*,#5668,.F.);
#3497=ORIENTED_EDGE('',*,*,#5667,.T.);
#3498=ORIENTED_EDGE('',*,*,#5673,.T.);
#3499=ORIENTED_EDGE('',*,*,#5678,.F.);
#3500=ORIENTED_EDGE('',*,*,#5682,.T.);
#3501=ORIENTED_EDGE('',*,*,#5686,.T.);
#3502=ORIENTED_EDGE('',*,*,#5688,.T.);
#3503=ORIENTED_EDGE('',*,*,#5683,.F.);
#3504=ORIENTED_EDGE('',*,*,#5676,.F.);
#3505=ORIENTED_EDGE('',*,*,#5675,.T.);
#3506=ORIENTED_EDGE('',*,*,#5681,.T.);
#3507=ORIENTED_EDGE('',*,*,#5686,.F.);
#3508=ORIENTED_EDGE('',*,*,#5612,.T.);
#3509=ORIENTED_EDGE('',*,*,#5690,.T.);
#3510=ORIENTED_EDGE('',*,*,#5614,.F.);
#3511=ORIENTED_EDGE('',*,*,#5611,.F.);
#3512=ORIENTED_EDGE('',*,*,#5684,.F.);
#3513=ORIENTED_EDGE('',*,*,#5683,.T.);
#3514=ORIENTED_EDGE('',*,*,#5689,.T.);
#3515=ORIENTED_EDGE('',*,*,#5690,.F.);
#3516=ORIENTED_EDGE('',*,*,#5515,.F.);
#3517=ORIENTED_EDGE('',*,*,#5513,.T.);
#3518=ORIENTED_EDGE('',*,*,#5518,.T.);
#3519=ORIENTED_EDGE('',*,*,#5517,.F.);
#3520=ORIENTED_EDGE('',*,*,#5516,.T.);
#3521=ORIENTED_EDGE('',*,*,#5520,.T.);
#3522=ORIENTED_EDGE('',*,*,#5522,.F.);
#3523=ORIENTED_EDGE('',*,*,#5521,.T.);
#3524=ORIENTED_EDGE('',*,*,#5526,.T.);
#3525=ORIENTED_EDGE('',*,*,#5527,.F.);
#3526=ORIENTED_EDGE('',*,*,#5523,.F.);
#3527=ORIENTED_EDGE('',*,*,#5525,.T.);
#3528=ORIENTED_EDGE('',*,*,#5519,.T.);
#3529=ORIENTED_EDGE('',*,*,#5522,.T.);
#3530=ORIENTED_EDGE('',*,*,#5608,.F.);
#3531=ORIENTED_EDGE('',*,*,#5520,.F.);
#3532=ORIENTED_EDGE('',*,*,#5609,.T.);
#3533=ORIENTED_EDGE('',*,*,#5518,.F.);
#3534=ORIENTED_EDGE('',*,*,#5517,.T.);
#3535=ORIENTED_EDGE('',*,*,#5622,.F.);
#3536=ORIENTED_EDGE('',*,*,#5525,.F.);
#3537=ORIENTED_EDGE('',*,*,#5524,.T.);
#3538=ORIENTED_EDGE('',*,*,#5531,.T.);
#3539=ORIENTED_EDGE('',*,*,#5527,.T.);
#3540=ORIENTED_EDGE('',*,*,#5610,.F.);
#3541=ORIENTED_EDGE('',*,*,#5526,.F.);
#3542=ORIENTED_EDGE('',*,*,#5530,.T.);
#3543=ORIENTED_EDGE('',*,*,#5531,.F.);
#3544=ORIENTED_EDGE('',*,*,#5528,.F.);
#3545=ORIENTED_EDGE('',*,*,#5529,.T.);
#3546=ORIENTED_EDGE('',*,*,#5533,.T.);
#3547=ORIENTED_EDGE('',*,*,#5623,.F.);
#3548=ORIENTED_EDGE('',*,*,#5530,.F.);
#3549=ORIENTED_EDGE('',*,*,#5538,.T.);
#3550=ORIENTED_EDGE('',*,*,#5536,.F.);
#3551=ORIENTED_EDGE('',*,*,#5534,.T.);
#3552=ORIENTED_EDGE('',*,*,#5540,.T.);
#3553=ORIENTED_EDGE('',*,*,#5538,.F.);
#3554=ORIENTED_EDGE('',*,*,#5537,.T.);
#3555=ORIENTED_EDGE('',*,*,#5535,.T.);
#3556=ORIENTED_EDGE('',*,*,#5533,.F.);
#3557=ORIENTED_EDGE('',*,*,#5532,.T.);
#3558=ORIENTED_EDGE('',*,*,#5553,.T.);
#3559=ORIENTED_EDGE('',*,*,#5549,.F.);
#3560=ORIENTED_EDGE('',*,*,#5548,.T.);
#3561=ORIENTED_EDGE('',*,*,#5552,.T.);
#3562=ORIENTED_EDGE('',*,*,#5554,.F.);
#3563=ORIENTED_EDGE('',*,*,#5550,.F.);
#3564=ORIENTED_EDGE('',*,*,#5546,.T.);
#3565=ORIENTED_EDGE('',*,*,#5555,.F.);
#3566=ORIENTED_EDGE('',*,*,#5545,.F.);
#3567=ORIENTED_EDGE('',*,*,#5544,.T.);
#3568=ORIENTED_EDGE('',*,*,#5547,.F.);
#3569=ORIENTED_EDGE('',*,*,#5542,.F.);
#3570=ORIENTED_EDGE('',*,*,#5551,.T.);
#3571=ORIENTED_EDGE('',*,*,#5555,.T.);
#3572=ORIENTED_EDGE('',*,*,#5640,.F.);
#3573=ORIENTED_EDGE('',*,*,#5552,.F.);
#3574=ORIENTED_EDGE('',*,*,#5549,.T.);
#3575=ORIENTED_EDGE('',*,*,#5541,.F.);
#3576=ORIENTED_EDGE('',*,*,#5539,.T.);
#3577=ORIENTED_EDGE('',*,*,#5557,.T.);
#3578=ORIENTED_EDGE('',*,*,#5544,.F.);
#3579=ORIENTED_EDGE('',*,*,#5543,.T.);
#3580=ORIENTED_EDGE('',*,*,#5613,.F.);
#3581=ORIENTED_EDGE('',*,*,#5605,.F.);
#3582=ORIENTED_EDGE('',*,*,#5606,.T.);
#3583=ORIENTED_EDGE('',*,*,#5607,.F.);
#3584=ORIENTED_EDGE('',*,*,#5600,.F.);
#3585=ORIENTED_EDGE('',*,*,#5603,.T.);
#3586=ORIENTED_EDGE('',*,*,#5536,.T.);
#3587=ORIENTED_EDGE('',*,*,#5631,.F.);
#3588=ORIENTED_EDGE('',*,*,#5535,.F.);
#3589=ORIENTED_EDGE('',*,*,#5603,.F.);
#3590=ORIENTED_EDGE('',*,*,#5602,.T.);
#3591=ORIENTED_EDGE('',*,*,#5620,.T.);
#3592=ORIENTED_EDGE('',*,*,#5693,.F.);
#3593=ORIENTED_EDGE('',*,*,#5606,.F.);
#3594=ORIENTED_EDGE('',*,*,#5607,.T.);
#3595=ORIENTED_EDGE('',*,*,#5696,.F.);
#3596=ORIENTED_EDGE('',*,*,#5620,.F.);
#3597=ORIENTED_EDGE('',*,*,#5621,.T.);
#3598=ORIENTED_EDGE('',*,*,#5700,.F.);
#3599=ORIENTED_EDGE('',*,*,#5618,.F.);
#3600=ORIENTED_EDGE('',*,*,#5617,.T.);
#3601=ORIENTED_EDGE('',*,*,#5630,.T.);
#3602=ORIENTED_EDGE('',*,*,#5624,.F.);
#3603=ORIENTED_EDGE('',*,*,#5627,.T.);
#3604=ORIENTED_EDGE('',*,*,#5630,.F.);
#3605=ORIENTED_EDGE('',*,*,#5615,.F.);
#3606=ORIENTED_EDGE('',*,*,#5618,.T.);
#3607=ORIENTED_EDGE('',*,*,#5621,.F.);
#3608=ORIENTED_EDGE('',*,*,#5628,.F.);
#3609=ORIENTED_EDGE('',*,*,#5626,.T.);
#3610=ORIENTED_EDGE('',*,*,#5638,.T.);
#3611=ORIENTED_EDGE('',*,*,#5547,.T.);
#3612=ORIENTED_EDGE('',*,*,#5647,.F.);
#3613=ORIENTED_EDGE('',*,*,#5546,.F.);
#3614=ORIENTED_EDGE('',*,*,#5639,.F.);
#3615=ORIENTED_EDGE('',*,*,#5553,.F.);
#3616=ORIENTED_EDGE('',*,*,#5554,.T.);
#3617=ORIENTED_EDGE('',*,*,#5704,.F.);
#3618=ORIENTED_EDGE('',*,*,#5636,.F.);
#3619=ORIENTED_EDGE('',*,*,#5635,.T.);
#3620=ORIENTED_EDGE('',*,*,#5646,.T.);
#3621=ORIENTED_EDGE('',*,*,#5633,.F.);
#3622=ORIENTED_EDGE('',*,*,#5636,.T.);
#3623=ORIENTED_EDGE('',*,*,#5638,.F.);
#3624=ORIENTED_EDGE('',*,*,#5706,.F.);
#3625=ORIENTED_EDGE('',*,*,#5644,.F.);
#3626=ORIENTED_EDGE('',*,*,#5643,.T.);
#3627=ORIENTED_EDGE('',*,*,#5654,.T.);
#3628=ORIENTED_EDGE('',*,*,#5641,.F.);
#3629=ORIENTED_EDGE('',*,*,#5644,.T.);
#3630=ORIENTED_EDGE('',*,*,#5646,.F.);
#3631=ORIENTED_EDGE('',*,*,#5627,.F.);
#3632=ORIENTED_EDGE('',*,*,#5628,.T.);
#3633=ORIENTED_EDGE('',*,*,#5702,.F.);
#3634=ORIENTED_EDGE('',*,*,#5632,.F.);
#3635=ORIENTED_EDGE('',*,*,#5540,.F.);
#3636=ORIENTED_EDGE('',*,*,#5541,.T.);
#3637=ORIENTED_EDGE('',*,*,#5558,.T.);
#3638=ORIENTED_EDGE('',*,*,#5648,.F.);
#3639=ORIENTED_EDGE('',*,*,#5557,.F.);
#3640=ORIENTED_EDGE('',*,*,#5559,.T.);
#3641=ORIENTED_EDGE('',*,*,#5562,.T.);
#3642=ORIENTED_EDGE('',*,*,#5655,.F.);
#3643=ORIENTED_EDGE('',*,*,#5560,.F.);
#3644=ORIENTED_EDGE('',*,*,#5562,.F.);
#3645=ORIENTED_EDGE('',*,*,#5561,.T.);
#3646=ORIENTED_EDGE('',*,*,#5564,.T.);
#3647=ORIENTED_EDGE('',*,*,#5577,.F.);
#3648=ORIENTED_EDGE('',*,*,#5569,.F.);
#3649=ORIENTED_EDGE('',*,*,#5570,.T.);
#3650=ORIENTED_EDGE('',*,*,#5571,.F.);
#3651=ORIENTED_EDGE('',*,*,#5566,.F.);
#3652=ORIENTED_EDGE('',*,*,#5568,.T.);
#3653=ORIENTED_EDGE('',*,*,#5565,.F.);
#3654=ORIENTED_EDGE('',*,*,#5563,.T.);
#3655=ORIENTED_EDGE('',*,*,#5577,.T.);
#3656=ORIENTED_EDGE('',*,*,#5656,.F.);
#3657=ORIENTED_EDGE('',*,*,#5564,.F.);
#3658=ORIENTED_EDGE('',*,*,#5565,.T.);
#3659=ORIENTED_EDGE('',*,*,#5665,.F.);
#3660=ORIENTED_EDGE('',*,*,#5568,.F.);
#3661=ORIENTED_EDGE('',*,*,#5567,.T.);
#3662=ORIENTED_EDGE('',*,*,#5578,.T.);
#3663=ORIENTED_EDGE('',*,*,#5571,.T.);
#3664=ORIENTED_EDGE('',*,*,#5664,.F.);
#3665=ORIENTED_EDGE('',*,*,#5570,.F.);
#3666=ORIENTED_EDGE('',*,*,#5576,.T.);
#3667=ORIENTED_EDGE('',*,*,#5578,.F.);
#3668=ORIENTED_EDGE('',*,*,#5575,.F.);
#3669=ORIENTED_EDGE('',*,*,#5556,.T.);
#3670=ORIENTED_EDGE('',*,*,#5560,.T.);
#3671=ORIENTED_EDGE('',*,*,#5558,.F.);
#3672=ORIENTED_EDGE('',*,*,#5672,.F.);
#3673=ORIENTED_EDGE('',*,*,#5576,.F.);
#3674=ORIENTED_EDGE('',*,*,#5572,.F.);
#3675=ORIENTED_EDGE('',*,*,#5574,.T.);
#3676=ORIENTED_EDGE('',*,*,#5583,.T.);
#3677=ORIENTED_EDGE('',*,*,#5581,.F.);
#3678=ORIENTED_EDGE('',*,*,#5579,.T.);
#3679=ORIENTED_EDGE('',*,*,#5582,.T.);
#3680=ORIENTED_EDGE('',*,*,#5585,.T.);
#3681=ORIENTED_EDGE('',*,*,#5680,.F.);
#3682=ORIENTED_EDGE('',*,*,#5583,.F.);
#3683=ORIENTED_EDGE('',*,*,#5580,.T.);
#3684=ORIENTED_EDGE('',*,*,#5574,.F.);
#3685=ORIENTED_EDGE('',*,*,#5573,.T.);
#3686=ORIENTED_EDGE('',*,*,#5593,.T.);
#3687=ORIENTED_EDGE('',*,*,#5588,.F.);
#3688=ORIENTED_EDGE('',*,*,#5586,.T.);
#3689=ORIENTED_EDGE('',*,*,#5591,.T.);
#3690=ORIENTED_EDGE('',*,*,#5593,.F.);
#3691=ORIENTED_EDGE('',*,*,#5589,.F.);
#3692=ORIENTED_EDGE('',*,*,#5597,.F.);
#3693=ORIENTED_EDGE('',*,*,#5598,.T.);
#3694=ORIENTED_EDGE('',*,*,#5689,.F.);
#3695=ORIENTED_EDGE('',*,*,#5599,.F.);
#3696=ORIENTED_EDGE('',*,*,#5596,.T.);
#3697=ORIENTED_EDGE('',*,*,#5598,.F.);
#3698=ORIENTED_EDGE('',*,*,#5594,.F.);
#3699=ORIENTED_EDGE('',*,*,#5599,.T.);
#3700=ORIENTED_EDGE('',*,*,#5592,.F.);
#3701=ORIENTED_EDGE('',*,*,#5590,.T.);
#3702=ORIENTED_EDGE('',*,*,#5587,.T.);
#3703=ORIENTED_EDGE('',*,*,#5585,.F.);
#3704=ORIENTED_EDGE('',*,*,#5584,.T.);
#3705=ORIENTED_EDGE('',*,*,#5515,.T.);
#3706=ORIENTED_EDGE('',*,*,#5595,.F.);
#3707=ORIENTED_EDGE('',*,*,#5514,.F.);
#3708=ORIENTED_EDGE('',*,*,#5708,.F.);
#3709=ORIENTED_EDGE('',*,*,#5654,.F.);
#3710=ORIENTED_EDGE('',*,*,#5649,.F.);
#3711=ORIENTED_EDGE('',*,*,#5652,.T.);
#3712=ORIENTED_EDGE('',*,*,#5652,.F.);
#3713=ORIENTED_EDGE('',*,*,#5651,.T.);
#3714=ORIENTED_EDGE('',*,*,#5663,.T.);
#3715=ORIENTED_EDGE('',*,*,#5581,.T.);
#3716=ORIENTED_EDGE('',*,*,#5673,.F.);
#3717=ORIENTED_EDGE('',*,*,#5580,.F.);
#3718=ORIENTED_EDGE('',*,*,#5663,.F.);
#3719=ORIENTED_EDGE('',*,*,#5657,.F.);
#3720=ORIENTED_EDGE('',*,*,#5660,.T.);
#3721=ORIENTED_EDGE('',*,*,#5660,.F.);
#3722=ORIENTED_EDGE('',*,*,#5661,.T.);
#3723=ORIENTED_EDGE('',*,*,#5710,.F.);
#3724=ORIENTED_EDGE('',*,*,#5671,.T.);
#3725=ORIENTED_EDGE('',*,*,#5661,.F.);
#3726=ORIENTED_EDGE('',*,*,#5659,.T.);
#3727=ORIENTED_EDGE('',*,*,#5666,.F.);
#3728=ORIENTED_EDGE('',*,*,#5669,.T.);
#3729=ORIENTED_EDGE('',*,*,#5712,.F.);
#3730=ORIENTED_EDGE('',*,*,#5671,.F.);
#3731=ORIENTED_EDGE('',*,*,#5669,.F.);
#3732=ORIENTED_EDGE('',*,*,#5668,.T.);
#3733=ORIENTED_EDGE('',*,*,#5679,.T.);
#3734=ORIENTED_EDGE('',*,*,#5714,.F.);
#3735=ORIENTED_EDGE('',*,*,#5679,.F.);
#3736=ORIENTED_EDGE('',*,*,#5674,.F.);
#3737=ORIENTED_EDGE('',*,*,#5677,.T.);
#3738=ORIENTED_EDGE('',*,*,#5588,.T.);
#3739=ORIENTED_EDGE('',*,*,#5681,.F.);
#3740=ORIENTED_EDGE('',*,*,#5587,.F.);
#3741=ORIENTED_EDGE('',*,*,#5595,.T.);
#3742=ORIENTED_EDGE('',*,*,#5614,.T.);
#3743=ORIENTED_EDGE('',*,*,#5596,.F.);
#3744=ORIENTED_EDGE('',*,*,#5688,.F.);
#3745=ORIENTED_EDGE('',*,*,#5591,.F.);
#3746=ORIENTED_EDGE('',*,*,#5592,.T.);
#3747=ORIENTED_EDGE('',*,*,#5716,.F.);
#3748=ORIENTED_EDGE('',*,*,#5687,.F.);
#3749=ORIENTED_EDGE('',*,*,#5682,.F.);
#3750=ORIENTED_EDGE('',*,*,#5685,.T.);
#3751=ORIENTED_EDGE('',*,*,#5676,.T.);
#3752=ORIENTED_EDGE('',*,*,#5687,.T.);
#3753=ORIENTED_EDGE('',*,*,#5677,.F.);
#3754=ORIENTED_EDGE('',*,*,#5691,.F.);
#3755=ORIENTED_EDGE('',*,*,#5612,.F.);
#3756=ORIENTED_EDGE('',*,*,#5613,.T.);
#3757=ORIENTED_EDGE('',*,*,#5691,.T.);
#3758=ORIENTED_EDGE('',*,*,#5694,.T.);
#3759=ORIENTED_EDGE('',*,*,#5692,.F.);
#3760=ORIENTED_EDGE('',*,*,#5684,.T.);
#3761=ORIENTED_EDGE('',*,*,#5692,.T.);
#3762=ORIENTED_EDGE('',*,*,#5685,.F.);
#3763=ORIENTED_EDGE('',*,*,#5695,.F.);
#3764=ORIENTED_EDGE('',*,*,#5693,.T.);
#3765=ORIENTED_EDGE('',*,*,#5697,.T.);
#3766=ORIENTED_EDGE('',*,*,#5701,.T.);
#3767=ORIENTED_EDGE('',*,*,#5698,.F.);
#3768=ORIENTED_EDGE('',*,*,#5696,.T.);
#3769=ORIENTED_EDGE('',*,*,#5719,.F.);
#3770=ORIENTED_EDGE('',*,*,#5697,.F.);
#3771=ORIENTED_EDGE('',*,*,#5699,.T.);
#3772=ORIENTED_EDGE('',*,*,#5723,.F.);
#3773=ORIENTED_EDGE('',*,*,#5701,.F.);
#3774=ORIENTED_EDGE('',*,*,#5700,.T.);
#3775=ORIENTED_EDGE('',*,*,#5703,.T.);
#3776=ORIENTED_EDGE('',*,*,#5704,.T.);
#3777=ORIENTED_EDGE('',*,*,#5707,.T.);
#3778=ORIENTED_EDGE('',*,*,#5732,.T.);
#3779=ORIENTED_EDGE('',*,*,#5705,.F.);
#3780=ORIENTED_EDGE('',*,*,#5702,.T.);
#3781=ORIENTED_EDGE('',*,*,#5705,.T.);
#3782=ORIENTED_EDGE('',*,*,#5730,.F.);
#3783=ORIENTED_EDGE('',*,*,#5703,.F.);
#3784=ORIENTED_EDGE('',*,*,#5709,.T.);
#3785=ORIENTED_EDGE('',*,*,#5707,.F.);
#3786=ORIENTED_EDGE('',*,*,#5706,.T.);
#3787=ORIENTED_EDGE('',*,*,#5722,.T.);
#3788=ORIENTED_EDGE('',*,*,#5699,.F.);
#3789=ORIENTED_EDGE('',*,*,#5698,.T.);
#3790=ORIENTED_EDGE('',*,*,#5725,.T.);
#3791=ORIENTED_EDGE('',*,*,#5720,.F.);
#3792=ORIENTED_EDGE('',*,*,#5719,.T.);
#3793=ORIENTED_EDGE('',*,*,#5740,.T.);
#3794=ORIENTED_EDGE('',*,*,#5724,.F.);
#3795=ORIENTED_EDGE('',*,*,#5723,.T.);
#3796=ORIENTED_EDGE('',*,*,#5731,.T.);
#3797=ORIENTED_EDGE('',*,*,#5722,.F.);
#3798=ORIENTED_EDGE('',*,*,#5724,.T.);
#3799=ORIENTED_EDGE('',*,*,#5726,.F.);
#3800=ORIENTED_EDGE('',*,*,#5730,.T.);
#3801=ORIENTED_EDGE('',*,*,#5736,.T.);
#3802=ORIENTED_EDGE('',*,*,#5741,.F.);
#3803=ORIENTED_EDGE('',*,*,#5731,.F.);
#3804=ORIENTED_EDGE('',*,*,#5746,.F.);
#3805=ORIENTED_EDGE('',*,*,#5736,.F.);
#3806=ORIENTED_EDGE('',*,*,#5732,.F.);
#3807=ORIENTED_EDGE('',*,*,#5733,.T.);
#3808=ORIENTED_EDGE('',*,*,#5734,.T.);
#3809=ORIENTED_EDGE('',*,*,#5749,.F.);
#3810=ORIENTED_EDGE('',*,*,#5733,.F.);
#3811=ORIENTED_EDGE('',*,*,#5735,.F.);
#3812=ORIENTED_EDGE('',*,*,#5709,.F.);
#3813=ORIENTED_EDGE('',*,*,#5708,.T.);
#3814=ORIENTED_EDGE('',*,*,#5711,.T.);
#3815=ORIENTED_EDGE('',*,*,#5710,.T.);
#3816=ORIENTED_EDGE('',*,*,#5713,.T.);
#3817=ORIENTED_EDGE('',*,*,#5755,.F.);
#3818=ORIENTED_EDGE('',*,*,#5711,.F.);
#3819=ORIENTED_EDGE('',*,*,#5755,.T.);
#3820=ORIENTED_EDGE('',*,*,#5757,.T.);
#3821=ORIENTED_EDGE('',*,*,#5759,.T.);
#3822=ORIENTED_EDGE('',*,*,#5756,.F.);
#3823=ORIENTED_EDGE('',*,*,#5758,.F.);
#3824=ORIENTED_EDGE('',*,*,#5713,.F.);
#3825=ORIENTED_EDGE('',*,*,#5712,.T.);
#3826=ORIENTED_EDGE('',*,*,#5715,.T.);
#3827=ORIENTED_EDGE('',*,*,#5735,.T.);
#3828=ORIENTED_EDGE('',*,*,#5756,.T.);
#3829=ORIENTED_EDGE('',*,*,#5752,.F.);
#3830=ORIENTED_EDGE('',*,*,#5734,.F.);
#3831=ORIENTED_EDGE('',*,*,#5766,.F.);
#3832=ORIENTED_EDGE('',*,*,#5715,.F.);
#3833=ORIENTED_EDGE('',*,*,#5714,.T.);
#3834=ORIENTED_EDGE('',*,*,#5717,.T.);
#3835=ORIENTED_EDGE('',*,*,#5716,.T.);
#3836=ORIENTED_EDGE('',*,*,#5718,.T.);
#3837=ORIENTED_EDGE('',*,*,#5768,.F.);
#3838=ORIENTED_EDGE('',*,*,#5717,.F.);
#3839=ORIENTED_EDGE('',*,*,#5694,.F.);
#3840=ORIENTED_EDGE('',*,*,#5695,.T.);
#3841=ORIENTED_EDGE('',*,*,#5721,.T.);
#3842=ORIENTED_EDGE('',*,*,#5718,.F.);
#3843=ORIENTED_EDGE('',*,*,#5758,.T.);
#3844=ORIENTED_EDGE('',*,*,#5767,.T.);
#3845=ORIENTED_EDGE('',*,*,#5760,.F.);
#3846=ORIENTED_EDGE('',*,*,#5757,.F.);
#3847=ORIENTED_EDGE('',*,*,#5766,.T.);
#3848=ORIENTED_EDGE('',*,*,#5769,.T.);
#3849=ORIENTED_EDGE('',*,*,#5771,.F.);
#3850=ORIENTED_EDGE('',*,*,#5767,.F.);
#3851=ORIENTED_EDGE('',*,*,#5721,.F.);
#3852=ORIENTED_EDGE('',*,*,#5720,.T.);
#3853=ORIENTED_EDGE('',*,*,#5737,.T.);
#3854=ORIENTED_EDGE('',*,*,#5770,.F.);
#3855=ORIENTED_EDGE('',*,*,#5774,.F.);
#3856=ORIENTED_EDGE('',*,*,#5769,.F.);
#3857=ORIENTED_EDGE('',*,*,#5768,.T.);
#3858=ORIENTED_EDGE('',*,*,#5770,.T.);
#3859=ORIENTED_EDGE('',*,*,#5779,.T.);
#3860=ORIENTED_EDGE('',*,*,#5783,.T.);
#3861=ORIENTED_EDGE('',*,*,#5786,.T.);
#3862=ORIENTED_EDGE('',*,*,#5780,.F.);
#3863=ORIENTED_EDGE('',*,*,#5781,.F.);
#3864=ORIENTED_EDGE('',*,*,#5780,.T.);
#3865=ORIENTED_EDGE('',*,*,#5789,.T.);
#3866=ORIENTED_EDGE('',*,*,#5792,.F.);
#3867=ORIENTED_EDGE('',*,*,#5798,.T.);
#3868=ORIENTED_EDGE('',*,*,#5801,.T.);
#3869=ORIENTED_EDGE('',*,*,#5804,.T.);
#3870=ORIENTED_EDGE('',*,*,#5799,.F.);
#3871=ORIENTED_EDGE('',*,*,#5784,.T.);
#3872=ORIENTED_EDGE('',*,*,#5799,.T.);
#3873=ORIENTED_EDGE('',*,*,#5787,.F.);
#3874=ORIENTED_EDGE('',*,*,#5783,.F.);
#3875=ORIENTED_EDGE('',*,*,#5804,.F.);
#3876=ORIENTED_EDGE('',*,*,#5805,.T.);
#3877=ORIENTED_EDGE('',*,*,#5807,.F.);
#3878=ORIENTED_EDGE('',*,*,#5788,.F.);
#3879=ORIENTED_EDGE('',*,*,#5787,.T.);
#3880=ORIENTED_EDGE('',*,*,#5808,.T.);
#3881=ORIENTED_EDGE('',*,*,#5809,.T.);
#3882=ORIENTED_EDGE('',*,*,#5808,.F.);
#3883=ORIENTED_EDGE('',*,*,#5807,.T.);
#3884=ORIENTED_EDGE('',*,*,#5786,.F.);
#3885=ORIENTED_EDGE('',*,*,#5788,.T.);
#3886=ORIENTED_EDGE('',*,*,#5790,.F.);
#3887=ORIENTED_EDGE('',*,*,#5796,.F.);
#3888=ORIENTED_EDGE('',*,*,#5789,.F.);
#3889=ORIENTED_EDGE('',*,*,#5791,.T.);
#3890=ORIENTED_EDGE('',*,*,#5812,.T.);
#3891=ORIENTED_EDGE('',*,*,#5791,.F.);
#3892=ORIENTED_EDGE('',*,*,#5790,.T.);
#3893=ORIENTED_EDGE('',*,*,#5815,.T.);
#3894=ORIENTED_EDGE('',*,*,#5819,.T.);
#3895=ORIENTED_EDGE('',*,*,#5822,.T.);
#3896=ORIENTED_EDGE('',*,*,#5816,.F.);
#3897=ORIENTED_EDGE('',*,*,#5817,.F.);
#3898=ORIENTED_EDGE('',*,*,#5816,.T.);
#3899=ORIENTED_EDGE('',*,*,#5825,.T.);
#3900=ORIENTED_EDGE('',*,*,#5828,.F.);
#3901=ORIENTED_EDGE('',*,*,#5793,.F.);
#3902=ORIENTED_EDGE('',*,*,#5792,.T.);
#3903=ORIENTED_EDGE('',*,*,#5797,.T.);
#3904=ORIENTED_EDGE('',*,*,#5833,.F.);
#3905=ORIENTED_EDGE('',*,*,#5820,.T.);
#3906=ORIENTED_EDGE('',*,*,#5833,.T.);
#3907=ORIENTED_EDGE('',*,*,#5823,.F.);
#3908=ORIENTED_EDGE('',*,*,#5819,.F.);
#3909=ORIENTED_EDGE('',*,*,#5797,.F.);
#3910=ORIENTED_EDGE('',*,*,#5796,.T.);
#3911=ORIENTED_EDGE('',*,*,#5813,.T.);
#3912=ORIENTED_EDGE('',*,*,#5824,.F.);
#3913=ORIENTED_EDGE('',*,*,#5823,.T.);
#3914=ORIENTED_EDGE('',*,*,#5835,.T.);
#3915=ORIENTED_EDGE('',*,*,#5814,.T.);
#3916=ORIENTED_EDGE('',*,*,#5835,.F.);
#3917=ORIENTED_EDGE('',*,*,#5813,.F.);
#3918=ORIENTED_EDGE('',*,*,#5822,.F.);
#3919=ORIENTED_EDGE('',*,*,#5824,.T.);
#3920=ORIENTED_EDGE('',*,*,#5826,.F.);
#3921=ORIENTED_EDGE('',*,*,#5831,.F.);
#3922=ORIENTED_EDGE('',*,*,#5825,.F.);
#3923=ORIENTED_EDGE('',*,*,#5827,.T.);
#3924=ORIENTED_EDGE('',*,*,#5836,.T.);
#3925=ORIENTED_EDGE('',*,*,#5827,.F.);
#3926=ORIENTED_EDGE('',*,*,#5826,.T.);
#3927=ORIENTED_EDGE('',*,*,#5839,.T.);
#3928=ORIENTED_EDGE('',*,*,#5843,.T.);
#3929=ORIENTED_EDGE('',*,*,#5847,.T.);
#3930=ORIENTED_EDGE('',*,*,#5840,.F.);
#3931=ORIENTED_EDGE('',*,*,#5841,.F.);
#3932=ORIENTED_EDGE('',*,*,#5840,.T.);
#3933=ORIENTED_EDGE('',*,*,#5850,.T.);
#3934=ORIENTED_EDGE('',*,*,#5853,.F.);
#3935=ORIENTED_EDGE('',*,*,#5829,.F.);
#3936=ORIENTED_EDGE('',*,*,#5828,.T.);
#3937=ORIENTED_EDGE('',*,*,#5832,.T.);
#3938=ORIENTED_EDGE('',*,*,#5858,.F.);
#3939=ORIENTED_EDGE('',*,*,#5844,.T.);
#3940=ORIENTED_EDGE('',*,*,#5858,.T.);
#3941=ORIENTED_EDGE('',*,*,#5848,.F.);
#3942=ORIENTED_EDGE('',*,*,#5843,.F.);
#3943=ORIENTED_EDGE('',*,*,#5832,.F.);
#3944=ORIENTED_EDGE('',*,*,#5831,.T.);
#3945=ORIENTED_EDGE('',*,*,#5837,.T.);
#3946=ORIENTED_EDGE('',*,*,#5849,.F.);
#3947=ORIENTED_EDGE('',*,*,#5848,.T.);
#3948=ORIENTED_EDGE('',*,*,#5860,.T.);
#3949=ORIENTED_EDGE('',*,*,#5838,.T.);
#3950=ORIENTED_EDGE('',*,*,#5860,.F.);
#3951=ORIENTED_EDGE('',*,*,#5837,.F.);
#3952=ORIENTED_EDGE('',*,*,#5847,.F.);
#3953=ORIENTED_EDGE('',*,*,#5849,.T.);
#3954=ORIENTED_EDGE('',*,*,#5851,.F.);
#3955=ORIENTED_EDGE('',*,*,#5856,.F.);
#3956=ORIENTED_EDGE('',*,*,#5850,.F.);
#3957=ORIENTED_EDGE('',*,*,#5852,.T.);
#3958=ORIENTED_EDGE('',*,*,#5861,.T.);
#3959=ORIENTED_EDGE('',*,*,#5852,.F.);
#3960=ORIENTED_EDGE('',*,*,#5851,.T.);
#3961=ORIENTED_EDGE('',*,*,#5864,.T.);
#3962=ORIENTED_EDGE('',*,*,#5868,.T.);
#3963=ORIENTED_EDGE('',*,*,#5871,.T.);
#3964=ORIENTED_EDGE('',*,*,#5865,.F.);
#3965=ORIENTED_EDGE('',*,*,#5866,.F.);
#3966=ORIENTED_EDGE('',*,*,#5865,.T.);
#3967=ORIENTED_EDGE('',*,*,#5874,.T.);
#3968=ORIENTED_EDGE('',*,*,#5877,.F.);
#3969=ORIENTED_EDGE('',*,*,#5854,.F.);
#3970=ORIENTED_EDGE('',*,*,#5853,.T.);
#3971=ORIENTED_EDGE('',*,*,#5857,.T.);
#3972=ORIENTED_EDGE('',*,*,#5883,.F.);
#3973=ORIENTED_EDGE('',*,*,#5869,.T.);
#3974=ORIENTED_EDGE('',*,*,#5883,.T.);
#3975=ORIENTED_EDGE('',*,*,#5872,.F.);
#3976=ORIENTED_EDGE('',*,*,#5868,.F.);
#3977=ORIENTED_EDGE('',*,*,#5857,.F.);
#3978=ORIENTED_EDGE('',*,*,#5856,.T.);
#3979=ORIENTED_EDGE('',*,*,#5862,.T.);
#3980=ORIENTED_EDGE('',*,*,#5873,.F.);
#3981=ORIENTED_EDGE('',*,*,#5872,.T.);
#3982=ORIENTED_EDGE('',*,*,#5885,.T.);
#3983=ORIENTED_EDGE('',*,*,#5863,.T.);
#3984=ORIENTED_EDGE('',*,*,#5885,.F.);
#3985=ORIENTED_EDGE('',*,*,#5862,.F.);
#3986=ORIENTED_EDGE('',*,*,#5871,.F.);
#3987=ORIENTED_EDGE('',*,*,#5873,.T.);
#3988=ORIENTED_EDGE('',*,*,#5875,.F.);
#3989=ORIENTED_EDGE('',*,*,#5881,.F.);
#3990=ORIENTED_EDGE('',*,*,#5874,.F.);
#3991=ORIENTED_EDGE('',*,*,#5876,.T.);
#3992=ORIENTED_EDGE('',*,*,#5886,.T.);
#3993=ORIENTED_EDGE('',*,*,#5876,.F.);
#3994=ORIENTED_EDGE('',*,*,#5875,.T.);
#3995=ORIENTED_EDGE('',*,*,#5889,.T.);
#3996=ORIENTED_EDGE('',*,*,#5893,.T.);
#3997=ORIENTED_EDGE('',*,*,#5896,.T.);
#3998=ORIENTED_EDGE('',*,*,#5890,.F.);
#3999=ORIENTED_EDGE('',*,*,#5891,.F.);
#4000=ORIENTED_EDGE('',*,*,#5890,.T.);
#4001=ORIENTED_EDGE('',*,*,#5899,.T.);
#4002=ORIENTED_EDGE('',*,*,#5902,.F.);
#4003=ORIENTED_EDGE('',*,*,#5878,.F.);
#4004=ORIENTED_EDGE('',*,*,#5877,.T.);
#4005=ORIENTED_EDGE('',*,*,#5882,.T.);
#4006=ORIENTED_EDGE('',*,*,#5907,.F.);
#4007=ORIENTED_EDGE('',*,*,#5894,.T.);
#4008=ORIENTED_EDGE('',*,*,#5907,.T.);
#4009=ORIENTED_EDGE('',*,*,#5897,.F.);
#4010=ORIENTED_EDGE('',*,*,#5893,.F.);
#4011=ORIENTED_EDGE('',*,*,#5882,.F.);
#4012=ORIENTED_EDGE('',*,*,#5881,.T.);
#4013=ORIENTED_EDGE('',*,*,#5887,.T.);
#4014=ORIENTED_EDGE('',*,*,#5898,.F.);
#4015=ORIENTED_EDGE('',*,*,#5897,.T.);
#4016=ORIENTED_EDGE('',*,*,#5909,.T.);
#4017=ORIENTED_EDGE('',*,*,#5888,.T.);
#4018=ORIENTED_EDGE('',*,*,#5909,.F.);
#4019=ORIENTED_EDGE('',*,*,#5887,.F.);
#4020=ORIENTED_EDGE('',*,*,#5896,.F.);
#4021=ORIENTED_EDGE('',*,*,#5898,.T.);
#4022=ORIENTED_EDGE('',*,*,#5900,.F.);
#4023=ORIENTED_EDGE('',*,*,#5905,.F.);
#4024=ORIENTED_EDGE('',*,*,#5899,.F.);
#4025=ORIENTED_EDGE('',*,*,#5901,.T.);
#4026=ORIENTED_EDGE('',*,*,#5910,.T.);
#4027=ORIENTED_EDGE('',*,*,#5901,.F.);
#4028=ORIENTED_EDGE('',*,*,#5900,.T.);
#4029=ORIENTED_EDGE('',*,*,#5913,.T.);
#4030=ORIENTED_EDGE('',*,*,#5917,.T.);
#4031=ORIENTED_EDGE('',*,*,#5921,.T.);
#4032=ORIENTED_EDGE('',*,*,#5914,.F.);
#4033=ORIENTED_EDGE('',*,*,#5915,.F.);
#4034=ORIENTED_EDGE('',*,*,#5914,.T.);
#4035=ORIENTED_EDGE('',*,*,#5924,.T.);
#4036=ORIENTED_EDGE('',*,*,#5927,.F.);
#4037=ORIENTED_EDGE('',*,*,#5903,.F.);
#4038=ORIENTED_EDGE('',*,*,#5902,.T.);
#4039=ORIENTED_EDGE('',*,*,#5906,.T.);
#4040=ORIENTED_EDGE('',*,*,#5932,.F.);
#4041=ORIENTED_EDGE('',*,*,#5918,.T.);
#4042=ORIENTED_EDGE('',*,*,#5932,.T.);
#4043=ORIENTED_EDGE('',*,*,#5922,.F.);
#4044=ORIENTED_EDGE('',*,*,#5917,.F.);
#4045=ORIENTED_EDGE('',*,*,#5906,.F.);
#4046=ORIENTED_EDGE('',*,*,#5905,.T.);
#4047=ORIENTED_EDGE('',*,*,#5911,.T.);
#4048=ORIENTED_EDGE('',*,*,#5923,.F.);
#4049=ORIENTED_EDGE('',*,*,#5922,.T.);
#4050=ORIENTED_EDGE('',*,*,#5934,.T.);
#4051=ORIENTED_EDGE('',*,*,#5912,.T.);
#4052=ORIENTED_EDGE('',*,*,#5934,.F.);
#4053=ORIENTED_EDGE('',*,*,#5911,.F.);
#4054=ORIENTED_EDGE('',*,*,#5921,.F.);
#4055=ORIENTED_EDGE('',*,*,#5923,.T.);
#4056=ORIENTED_EDGE('',*,*,#5925,.F.);
#4057=ORIENTED_EDGE('',*,*,#5930,.F.);
#4058=ORIENTED_EDGE('',*,*,#5924,.F.);
#4059=ORIENTED_EDGE('',*,*,#5926,.T.);
#4060=ORIENTED_EDGE('',*,*,#5935,.T.);
#4061=ORIENTED_EDGE('',*,*,#5926,.F.);
#4062=ORIENTED_EDGE('',*,*,#5925,.T.);
#4063=ORIENTED_EDGE('',*,*,#5938,.T.);
#4064=ORIENTED_EDGE('',*,*,#5942,.T.);
#4065=ORIENTED_EDGE('',*,*,#5945,.T.);
#4066=ORIENTED_EDGE('',*,*,#5939,.F.);
#4067=ORIENTED_EDGE('',*,*,#5940,.F.);
#4068=ORIENTED_EDGE('',*,*,#5939,.T.);
#4069=ORIENTED_EDGE('',*,*,#5948,.T.);
#4070=ORIENTED_EDGE('',*,*,#5951,.F.);
#4071=ORIENTED_EDGE('',*,*,#5928,.F.);
#4072=ORIENTED_EDGE('',*,*,#5927,.T.);
#4073=ORIENTED_EDGE('',*,*,#5931,.T.);
#4074=ORIENTED_EDGE('',*,*,#5956,.F.);
#4075=ORIENTED_EDGE('',*,*,#5943,.T.);
#4076=ORIENTED_EDGE('',*,*,#5956,.T.);
#4077=ORIENTED_EDGE('',*,*,#5946,.F.);
#4078=ORIENTED_EDGE('',*,*,#5942,.F.);
#4079=ORIENTED_EDGE('',*,*,#5931,.F.);
#4080=ORIENTED_EDGE('',*,*,#5930,.T.);
#4081=ORIENTED_EDGE('',*,*,#5936,.T.);
#4082=ORIENTED_EDGE('',*,*,#5947,.F.);
#4083=ORIENTED_EDGE('',*,*,#5946,.T.);
#4084=ORIENTED_EDGE('',*,*,#5958,.T.);
#4085=ORIENTED_EDGE('',*,*,#5937,.T.);
#4086=ORIENTED_EDGE('',*,*,#5958,.F.);
#4087=ORIENTED_EDGE('',*,*,#5936,.F.);
#4088=ORIENTED_EDGE('',*,*,#5945,.F.);
#4089=ORIENTED_EDGE('',*,*,#5947,.T.);
#4090=ORIENTED_EDGE('',*,*,#5949,.F.);
#4091=ORIENTED_EDGE('',*,*,#5954,.F.);
#4092=ORIENTED_EDGE('',*,*,#5948,.F.);
#4093=ORIENTED_EDGE('',*,*,#5950,.T.);
#4094=ORIENTED_EDGE('',*,*,#5959,.T.);
#4095=ORIENTED_EDGE('',*,*,#5950,.F.);
#4096=ORIENTED_EDGE('',*,*,#5949,.T.);
#4097=ORIENTED_EDGE('',*,*,#5962,.T.);
#4098=ORIENTED_EDGE('',*,*,#5966,.T.);
#4099=ORIENTED_EDGE('',*,*,#5969,.T.);
#4100=ORIENTED_EDGE('',*,*,#5963,.F.);
#4101=ORIENTED_EDGE('',*,*,#5964,.F.);
#4102=ORIENTED_EDGE('',*,*,#5963,.T.);
#4103=ORIENTED_EDGE('',*,*,#5972,.T.);
#4104=ORIENTED_EDGE('',*,*,#5975,.F.);
#4105=ORIENTED_EDGE('',*,*,#5952,.F.);
#4106=ORIENTED_EDGE('',*,*,#5951,.T.);
#4107=ORIENTED_EDGE('',*,*,#5955,.T.);
#4108=ORIENTED_EDGE('',*,*,#5980,.F.);
#4109=ORIENTED_EDGE('',*,*,#5967,.T.);
#4110=ORIENTED_EDGE('',*,*,#5980,.T.);
#4111=ORIENTED_EDGE('',*,*,#5970,.F.);
#4112=ORIENTED_EDGE('',*,*,#5966,.F.);
#4113=ORIENTED_EDGE('',*,*,#5955,.F.);
#4114=ORIENTED_EDGE('',*,*,#5954,.T.);
#4115=ORIENTED_EDGE('',*,*,#5960,.T.);
#4116=ORIENTED_EDGE('',*,*,#5971,.F.);
#4117=ORIENTED_EDGE('',*,*,#5970,.T.);
#4118=ORIENTED_EDGE('',*,*,#5983,.T.);
#4119=ORIENTED_EDGE('',*,*,#5961,.T.);
#4120=ORIENTED_EDGE('',*,*,#5983,.F.);
#4121=ORIENTED_EDGE('',*,*,#5960,.F.);
#4122=ORIENTED_EDGE('',*,*,#5969,.F.);
#4123=ORIENTED_EDGE('',*,*,#5971,.T.);
#4124=ORIENTED_EDGE('',*,*,#5973,.F.);
#4125=ORIENTED_EDGE('',*,*,#5978,.F.);
#4126=ORIENTED_EDGE('',*,*,#5972,.F.);
#4127=ORIENTED_EDGE('',*,*,#5974,.T.);
#4128=ORIENTED_EDGE('',*,*,#5984,.T.);
#4129=ORIENTED_EDGE('',*,*,#5974,.F.);
#4130=ORIENTED_EDGE('',*,*,#5973,.T.);
#4131=ORIENTED_EDGE('',*,*,#5987,.T.);
#4132=ORIENTED_EDGE('',*,*,#5992,.T.);
#4133=ORIENTED_EDGE('',*,*,#5995,.T.);
#4134=ORIENTED_EDGE('',*,*,#5988,.F.);
#4135=ORIENTED_EDGE('',*,*,#5989,.F.);
#4136=ORIENTED_EDGE('',*,*,#5988,.T.);
#4137=ORIENTED_EDGE('',*,*,#5998,.T.);
#4138=ORIENTED_EDGE('',*,*,#6001,.F.);
#4139=ORIENTED_EDGE('',*,*,#5976,.F.);
#4140=ORIENTED_EDGE('',*,*,#5975,.T.);
#4141=ORIENTED_EDGE('',*,*,#5979,.T.);
#4142=ORIENTED_EDGE('',*,*,#6006,.F.);
#4143=ORIENTED_EDGE('',*,*,#5993,.T.);
#4144=ORIENTED_EDGE('',*,*,#6006,.T.);
#4145=ORIENTED_EDGE('',*,*,#5996,.F.);
#4146=ORIENTED_EDGE('',*,*,#5992,.F.);
#4147=ORIENTED_EDGE('',*,*,#5979,.F.);
#4148=ORIENTED_EDGE('',*,*,#5978,.T.);
#4149=ORIENTED_EDGE('',*,*,#5985,.T.);
#4150=ORIENTED_EDGE('',*,*,#5997,.F.);
#4151=ORIENTED_EDGE('',*,*,#5996,.T.);
#4152=ORIENTED_EDGE('',*,*,#6008,.T.);
#4153=ORIENTED_EDGE('',*,*,#5986,.T.);
#4154=ORIENTED_EDGE('',*,*,#6008,.F.);
#4155=ORIENTED_EDGE('',*,*,#5985,.F.);
#4156=ORIENTED_EDGE('',*,*,#5995,.F.);
#4157=ORIENTED_EDGE('',*,*,#5997,.T.);
#4158=ORIENTED_EDGE('',*,*,#5999,.F.);
#4159=ORIENTED_EDGE('',*,*,#6004,.F.);
#4160=ORIENTED_EDGE('',*,*,#5998,.F.);
#4161=ORIENTED_EDGE('',*,*,#6000,.T.);
#4162=ORIENTED_EDGE('',*,*,#6009,.T.);
#4163=ORIENTED_EDGE('',*,*,#6000,.F.);
#4164=ORIENTED_EDGE('',*,*,#5999,.T.);
#4165=ORIENTED_EDGE('',*,*,#6012,.T.);
#4166=ORIENTED_EDGE('',*,*,#6016,.T.);
#4167=ORIENTED_EDGE('',*,*,#6019,.T.);
#4168=ORIENTED_EDGE('',*,*,#6013,.F.);
#4169=ORIENTED_EDGE('',*,*,#6014,.F.);
#4170=ORIENTED_EDGE('',*,*,#6013,.T.);
#4171=ORIENTED_EDGE('',*,*,#6022,.T.);
#4172=ORIENTED_EDGE('',*,*,#6025,.F.);
#4173=ORIENTED_EDGE('',*,*,#6002,.F.);
#4174=ORIENTED_EDGE('',*,*,#6001,.T.);
#4175=ORIENTED_EDGE('',*,*,#6005,.T.);
#4176=ORIENTED_EDGE('',*,*,#6030,.F.);
#4177=ORIENTED_EDGE('',*,*,#6017,.T.);
#4178=ORIENTED_EDGE('',*,*,#6030,.T.);
#4179=ORIENTED_EDGE('',*,*,#6020,.F.);
#4180=ORIENTED_EDGE('',*,*,#6016,.F.);
#4181=ORIENTED_EDGE('',*,*,#6005,.F.);
#4182=ORIENTED_EDGE('',*,*,#6004,.T.);
#4183=ORIENTED_EDGE('',*,*,#6010,.T.);
#4184=ORIENTED_EDGE('',*,*,#6021,.F.);
#4185=ORIENTED_EDGE('',*,*,#6020,.T.);
#4186=ORIENTED_EDGE('',*,*,#6032,.T.);
#4187=ORIENTED_EDGE('',*,*,#6011,.T.);
#4188=ORIENTED_EDGE('',*,*,#6032,.F.);
#4189=ORIENTED_EDGE('',*,*,#6010,.F.);
#4190=ORIENTED_EDGE('',*,*,#6019,.F.);
#4191=ORIENTED_EDGE('',*,*,#6021,.T.);
#4192=ORIENTED_EDGE('',*,*,#6023,.F.);
#4193=ORIENTED_EDGE('',*,*,#6028,.F.);
#4194=ORIENTED_EDGE('',*,*,#6022,.F.);
#4195=ORIENTED_EDGE('',*,*,#6024,.T.);
#4196=ORIENTED_EDGE('',*,*,#6033,.T.);
#4197=ORIENTED_EDGE('',*,*,#6024,.F.);
#4198=ORIENTED_EDGE('',*,*,#6023,.T.);
#4199=ORIENTED_EDGE('',*,*,#6036,.T.);
#4200=ORIENTED_EDGE('',*,*,#6039,.T.);
#4201=ORIENTED_EDGE('',*,*,#6042,.T.);
#4202=ORIENTED_EDGE('',*,*,#6037,.F.);
#4203=ORIENTED_EDGE('',*,*,#5802,.T.);
#4204=ORIENTED_EDGE('',*,*,#6037,.T.);
#4205=ORIENTED_EDGE('',*,*,#5806,.F.);
#4206=ORIENTED_EDGE('',*,*,#5801,.F.);
#4207=ORIENTED_EDGE('',*,*,#6026,.F.);
#4208=ORIENTED_EDGE('',*,*,#6025,.T.);
#4209=ORIENTED_EDGE('',*,*,#6029,.T.);
#4210=ORIENTED_EDGE('',*,*,#6046,.F.);
#4211=ORIENTED_EDGE('',*,*,#6040,.T.);
#4212=ORIENTED_EDGE('',*,*,#6046,.T.);
#4213=ORIENTED_EDGE('',*,*,#6043,.F.);
#4214=ORIENTED_EDGE('',*,*,#6039,.F.);
#4215=ORIENTED_EDGE('',*,*,#6029,.F.);
#4216=ORIENTED_EDGE('',*,*,#6028,.T.);
#4217=ORIENTED_EDGE('',*,*,#6034,.T.);
#4218=ORIENTED_EDGE('',*,*,#6044,.F.);
#4219=ORIENTED_EDGE('',*,*,#6043,.T.);
#4220=ORIENTED_EDGE('',*,*,#6049,.T.);
#4221=ORIENTED_EDGE('',*,*,#6035,.T.);
#4222=ORIENTED_EDGE('',*,*,#6049,.F.);
#4223=ORIENTED_EDGE('',*,*,#6034,.F.);
#4224=ORIENTED_EDGE('',*,*,#6042,.F.);
#4225=ORIENTED_EDGE('',*,*,#6044,.T.);
#4226=ORIENTED_EDGE('',*,*,#6045,.F.);
#4227=ORIENTED_EDGE('',*,*,#5805,.F.);
#4228=ORIENTED_EDGE('',*,*,#5806,.T.);
#4229=ORIENTED_EDGE('',*,*,#5810,.F.);
#4230=ORIENTED_EDGE('',*,*,#5811,.F.);
#4231=ORIENTED_EDGE('',*,*,#5810,.T.);
#4232=ORIENTED_EDGE('',*,*,#6045,.T.);
#4233=ORIENTED_EDGE('',*,*,#5809,.F.);
#4234=ORIENTED_EDGE('',*,*,#5738,.F.);
#4235=ORIENTED_EDGE('',*,*,#5739,.T.);
#4236=ORIENTED_EDGE('',*,*,#5812,.F.);
#4237=ORIENTED_EDGE('',*,*,#5727,.F.);
#4238=ORIENTED_EDGE('',*,*,#5728,.T.);
#4239=ORIENTED_EDGE('',*,*,#5725,.F.);
#4240=ORIENTED_EDGE('',*,*,#5727,.T.);
#4241=ORIENTED_EDGE('',*,*,#5739,.F.);
#4242=ORIENTED_EDGE('',*,*,#5729,.T.);
#4243=ORIENTED_EDGE('',*,*,#5814,.F.);
#4244=ORIENTED_EDGE('',*,*,#5728,.F.);
#4245=ORIENTED_EDGE('',*,*,#5729,.F.);
#4246=ORIENTED_EDGE('',*,*,#5726,.T.);
#4247=ORIENTED_EDGE('',*,*,#5744,.T.);
#4248=ORIENTED_EDGE('',*,*,#5784,.F.);
#4249=ORIENTED_EDGE('',*,*,#5785,.T.);
#4250=ORIENTED_EDGE('',*,*,#6050,.T.);
#4251=ORIENTED_EDGE('',*,*,#5800,.F.);
#4252=ORIENTED_EDGE('',*,*,#5779,.F.);
#4253=ORIENTED_EDGE('',*,*,#5782,.T.);
#4254=ORIENTED_EDGE('',*,*,#6051,.F.);
#4255=ORIENTED_EDGE('',*,*,#5785,.F.);
#4256=ORIENTED_EDGE('',*,*,#5795,.F.);
#4257=ORIENTED_EDGE('',*,*,#5793,.T.);
#4258=ORIENTED_EDGE('',*,*,#5834,.T.);
#4259=ORIENTED_EDGE('',*,*,#5815,.F.);
#4260=ORIENTED_EDGE('',*,*,#5818,.T.);
#4261=ORIENTED_EDGE('',*,*,#6060,.T.);
#4262=ORIENTED_EDGE('',*,*,#5821,.F.);
#4263=ORIENTED_EDGE('',*,*,#5820,.F.);
#4264=ORIENTED_EDGE('',*,*,#5821,.T.);
#4265=ORIENTED_EDGE('',*,*,#6058,.F.);
#4266=ORIENTED_EDGE('',*,*,#5834,.F.);
#4267=ORIENTED_EDGE('',*,*,#5782,.F.);
#4268=ORIENTED_EDGE('',*,*,#5781,.T.);
#4269=ORIENTED_EDGE('',*,*,#5794,.T.);
#4270=ORIENTED_EDGE('',*,*,#5798,.F.);
#4271=ORIENTED_EDGE('',*,*,#5800,.T.);
#4272=ORIENTED_EDGE('',*,*,#6054,.T.);
#4273=ORIENTED_EDGE('',*,*,#5803,.F.);
#4274=ORIENTED_EDGE('',*,*,#5838,.F.);
#4275=ORIENTED_EDGE('',*,*,#5745,.F.);
#4276=ORIENTED_EDGE('',*,*,#5740,.F.);
#4277=ORIENTED_EDGE('',*,*,#5742,.T.);
#4278=ORIENTED_EDGE('',*,*,#5861,.F.);
#4279=ORIENTED_EDGE('',*,*,#5742,.F.);
#4280=ORIENTED_EDGE('',*,*,#5743,.T.);
#4281=ORIENTED_EDGE('',*,*,#5746,.T.);
#4282=ORIENTED_EDGE('',*,*,#5750,.T.);
#4283=ORIENTED_EDGE('',*,*,#5888,.F.);
#4284=ORIENTED_EDGE('',*,*,#5748,.F.);
#4285=ORIENTED_EDGE('',*,*,#5741,.T.);
#4286=ORIENTED_EDGE('',*,*,#5747,.T.);
#4287=ORIENTED_EDGE('',*,*,#5863,.F.);
#4288=ORIENTED_EDGE('',*,*,#5743,.F.);
#4289=ORIENTED_EDGE('',*,*,#5749,.T.);
#4290=ORIENTED_EDGE('',*,*,#5753,.T.);
#4291=ORIENTED_EDGE('',*,*,#5912,.F.);
#4292=ORIENTED_EDGE('',*,*,#5751,.F.);
#4293=ORIENTED_EDGE('',*,*,#5859,.F.);
#4294=ORIENTED_EDGE('',*,*,#5844,.F.);
#4295=ORIENTED_EDGE('',*,*,#5845,.T.);
#4296=ORIENTED_EDGE('',*,*,#5829,.T.);
#4297=ORIENTED_EDGE('',*,*,#5859,.T.);
#4298=ORIENTED_EDGE('',*,*,#6067,.T.);
#4299=ORIENTED_EDGE('',*,*,#5830,.F.);
#4300=ORIENTED_EDGE('',*,*,#5748,.T.);
#4301=ORIENTED_EDGE('',*,*,#5886,.F.);
#4302=ORIENTED_EDGE('',*,*,#5747,.F.);
#4303=ORIENTED_EDGE('',*,*,#5751,.T.);
#4304=ORIENTED_EDGE('',*,*,#5910,.F.);
#4305=ORIENTED_EDGE('',*,*,#5750,.F.);
#4306=ORIENTED_EDGE('',*,*,#5745,.T.);
#4307=ORIENTED_EDGE('',*,*,#5836,.F.);
#4308=ORIENTED_EDGE('',*,*,#5744,.F.);
#4309=ORIENTED_EDGE('',*,*,#5817,.T.);
#4310=ORIENTED_EDGE('',*,*,#5830,.T.);
#4311=ORIENTED_EDGE('',*,*,#6061,.F.);
#4312=ORIENTED_EDGE('',*,*,#5818,.F.);
#4313=ORIENTED_EDGE('',*,*,#5794,.F.);
#4314=ORIENTED_EDGE('',*,*,#5795,.T.);
#4315=ORIENTED_EDGE('',*,*,#6056,.F.);
#4316=ORIENTED_EDGE('',*,*,#5854,.T.);
#4317=ORIENTED_EDGE('',*,*,#5884,.T.);
#4318=ORIENTED_EDGE('',*,*,#6072,.T.);
#4319=ORIENTED_EDGE('',*,*,#5855,.F.);
#4320=ORIENTED_EDGE('',*,*,#5841,.T.);
#4321=ORIENTED_EDGE('',*,*,#5855,.T.);
#4322=ORIENTED_EDGE('',*,*,#6076,.T.);
#4323=ORIENTED_EDGE('',*,*,#5842,.F.);
#4324=ORIENTED_EDGE('',*,*,#5842,.T.);
#4325=ORIENTED_EDGE('',*,*,#5846,.F.);
#4326=ORIENTED_EDGE('',*,*,#5839,.F.);
#4327=ORIENTED_EDGE('',*,*,#6068,.F.);
#4328=ORIENTED_EDGE('',*,*,#5845,.F.);
#4329=ORIENTED_EDGE('',*,*,#5846,.T.);
#4330=ORIENTED_EDGE('',*,*,#5869,.F.);
#4331=ORIENTED_EDGE('',*,*,#5870,.T.);
#4332=ORIENTED_EDGE('',*,*,#6073,.F.);
#4333=ORIENTED_EDGE('',*,*,#5884,.F.);
#4334=ORIENTED_EDGE('',*,*,#5864,.F.);
#4335=ORIENTED_EDGE('',*,*,#5867,.T.);
#4336=ORIENTED_EDGE('',*,*,#6079,.F.);
#4337=ORIENTED_EDGE('',*,*,#5870,.F.);
#4338=ORIENTED_EDGE('',*,*,#5867,.F.);
#4339=ORIENTED_EDGE('',*,*,#5866,.T.);
#4340=ORIENTED_EDGE('',*,*,#5879,.T.);
#4341=ORIENTED_EDGE('',*,*,#5894,.F.);
#4342=ORIENTED_EDGE('',*,*,#5895,.T.);
#4343=ORIENTED_EDGE('',*,*,#6083,.T.);
#4344=ORIENTED_EDGE('',*,*,#5908,.F.);
#4345=ORIENTED_EDGE('',*,*,#5891,.T.);
#4346=ORIENTED_EDGE('',*,*,#5904,.T.);
#4347=ORIENTED_EDGE('',*,*,#6088,.T.);
#4348=ORIENTED_EDGE('',*,*,#5892,.F.);
#4349=ORIENTED_EDGE('',*,*,#5889,.F.);
#4350=ORIENTED_EDGE('',*,*,#5892,.T.);
#4351=ORIENTED_EDGE('',*,*,#6084,.F.);
#4352=ORIENTED_EDGE('',*,*,#5895,.F.);
#4353=ORIENTED_EDGE('',*,*,#5880,.F.);
#4354=ORIENTED_EDGE('',*,*,#5878,.T.);
#4355=ORIENTED_EDGE('',*,*,#5908,.T.);
#4356=ORIENTED_EDGE('',*,*,#5879,.F.);
#4357=ORIENTED_EDGE('',*,*,#5880,.T.);
#4358=ORIENTED_EDGE('',*,*,#6081,.F.);
#4359=ORIENTED_EDGE('',*,*,#6089,.F.);
#4360=ORIENTED_EDGE('',*,*,#5904,.F.);
#4361=ORIENTED_EDGE('',*,*,#5903,.T.);
#4362=ORIENTED_EDGE('',*,*,#5933,.T.);
#4363=ORIENTED_EDGE('',*,*,#5919,.T.);
#4364=ORIENTED_EDGE('',*,*,#5933,.F.);
#4365=ORIENTED_EDGE('',*,*,#5918,.F.);
#4366=ORIENTED_EDGE('',*,*,#5753,.F.);
#4367=ORIENTED_EDGE('',*,*,#5754,.T.);
#4368=ORIENTED_EDGE('',*,*,#5935,.F.);
#4369=ORIENTED_EDGE('',*,*,#5763,.T.);
#4370=ORIENTED_EDGE('',*,*,#5754,.F.);
#4371=ORIENTED_EDGE('',*,*,#5752,.T.);
#4372=ORIENTED_EDGE('',*,*,#5937,.F.);
#4373=ORIENTED_EDGE('',*,*,#5763,.F.);
#4374=ORIENTED_EDGE('',*,*,#5764,.T.);
#4375=ORIENTED_EDGE('',*,*,#5764,.F.);
#4376=ORIENTED_EDGE('',*,*,#5765,.T.);
#4377=ORIENTED_EDGE('',*,*,#5959,.F.);
#4378=ORIENTED_EDGE('',*,*,#5761,.T.);
#4379=ORIENTED_EDGE('',*,*,#5765,.F.);
#4380=ORIENTED_EDGE('',*,*,#5759,.F.);
#4381=ORIENTED_EDGE('',*,*,#5762,.T.);
#4382=ORIENTED_EDGE('',*,*,#5961,.F.);
#4383=ORIENTED_EDGE('',*,*,#5761,.F.);
#4384=ORIENTED_EDGE('',*,*,#5984,.F.);
#4385=ORIENTED_EDGE('',*,*,#5762,.F.);
#4386=ORIENTED_EDGE('',*,*,#5760,.T.);
#4387=ORIENTED_EDGE('',*,*,#5772,.T.);
#4388=ORIENTED_EDGE('',*,*,#5920,.F.);
#4389=ORIENTED_EDGE('',*,*,#5913,.F.);
#4390=ORIENTED_EDGE('',*,*,#5916,.T.);
#4391=ORIENTED_EDGE('',*,*,#5928,.T.);
#4392=ORIENTED_EDGE('',*,*,#5957,.T.);
#4393=ORIENTED_EDGE('',*,*,#6097,.T.);
#4394=ORIENTED_EDGE('',*,*,#5929,.F.);
#4395=ORIENTED_EDGE('',*,*,#5915,.T.);
#4396=ORIENTED_EDGE('',*,*,#5929,.T.);
#4397=ORIENTED_EDGE('',*,*,#6095,.F.);
#4398=ORIENTED_EDGE('',*,*,#5916,.F.);
#4399=ORIENTED_EDGE('',*,*,#5938,.F.);
#4400=ORIENTED_EDGE('',*,*,#5941,.T.);
#4401=ORIENTED_EDGE('',*,*,#6101,.T.);
#4402=ORIENTED_EDGE('',*,*,#5944,.F.);
#4403=ORIENTED_EDGE('',*,*,#5953,.F.);
#4404=ORIENTED_EDGE('',*,*,#5952,.T.);
#4405=ORIENTED_EDGE('',*,*,#5981,.T.);
#4406=ORIENTED_EDGE('',*,*,#5940,.T.);
#4407=ORIENTED_EDGE('',*,*,#5953,.T.);
#4408=ORIENTED_EDGE('',*,*,#6102,.F.);
#4409=ORIENTED_EDGE('',*,*,#5941,.F.);
#4410=ORIENTED_EDGE('',*,*,#5943,.F.);
#4411=ORIENTED_EDGE('',*,*,#5944,.T.);
#4412=ORIENTED_EDGE('',*,*,#6098,.F.);
#4413=ORIENTED_EDGE('',*,*,#5957,.F.);
#4414=ORIENTED_EDGE('',*,*,#5986,.F.);
#4415=ORIENTED_EDGE('',*,*,#5772,.F.);
#4416=ORIENTED_EDGE('',*,*,#5773,.T.);
#4417=ORIENTED_EDGE('',*,*,#5771,.T.);
#4418=ORIENTED_EDGE('',*,*,#5775,.T.);
#4419=ORIENTED_EDGE('',*,*,#6009,.F.);
#4420=ORIENTED_EDGE('',*,*,#5773,.F.);
#4421=ORIENTED_EDGE('',*,*,#6011,.F.);
#4422=ORIENTED_EDGE('',*,*,#5775,.F.);
#4423=ORIENTED_EDGE('',*,*,#5776,.T.);
#4424=ORIENTED_EDGE('',*,*,#5737,.F.);
#4425=ORIENTED_EDGE('',*,*,#5738,.T.);
#4426=ORIENTED_EDGE('',*,*,#5811,.T.);
#4427=ORIENTED_EDGE('',*,*,#5778,.F.);
#4428=ORIENTED_EDGE('',*,*,#5774,.T.);
#4429=ORIENTED_EDGE('',*,*,#5777,.T.);
#4430=ORIENTED_EDGE('',*,*,#6033,.F.);
#4431=ORIENTED_EDGE('',*,*,#5776,.F.);
#4432=ORIENTED_EDGE('',*,*,#5962,.F.);
#4433=ORIENTED_EDGE('',*,*,#5965,.T.);
#4434=ORIENTED_EDGE('',*,*,#6108,.T.);
#4435=ORIENTED_EDGE('',*,*,#5968,.F.);
#4436=ORIENTED_EDGE('',*,*,#5976,.T.);
#4437=ORIENTED_EDGE('',*,*,#6007,.T.);
#4438=ORIENTED_EDGE('',*,*,#6113,.T.);
#4439=ORIENTED_EDGE('',*,*,#5977,.F.);
#4440=ORIENTED_EDGE('',*,*,#5964,.T.);
#4441=ORIENTED_EDGE('',*,*,#5977,.T.);
#4442=ORIENTED_EDGE('',*,*,#6109,.F.);
#4443=ORIENTED_EDGE('',*,*,#5965,.F.);
#4444=ORIENTED_EDGE('',*,*,#6035,.F.);
#4445=ORIENTED_EDGE('',*,*,#5777,.F.);
#4446=ORIENTED_EDGE('',*,*,#5778,.T.);
#4447=ORIENTED_EDGE('',*,*,#5982,.F.);
#4448=ORIENTED_EDGE('',*,*,#5967,.F.);
#4449=ORIENTED_EDGE('',*,*,#5968,.T.);
#4450=ORIENTED_EDGE('',*,*,#6003,.T.);
#4451=ORIENTED_EDGE('',*,*,#5990,.F.);
#4452=ORIENTED_EDGE('',*,*,#5989,.T.);
#4453=ORIENTED_EDGE('',*,*,#5994,.F.);
#4454=ORIENTED_EDGE('',*,*,#5987,.F.);
#4455=ORIENTED_EDGE('',*,*,#5991,.T.);
#4456=ORIENTED_EDGE('',*,*,#5993,.F.);
#4457=ORIENTED_EDGE('',*,*,#5994,.T.);
#4458=ORIENTED_EDGE('',*,*,#6114,.F.);
#4459=ORIENTED_EDGE('',*,*,#6007,.F.);
#4460=ORIENTED_EDGE('',*,*,#5981,.F.);
#4461=ORIENTED_EDGE('',*,*,#5982,.T.);
#4462=ORIENTED_EDGE('',*,*,#6106,.F.);
#4463=ORIENTED_EDGE('',*,*,#5990,.T.);
#4464=ORIENTED_EDGE('',*,*,#6117,.T.);
#4465=ORIENTED_EDGE('',*,*,#5991,.F.);
#4466=ORIENTED_EDGE('',*,*,#6118,.F.);
#4467=ORIENTED_EDGE('',*,*,#6003,.F.);
#4468=ORIENTED_EDGE('',*,*,#6002,.T.);
#4469=ORIENTED_EDGE('',*,*,#6031,.T.);
#4470=ORIENTED_EDGE('',*,*,#6017,.F.);
#4471=ORIENTED_EDGE('',*,*,#6018,.T.);
#4472=ORIENTED_EDGE('',*,*,#6121,.F.);
#4473=ORIENTED_EDGE('',*,*,#6031,.F.);
#4474=ORIENTED_EDGE('',*,*,#6012,.F.);
#4475=ORIENTED_EDGE('',*,*,#6015,.T.);
#4476=ORIENTED_EDGE('',*,*,#6123,.F.);
#4477=ORIENTED_EDGE('',*,*,#6018,.F.);
#4478=ORIENTED_EDGE('',*,*,#6027,.F.);
#4479=ORIENTED_EDGE('',*,*,#6026,.T.);
#4480=ORIENTED_EDGE('',*,*,#6047,.T.);
#4481=ORIENTED_EDGE('',*,*,#6036,.F.);
#4482=ORIENTED_EDGE('',*,*,#6038,.T.);
#4483=ORIENTED_EDGE('',*,*,#6130,.T.);
#4484=ORIENTED_EDGE('',*,*,#6041,.F.);
#4485=ORIENTED_EDGE('',*,*,#6048,.F.);
#4486=ORIENTED_EDGE('',*,*,#6040,.F.);
#4487=ORIENTED_EDGE('',*,*,#6041,.T.);
#4488=ORIENTED_EDGE('',*,*,#6014,.T.);
#4489=ORIENTED_EDGE('',*,*,#6027,.T.);
#4490=ORIENTED_EDGE('',*,*,#6126,.F.);
#4491=ORIENTED_EDGE('',*,*,#6015,.F.);
#4492=ORIENTED_EDGE('',*,*,#6048,.T.);
#4493=ORIENTED_EDGE('',*,*,#6128,.F.);
#4494=ORIENTED_EDGE('',*,*,#6047,.F.);
#4495=ORIENTED_EDGE('',*,*,#6065,.T.);
#4496=ORIENTED_EDGE('',*,*,#6038,.F.);
#4497=ORIENTED_EDGE('',*,*,#5802,.F.);
#4498=ORIENTED_EDGE('',*,*,#5803,.T.);
#4499=ORIENTED_EDGE('',*,*,#5919,.F.);
#4500=ORIENTED_EDGE('',*,*,#5920,.T.);
#4501=ORIENTED_EDGE('',*,*,#6093,.F.);
#4502=ORIENTED_EDGE('',*,*,#6134,.T.);
#4503=ORIENTED_EDGE('',*,*,#6138,.T.);
#4504=ORIENTED_EDGE('',*,*,#6141,.T.);
#4505=ORIENTED_EDGE('',*,*,#6135,.F.);
#4506=ORIENTED_EDGE('',*,*,#6139,.T.);
#4507=ORIENTED_EDGE('',*,*,#6144,.T.);
#4508=ORIENTED_EDGE('',*,*,#6142,.F.);
#4509=ORIENTED_EDGE('',*,*,#6138,.F.);
#4510=ORIENTED_EDGE('',*,*,#6148,.T.);
#4511=ORIENTED_EDGE('',*,*,#6145,.F.);
#4512=ORIENTED_EDGE('',*,*,#6139,.F.);
#4513=ORIENTED_EDGE('',*,*,#6140,.T.);
#4514=ORIENTED_EDGE('',*,*,#6134,.F.);
#4515=ORIENTED_EDGE('',*,*,#6136,.T.);
#4516=ORIENTED_EDGE('',*,*,#6149,.F.);
#4517=ORIENTED_EDGE('',*,*,#6140,.F.);
#4518=ORIENTED_EDGE('',*,*,#6155,.T.);
#4519=ORIENTED_EDGE('',*,*,#6151,.F.);
#4520=ORIENTED_EDGE('',*,*,#6148,.F.);
#4521=ORIENTED_EDGE('',*,*,#6150,.T.);
#4522=ORIENTED_EDGE('',*,*,#6156,.F.);
#4523=ORIENTED_EDGE('',*,*,#6150,.F.);
#4524=ORIENTED_EDGE('',*,*,#6149,.T.);
#4525=ORIENTED_EDGE('',*,*,#6153,.T.);
#4526=ORIENTED_EDGE('',*,*,#6159,.T.);
#4527=ORIENTED_EDGE('',*,*,#6163,.T.);
#4528=ORIENTED_EDGE('',*,*,#6165,.T.);
#4529=ORIENTED_EDGE('',*,*,#6160,.F.);
#4530=ORIENTED_EDGE('',*,*,#6137,.F.);
#4531=ORIENTED_EDGE('',*,*,#6135,.T.);
#4532=ORIENTED_EDGE('',*,*,#6143,.T.);
#4533=ORIENTED_EDGE('',*,*,#6163,.F.);
#4534=ORIENTED_EDGE('',*,*,#6154,.F.);
#4535=ORIENTED_EDGE('',*,*,#6136,.F.);
#4536=ORIENTED_EDGE('',*,*,#6137,.T.);
#4537=ORIENTED_EDGE('',*,*,#6164,.T.);
#4538=ORIENTED_EDGE('',*,*,#6159,.F.);
#4539=ORIENTED_EDGE('',*,*,#6161,.T.);
#4540=ORIENTED_EDGE('',*,*,#6167,.F.);
#4541=ORIENTED_EDGE('',*,*,#6164,.F.);
#4542=ORIENTED_EDGE('',*,*,#6158,.F.);
#4543=ORIENTED_EDGE('',*,*,#6153,.F.);
#4544=ORIENTED_EDGE('',*,*,#6154,.T.);
#4545=ORIENTED_EDGE('',*,*,#6168,.T.);
#4546=ORIENTED_EDGE('',*,*,#6171,.F.);
#4547=ORIENTED_EDGE('',*,*,#6168,.F.);
#4548=ORIENTED_EDGE('',*,*,#6167,.T.);
#4549=ORIENTED_EDGE('',*,*,#6169,.T.);
#4550=ORIENTED_EDGE('',*,*,#6173,.T.);
#4551=ORIENTED_EDGE('',*,*,#6177,.T.);
#4552=ORIENTED_EDGE('',*,*,#6179,.T.);
#4553=ORIENTED_EDGE('',*,*,#6174,.F.);
#4554=ORIENTED_EDGE('',*,*,#6162,.F.);
#4555=ORIENTED_EDGE('',*,*,#6160,.T.);
#4556=ORIENTED_EDGE('',*,*,#6166,.T.);
#4557=ORIENTED_EDGE('',*,*,#6177,.F.);
#4558=ORIENTED_EDGE('',*,*,#6170,.F.);
#4559=ORIENTED_EDGE('',*,*,#6161,.F.);
#4560=ORIENTED_EDGE('',*,*,#6162,.T.);
#4561=ORIENTED_EDGE('',*,*,#6178,.T.);
#4562=ORIENTED_EDGE('',*,*,#6173,.F.);
#4563=ORIENTED_EDGE('',*,*,#6175,.T.);
#4564=ORIENTED_EDGE('',*,*,#6181,.F.);
#4565=ORIENTED_EDGE('',*,*,#6178,.F.);
#4566=ORIENTED_EDGE('',*,*,#6172,.F.);
#4567=ORIENTED_EDGE('',*,*,#6169,.F.);
#4568=ORIENTED_EDGE('',*,*,#6170,.T.);
#4569=ORIENTED_EDGE('',*,*,#6182,.T.);
#4570=ORIENTED_EDGE('',*,*,#6185,.F.);
#4571=ORIENTED_EDGE('',*,*,#6182,.F.);
#4572=ORIENTED_EDGE('',*,*,#6181,.T.);
#4573=ORIENTED_EDGE('',*,*,#6183,.T.);
#4574=ORIENTED_EDGE('',*,*,#6187,.T.);
#4575=ORIENTED_EDGE('',*,*,#6191,.T.);
#4576=ORIENTED_EDGE('',*,*,#6193,.T.);
#4577=ORIENTED_EDGE('',*,*,#6188,.F.);
#4578=ORIENTED_EDGE('',*,*,#6176,.F.);
#4579=ORIENTED_EDGE('',*,*,#6174,.T.);
#4580=ORIENTED_EDGE('',*,*,#6180,.T.);
#4581=ORIENTED_EDGE('',*,*,#6191,.F.);
#4582=ORIENTED_EDGE('',*,*,#6184,.F.);
#4583=ORIENTED_EDGE('',*,*,#6175,.F.);
#4584=ORIENTED_EDGE('',*,*,#6176,.T.);
#4585=ORIENTED_EDGE('',*,*,#6192,.T.);
#4586=ORIENTED_EDGE('',*,*,#6187,.F.);
#4587=ORIENTED_EDGE('',*,*,#6189,.T.);
#4588=ORIENTED_EDGE('',*,*,#6195,.F.);
#4589=ORIENTED_EDGE('',*,*,#6192,.F.);
#4590=ORIENTED_EDGE('',*,*,#6186,.F.);
#4591=ORIENTED_EDGE('',*,*,#6183,.F.);
#4592=ORIENTED_EDGE('',*,*,#6184,.T.);
#4593=ORIENTED_EDGE('',*,*,#6196,.T.);
#4594=ORIENTED_EDGE('',*,*,#6199,.F.);
#4595=ORIENTED_EDGE('',*,*,#6196,.F.);
#4596=ORIENTED_EDGE('',*,*,#6195,.T.);
#4597=ORIENTED_EDGE('',*,*,#6197,.T.);
#4598=ORIENTED_EDGE('',*,*,#6201,.T.);
#4599=ORIENTED_EDGE('',*,*,#6205,.T.);
#4600=ORIENTED_EDGE('',*,*,#6207,.T.);
#4601=ORIENTED_EDGE('',*,*,#6202,.F.);
#4602=ORIENTED_EDGE('',*,*,#6190,.F.);
#4603=ORIENTED_EDGE('',*,*,#6188,.T.);
#4604=ORIENTED_EDGE('',*,*,#6194,.T.);
#4605=ORIENTED_EDGE('',*,*,#6205,.F.);
#4606=ORIENTED_EDGE('',*,*,#6198,.F.);
#4607=ORIENTED_EDGE('',*,*,#6189,.F.);
#4608=ORIENTED_EDGE('',*,*,#6190,.T.);
#4609=ORIENTED_EDGE('',*,*,#6206,.T.);
#4610=ORIENTED_EDGE('',*,*,#6201,.F.);
#4611=ORIENTED_EDGE('',*,*,#6203,.T.);
#4612=ORIENTED_EDGE('',*,*,#6209,.F.);
#4613=ORIENTED_EDGE('',*,*,#6206,.F.);
#4614=ORIENTED_EDGE('',*,*,#6200,.F.);
#4615=ORIENTED_EDGE('',*,*,#6197,.F.);
#4616=ORIENTED_EDGE('',*,*,#6198,.T.);
#4617=ORIENTED_EDGE('',*,*,#6210,.T.);
#4618=ORIENTED_EDGE('',*,*,#6213,.F.);
#4619=ORIENTED_EDGE('',*,*,#6210,.F.);
#4620=ORIENTED_EDGE('',*,*,#6209,.T.);
#4621=ORIENTED_EDGE('',*,*,#6211,.T.);
#4622=ORIENTED_EDGE('',*,*,#6146,.T.);
#4623=ORIENTED_EDGE('',*,*,#6215,.T.);
#4624=ORIENTED_EDGE('',*,*,#6147,.F.);
#4625=ORIENTED_EDGE('',*,*,#6144,.F.);
#4626=ORIENTED_EDGE('',*,*,#6204,.F.);
#4627=ORIENTED_EDGE('',*,*,#6202,.T.);
#4628=ORIENTED_EDGE('',*,*,#6208,.T.);
#4629=ORIENTED_EDGE('',*,*,#6215,.F.);
#4630=ORIENTED_EDGE('',*,*,#6212,.F.);
#4631=ORIENTED_EDGE('',*,*,#6203,.F.);
#4632=ORIENTED_EDGE('',*,*,#6204,.T.);
#4633=ORIENTED_EDGE('',*,*,#6216,.T.);
#4634=ORIENTED_EDGE('',*,*,#6146,.F.);
#4635=ORIENTED_EDGE('',*,*,#6145,.T.);
#4636=ORIENTED_EDGE('',*,*,#6152,.T.);
#4637=ORIENTED_EDGE('',*,*,#6216,.F.);
#4638=ORIENTED_EDGE('',*,*,#6214,.F.);
#4639=ORIENTED_EDGE('',*,*,#6211,.F.);
#4640=ORIENTED_EDGE('',*,*,#6212,.T.);
#4641=ORIENTED_EDGE('',*,*,#6217,.T.);
#4642=ORIENTED_EDGE('',*,*,#6157,.T.);
#4643=ORIENTED_EDGE('',*,*,#6217,.F.);
#4644=ORIENTED_EDGE('',*,*,#6152,.F.);
#4645=ORIENTED_EDGE('',*,*,#6151,.T.);
#4646=ORIENTED_EDGE('',*,*,#6066,.F.);
#4647=ORIENTED_EDGE('',*,*,#6054,.F.);
#4648=ORIENTED_EDGE('',*,*,#6055,.T.);
#4649=ORIENTED_EDGE('',*,*,#6055,.F.);
#4650=ORIENTED_EDGE('',*,*,#6050,.F.);
#4651=ORIENTED_EDGE('',*,*,#6053,.T.);
#4652=ORIENTED_EDGE('',*,*,#6057,.F.);
#4653=ORIENTED_EDGE('',*,*,#6056,.T.);
#4654=ORIENTED_EDGE('',*,*,#6059,.T.);
#4655=ORIENTED_EDGE('',*,*,#6059,.F.);
#4656=ORIENTED_EDGE('',*,*,#6058,.T.);
#4657=ORIENTED_EDGE('',*,*,#6063,.T.);
#4658=ORIENTED_EDGE('',*,*,#6052,.F.);
#4659=ORIENTED_EDGE('',*,*,#6051,.T.);
#4660=ORIENTED_EDGE('',*,*,#6057,.T.);
#4661=ORIENTED_EDGE('',*,*,#6053,.F.);
#4662=ORIENTED_EDGE('',*,*,#6052,.T.);
#4663=ORIENTED_EDGE('',*,*,#6142,.T.);
#4664=ORIENTED_EDGE('',*,*,#6064,.F.);
#4665=ORIENTED_EDGE('',*,*,#6060,.F.);
#4666=ORIENTED_EDGE('',*,*,#6062,.T.);
#4667=ORIENTED_EDGE('',*,*,#6063,.F.);
#4668=ORIENTED_EDGE('',*,*,#6064,.T.);
#4669=ORIENTED_EDGE('',*,*,#6141,.F.);
#4670=ORIENTED_EDGE('',*,*,#6069,.T.);
#4671=ORIENTED_EDGE('',*,*,#6071,.F.);
#4672=ORIENTED_EDGE('',*,*,#6067,.F.);
#4673=ORIENTED_EDGE('',*,*,#6061,.T.);
#4674=ORIENTED_EDGE('',*,*,#6071,.T.);
#4675=ORIENTED_EDGE('',*,*,#6062,.F.);
#4676=ORIENTED_EDGE('',*,*,#6143,.F.);
#4677=ORIENTED_EDGE('',*,*,#6069,.F.);
#4678=ORIENTED_EDGE('',*,*,#6070,.T.);
#4679=ORIENTED_EDGE('',*,*,#6078,.F.);
#4680=ORIENTED_EDGE('',*,*,#6076,.F.);
#4681=ORIENTED_EDGE('',*,*,#6077,.T.);
#4682=ORIENTED_EDGE('',*,*,#6077,.F.);
#4683=ORIENTED_EDGE('',*,*,#6072,.F.);
#4684=ORIENTED_EDGE('',*,*,#6074,.T.);
#4685=ORIENTED_EDGE('',*,*,#6080,.F.);
#4686=ORIENTED_EDGE('',*,*,#6079,.T.);
#4687=ORIENTED_EDGE('',*,*,#6082,.T.);
#4688=ORIENTED_EDGE('',*,*,#6082,.F.);
#4689=ORIENTED_EDGE('',*,*,#6081,.T.);
#4690=ORIENTED_EDGE('',*,*,#6086,.T.);
#4691=ORIENTED_EDGE('',*,*,#6075,.F.);
#4692=ORIENTED_EDGE('',*,*,#6073,.T.);
#4693=ORIENTED_EDGE('',*,*,#6080,.T.);
#4694=ORIENTED_EDGE('',*,*,#6074,.F.);
#4695=ORIENTED_EDGE('',*,*,#6075,.T.);
#4696=ORIENTED_EDGE('',*,*,#6165,.F.);
#4697=ORIENTED_EDGE('',*,*,#6087,.F.);
#4698=ORIENTED_EDGE('',*,*,#6083,.F.);
#4699=ORIENTED_EDGE('',*,*,#6085,.T.);
#4700=ORIENTED_EDGE('',*,*,#6086,.F.);
#4701=ORIENTED_EDGE('',*,*,#6087,.T.);
#4702=ORIENTED_EDGE('',*,*,#6166,.F.);
#4703=ORIENTED_EDGE('',*,*,#6092,.F.);
#4704=ORIENTED_EDGE('',*,*,#6088,.F.);
#4705=ORIENTED_EDGE('',*,*,#6090,.T.);
#4706=ORIENTED_EDGE('',*,*,#6094,.T.);
#4707=ORIENTED_EDGE('',*,*,#6091,.F.);
#4708=ORIENTED_EDGE('',*,*,#6089,.T.);
#4709=ORIENTED_EDGE('',*,*,#6090,.F.);
#4710=ORIENTED_EDGE('',*,*,#6091,.T.);
#4711=ORIENTED_EDGE('',*,*,#6179,.F.);
#4712=ORIENTED_EDGE('',*,*,#6084,.T.);
#4713=ORIENTED_EDGE('',*,*,#6092,.T.);
#4714=ORIENTED_EDGE('',*,*,#6085,.F.);
#4715=ORIENTED_EDGE('',*,*,#6068,.T.);
#4716=ORIENTED_EDGE('',*,*,#6078,.T.);
#4717=ORIENTED_EDGE('',*,*,#6070,.F.);
#4718=ORIENTED_EDGE('',*,*,#5080,.T.);
#4719=ORIENTED_EDGE('',*,*,#5082,.F.);
#4720=ORIENTED_EDGE('',*,*,#5078,.F.);
#4721=ORIENTED_EDGE('',*,*,#5081,.F.);
#4722=ORIENTED_EDGE('',*,*,#5082,.T.);
#4723=ORIENTED_EDGE('',*,*,#5085,.F.);
#4724=ORIENTED_EDGE('',*,*,#5087,.F.);
#4725=ORIENTED_EDGE('',*,*,#5083,.F.);
#4726=ORIENTED_EDGE('',*,*,#5084,.T.);
#4727=ORIENTED_EDGE('',*,*,#6155,.F.);
#4728=ORIENTED_EDGE('',*,*,#5084,.F.);
#4729=ORIENTED_EDGE('',*,*,#5085,.T.);
#4730=ORIENTED_EDGE('',*,*,#6156,.T.);
#4731=ORIENTED_EDGE('',*,*,#5091,.F.);
#4732=ORIENTED_EDGE('',*,*,#5088,.F.);
#4733=ORIENTED_EDGE('',*,*,#5089,.T.);
#4734=ORIENTED_EDGE('',*,*,#5089,.F.);
#4735=ORIENTED_EDGE('',*,*,#5086,.F.);
#4736=ORIENTED_EDGE('',*,*,#5087,.T.);
#4737=ORIENTED_EDGE('',*,*,#5095,.F.);
#4738=ORIENTED_EDGE('',*,*,#5092,.F.);
#4739=ORIENTED_EDGE('',*,*,#5093,.T.);
#4740=ORIENTED_EDGE('',*,*,#5098,.T.);
#4741=ORIENTED_EDGE('',*,*,#5100,.F.);
#4742=ORIENTED_EDGE('',*,*,#5096,.F.);
#4743=ORIENTED_EDGE('',*,*,#5094,.F.);
#4744=ORIENTED_EDGE('',*,*,#5095,.T.);
#4745=ORIENTED_EDGE('',*,*,#5097,.F.);
#4746=ORIENTED_EDGE('',*,*,#5090,.F.);
#4747=ORIENTED_EDGE('',*,*,#5091,.T.);
#4748=ORIENTED_EDGE('',*,*,#5093,.F.);
#4749=ORIENTED_EDGE('',*,*,#5098,.F.);
#4750=ORIENTED_EDGE('',*,*,#5097,.T.);
#4751=ORIENTED_EDGE('',*,*,#6158,.T.);
#4752=ORIENTED_EDGE('',*,*,#5102,.T.);
#4753=ORIENTED_EDGE('',*,*,#5104,.F.);
#4754=ORIENTED_EDGE('',*,*,#5101,.F.);
#4755=ORIENTED_EDGE('',*,*,#5105,.F.);
#4756=ORIENTED_EDGE('',*,*,#5104,.T.);
#4757=ORIENTED_EDGE('',*,*,#6171,.T.);
#4758=ORIENTED_EDGE('',*,*,#5100,.T.);
#4759=ORIENTED_EDGE('',*,*,#5102,.F.);
#4760=ORIENTED_EDGE('',*,*,#5099,.F.);
#4761=ORIENTED_EDGE('',*,*,#6185,.T.);
#4762=ORIENTED_EDGE('',*,*,#5117,.F.);
#4763=ORIENTED_EDGE('',*,*,#5114,.F.);
#4764=ORIENTED_EDGE('',*,*,#5115,.T.);
#4765=ORIENTED_EDGE('',*,*,#5103,.F.);
#4766=ORIENTED_EDGE('',*,*,#5105,.T.);
#4767=ORIENTED_EDGE('',*,*,#5107,.F.);
#4768=ORIENTED_EDGE('',*,*,#6172,.T.);
#4769=ORIENTED_EDGE('',*,*,#5111,.F.);
#4770=ORIENTED_EDGE('',*,*,#5108,.F.);
#4771=ORIENTED_EDGE('',*,*,#5109,.T.);
#4772=ORIENTED_EDGE('',*,*,#5109,.F.);
#4773=ORIENTED_EDGE('',*,*,#5106,.F.);
#4774=ORIENTED_EDGE('',*,*,#5107,.T.);
#4775=ORIENTED_EDGE('',*,*,#5115,.F.);
#4776=ORIENTED_EDGE('',*,*,#5112,.F.);
#4777=ORIENTED_EDGE('',*,*,#5113,.T.);
#4778=ORIENTED_EDGE('',*,*,#5117,.T.);
#4779=ORIENTED_EDGE('',*,*,#5119,.F.);
#4780=ORIENTED_EDGE('',*,*,#5116,.F.);
#4781=ORIENTED_EDGE('',*,*,#5110,.F.);
#4782=ORIENTED_EDGE('',*,*,#5111,.T.);
#4783=ORIENTED_EDGE('',*,*,#5113,.F.);
#4784=ORIENTED_EDGE('',*,*,#6094,.F.);
#4785=ORIENTED_EDGE('',*,*,#6093,.T.);
#4786=ORIENTED_EDGE('',*,*,#6096,.T.);
#4787=ORIENTED_EDGE('',*,*,#6180,.F.);
#4788=ORIENTED_EDGE('',*,*,#6100,.F.);
#4789=ORIENTED_EDGE('',*,*,#6097,.F.);
#4790=ORIENTED_EDGE('',*,*,#6099,.T.);
#4791=ORIENTED_EDGE('',*,*,#6105,.F.);
#4792=ORIENTED_EDGE('',*,*,#6101,.F.);
#4793=ORIENTED_EDGE('',*,*,#6103,.T.);
#4794=ORIENTED_EDGE('',*,*,#6104,.F.);
#4795=ORIENTED_EDGE('',*,*,#6102,.T.);
#4796=ORIENTED_EDGE('',*,*,#6107,.T.);
#4797=ORIENTED_EDGE('',*,*,#6099,.F.);
#4798=ORIENTED_EDGE('',*,*,#6098,.T.);
#4799=ORIENTED_EDGE('',*,*,#6105,.T.);
#4800=ORIENTED_EDGE('',*,*,#6103,.F.);
#4801=ORIENTED_EDGE('',*,*,#6104,.T.);
#4802=ORIENTED_EDGE('',*,*,#6193,.F.);
#4803=ORIENTED_EDGE('',*,*,#6112,.T.);
#4804=ORIENTED_EDGE('',*,*,#6107,.F.);
#4805=ORIENTED_EDGE('',*,*,#6106,.T.);
#4806=ORIENTED_EDGE('',*,*,#6110,.T.);
#4807=ORIENTED_EDGE('',*,*,#6112,.F.);
#4808=ORIENTED_EDGE('',*,*,#6108,.F.);
#4809=ORIENTED_EDGE('',*,*,#6111,.F.);
#4810=ORIENTED_EDGE('',*,*,#6109,.T.);
#4811=ORIENTED_EDGE('',*,*,#6116,.T.);
#4812=ORIENTED_EDGE('',*,*,#6115,.T.);
#4813=ORIENTED_EDGE('',*,*,#6116,.F.);
#4814=ORIENTED_EDGE('',*,*,#6113,.F.);
#4815=ORIENTED_EDGE('',*,*,#6110,.F.);
#4816=ORIENTED_EDGE('',*,*,#6111,.T.);
#4817=ORIENTED_EDGE('',*,*,#6194,.F.);
#4818=ORIENTED_EDGE('',*,*,#6207,.F.);
#4819=ORIENTED_EDGE('',*,*,#6120,.F.);
#4820=ORIENTED_EDGE('',*,*,#6117,.F.);
#4821=ORIENTED_EDGE('',*,*,#6119,.T.);
#4822=ORIENTED_EDGE('',*,*,#6122,.F.);
#4823=ORIENTED_EDGE('',*,*,#6121,.T.);
#4824=ORIENTED_EDGE('',*,*,#6124,.T.);
#4825=ORIENTED_EDGE('',*,*,#6125,.F.);
#4826=ORIENTED_EDGE('',*,*,#6123,.T.);
#4827=ORIENTED_EDGE('',*,*,#6127,.T.);
#4828=ORIENTED_EDGE('',*,*,#6119,.F.);
#4829=ORIENTED_EDGE('',*,*,#6118,.T.);
#4830=ORIENTED_EDGE('',*,*,#6122,.T.);
#4831=ORIENTED_EDGE('',*,*,#6124,.F.);
#4832=ORIENTED_EDGE('',*,*,#6125,.T.);
#4833=ORIENTED_EDGE('',*,*,#6208,.F.);
#4834=ORIENTED_EDGE('',*,*,#6129,.T.);
#4835=ORIENTED_EDGE('',*,*,#6127,.F.);
#4836=ORIENTED_EDGE('',*,*,#6126,.T.);
#4837=ORIENTED_EDGE('',*,*,#6133,.T.);
#4838=ORIENTED_EDGE('',*,*,#6129,.F.);
#4839=ORIENTED_EDGE('',*,*,#6128,.T.);
#4840=ORIENTED_EDGE('',*,*,#6132,.F.);
#4841=ORIENTED_EDGE('',*,*,#6130,.F.);
#4842=ORIENTED_EDGE('',*,*,#6131,.T.);
#4843=ORIENTED_EDGE('',*,*,#6065,.F.);
#4844=ORIENTED_EDGE('',*,*,#6066,.T.);
#4845=ORIENTED_EDGE('',*,*,#6131,.F.);
#4846=ORIENTED_EDGE('',*,*,#6133,.F.);
#4847=ORIENTED_EDGE('',*,*,#6132,.T.);
#4848=ORIENTED_EDGE('',*,*,#6147,.T.);
#4849=ORIENTED_EDGE('',*,*,#6114,.T.);
#4850=ORIENTED_EDGE('',*,*,#6120,.T.);
#4851=ORIENTED_EDGE('',*,*,#6115,.F.);
#4852=ORIENTED_EDGE('',*,*,#5121,.T.);
#4853=ORIENTED_EDGE('',*,*,#5123,.F.);
#4854=ORIENTED_EDGE('',*,*,#5120,.F.);
#4855=ORIENTED_EDGE('',*,*,#6186,.T.);
#4856=ORIENTED_EDGE('',*,*,#5125,.F.);
#4857=ORIENTED_EDGE('',*,*,#5122,.F.);
#4858=ORIENTED_EDGE('',*,*,#5123,.T.);
#4859=ORIENTED_EDGE('',*,*,#5119,.T.);
#4860=ORIENTED_EDGE('',*,*,#5121,.F.);
#4861=ORIENTED_EDGE('',*,*,#5118,.F.);
#4862=ORIENTED_EDGE('',*,*,#6199,.T.);
#4863=ORIENTED_EDGE('',*,*,#5131,.F.);
#4864=ORIENTED_EDGE('',*,*,#5128,.F.);
#4865=ORIENTED_EDGE('',*,*,#5129,.T.);
#4866=ORIENTED_EDGE('',*,*,#6200,.T.);
#4867=ORIENTED_EDGE('',*,*,#5137,.F.);
#4868=ORIENTED_EDGE('',*,*,#5134,.F.);
#4869=ORIENTED_EDGE('',*,*,#5135,.T.);
#4870=ORIENTED_EDGE('',*,*,#5127,.F.);
#4871=ORIENTED_EDGE('',*,*,#5124,.F.);
#4872=ORIENTED_EDGE('',*,*,#5125,.T.);
#4873=ORIENTED_EDGE('',*,*,#5129,.F.);
#4874=ORIENTED_EDGE('',*,*,#5126,.F.);
#4875=ORIENTED_EDGE('',*,*,#5127,.T.);
#4876=ORIENTED_EDGE('',*,*,#5133,.F.);
#4877=ORIENTED_EDGE('',*,*,#5130,.F.);
#4878=ORIENTED_EDGE('',*,*,#5131,.T.);
#4879=ORIENTED_EDGE('',*,*,#5132,.F.);
#4880=ORIENTED_EDGE('',*,*,#5133,.T.);
#4881=ORIENTED_EDGE('',*,*,#5135,.F.);
#4882=ORIENTED_EDGE('',*,*,#5137,.T.);
#4883=ORIENTED_EDGE('',*,*,#5139,.F.);
#4884=ORIENTED_EDGE('',*,*,#5136,.F.);
#4885=ORIENTED_EDGE('',*,*,#5138,.F.);
#4886=ORIENTED_EDGE('',*,*,#5139,.T.);
#4887=ORIENTED_EDGE('',*,*,#5141,.F.);
#4888=ORIENTED_EDGE('',*,*,#5144,.F.);
#4889=ORIENTED_EDGE('',*,*,#5140,.F.);
#4890=ORIENTED_EDGE('',*,*,#5142,.T.);
#4891=ORIENTED_EDGE('',*,*,#5143,.F.);
#4892=ORIENTED_EDGE('',*,*,#5144,.T.);
#4893=ORIENTED_EDGE('',*,*,#5146,.F.);
#4894=ORIENTED_EDGE('',*,*,#6214,.T.);
#4895=ORIENTED_EDGE('',*,*,#5150,.F.);
#4896=ORIENTED_EDGE('',*,*,#5147,.F.);
#4897=ORIENTED_EDGE('',*,*,#5148,.T.);
#4898=ORIENTED_EDGE('',*,*,#5141,.T.);
#4899=ORIENTED_EDGE('',*,*,#6213,.T.);
#4900=ORIENTED_EDGE('',*,*,#5142,.F.);
#4901=ORIENTED_EDGE('',*,*,#6157,.F.);
#4902=ORIENTED_EDGE('',*,*,#5155,.F.);
#4903=ORIENTED_EDGE('',*,*,#5153,.F.);
#4904=ORIENTED_EDGE('',*,*,#5154,.T.);
#4905=ORIENTED_EDGE('',*,*,#5148,.F.);
#4906=ORIENTED_EDGE('',*,*,#5145,.F.);
#4907=ORIENTED_EDGE('',*,*,#5146,.T.);
#4908=ORIENTED_EDGE('',*,*,#5154,.F.);
#4909=ORIENTED_EDGE('',*,*,#5151,.F.);
#4910=ORIENTED_EDGE('',*,*,#5152,.T.);
#4911=ORIENTED_EDGE('',*,*,#5080,.F.);
#4912=ORIENTED_EDGE('',*,*,#5079,.T.);
#4913=ORIENTED_EDGE('',*,*,#5155,.T.);
#4914=ORIENTED_EDGE('',*,*,#5149,.F.);
#4915=ORIENTED_EDGE('',*,*,#5150,.T.);
#4916=ORIENTED_EDGE('',*,*,#5152,.F.);
#4917=ORIENTED_EDGE('',*,*,#6100,.T.);
#4918=ORIENTED_EDGE('',*,*,#6096,.F.);
#4919=ORIENTED_EDGE('',*,*,#6095,.T.);
#4920=EDGE_CURVE('',#7516,#7517,#6218,.T.);
#4921=EDGE_CURVE('',#7516,#7518,#6219,.T.);
#4922=EDGE_CURVE('',#7516,#7519,#6220,.T.);
#4923=EDGE_CURVE('',#7516,#7520,#6221,.T.);
#4924=EDGE_CURVE('',#7516,#7527,#6222,.T.);
#4925=EDGE_CURVE('',#7517,#7518,#6223,.T.);
#4926=EDGE_CURVE('',#7517,#7528,#6224,.T.);
#4927=EDGE_CURVE('',#7517,#7539,#6225,.T.);
#4928=EDGE_CURVE('',#7518,#7519,#6226,.T.);
#4929=EDGE_CURVE('',#7518,#7529,#6227,.T.);
#4930=EDGE_CURVE('',#7518,#7537,#6228,.T.);
#4931=EDGE_CURVE('',#7518,#7539,#6229,.T.);
#4932=EDGE_CURVE('',#7519,#7520,#6230,.T.);
#4933=EDGE_CURVE('',#7519,#7521,#6231,.T.);
#4934=EDGE_CURVE('',#7519,#7522,#6232,.T.);
#4935=EDGE_CURVE('',#7519,#7529,#6233,.T.);
#4936=EDGE_CURVE('',#7519,#7530,#6234,.T.);
#4937=EDGE_CURVE('',#7520,#7521,#6235,.T.);
#4938=EDGE_CURVE('',#7520,#7525,#6236,.T.);
#4939=EDGE_CURVE('',#7521,#7522,#6237,.T.);
#4940=EDGE_CURVE('',#7521,#7523,#6238,.T.);
#4941=EDGE_CURVE('',#7521,#7524,#6239,.T.);
#4942=EDGE_CURVE('',#7522,#7523,#6240,.T.);
#4943=EDGE_CURVE('',#7522,#7530,#6241,.T.);
#4944=EDGE_CURVE('',#7522,#7558,#6242,.T.);
#4945=EDGE_CURVE('',#7522,#7559,#6243,.T.);
#4946=EDGE_CURVE('',#7523,#7526,#6244,.T.);
#4947=EDGE_CURVE('',#7523,#7558,#6245,.T.);
#4948=EDGE_CURVE('',#7524,#7525,#6246,.T.);
#4949=EDGE_CURVE('',#7524,#7526,#6247,.T.);
#4950=EDGE_CURVE('',#7524,#7566,#6248,.T.);
#4951=EDGE_CURVE('',#7524,#7567,#6249,.T.);
#4952=EDGE_CURVE('',#7524,#7568,#6250,.T.);
#4953=EDGE_CURVE('',#7525,#7527,#6251,.T.);
#4954=EDGE_CURVE('',#7525,#7568,#6252,.T.);
#4955=EDGE_CURVE('',#7525,#7569,#6253,.T.);
#4956=EDGE_CURVE('',#7525,#7570,#6254,.T.);
#4957=EDGE_CURVE('',#7525,#7571,#6255,.T.);
#4958=EDGE_CURVE('',#7526,#7564,#6256,.T.);
#4959=EDGE_CURVE('',#7526,#7565,#6257,.T.);
#4960=EDGE_CURVE('',#7526,#7566,#6258,.T.);
#4961=EDGE_CURVE('',#7526,#7601,#6259,.T.);
#4962=EDGE_CURVE('',#7527,#7528,#6260,.T.);
#4963=EDGE_CURVE('',#7527,#7571,#6261,.T.);
#4964=EDGE_CURVE('',#7527,#7572,#6262,.T.);
#4965=EDGE_CURVE('',#7527,#7573,#6263,.T.);
#4966=EDGE_CURVE('',#7528,#7540,#6264,.T.);
#4967=EDGE_CURVE('',#7528,#7573,#6265,.T.);
#4968=EDGE_CURVE('',#7528,#7574,#6266,.T.);
#4969=EDGE_CURVE('',#7528,#7575,#6267,.T.);
#4970=EDGE_CURVE('',#7529,#7530,#6268,.T.);
#4971=EDGE_CURVE('',#7529,#7531,#6269,.T.);
#4972=EDGE_CURVE('',#7529,#7537,#6270,.T.);
#4973=EDGE_CURVE('',#7529,#7544,#6271,.T.);
#4974=EDGE_CURVE('',#7530,#7532,#6272,.T.);
#4975=EDGE_CURVE('',#7530,#7556,#6273,.T.);
#4976=EDGE_CURVE('',#7530,#7559,#6274,.T.);
#4977=EDGE_CURVE('',#7531,#7532,#6275,.T.);
#4978=EDGE_CURVE('',#7531,#7533,#6276,.T.);
#4979=EDGE_CURVE('',#7531,#7545,#6277,.T.);
#4980=EDGE_CURVE('',#7532,#7533,#6278,.T.);
#4981=EDGE_CURVE('',#7532,#7557,#6279,.T.);
#4982=EDGE_CURVE('',#7533,#7545,#6280,.T.);
#4983=EDGE_CURVE('',#7533,#7557,#6281,.T.);
#4984=EDGE_CURVE('',#7534,#7535,#6282,.T.);
#4985=EDGE_CURVE('',#7534,#7536,#6283,.T.);
#4986=EDGE_CURVE('',#7534,#7537,#6284,.T.);
#4987=EDGE_CURVE('',#7534,#7538,#6285,.T.);
#4988=EDGE_CURVE('',#7534,#7542,#6286,.T.);
#4989=EDGE_CURVE('',#7535,#7536,#6287,.T.);
#4990=EDGE_CURVE('',#7535,#7543,#6288,.T.);
#4991=EDGE_CURVE('',#7535,#7551,#6289,.T.);
#4992=EDGE_CURVE('',#7536,#7537,#6290,.T.);
#4993=EDGE_CURVE('',#7536,#7544,#6291,.T.);
#4994=EDGE_CURVE('',#7536,#7549,#6292,.T.);
#4995=EDGE_CURVE('',#7536,#7551,#6293,.T.);
#4996=EDGE_CURVE('',#7537,#7538,#6294,.T.);
#4997=EDGE_CURVE('',#7537,#7539,#6295,.T.);
#4998=EDGE_CURVE('',#7537,#7544,#6296,.T.);
#4999=EDGE_CURVE('',#7538,#7539,#6297,.T.);
#5000=EDGE_CURVE('',#7538,#7541,#6298,.T.);
#5001=EDGE_CURVE('',#7539,#7540,#6299,.T.);
#5002=EDGE_CURVE('',#7540,#7541,#6300,.T.);
#5003=EDGE_CURVE('',#7540,#7575,#6301,.T.);
#5004=EDGE_CURVE('',#7540,#7576,#6302,.T.);
#5005=EDGE_CURVE('',#7540,#7577,#6303,.T.);
#5006=EDGE_CURVE('',#7540,#7578,#6304,.T.);
#5007=EDGE_CURVE('',#7541,#7542,#6305,.T.);
#5008=EDGE_CURVE('',#7541,#7578,#6306,.T.);
#5009=EDGE_CURVE('',#7541,#7579,#6307,.T.);
#5010=EDGE_CURVE('',#7541,#7580,#6308,.T.);
#5011=EDGE_CURVE('',#7542,#7543,#6309,.T.);
#5012=EDGE_CURVE('',#7542,#7580,#6310,.T.);
#5013=EDGE_CURVE('',#7542,#7581,#6311,.T.);
#5014=EDGE_CURVE('',#7542,#7582,#6312,.T.);
#5015=EDGE_CURVE('',#7543,#7552,#6313,.T.);
#5016=EDGE_CURVE('',#7543,#7583,#6314,.T.);
#5017=EDGE_CURVE('',#7543,#7584,#6315,.T.);
#5018=EDGE_CURVE('',#7543,#7585,#6316,.T.);
#5019=EDGE_CURVE('',#7544,#7545,#6317,.T.);
#5020=EDGE_CURVE('',#7544,#7549,#6318,.T.);
#5021=EDGE_CURVE('',#7544,#7556,#6319,.T.);
#5022=EDGE_CURVE('',#7545,#7557,#6320,.T.);
#5023=EDGE_CURVE('',#7546,#7547,#6321,.T.);
#5024=EDGE_CURVE('',#7546,#7548,#6322,.T.);
#5025=EDGE_CURVE('',#7546,#7549,#6323,.T.);
#5026=EDGE_CURVE('',#7546,#7550,#6324,.T.);
#5027=EDGE_CURVE('',#7546,#7554,#6325,.T.);
#5028=EDGE_CURVE('',#7547,#7548,#6326,.T.);
#5029=EDGE_CURVE('',#7547,#7555,#6327,.T.);
#5030=EDGE_CURVE('',#7547,#7561,#6328,.T.);
#5031=EDGE_CURVE('',#7548,#7549,#6329,.T.);
#5032=EDGE_CURVE('',#7548,#7556,#6330,.T.);
#5033=EDGE_CURVE('',#7548,#7559,#6331,.T.);
#5034=EDGE_CURVE('',#7548,#7561,#6332,.T.);
#5035=EDGE_CURVE('',#7549,#7550,#6333,.T.);
#5036=EDGE_CURVE('',#7549,#7551,#6334,.T.);
#5037=EDGE_CURVE('',#7549,#7556,#6335,.T.);
#5038=EDGE_CURVE('',#7550,#7551,#6336,.T.);
#5039=EDGE_CURVE('',#7550,#7553,#6337,.T.);
#5040=EDGE_CURVE('',#7551,#7552,#6338,.T.);
#5041=EDGE_CURVE('',#7552,#7553,#6339,.T.);
#5042=EDGE_CURVE('',#7552,#7585,#6340,.T.);
#5043=EDGE_CURVE('',#7552,#7586,#6341,.T.);
#5044=EDGE_CURVE('',#7552,#7587,#6342,.T.);
#5045=EDGE_CURVE('',#7553,#7554,#6343,.T.);
#5046=EDGE_CURVE('',#7553,#7587,#6344,.T.);
#5047=EDGE_CURVE('',#7553,#7588,#6345,.T.);
#5048=EDGE_CURVE('',#7553,#7589,#6346,.T.);
#5049=EDGE_CURVE('',#7554,#7555,#6347,.T.);
#5050=EDGE_CURVE('',#7554,#7589,#6348,.T.);
#5051=EDGE_CURVE('',#7554,#7590,#6349,.T.);
#5052=EDGE_CURVE('',#7554,#7591,#6350,.T.);
#5053=EDGE_CURVE('',#7554,#7592,#6351,.T.);
#5054=EDGE_CURVE('',#7555,#7562,#6352,.T.);
#5055=EDGE_CURVE('',#7555,#7592,#6353,.T.);
#5056=EDGE_CURVE('',#7555,#7593,#6354,.T.);
#5057=EDGE_CURVE('',#7555,#7594,#6355,.T.);
#5058=EDGE_CURVE('',#7556,#7557,#6356,.T.);
#5059=EDGE_CURVE('',#7556,#7559,#6357,.T.);
#5060=EDGE_CURVE('',#7558,#7559,#6358,.T.);
#5061=EDGE_CURVE('',#7558,#7560,#6359,.T.);
#5062=EDGE_CURVE('',#7558,#7564,#6360,.T.);
#5063=EDGE_CURVE('',#7559,#7560,#6361,.T.);
#5064=EDGE_CURVE('',#7559,#7561,#6362,.T.);
#5065=EDGE_CURVE('',#7560,#7561,#6363,.T.);
#5066=EDGE_CURVE('',#7560,#7563,#6364,.T.);
#5067=EDGE_CURVE('',#7561,#7562,#6365,.T.);
#5068=EDGE_CURVE('',#7562,#7563,#6366,.T.);
#5069=EDGE_CURVE('',#7562,#7594,#6367,.T.);
#5070=EDGE_CURVE('',#7562,#7595,#6368,.T.);
#5071=EDGE_CURVE('',#7562,#7596,#6369,.T.);
#5072=EDGE_CURVE('',#7563,#7564,#6370,.T.);
#5073=EDGE_CURVE('',#7563,#7596,#6371,.T.);
#5074=EDGE_CURVE('',#7563,#7597,#6372,.T.);
#5075=EDGE_CURVE('',#7563,#7598,#6373,.T.);
#5076=EDGE_CURVE('',#7564,#7599,#6374,.T.);
#5077=EDGE_CURVE('',#7564,#7600,#6375,.T.);
#5078=EDGE_CURVE('',#7565,#7566,#6376,.T.);
#5079=EDGE_CURVE('',#7565,#7601,#6377,.T.);
#5080=EDGE_CURVE('',#7565,#8008,#6378,.T.);
#5081=EDGE_CURVE('',#7566,#7567,#6379,.T.);
#5082=EDGE_CURVE('',#7566,#8008,#6380,.T.);
#5083=EDGE_CURVE('',#7567,#7568,#6381,.T.);
#5084=EDGE_CURVE('',#7567,#8007,#6382,.T.);
#5085=EDGE_CURVE('',#7567,#8008,#6383,.T.);
#5086=EDGE_CURVE('',#7568,#7569,#6384,.T.);
#5087=EDGE_CURVE('',#7568,#8007,#6385,.T.);
#5088=EDGE_CURVE('',#7569,#7570,#6386,.T.);
#5089=EDGE_CURVE('',#7569,#8007,#6387,.T.);
#5090=EDGE_CURVE('',#7570,#7571,#6388,.T.);
#5091=EDGE_CURVE('',#7570,#8009,#6389,.T.);
#5092=EDGE_CURVE('',#7571,#7572,#6390,.T.);
#5093=EDGE_CURVE('',#7571,#8009,#6391,.T.);
#5094=EDGE_CURVE('',#7572,#7573,#6392,.T.);
#5095=EDGE_CURVE('',#7572,#8009,#6393,.T.);
#5096=EDGE_CURVE('',#7573,#7574,#6394,.T.);
#5097=EDGE_CURVE('',#7573,#8009,#6395,.T.);
#5098=EDGE_CURVE('',#7573,#8016,#6396,.T.);
#5099=EDGE_CURVE('',#7574,#7575,#6397,.T.);
#5100=EDGE_CURVE('',#7574,#8016,#6398,.T.);
#5101=EDGE_CURVE('',#7575,#7576,#6399,.T.);
#5102=EDGE_CURVE('',#7575,#8016,#6400,.T.);
#5103=EDGE_CURVE('',#7576,#7577,#6401,.T.);
#5104=EDGE_CURVE('',#7576,#8016,#6402,.T.);
#5105=EDGE_CURVE('',#7576,#8017,#6403,.T.);
#5106=EDGE_CURVE('',#7577,#7578,#6404,.T.);
#5107=EDGE_CURVE('',#7577,#8017,#6405,.T.);
#5108=EDGE_CURVE('',#7578,#7579,#6406,.T.);
#5109=EDGE_CURVE('',#7578,#8017,#6407,.T.);
#5110=EDGE_CURVE('',#7579,#7580,#6408,.T.);
#5111=EDGE_CURVE('',#7579,#8024,#6409,.T.);
#5112=EDGE_CURVE('',#7580,#7581,#6410,.T.);
#5113=EDGE_CURVE('',#7580,#8024,#6411,.T.);
#5114=EDGE_CURVE('',#7581,#7582,#6412,.T.);
#5115=EDGE_CURVE('',#7581,#8024,#6413,.T.);
#5116=EDGE_CURVE('',#7582,#7583,#6414,.T.);
#5117=EDGE_CURVE('',#7582,#8025,#6415,.T.);
#5118=EDGE_CURVE('',#7583,#7584,#6416,.T.);
#5119=EDGE_CURVE('',#7583,#8025,#6417,.T.);
#5120=EDGE_CURVE('',#7584,#7585,#6418,.T.);
#5121=EDGE_CURVE('',#7584,#8025,#6419,.T.);
#5122=EDGE_CURVE('',#7585,#7586,#6420,.T.);
#5123=EDGE_CURVE('',#7585,#8025,#6421,.T.);
#5124=EDGE_CURVE('',#7586,#7587,#6422,.T.);
#5125=EDGE_CURVE('',#7586,#8032,#6423,.T.);
#5126=EDGE_CURVE('',#7587,#7588,#6424,.T.);
#5127=EDGE_CURVE('',#7587,#8032,#6425,.T.);
#5128=EDGE_CURVE('',#7588,#7589,#6426,.T.);
#5129=EDGE_CURVE('',#7588,#8032,#6427,.T.);
#5130=EDGE_CURVE('',#7589,#7590,#6428,.T.);
#5131=EDGE_CURVE('',#7589,#8033,#6429,.T.);
#5132=EDGE_CURVE('',#7590,#7591,#6430,.T.);
#5133=EDGE_CURVE('',#7590,#8033,#6431,.T.);
#5134=EDGE_CURVE('',#7591,#7592,#6432,.T.);
#5135=EDGE_CURVE('',#7591,#8033,#6433,.T.);
#5136=EDGE_CURVE('',#7592,#7593,#6434,.T.);
#5137=EDGE_CURVE('',#7592,#8040,#6435,.T.);
#5138=EDGE_CURVE('',#7593,#7594,#6436,.T.);
#5139=EDGE_CURVE('',#7593,#8040,#6437,.T.);
#5140=EDGE_CURVE('',#7594,#7595,#6438,.T.);
#5141=EDGE_CURVE('',#7594,#8040,#6439,.T.);
#5142=EDGE_CURVE('',#7594,#8041,#6440,.T.);
#5143=EDGE_CURVE('',#7595,#7596,#6441,.T.);
#5144=EDGE_CURVE('',#7595,#8041,#6442,.T.);
#5145=EDGE_CURVE('',#7596,#7597,#6443,.T.);
#5146=EDGE_CURVE('',#7596,#8041,#6444,.T.);
#5147=EDGE_CURVE('',#7597,#7598,#6445,.T.);
#5148=EDGE_CURVE('',#7597,#8041,#6446,.T.);
#5149=EDGE_CURVE('',#7598,#7599,#6447,.T.);
#5150=EDGE_CURVE('',#7598,#8045,#6448,.T.);
#5151=EDGE_CURVE('',#7599,#7600,#6449,.T.);
#5152=EDGE_CURVE('',#7599,#8045,#6450,.T.);
#5153=EDGE_CURVE('',#7600,#7601,#6451,.T.);
#5154=EDGE_CURVE('',#7600,#8045,#6452,.T.);
#5155=EDGE_CURVE('',#7601,#8008,#6453,.T.);
#5156=EDGE_CURVE('',#7602,#7603,#6454,.T.);
#5157=EDGE_CURVE('',#7602,#7604,#6455,.T.);
#5158=EDGE_CURVE('',#7602,#7605,#6456,.T.);
#5159=EDGE_CURVE('',#7602,#7620,#6457,.T.);
#5160=EDGE_CURVE('',#7603,#7604,#6458,.T.);
#5161=EDGE_CURVE('',#7603,#7606,#6459,.T.);
#5162=EDGE_CURVE('',#7603,#7632,#6460,.T.);
#5163=EDGE_CURVE('',#7604,#7620,#6461,.T.);
#5164=EDGE_CURVE('',#7604,#7632,#6462,.T.);
#5165=EDGE_CURVE('',#7605,#7606,#6463,.T.);
#5166=EDGE_CURVE('',#7605,#7607,#6464,.T.);
#5167=EDGE_CURVE('',#7605,#7609,#6465,.T.);
#5168=EDGE_CURVE('',#7605,#7621,#6466,.T.);
#5169=EDGE_CURVE('',#7605,#7622,#6467,.T.);
#5170=EDGE_CURVE('',#7606,#7607,#6468,.T.);
#5171=EDGE_CURVE('',#7606,#7608,#6469,.T.);
#5172=EDGE_CURVE('',#7606,#7633,#6470,.T.);
#5173=EDGE_CURVE('',#7606,#7644,#6471,.T.);
#5174=EDGE_CURVE('',#7607,#7608,#6472,.T.);
#5175=EDGE_CURVE('',#7607,#7609,#6473,.T.);
#5176=EDGE_CURVE('',#7607,#7612,#6474,.T.);
#5177=EDGE_CURVE('',#7607,#7613,#6475,.T.);
#5178=EDGE_CURVE('',#7607,#7619,#6476,.T.);
#5179=EDGE_CURVE('',#7608,#7618,#6477,.T.);
#5180=EDGE_CURVE('',#7608,#7619,#6478,.T.);
#5181=EDGE_CURVE('',#7608,#7644,#6479,.T.);
#5182=EDGE_CURVE('',#7608,#7648,#6480,.T.);
#5183=EDGE_CURVE('',#7609,#7613,#6481,.T.);
#5184=EDGE_CURVE('',#7609,#7615,#6482,.T.);
#5185=EDGE_CURVE('',#7609,#7622,#6483,.T.);
#5186=EDGE_CURVE('',#7609,#7631,#6484,.T.);
#5187=EDGE_CURVE('',#7610,#7611,#6485,.T.);
#5188=EDGE_CURVE('',#7610,#7613,#6486,.T.);
#5189=EDGE_CURVE('',#7610,#7614,#6487,.T.);
#5190=EDGE_CURVE('',#7610,#7657,#6488,.T.);
#5191=EDGE_CURVE('',#7610,#7661,#6489,.T.);
#5192=EDGE_CURVE('',#7610,#7666,#6490,.T.);
#5193=EDGE_CURVE('',#7611,#7612,#6491,.T.);
#5194=EDGE_CURVE('',#7611,#7616,#6492,.T.);
#5195=EDGE_CURVE('',#7611,#7655,#6493,.T.);
#5196=EDGE_CURVE('',#7611,#7656,#6494,.T.);
#5197=EDGE_CURVE('',#7612,#7613,#6495,.T.);
#5198=EDGE_CURVE('',#7612,#7619,#6496,.T.);
#5199=EDGE_CURVE('',#7613,#7615,#6497,.T.);
#5200=EDGE_CURVE('',#7614,#7615,#6498,.T.);
#5201=EDGE_CURVE('',#7614,#7630,#6499,.T.);
#5202=EDGE_CURVE('',#7614,#7659,#6500,.T.);
#5203=EDGE_CURVE('',#7614,#7660,#6501,.T.);
#5204=EDGE_CURVE('',#7615,#7631,#6502,.T.);
#5205=EDGE_CURVE('',#7616,#7617,#6503,.T.);
#5206=EDGE_CURVE('',#7616,#7619,#6504,.T.);
#5207=EDGE_CURVE('',#7616,#7653,#6505,.T.);
#5208=EDGE_CURVE('',#7616,#7654,#6506,.T.);
#5209=EDGE_CURVE('',#7617,#7618,#6507,.T.);
#5210=EDGE_CURVE('',#7617,#7645,#6508,.T.);
#5211=EDGE_CURVE('',#7617,#7651,#6509,.T.);
#5212=EDGE_CURVE('',#7617,#7652,#6510,.T.);
#5213=EDGE_CURVE('',#7617,#7685,#6511,.T.);
#5214=EDGE_CURVE('',#7618,#7619,#6512,.T.);
#5215=EDGE_CURVE('',#7618,#7648,#6513,.T.);
#5216=EDGE_CURVE('',#7620,#7621,#6514,.T.);
#5217=EDGE_CURVE('',#7620,#7632,#6515,.T.);
#5218=EDGE_CURVE('',#7621,#7622,#6516,.T.);
#5219=EDGE_CURVE('',#7621,#7623,#6517,.T.);
#5220=EDGE_CURVE('',#7621,#7633,#6518,.T.);
#5221=EDGE_CURVE('',#7621,#7634,#6519,.T.);
#5222=EDGE_CURVE('',#7622,#7623,#6520,.T.);
#5223=EDGE_CURVE('',#7622,#7626,#6521,.T.);
#5224=EDGE_CURVE('',#7622,#7627,#6522,.T.);
#5225=EDGE_CURVE('',#7622,#7631,#6523,.T.);
#5226=EDGE_CURVE('',#7623,#7627,#6524,.T.);
#5227=EDGE_CURVE('',#7623,#7629,#6525,.T.);
#5228=EDGE_CURVE('',#7623,#7634,#6526,.T.);
#5229=EDGE_CURVE('',#7623,#7643,#6527,.T.);
#5230=EDGE_CURVE('',#7624,#7625,#6528,.T.);
#5231=EDGE_CURVE('',#7624,#7627,#6529,.T.);
#5232=EDGE_CURVE('',#7624,#7628,#6530,.T.);
#5233=EDGE_CURVE('',#7624,#7664,#6531,.T.);
#5234=EDGE_CURVE('',#7624,#7668,#6532,.T.);
#5235=EDGE_CURVE('',#7625,#7626,#6533,.T.);
#5236=EDGE_CURVE('',#7625,#7630,#6534,.T.);
#5237=EDGE_CURVE('',#7625,#7662,#6535,.T.);
#5238=EDGE_CURVE('',#7625,#7665,#6536,.T.);
#5239=EDGE_CURVE('',#7625,#7667,#6537,.T.);
#5240=EDGE_CURVE('',#7626,#7627,#6538,.T.);
#5241=EDGE_CURVE('',#7626,#7631,#6539,.T.);
#5242=EDGE_CURVE('',#7627,#7629,#6540,.T.);
#5243=EDGE_CURVE('',#7628,#7629,#6541,.T.);
#5244=EDGE_CURVE('',#7628,#7642,#6542,.T.);
#5245=EDGE_CURVE('',#7628,#7668,#6543,.T.);
#5246=EDGE_CURVE('',#7628,#7669,#6544,.T.);
#5247=EDGE_CURVE('',#7628,#7670,#6545,.T.);
#5248=EDGE_CURVE('',#7628,#7671,#6546,.T.);
#5249=EDGE_CURVE('',#7629,#7643,#6547,.T.);
#5250=EDGE_CURVE('',#7630,#7631,#6548,.T.);
#5251=EDGE_CURVE('',#7630,#7658,#6549,.T.);
#5252=EDGE_CURVE('',#7630,#7663,#6550,.T.);
#5253=EDGE_CURVE('',#7632,#7633,#6551,.T.);
#5254=EDGE_CURVE('',#7633,#7634,#6552,.T.);
#5255=EDGE_CURVE('',#7633,#7635,#6553,.T.);
#5256=EDGE_CURVE('',#7633,#7644,#6554,.T.);
#5257=EDGE_CURVE('',#7634,#7635,#6555,.T.);
#5258=EDGE_CURVE('',#7634,#7638,#6556,.T.);
#5259=EDGE_CURVE('',#7634,#7639,#6557,.T.);
#5260=EDGE_CURVE('',#7634,#7643,#6558,.T.);
#5261=EDGE_CURVE('',#7635,#7639,#6559,.T.);
#5262=EDGE_CURVE('',#7635,#7641,#6560,.T.);
#5263=EDGE_CURVE('',#7635,#7644,#6561,.T.);
#5264=EDGE_CURVE('',#7635,#7650,#6562,.T.);
#5265=EDGE_CURVE('',#7636,#7637,#6563,.T.);
#5266=EDGE_CURVE('',#7636,#7639,#6564,.T.);
#5267=EDGE_CURVE('',#7636,#7640,#6565,.T.);
#5268=EDGE_CURVE('',#7636,#7676,#6566,.T.);
#5269=EDGE_CURVE('',#7636,#7684,#6567,.T.);
#5270=EDGE_CURVE('',#7637,#7638,#6568,.T.);
#5271=EDGE_CURVE('',#7637,#7642,#6569,.T.);
#5272=EDGE_CURVE('',#7637,#7673,#6570,.T.);
#5273=EDGE_CURVE('',#7637,#7674,#6571,.T.);
#5274=EDGE_CURVE('',#7637,#7675,#6572,.T.);
#5275=EDGE_CURVE('',#7638,#7639,#6573,.T.);
#5276=EDGE_CURVE('',#7638,#7643,#6574,.T.);
#5277=EDGE_CURVE('',#7639,#7641,#6575,.T.);
#5278=EDGE_CURVE('',#7640,#7641,#6576,.T.);
#5279=EDGE_CURVE('',#7640,#7649,#6577,.T.);
#5280=EDGE_CURVE('',#7640,#7678,#6578,.T.);
#5281=EDGE_CURVE('',#7640,#7683,#6579,.T.);
#5282=EDGE_CURVE('',#7641,#7650,#6580,.T.);
#5283=EDGE_CURVE('',#7642,#7643,#6581,.T.);
#5284=EDGE_CURVE('',#7642,#7670,#6582,.T.);
#5285=EDGE_CURVE('',#7642,#7672,#6583,.T.);
#5286=EDGE_CURVE('',#7642,#7673,#6584,.T.);
#5287=EDGE_CURVE('',#7644,#7647,#6585,.T.);
#5288=EDGE_CURVE('',#7644,#7648,#6586,.T.);
#5289=EDGE_CURVE('',#7644,#7650,#6587,.T.);
#5290=EDGE_CURVE('',#7645,#7646,#6588,.T.);
#5291=EDGE_CURVE('',#7645,#7648,#6589,.T.);
#5292=EDGE_CURVE('',#7645,#7679,#6590,.T.);
#5293=EDGE_CURVE('',#7645,#7686,#6591,.T.);
#5294=EDGE_CURVE('',#7646,#7647,#6592,.T.);
#5295=EDGE_CURVE('',#7646,#7649,#6593,.T.);
#5296=EDGE_CURVE('',#7646,#7680,#6594,.T.);
#5297=EDGE_CURVE('',#7646,#7681,#6595,.T.);
#5298=EDGE_CURVE('',#7647,#7648,#6596,.T.);
#5299=EDGE_CURVE('',#7647,#7650,#6597,.T.);
#5300=EDGE_CURVE('',#7649,#7650,#6598,.T.);
#5301=EDGE_CURVE('',#7649,#7677,#6599,.T.);
#5302=EDGE_CURVE('',#7649,#7682,#6600,.T.);
#5303=EDGE_CURVE('',#7649,#7687,#6601,.T.);
#5304=EDGE_CURVE('',#7651,#7652,#6602,.T.);
#5305=EDGE_CURVE('',#7651,#7653,#6603,.T.);
#5306=EDGE_CURVE('',#7651,#7693,#6604,.T.);
#5307=EDGE_CURVE('',#7652,#7685,#6605,.T.);
#5308=EDGE_CURVE('',#7652,#7693,#6606,.T.);
#5309=EDGE_CURVE('',#7653,#7654,#6607,.T.);
#5310=EDGE_CURVE('',#7653,#7690,#6608,.T.);
#5311=EDGE_CURVE('',#7653,#7693,#6609,.T.);
#5312=EDGE_CURVE('',#7654,#7655,#6610,.T.);
#5313=EDGE_CURVE('',#7654,#7690,#6611,.T.);
#5314=EDGE_CURVE('',#7655,#7656,#6612,.T.);
#5315=EDGE_CURVE('',#7655,#7690,#6613,.T.);
#5316=EDGE_CURVE('',#7656,#7657,#6614,.T.);
#5317=EDGE_CURVE('',#7656,#7690,#6615,.T.);
#5318=EDGE_CURVE('',#7656,#7691,#6616,.T.);
#5319=EDGE_CURVE('',#7657,#7666,#6617,.T.);
#5320=EDGE_CURVE('',#7657,#7691,#6618,.T.);
#5321=EDGE_CURVE('',#7658,#7659,#6619,.T.);
#5322=EDGE_CURVE('',#7658,#7663,#6620,.T.);
#5323=EDGE_CURVE('',#7658,#7702,#6621,.T.);
#5324=EDGE_CURVE('',#7658,#7703,#6622,.T.);
#5325=EDGE_CURVE('',#7659,#7660,#6623,.T.);
#5326=EDGE_CURVE('',#7659,#7702,#6624,.T.);
#5327=EDGE_CURVE('',#7660,#7661,#6625,.T.);
#5328=EDGE_CURVE('',#7660,#7702,#6626,.T.);
#5329=EDGE_CURVE('',#7661,#7666,#6627,.T.);
#5330=EDGE_CURVE('',#7661,#7691,#6628,.T.);
#5331=EDGE_CURVE('',#7661,#7702,#6629,.T.);
#5332=EDGE_CURVE('',#7662,#7663,#6630,.T.);
#5333=EDGE_CURVE('',#7662,#7667,#6631,.T.);
#5334=EDGE_CURVE('',#7662,#7703,#6632,.T.);
#5335=EDGE_CURVE('',#7663,#7703,#6633,.T.);
#5336=EDGE_CURVE('',#7664,#7665,#6634,.T.);
#5337=EDGE_CURVE('',#7664,#7668,#6635,.T.);
#5338=EDGE_CURVE('',#7664,#7710,#6636,.T.);
#5339=EDGE_CURVE('',#7665,#7667,#6637,.T.);
#5340=EDGE_CURVE('',#7665,#7710,#6638,.T.);
#5341=EDGE_CURVE('',#7666,#7691,#6639,.T.);
#5342=EDGE_CURVE('',#7667,#7703,#6640,.T.);
#5343=EDGE_CURVE('',#7667,#7710,#6641,.T.);
#5344=EDGE_CURVE('',#7668,#7669,#6642,.T.);
#5345=EDGE_CURVE('',#7668,#7710,#6643,.T.);
#5346=EDGE_CURVE('',#7668,#7711,#6644,.T.);
#5347=EDGE_CURVE('',#7669,#7671,#6645,.T.);
#5348=EDGE_CURVE('',#7669,#7711,#6646,.T.);
#5349=EDGE_CURVE('',#7670,#7671,#6647,.T.);
#5350=EDGE_CURVE('',#7670,#7672,#6648,.T.);
#5351=EDGE_CURVE('',#7670,#7711,#6649,.T.);
#5352=EDGE_CURVE('',#7671,#7711,#6650,.T.);
#5353=EDGE_CURVE('',#7672,#7673,#6651,.T.);
#5354=EDGE_CURVE('',#7672,#7718,#6652,.T.);
#5355=EDGE_CURVE('',#7673,#7674,#6653,.T.);
#5356=EDGE_CURVE('',#7673,#7718,#6654,.T.);
#5357=EDGE_CURVE('',#7674,#7675,#6655,.T.);
#5358=EDGE_CURVE('',#7674,#7718,#6656,.T.);
#5359=EDGE_CURVE('',#7674,#7719,#6657,.T.);
#5360=EDGE_CURVE('',#7675,#7676,#6658,.T.);
#5361=EDGE_CURVE('',#7675,#7719,#6659,.T.);
#5362=EDGE_CURVE('',#7676,#7684,#6660,.T.);
#5363=EDGE_CURVE('',#7676,#7719,#6661,.T.);
#5364=EDGE_CURVE('',#7677,#7678,#6662,.T.);
#5365=EDGE_CURVE('',#7677,#7687,#6663,.T.);
#5366=EDGE_CURVE('',#7677,#7726,#6664,.T.);
#5367=EDGE_CURVE('',#7678,#7683,#6665,.T.);
#5368=EDGE_CURVE('',#7678,#7726,#6666,.T.);
#5369=EDGE_CURVE('',#7679,#7680,#6667,.T.);
#5370=EDGE_CURVE('',#7679,#7686,#6668,.T.);
#5371=EDGE_CURVE('',#7679,#7733,#6669,.T.);
#5372=EDGE_CURVE('',#7680,#7681,#6670,.T.);
#5373=EDGE_CURVE('',#7680,#7733,#6671,.T.);
#5374=EDGE_CURVE('',#7681,#7682,#6672,.T.);
#5375=EDGE_CURVE('',#7681,#7727,#6673,.T.);
#5376=EDGE_CURVE('',#7681,#7733,#6674,.T.);
#5377=EDGE_CURVE('',#7682,#7687,#6675,.T.);
#5378=EDGE_CURVE('',#7682,#7727,#6676,.T.);
#5379=EDGE_CURVE('',#7683,#7684,#6677,.T.);
#5380=EDGE_CURVE('',#7683,#7726,#6678,.T.);
#5381=EDGE_CURVE('',#7684,#7719,#6679,.T.);
#5382=EDGE_CURVE('',#7684,#7726,#6680,.T.);
#5383=EDGE_CURVE('',#7685,#7686,#6681,.T.);
#5384=EDGE_CURVE('',#7685,#7693,#6682,.T.);
#5385=EDGE_CURVE('',#7686,#7693,#6683,.T.);
#5386=EDGE_CURVE('',#7686,#7733,#6684,.T.);
#5387=EDGE_CURVE('',#7687,#7727,#6685,.T.);
#5388=EDGE_CURVE('',#7688,#7689,#6686,.T.);
#5389=EDGE_CURVE('',#7688,#7691,#6687,.T.);
#5390=EDGE_CURVE('',#7688,#7696,#6688,.T.);
#5391=EDGE_CURVE('',#7688,#7701,#6689,.T.);
#5392=EDGE_CURVE('',#7689,#7690,#6690,.T.);
#5393=EDGE_CURVE('',#7689,#7692,#6691,.T.);
#5394=EDGE_CURVE('',#7689,#7694,#6692,.T.);
#5395=EDGE_CURVE('',#7690,#7691,#6693,.T.);
#5396=EDGE_CURVE('',#7690,#7693,#6694,.T.);
#5397=EDGE_CURVE('',#7691,#7702,#6695,.T.);
#5398=EDGE_CURVE('',#7692,#7693,#6696,.T.);
#5399=EDGE_CURVE('',#7692,#7695,#6697,.T.);
#5400=EDGE_CURVE('',#7692,#7732,#6698,.T.);
#5401=EDGE_CURVE('',#7693,#7733,#6699,.T.);
#5402=EDGE_CURVE('',#7694,#7695,#6700,.T.);
#5403=EDGE_CURVE('',#7694,#7696,#6701,.T.);
#5404=EDGE_CURVE('',#7694,#7697,#6702,.T.);
#5405=EDGE_CURVE('',#7695,#7698,#6703,.T.);
#5406=EDGE_CURVE('',#7695,#7734,#6704,.T.);
#5407=EDGE_CURVE('',#7696,#7699,#6705,.T.);
#5408=EDGE_CURVE('',#7696,#7704,#6706,.T.);
#5409=EDGE_CURVE('',#7697,#7698,#6707,.T.);
#5410=EDGE_CURVE('',#7697,#7699,#6708,.T.);
#5411=EDGE_CURVE('',#7697,#7738,#6709,.T.);
#5412=EDGE_CURVE('',#7697,#7739,#6710,.T.);
#5413=EDGE_CURVE('',#7697,#7741,#6711,.T.);
#5414=EDGE_CURVE('',#7698,#7735,#6712,.T.);
#5415=EDGE_CURVE('',#7698,#7736,#6713,.T.);
#5416=EDGE_CURVE('',#7698,#7737,#6714,.T.);
#5417=EDGE_CURVE('',#7698,#7738,#6715,.T.);
#5418=EDGE_CURVE('',#7698,#7770,#6716,.T.);
#5419=EDGE_CURVE('',#7699,#7706,#6717,.T.);
#5420=EDGE_CURVE('',#7699,#7740,#6718,.T.);
#5421=EDGE_CURVE('',#7699,#7742,#6719,.T.);
#5422=EDGE_CURVE('',#7699,#7743,#6720,.T.);
#5423=EDGE_CURVE('',#7699,#7744,#6721,.T.);
#5424=EDGE_CURVE('',#7700,#7701,#6722,.T.);
#5425=EDGE_CURVE('',#7700,#7703,#6723,.T.);
#5426=EDGE_CURVE('',#7700,#7705,#6724,.T.);
#5427=EDGE_CURVE('',#7700,#7709,#6725,.T.);
#5428=EDGE_CURVE('',#7701,#7702,#6726,.T.);
#5429=EDGE_CURVE('',#7701,#7704,#6727,.T.);
#5430=EDGE_CURVE('',#7702,#7703,#6728,.T.);
#5431=EDGE_CURVE('',#7703,#7710,#6729,.T.);
#5432=EDGE_CURVE('',#7704,#7705,#6730,.T.);
#5433=EDGE_CURVE('',#7704,#7706,#6731,.T.);
#5434=EDGE_CURVE('',#7705,#7707,#6732,.T.);
#5435=EDGE_CURVE('',#7705,#7712,#6733,.T.);
#5436=EDGE_CURVE('',#7706,#7707,#6734,.T.);
#5437=EDGE_CURVE('',#7706,#7744,#6735,.T.);
#5438=EDGE_CURVE('',#7706,#7745,#6736,.T.);
#5439=EDGE_CURVE('',#7706,#7746,#6737,.T.);
#5440=EDGE_CURVE('',#7706,#7747,#6738,.T.);
#5441=EDGE_CURVE('',#7707,#7714,#6739,.T.);
#5442=EDGE_CURVE('',#7707,#7747,#6740,.T.);
#5443=EDGE_CURVE('',#7707,#7750,#6741,.T.);
#5444=EDGE_CURVE('',#7707,#7752,#6742,.T.);
#5445=EDGE_CURVE('',#7708,#7709,#6743,.T.);
#5446=EDGE_CURVE('',#7708,#7711,#6744,.T.);
#5447=EDGE_CURVE('',#7708,#7713,#6745,.T.);
#5448=EDGE_CURVE('',#7708,#7717,#6746,.T.);
#5449=EDGE_CURVE('',#7709,#7710,#6747,.T.);
#5450=EDGE_CURVE('',#7709,#7712,#6748,.T.);
#5451=EDGE_CURVE('',#7710,#7711,#6749,.T.);
#5452=EDGE_CURVE('',#7711,#7718,#6750,.T.);
#5453=EDGE_CURVE('',#7712,#7713,#6751,.T.);
#5454=EDGE_CURVE('',#7712,#7714,#6752,.T.);
#5455=EDGE_CURVE('',#7713,#7715,#6753,.T.);
#5456=EDGE_CURVE('',#7713,#7720,#6754,.T.);
#5457=EDGE_CURVE('',#7714,#7715,#6755,.T.);
#5458=EDGE_CURVE('',#7714,#7749,#6756,.T.);
#5459=EDGE_CURVE('',#7714,#7751,#6757,.T.);
#5460=EDGE_CURVE('',#7714,#7753,#6758,.T.);
#5461=EDGE_CURVE('',#7715,#7722,#6759,.T.);
#5462=EDGE_CURVE('',#7715,#7748,#6760,.T.);
#5463=EDGE_CURVE('',#7715,#7754,#6761,.T.);
#5464=EDGE_CURVE('',#7715,#7755,#6762,.T.);
#5465=EDGE_CURVE('',#7715,#7756,#6763,.T.);
#5466=EDGE_CURVE('',#7716,#7717,#6764,.T.);
#5467=EDGE_CURVE('',#7716,#7719,#6765,.T.);
#5468=EDGE_CURVE('',#7716,#7721,#6766,.T.);
#5469=EDGE_CURVE('',#7716,#7725,#6767,.T.);
#5470=EDGE_CURVE('',#7717,#7718,#6768,.T.);
#5471=EDGE_CURVE('',#7717,#7720,#6769,.T.);
#5472=EDGE_CURVE('',#7718,#7719,#6770,.T.);
#5473=EDGE_CURVE('',#7719,#7726,#6771,.T.);
#5474=EDGE_CURVE('',#7720,#7721,#6772,.T.);
#5475=EDGE_CURVE('',#7720,#7722,#6773,.T.);
#5476=EDGE_CURVE('',#7721,#7723,#6774,.T.);
#5477=EDGE_CURVE('',#7721,#7728,#6775,.T.);
#5478=EDGE_CURVE('',#7722,#7723,#6776,.T.);
#5479=EDGE_CURVE('',#7722,#7757,#6777,.T.);
#5480=EDGE_CURVE('',#7722,#7759,#6778,.T.);
#5481=EDGE_CURVE('',#7722,#7762,#6779,.T.);
#5482=EDGE_CURVE('',#7723,#7730,#6780,.T.);
#5483=EDGE_CURVE('',#7723,#7758,#6781,.T.);
#5484=EDGE_CURVE('',#7723,#7761,#6782,.T.);
#5485=EDGE_CURVE('',#7723,#7763,#6783,.T.);
#5486=EDGE_CURVE('',#7724,#7725,#6784,.T.);
#5487=EDGE_CURVE('',#7724,#7727,#6785,.T.);
#5488=EDGE_CURVE('',#7724,#7729,#6786,.T.);
#5489=EDGE_CURVE('',#7724,#7732,#6787,.T.);
#5490=EDGE_CURVE('',#7725,#7726,#6788,.T.);
#5491=EDGE_CURVE('',#7725,#7728,#6789,.T.);
#5492=EDGE_CURVE('',#7726,#7727,#6790,.T.);
#5493=EDGE_CURVE('',#7727,#7733,#6791,.T.);
#5494=EDGE_CURVE('',#7728,#7729,#6792,.T.);
#5495=EDGE_CURVE('',#7728,#7730,#6793,.T.);
#5496=EDGE_CURVE('',#7729,#7731,#6794,.T.);
#5497=EDGE_CURVE('',#7729,#7734,#6795,.T.);
#5498=EDGE_CURVE('',#7730,#7731,#6796,.T.);
#5499=EDGE_CURVE('',#7730,#7760,#6797,.T.);
#5500=EDGE_CURVE('',#7730,#7764,#6798,.T.);
#5501=EDGE_CURVE('',#7730,#7765,#6799,.T.);
#5502=EDGE_CURVE('',#7731,#7735,#6800,.T.);
#5503=EDGE_CURVE('',#7731,#7765,#6801,.T.);
#5504=EDGE_CURVE('',#7731,#7766,#6802,.T.);
#5505=EDGE_CURVE('',#7731,#7767,#6803,.T.);
#5506=EDGE_CURVE('',#7731,#7769,#6804,.T.);
#5507=EDGE_CURVE('',#7732,#7733,#6805,.T.);
#5508=EDGE_CURVE('',#7732,#7734,#6806,.T.);
#5509=EDGE_CURVE('',#7734,#7735,#6807,.T.);
#5510=EDGE_CURVE('',#7735,#7768,#6808,.T.);
#5511=EDGE_CURVE('',#7735,#7771,#6809,.T.);
#5512=EDGE_CURVE('',#7735,#7772,#6810,.T.);
#5513=EDGE_CURVE('',#7736,#7737,#6811,.T.);
#5514=EDGE_CURVE('',#7736,#7770,#6812,.T.);
#5515=EDGE_CURVE('',#7736,#7778,#6813,.T.);
#5516=EDGE_CURVE('',#7737,#7738,#6814,.T.);
#5517=EDGE_CURVE('',#7737,#7775,#6815,.T.);
#5518=EDGE_CURVE('',#7737,#7778,#6816,.T.);
#5519=EDGE_CURVE('',#7738,#7739,#6817,.T.);
#5520=EDGE_CURVE('',#7738,#7775,#6818,.T.);
#5521=EDGE_CURVE('',#7739,#7741,#6819,.T.);
#5522=EDGE_CURVE('',#7739,#7776,#6820,.T.);
#5523=EDGE_CURVE('',#7740,#7741,#6821,.T.);
#5524=EDGE_CURVE('',#7740,#7743,#6822,.T.);
#5525=EDGE_CURVE('',#7740,#7781,#6823,.T.);
#5526=EDGE_CURVE('',#7741,#7776,#6824,.T.);
#5527=EDGE_CURVE('',#7741,#7781,#6825,.T.);
#5528=EDGE_CURVE('',#7742,#7743,#6826,.T.);
#5529=EDGE_CURVE('',#7742,#7744,#6827,.T.);
#5530=EDGE_CURVE('',#7742,#7782,#6828,.T.);
#5531=EDGE_CURVE('',#7743,#7782,#6829,.T.);
#5532=EDGE_CURVE('',#7744,#7745,#6830,.T.);
#5533=EDGE_CURVE('',#7744,#7785,#6831,.T.);
#5534=EDGE_CURVE('',#7745,#7746,#6832,.T.);
#5535=EDGE_CURVE('',#7745,#7785,#6833,.T.);
#5536=EDGE_CURVE('',#7745,#7786,#6834,.T.);
#5537=EDGE_CURVE('',#7746,#7747,#6835,.T.);
#5538=EDGE_CURVE('',#7746,#7786,#6836,.T.);
#5539=EDGE_CURVE('',#7747,#7750,#6837,.T.);
#5540=EDGE_CURVE('',#7747,#7786,#6838,.T.);
#5541=EDGE_CURVE('',#7747,#7789,#6839,.T.);
#5542=EDGE_CURVE('',#7748,#7749,#6840,.T.);
#5543=EDGE_CURVE('',#7748,#7754,#6841,.T.);
#5544=EDGE_CURVE('',#7748,#7794,#6842,.T.);
#5545=EDGE_CURVE('',#7749,#7753,#6843,.T.);
#5546=EDGE_CURVE('',#7749,#7793,#6844,.T.);
#5547=EDGE_CURVE('',#7749,#7794,#6845,.T.);
#5548=EDGE_CURVE('',#7750,#7752,#6846,.T.);
#5549=EDGE_CURVE('',#7750,#7789,#6847,.T.);
#5550=EDGE_CURVE('',#7751,#7752,#6848,.T.);
#5551=EDGE_CURVE('',#7751,#7753,#6849,.T.);
#5552=EDGE_CURVE('',#7751,#7790,#6850,.T.);
#5553=EDGE_CURVE('',#7752,#7789,#6851,.T.);
#5554=EDGE_CURVE('',#7752,#7790,#6852,.T.);
#5555=EDGE_CURVE('',#7753,#7793,#6853,.T.);
#5556=EDGE_CURVE('',#7754,#7755,#6854,.T.);
#5557=EDGE_CURVE('',#7754,#7794,#6855,.T.);
#5558=EDGE_CURVE('',#7754,#7797,#6856,.T.);
#5559=EDGE_CURVE('',#7755,#7756,#6857,.T.);
#5560=EDGE_CURVE('',#7755,#7797,#6858,.T.);
#5561=EDGE_CURVE('',#7756,#7757,#6859,.T.);
#5562=EDGE_CURVE('',#7756,#7798,#6860,.T.);
#5563=EDGE_CURVE('',#7757,#7762,#6861,.T.);
#5564=EDGE_CURVE('',#7757,#7798,#6862,.T.);
#5565=EDGE_CURVE('',#7757,#7801,#6863,.T.);
#5566=EDGE_CURVE('',#7758,#7759,#6864,.T.);
#5567=EDGE_CURVE('',#7758,#7763,#6865,.T.);
#5568=EDGE_CURVE('',#7758,#7802,#6866,.T.);
#5569=EDGE_CURVE('',#7759,#7762,#6867,.T.);
#5570=EDGE_CURVE('',#7759,#7801,#6868,.T.);
#5571=EDGE_CURVE('',#7759,#7802,#6869,.T.);
#5572=EDGE_CURVE('',#7760,#7761,#6870,.T.);
#5573=EDGE_CURVE('',#7760,#7764,#6871,.T.);
#5574=EDGE_CURVE('',#7760,#7806,#6872,.T.);
#5575=EDGE_CURVE('',#7761,#7763,#6873,.T.);
#5576=EDGE_CURVE('',#7761,#7805,#6874,.T.);
#5577=EDGE_CURVE('',#7762,#7801,#6875,.T.);
#5578=EDGE_CURVE('',#7763,#7805,#6876,.T.);
#5579=EDGE_CURVE('',#7764,#7765,#6877,.T.);
#5580=EDGE_CURVE('',#7764,#7806,#6878,.T.);
#5581=EDGE_CURVE('',#7764,#7809,#6879,.T.);
#5582=EDGE_CURVE('',#7765,#7766,#6880,.T.);
#5583=EDGE_CURVE('',#7765,#7809,#6881,.T.);
#5584=EDGE_CURVE('',#7766,#7767,#6882,.T.);
#5585=EDGE_CURVE('',#7766,#7810,#6883,.T.);
#5586=EDGE_CURVE('',#7767,#7769,#6884,.T.);
#5587=EDGE_CURVE('',#7767,#7810,#6885,.T.);
#5588=EDGE_CURVE('',#7767,#7813,#6886,.T.);
#5589=EDGE_CURVE('',#7768,#7769,#6887,.T.);
#5590=EDGE_CURVE('',#7768,#7772,#6888,.T.);
#5591=EDGE_CURVE('',#7768,#7813,#6889,.T.);
#5592=EDGE_CURVE('',#7768,#7814,#6890,.T.);
#5593=EDGE_CURVE('',#7769,#7813,#6891,.T.);
#5594=EDGE_CURVE('',#7770,#7771,#6892,.T.);
#5595=EDGE_CURVE('',#7770,#7778,#6893,.T.);
#5596=EDGE_CURVE('',#7770,#7816,#6894,.T.);
#5597=EDGE_CURVE('',#7771,#7772,#6895,.T.);
#5598=EDGE_CURVE('',#7771,#7816,#6896,.T.);
#5599=EDGE_CURVE('',#7772,#7814,#6897,.T.);
#5600=EDGE_CURVE('',#7773,#7774,#6898,.T.);
#5601=EDGE_CURVE('',#7773,#7776,#6899,.T.);
#5602=EDGE_CURVE('',#7773,#7780,#6900,.T.);
#5603=EDGE_CURVE('',#7773,#7818,#6901,.T.);
#5604=EDGE_CURVE('',#7774,#7775,#6902,.T.);
#5605=EDGE_CURVE('',#7774,#7777,#6903,.T.);
#5606=EDGE_CURVE('',#7774,#7817,#6904,.T.);
#5607=EDGE_CURVE('',#7774,#7818,#6905,.T.);
#5608=EDGE_CURVE('',#7775,#7776,#6906,.T.);
#5609=EDGE_CURVE('',#7775,#7778,#6907,.T.);
#5610=EDGE_CURVE('',#7776,#7781,#6908,.T.);
#5611=EDGE_CURVE('',#7777,#7778,#6909,.T.);
#5612=EDGE_CURVE('',#7777,#7815,#6910,.T.);
#5613=EDGE_CURVE('',#7777,#7817,#6911,.T.);
#5614=EDGE_CURVE('',#7778,#7816,#6912,.T.);
#5615=EDGE_CURVE('',#7779,#7780,#6913,.T.);
#5616=EDGE_CURVE('',#7779,#7782,#6914,.T.);
#5617=EDGE_CURVE('',#7779,#7784,#6915,.T.);
#5618=EDGE_CURVE('',#7779,#7819,#6916,.T.);
#5619=EDGE_CURVE('',#7780,#7781,#6917,.T.);
#5620=EDGE_CURVE('',#7780,#7818,#6918,.T.);
#5621=EDGE_CURVE('',#7780,#7819,#6919,.T.);
#5622=EDGE_CURVE('',#7781,#7782,#6920,.T.);
#5623=EDGE_CURVE('',#7782,#7785,#6921,.T.);
#5624=EDGE_CURVE('',#7783,#7784,#6922,.T.);
#5625=EDGE_CURVE('',#7783,#7786,#6923,.T.);
#5626=EDGE_CURVE('',#7783,#7788,#6924,.T.);
#5627=EDGE_CURVE('',#7783,#7820,#6925,.T.);
#5628=EDGE_CURVE('',#7783,#7821,#6926,.T.);
#5629=EDGE_CURVE('',#7784,#7785,#6927,.T.);
#5630=EDGE_CURVE('',#7784,#7820,#6928,.T.);
#5631=EDGE_CURVE('',#7785,#7786,#6929,.T.);
#5632=EDGE_CURVE('',#7786,#7789,#6930,.T.);
#5633=EDGE_CURVE('',#7787,#7788,#6931,.T.);
#5634=EDGE_CURVE('',#7787,#7790,#6932,.T.);
#5635=EDGE_CURVE('',#7787,#7792,#6933,.T.);
#5636=EDGE_CURVE('',#7787,#7821,#6934,.T.);
#5637=EDGE_CURVE('',#7788,#7789,#6935,.T.);
#5638=EDGE_CURVE('',#7788,#7821,#6936,.T.);
#5639=EDGE_CURVE('',#7789,#7790,#6937,.T.);
#5640=EDGE_CURVE('',#7790,#7793,#6938,.T.);
#5641=EDGE_CURVE('',#7791,#7792,#6939,.T.);
#5642=EDGE_CURVE('',#7791,#7794,#6940,.T.);
#5643=EDGE_CURVE('',#7791,#7796,#6941,.T.);
#5644=EDGE_CURVE('',#7791,#7822,#6942,.T.);
#5645=EDGE_CURVE('',#7792,#7793,#6943,.T.);
#5646=EDGE_CURVE('',#7792,#7822,#6944,.T.);
#5647=EDGE_CURVE('',#7793,#7794,#6945,.T.);
#5648=EDGE_CURVE('',#7794,#7797,#6946,.T.);
#5649=EDGE_CURVE('',#7795,#7796,#6947,.T.);
#5650=EDGE_CURVE('',#7795,#7798,#6948,.T.);
#5651=EDGE_CURVE('',#7795,#7800,#6949,.T.);
#5652=EDGE_CURVE('',#7795,#7824,#6950,.T.);
#5653=EDGE_CURVE('',#7796,#7797,#6951,.T.);
#5654=EDGE_CURVE('',#7796,#7823,#6952,.T.);
#5655=EDGE_CURVE('',#7797,#7798,#6953,.T.);
#5656=EDGE_CURVE('',#7798,#7801,#6954,.T.);
#5657=EDGE_CURVE('',#7799,#7800,#6955,.T.);
#5658=EDGE_CURVE('',#7799,#7802,#6956,.T.);
#5659=EDGE_CURVE('',#7799,#7804,#6957,.T.);
#5660=EDGE_CURVE('',#7799,#7824,#6958,.T.);
#5661=EDGE_CURVE('',#7799,#7825,#6959,.T.);
#5662=EDGE_CURVE('',#7800,#7801,#6960,.T.);
#5663=EDGE_CURVE('',#7800,#7824,#6961,.T.);
#5664=EDGE_CURVE('',#7801,#7802,#6962,.T.);
#5665=EDGE_CURVE('',#7802,#7805,#6963,.T.);
#5666=EDGE_CURVE('',#7803,#7804,#6964,.T.);
#5667=EDGE_CURVE('',#7803,#7806,#6965,.T.);
#5668=EDGE_CURVE('',#7803,#7808,#6966,.T.);
#5669=EDGE_CURVE('',#7803,#7826,#6967,.T.);
#5670=EDGE_CURVE('',#7804,#7805,#6968,.T.);
#5671=EDGE_CURVE('',#7804,#7825,#6969,.T.);
#5672=EDGE_CURVE('',#7805,#7806,#6970,.T.);
#5673=EDGE_CURVE('',#7806,#7809,#6971,.T.);
#5674=EDGE_CURVE('',#7807,#7808,#6972,.T.);
#5675=EDGE_CURVE('',#7807,#7810,#6973,.T.);
#5676=EDGE_CURVE('',#7807,#7812,#6974,.T.);
#5677=EDGE_CURVE('',#7807,#7827,#6975,.T.);
#5678=EDGE_CURVE('',#7808,#7809,#6976,.T.);
#5679=EDGE_CURVE('',#7808,#7826,#6977,.T.);
#5680=EDGE_CURVE('',#7809,#7810,#6978,.T.);
#5681=EDGE_CURVE('',#7810,#7813,#6979,.T.);
#5682=EDGE_CURVE('',#7811,#7812,#6980,.T.);
#5683=EDGE_CURVE('',#7811,#7814,#6981,.T.);
#5684=EDGE_CURVE('',#7811,#7815,#6982,.T.);
#5685=EDGE_CURVE('',#7811,#7828,#6983,.T.);
#5686=EDGE_CURVE('',#7812,#7813,#6984,.T.);
#5687=EDGE_CURVE('',#7812,#7827,#6985,.T.);
#5688=EDGE_CURVE('',#7813,#7814,#6986,.T.);
#5689=EDGE_CURVE('',#7814,#7816,#6987,.T.);
#5690=EDGE_CURVE('',#7815,#7816,#6988,.T.);
#5691=EDGE_CURVE('',#7815,#7817,#6989,.T.);
#5692=EDGE_CURVE('',#7815,#7828,#6990,.T.);
#5693=EDGE_CURVE('',#7817,#7818,#6991,.T.);
#5694=EDGE_CURVE('',#7817,#7828,#6992,.T.);
#5695=EDGE_CURVE('',#7817,#7829,#6993,.T.);
#5696=EDGE_CURVE('',#7818,#7819,#6994,.T.);
#5697=EDGE_CURVE('',#7818,#7829,#6995,.T.);
#5698=EDGE_CURVE('',#7818,#7830,#6996,.T.);
#5699=EDGE_CURVE('',#7818,#7831,#6997,.T.);
#5700=EDGE_CURVE('',#7819,#7820,#6998,.T.);
#5701=EDGE_CURVE('',#7819,#7830,#6999,.T.);
#5702=EDGE_CURVE('',#7820,#7821,#7000,.T.);
#5703=EDGE_CURVE('',#7820,#7832,#7001,.T.);
#5704=EDGE_CURVE('',#7821,#7822,#7002,.T.);
#5705=EDGE_CURVE('',#7821,#7834,#7003,.T.);
#5706=EDGE_CURVE('',#7822,#7823,#7004,.T.);
#5707=EDGE_CURVE('',#7822,#7833,#7005,.T.);
#5708=EDGE_CURVE('',#7823,#7824,#7006,.T.);
#5709=EDGE_CURVE('',#7823,#7833,#7007,.T.);
#5710=EDGE_CURVE('',#7824,#7825,#7008,.T.);
#5711=EDGE_CURVE('',#7824,#7841,#7009,.T.);
#5712=EDGE_CURVE('',#7825,#7826,#7010,.T.);
#5713=EDGE_CURVE('',#7825,#7842,#7011,.T.);
#5714=EDGE_CURVE('',#7826,#7827,#7012,.T.);
#5715=EDGE_CURVE('',#7826,#7845,#7013,.T.);
#5716=EDGE_CURVE('',#7827,#7828,#7014,.T.);
#5717=EDGE_CURVE('',#7827,#7846,#7015,.T.);
#5718=EDGE_CURVE('',#7828,#7847,#7016,.T.);
#5719=EDGE_CURVE('',#7829,#7831,#7017,.T.);
#5720=EDGE_CURVE('',#7829,#7835,#7018,.T.);
#5721=EDGE_CURVE('',#7829,#7847,#7019,.T.);
#5722=EDGE_CURVE('',#7830,#7831,#7020,.T.);
#5723=EDGE_CURVE('',#7830,#7832,#7021,.T.);
#5724=EDGE_CURVE('',#7830,#7837,#7022,.T.);
#5725=EDGE_CURVE('',#7831,#7835,#7023,.T.);
#5726=EDGE_CURVE('',#7831,#7837,#7024,.T.);
#5727=EDGE_CURVE('',#7831,#7862,#7025,.T.);
#5728=EDGE_CURVE('',#7831,#7863,#7026,.T.);
#5729=EDGE_CURVE('',#7831,#7872,#7027,.T.);
#5730=EDGE_CURVE('',#7832,#7834,#7028,.T.);
#5731=EDGE_CURVE('',#7832,#7836,#7029,.T.);
#5732=EDGE_CURVE('',#7833,#7834,#7030,.T.);
#5733=EDGE_CURVE('',#7833,#7839,#7031,.T.);
#5734=EDGE_CURVE('',#7833,#7840,#7032,.T.);
#5735=EDGE_CURVE('',#7833,#7841,#7033,.T.);
#5736=EDGE_CURVE('',#7834,#7838,#7034,.T.);
#5737=EDGE_CURVE('',#7835,#7850,#7035,.T.);
#5738=EDGE_CURVE('',#7835,#7861,#7036,.T.);
#5739=EDGE_CURVE('',#7835,#7862,#7037,.T.);
#5740=EDGE_CURVE('',#7836,#7837,#7038,.T.);
#5741=EDGE_CURVE('',#7836,#7838,#7039,.T.);
#5742=EDGE_CURVE('',#7836,#7882,#7040,.T.);
#5743=EDGE_CURVE('',#7836,#7883,#7041,.T.);
#5744=EDGE_CURVE('',#7837,#7872,#7042,.T.);
#5745=EDGE_CURVE('',#7837,#7873,#7043,.T.);
#5746=EDGE_CURVE('',#7838,#7839,#7044,.T.);
#5747=EDGE_CURVE('',#7838,#7892,#7045,.T.);
#5748=EDGE_CURVE('',#7838,#7893,#7046,.T.);
#5749=EDGE_CURVE('',#7839,#7840,#7047,.T.);
#5750=EDGE_CURVE('',#7839,#7902,#7048,.T.);
#5751=EDGE_CURVE('',#7839,#7903,#7049,.T.);
#5752=EDGE_CURVE('',#7840,#7844,#7050,.T.);
#5753=EDGE_CURVE('',#7840,#7912,#7051,.T.);
#5754=EDGE_CURVE('',#7840,#7913,#7052,.T.);
#5755=EDGE_CURVE('',#7841,#7842,#7053,.T.);
#5756=EDGE_CURVE('',#7841,#7844,#7054,.T.);
#5757=EDGE_CURVE('',#7842,#7843,#7055,.T.);
#5758=EDGE_CURVE('',#7842,#7845,#7056,.T.);
#5759=EDGE_CURVE('',#7843,#7844,#7057,.T.);
#5760=EDGE_CURVE('',#7843,#7848,#7058,.T.);
#5761=EDGE_CURVE('',#7843,#7923,#7059,.T.);
#5762=EDGE_CURVE('',#7843,#7932,#7060,.T.);
#5763=EDGE_CURVE('',#7844,#7913,#7061,.T.);
#5764=EDGE_CURVE('',#7844,#7922,#7062,.T.);
#5765=EDGE_CURVE('',#7844,#7923,#7063,.T.);
#5766=EDGE_CURVE('',#7845,#7846,#7064,.T.);
#5767=EDGE_CURVE('',#7845,#7848,#7065,.T.);
#5768=EDGE_CURVE('',#7846,#7847,#7066,.T.);
#5769=EDGE_CURVE('',#7846,#7849,#7067,.T.);
#5770=EDGE_CURVE('',#7847,#7850,#7068,.T.);
#5771=EDGE_CURVE('',#7848,#7849,#7069,.T.);
#5772=EDGE_CURVE('',#7848,#7933,#7070,.T.);
#5773=EDGE_CURVE('',#7848,#7942,#7071,.T.);
#5774=EDGE_CURVE('',#7849,#7850,#7072,.T.);
#5775=EDGE_CURVE('',#7849,#7943,#7073,.T.);
#5776=EDGE_CURVE('',#7849,#7952,#7074,.T.);
#5777=EDGE_CURVE('',#7850,#7953,#7075,.T.);
#5778=EDGE_CURVE('',#7850,#7960,#7076,.T.);
#5779=EDGE_CURVE('',#7851,#7852,#7077,.T.);
#5780=EDGE_CURVE('',#7851,#7854,#7078,.T.);
#5781=EDGE_CURVE('',#7851,#7855,#7079,.T.);
#5782=EDGE_CURVE('',#7851,#7963,#7080,.T.);
#5783=EDGE_CURVE('',#7852,#7853,#7081,.T.);
#5784=EDGE_CURVE('',#7852,#7857,#7082,.T.);
#5785=EDGE_CURVE('',#7852,#7961,#7083,.T.);
#5786=EDGE_CURVE('',#7853,#7854,#7084,.T.);
#5787=EDGE_CURVE('',#7853,#7860,#7085,.T.);
#5788=EDGE_CURVE('',#7853,#7862,#7086,.T.);
#5789=EDGE_CURVE('',#7854,#7856,#7087,.T.);
#5790=EDGE_CURVE('',#7854,#7862,#7088,.T.);
#5791=EDGE_CURVE('',#7854,#7863,#7089,.T.);
#5792=EDGE_CURVE('',#7855,#7856,#7090,.T.);
#5793=EDGE_CURVE('',#7855,#7870,#7091,.T.);
#5794=EDGE_CURVE('',#7855,#7963,#7092,.T.);
#5795=EDGE_CURVE('',#7855,#7964,#7093,.T.);
#5796=EDGE_CURVE('',#7856,#7863,#7094,.T.);
#5797=EDGE_CURVE('',#7856,#7871,#7095,.T.);
#5798=EDGE_CURVE('',#7857,#7858,#7096,.T.);
#5799=EDGE_CURVE('',#7857,#7860,#7097,.T.);
#5800=EDGE_CURVE('',#7857,#7962,#7098,.T.);
#5801=EDGE_CURVE('',#7858,#7859,#7099,.T.);
#5802=EDGE_CURVE('',#7858,#7954,#7100,.T.);
#5803=EDGE_CURVE('',#7858,#7967,#7101,.T.);
#5804=EDGE_CURVE('',#7859,#7860,#7102,.T.);
#5805=EDGE_CURVE('',#7859,#7861,#7103,.T.);
#5806=EDGE_CURVE('',#7859,#7957,#7104,.T.);
#5807=EDGE_CURVE('',#7860,#7861,#7105,.T.);
#5808=EDGE_CURVE('',#7860,#7862,#7106,.T.);
#5809=EDGE_CURVE('',#7861,#7862,#7107,.T.);
#5810=EDGE_CURVE('',#7861,#7957,#7108,.T.);
#5811=EDGE_CURVE('',#7861,#7960,#7109,.T.);
#5812=EDGE_CURVE('',#7862,#7863,#7110,.T.);
#5813=EDGE_CURVE('',#7863,#7871,#7111,.T.);
#5814=EDGE_CURVE('',#7863,#7872,#7112,.T.);
#5815=EDGE_CURVE('',#7864,#7865,#7113,.T.);
#5816=EDGE_CURVE('',#7864,#7867,#7114,.T.);
#5817=EDGE_CURVE('',#7864,#7868,#7115,.T.);
#5818=EDGE_CURVE('',#7864,#7965,#7116,.T.);
#5819=EDGE_CURVE('',#7865,#7866,#7117,.T.);
#5820=EDGE_CURVE('',#7865,#7870,#7118,.T.);
#5821=EDGE_CURVE('',#7865,#7966,#7119,.T.);
#5822=EDGE_CURVE('',#7866,#7867,#7120,.T.);
#5823=EDGE_CURVE('',#7866,#7871,#7121,.T.);
#5824=EDGE_CURVE('',#7866,#7872,#7122,.T.);
#5825=EDGE_CURVE('',#7867,#7869,#7123,.T.);
#5826=EDGE_CURVE('',#7867,#7872,#7124,.T.);
#5827=EDGE_CURVE('',#7867,#7873,#7125,.T.);
#5828=EDGE_CURVE('',#7868,#7869,#7126,.T.);
#5829=EDGE_CURVE('',#7868,#7880,#7127,.T.);
#5830=EDGE_CURVE('',#7868,#7969,#7128,.T.);
#5831=EDGE_CURVE('',#7869,#7873,#7129,.T.);
#5832=EDGE_CURVE('',#7869,#7881,#7130,.T.);
#5833=EDGE_CURVE('',#7870,#7871,#7131,.T.);
#5834=EDGE_CURVE('',#7870,#7964,#7132,.T.);
#5835=EDGE_CURVE('',#7871,#7872,#7133,.T.);
#5836=EDGE_CURVE('',#7872,#7873,#7134,.T.);
#5837=EDGE_CURVE('',#7873,#7881,#7135,.T.);
#5838=EDGE_CURVE('',#7873,#7882,#7136,.T.);
#5839=EDGE_CURVE('',#7874,#7875,#7137,.T.);
#5840=EDGE_CURVE('',#7874,#7877,#7138,.T.);
#5841=EDGE_CURVE('',#7874,#7878,#7139,.T.);
#5842=EDGE_CURVE('',#7874,#7972,#7140,.T.);
#5843=EDGE_CURVE('',#7875,#7876,#7141,.T.);
#5844=EDGE_CURVE('',#7875,#7880,#7142,.T.);
#5845=EDGE_CURVE('',#7875,#7968,#7143,.T.);
#5846=EDGE_CURVE('',#7875,#7972,#7144,.T.);
#5847=EDGE_CURVE('',#7876,#7877,#7145,.T.);
#5848=EDGE_CURVE('',#7876,#7881,#7146,.T.);
#5849=EDGE_CURVE('',#7876,#7882,#7147,.T.);
#5850=EDGE_CURVE('',#7877,#7879,#7148,.T.);
#5851=EDGE_CURVE('',#7877,#7882,#7149,.T.);
#5852=EDGE_CURVE('',#7877,#7883,#7150,.T.);
#5853=EDGE_CURVE('',#7878,#7879,#7151,.T.);
#5854=EDGE_CURVE('',#7878,#7890,#7152,.T.);
#5855=EDGE_CURVE('',#7878,#7971,#7153,.T.);
#5856=EDGE_CURVE('',#7879,#7883,#7154,.T.);
#5857=EDGE_CURVE('',#7879,#7891,#7155,.T.);
#5858=EDGE_CURVE('',#7880,#7881,#7156,.T.);
#5859=EDGE_CURVE('',#7880,#7968,#7157,.T.);
#5860=EDGE_CURVE('',#7881,#7882,#7158,.T.);
#5861=EDGE_CURVE('',#7882,#7883,#7159,.T.);
#5862=EDGE_CURVE('',#7883,#7891,#7160,.T.);
#5863=EDGE_CURVE('',#7883,#7892,#7161,.T.);
#5864=EDGE_CURVE('',#7884,#7885,#7162,.T.);
#5865=EDGE_CURVE('',#7884,#7887,#7163,.T.);
#5866=EDGE_CURVE('',#7884,#7888,#7164,.T.);
#5867=EDGE_CURVE('',#7884,#7974,#7165,.T.);
#5868=EDGE_CURVE('',#7885,#7886,#7166,.T.);
#5869=EDGE_CURVE('',#7885,#7890,#7167,.T.);
#5870=EDGE_CURVE('',#7885,#7973,#7168,.T.);
#5871=EDGE_CURVE('',#7886,#7887,#7169,.T.);
#5872=EDGE_CURVE('',#7886,#7891,#7170,.T.);
#5873=EDGE_CURVE('',#7886,#7892,#7171,.T.);
#5874=EDGE_CURVE('',#7887,#7889,#7172,.T.);
#5875=EDGE_CURVE('',#7887,#7892,#7173,.T.);
#5876=EDGE_CURVE('',#7887,#7893,#7174,.T.);
#5877=EDGE_CURVE('',#7888,#7889,#7175,.T.);
#5878=EDGE_CURVE('',#7888,#7900,#7176,.T.);
#5879=EDGE_CURVE('',#7888,#7974,#7177,.T.);
#5880=EDGE_CURVE('',#7888,#7976,#7178,.T.);
#5881=EDGE_CURVE('',#7889,#7893,#7179,.T.);
#5882=EDGE_CURVE('',#7889,#7901,#7180,.T.);
#5883=EDGE_CURVE('',#7890,#7891,#7181,.T.);
#5884=EDGE_CURVE('',#7890,#7970,#7182,.T.);
#5885=EDGE_CURVE('',#7891,#7892,#7183,.T.);
#5886=EDGE_CURVE('',#7892,#7893,#7184,.T.);
#5887=EDGE_CURVE('',#7893,#7901,#7185,.T.);
#5888=EDGE_CURVE('',#7893,#7902,#7186,.T.);
#5889=EDGE_CURVE('',#7894,#7895,#7187,.T.);
#5890=EDGE_CURVE('',#7894,#7897,#7188,.T.);
#5891=EDGE_CURVE('',#7894,#7898,#7189,.T.);
#5892=EDGE_CURVE('',#7894,#7978,#7190,.T.);
#5893=EDGE_CURVE('',#7895,#7896,#7191,.T.);
#5894=EDGE_CURVE('',#7895,#7900,#7192,.T.);
#5895=EDGE_CURVE('',#7895,#7975,#7193,.T.);
#5896=EDGE_CURVE('',#7896,#7897,#7194,.T.);
#5897=EDGE_CURVE('',#7896,#7901,#7195,.T.);
#5898=EDGE_CURVE('',#7896,#7902,#7196,.T.);
#5899=EDGE_CURVE('',#7897,#7899,#7197,.T.);
#5900=EDGE_CURVE('',#7897,#7902,#7198,.T.);
#5901=EDGE_CURVE('',#7897,#7903,#7199,.T.);
#5902=EDGE_CURVE('',#7898,#7899,#7200,.T.);
#5903=EDGE_CURVE('',#7898,#7910,#7201,.T.);
#5904=EDGE_CURVE('',#7898,#7977,#7202,.T.);
#5905=EDGE_CURVE('',#7899,#7903,#7203,.T.);
#5906=EDGE_CURVE('',#7899,#7911,#7204,.T.);
#5907=EDGE_CURVE('',#7900,#7901,#7205,.T.);
#5908=EDGE_CURVE('',#7900,#7976,#7206,.T.);
#5909=EDGE_CURVE('',#7901,#7902,#7207,.T.);
#5910=EDGE_CURVE('',#7902,#7903,#7208,.T.);
#5911=EDGE_CURVE('',#7903,#7911,#7209,.T.);
#5912=EDGE_CURVE('',#7903,#7912,#7210,.T.);
#5913=EDGE_CURVE('',#7904,#7905,#7211,.T.);
#5914=EDGE_CURVE('',#7904,#7907,#7212,.T.);
#5915=EDGE_CURVE('',#7904,#7908,#7213,.T.);
#5916=EDGE_CURVE('',#7904,#7980,#7214,.T.);
#5917=EDGE_CURVE('',#7905,#7906,#7215,.T.);
#5918=EDGE_CURVE('',#7905,#7910,#7216,.T.);
#5919=EDGE_CURVE('',#7905,#7979,#7217,.T.);
#5920=EDGE_CURVE('',#7905,#7980,#7218,.T.);
#5921=EDGE_CURVE('',#7906,#7907,#7219,.T.);
#5922=EDGE_CURVE('',#7906,#7911,#7220,.T.);
#5923=EDGE_CURVE('',#7906,#7912,#7221,.T.);
#5924=EDGE_CURVE('',#7907,#7909,#7222,.T.);
#5925=EDGE_CURVE('',#7907,#7912,#7223,.T.);
#5926=EDGE_CURVE('',#7907,#7913,#7224,.T.);
#5927=EDGE_CURVE('',#7908,#7909,#7225,.T.);
#5928=EDGE_CURVE('',#7908,#7920,#7226,.T.);
#5929=EDGE_CURVE('',#7908,#7982,#7227,.T.);
#5930=EDGE_CURVE('',#7909,#7913,#7228,.T.);
#5931=EDGE_CURVE('',#7909,#7921,#7229,.T.);
#5932=EDGE_CURVE('',#7910,#7911,#7230,.T.);
#5933=EDGE_CURVE('',#7910,#7979,#7231,.T.);
#5934=EDGE_CURVE('',#7911,#7912,#7232,.T.);
#5935=EDGE_CURVE('',#7912,#7913,#7233,.T.);
#5936=EDGE_CURVE('',#7913,#7921,#7234,.T.);
#5937=EDGE_CURVE('',#7913,#7922,#7235,.T.);
#5938=EDGE_CURVE('',#7914,#7915,#7236,.T.);
#5939=EDGE_CURVE('',#7914,#7917,#7237,.T.);
#5940=EDGE_CURVE('',#7914,#7918,#7238,.T.);
#5941=EDGE_CURVE('',#7914,#7983,#7239,.T.);
#5942=EDGE_CURVE('',#7915,#7916,#7240,.T.);
#5943=EDGE_CURVE('',#7915,#7920,#7241,.T.);
#5944=EDGE_CURVE('',#7915,#7984,#7242,.T.);
#5945=EDGE_CURVE('',#7916,#7917,#7243,.T.);
#5946=EDGE_CURVE('',#7916,#7921,#7244,.T.);
#5947=EDGE_CURVE('',#7916,#7922,#7245,.T.);
#5948=EDGE_CURVE('',#7917,#7919,#7246,.T.);
#5949=EDGE_CURVE('',#7917,#7922,#7247,.T.);
#5950=EDGE_CURVE('',#7917,#7923,#7248,.T.);
#5951=EDGE_CURVE('',#7918,#7919,#7249,.T.);
#5952=EDGE_CURVE('',#7918,#7930,#7250,.T.);
#5953=EDGE_CURVE('',#7918,#7985,#7251,.T.);
#5954=EDGE_CURVE('',#7919,#7923,#7252,.T.);
#5955=EDGE_CURVE('',#7919,#7931,#7253,.T.);
#5956=EDGE_CURVE('',#7920,#7921,#7254,.T.);
#5957=EDGE_CURVE('',#7920,#7981,#7255,.T.);
#5958=EDGE_CURVE('',#7921,#7922,#7256,.T.);
#5959=EDGE_CURVE('',#7922,#7923,#7257,.T.);
#5960=EDGE_CURVE('',#7923,#7931,#7258,.T.);
#5961=EDGE_CURVE('',#7923,#7932,#7259,.T.);
#5962=EDGE_CURVE('',#7924,#7925,#7260,.T.);
#5963=EDGE_CURVE('',#7924,#7927,#7261,.T.);
#5964=EDGE_CURVE('',#7924,#7928,#7262,.T.);
#5965=EDGE_CURVE('',#7924,#7986,#7263,.T.);
#5966=EDGE_CURVE('',#7925,#7926,#7264,.T.);
#5967=EDGE_CURVE('',#7925,#7930,#7265,.T.);
#5968=EDGE_CURVE('',#7925,#7987,#7266,.T.);
#5969=EDGE_CURVE('',#7926,#7927,#7267,.T.);
#5970=EDGE_CURVE('',#7926,#7931,#7268,.T.);
#5971=EDGE_CURVE('',#7926,#7932,#7269,.T.);
#5972=EDGE_CURVE('',#7927,#7929,#7270,.T.);
#5973=EDGE_CURVE('',#7927,#7932,#7271,.T.);
#5974=EDGE_CURVE('',#7927,#7933,#7272,.T.);
#5975=EDGE_CURVE('',#7928,#7929,#7273,.T.);
#5976=EDGE_CURVE('',#7928,#7940,#7274,.T.);
#5977=EDGE_CURVE('',#7928,#7989,#7275,.T.);
#5978=EDGE_CURVE('',#7929,#7933,#7276,.T.);
#5979=EDGE_CURVE('',#7929,#7941,#7277,.T.);
#5980=EDGE_CURVE('',#7930,#7931,#7278,.T.);
#5981=EDGE_CURVE('',#7930,#7985,#7279,.T.);
#5982=EDGE_CURVE('',#7930,#7987,#7280,.T.);
#5983=EDGE_CURVE('',#7931,#7932,#7281,.T.);
#5984=EDGE_CURVE('',#7932,#7933,#7282,.T.);
#5985=EDGE_CURVE('',#7933,#7941,#7283,.T.);
#5986=EDGE_CURVE('',#7933,#7942,#7284,.T.);
#5987=EDGE_CURVE('',#7934,#7935,#7285,.T.);
#5988=EDGE_CURVE('',#7934,#7937,#7286,.T.);
#5989=EDGE_CURVE('',#7934,#7938,#7287,.T.);
#5990=EDGE_CURVE('',#7934,#7990,#7288,.T.);
#5991=EDGE_CURVE('',#7934,#7991,#7289,.T.);
#5992=EDGE_CURVE('',#7935,#7936,#7290,.T.);
#5993=EDGE_CURVE('',#7935,#7940,#7291,.T.);
#5994=EDGE_CURVE('',#7935,#7991,#7292,.T.);
#5995=EDGE_CURVE('',#7936,#7937,#7293,.T.);
#5996=EDGE_CURVE('',#7936,#7941,#7294,.T.);
#5997=EDGE_CURVE('',#7936,#7942,#7295,.T.);
#5998=EDGE_CURVE('',#7937,#7939,#7296,.T.);
#5999=EDGE_CURVE('',#7937,#7942,#7297,.T.);
#6000=EDGE_CURVE('',#7937,#7943,#7298,.T.);
#6001=EDGE_CURVE('',#7938,#7939,#7299,.T.);
#6002=EDGE_CURVE('',#7938,#7950,#7300,.T.);
#6003=EDGE_CURVE('',#7938,#7990,#7301,.T.);
#6004=EDGE_CURVE('',#7939,#7943,#7302,.T.);
#6005=EDGE_CURVE('',#7939,#7951,#7303,.T.);
#6006=EDGE_CURVE('',#7940,#7941,#7304,.T.);
#6007=EDGE_CURVE('',#7940,#7988,#7305,.T.);
#6008=EDGE_CURVE('',#7941,#7942,#7306,.T.);
#6009=EDGE_CURVE('',#7942,#7943,#7307,.T.);
#6010=EDGE_CURVE('',#7943,#7951,#7308,.T.);
#6011=EDGE_CURVE('',#7943,#7952,#7309,.T.);
#6012=EDGE_CURVE('',#7944,#7945,#7310,.T.);
#6013=EDGE_CURVE('',#7944,#7947,#7311,.T.);
#6014=EDGE_CURVE('',#7944,#7948,#7312,.T.);
#6015=EDGE_CURVE('',#7944,#7994,#7313,.T.);
#6016=EDGE_CURVE('',#7945,#7946,#7314,.T.);
#6017=EDGE_CURVE('',#7945,#7950,#7315,.T.);
#6018=EDGE_CURVE('',#7945,#7993,#7316,.T.);
#6019=EDGE_CURVE('',#7946,#7947,#7317,.T.);
#6020=EDGE_CURVE('',#7946,#7951,#7318,.T.);
#6021=EDGE_CURVE('',#7946,#7952,#7319,.T.);
#6022=EDGE_CURVE('',#7947,#7949,#7320,.T.);
#6023=EDGE_CURVE('',#7947,#7952,#7321,.T.);
#6024=EDGE_CURVE('',#7947,#7953,#7322,.T.);
#6025=EDGE_CURVE('',#7948,#7949,#7323,.T.);
#6026=EDGE_CURVE('',#7948,#7958,#7324,.T.);
#6027=EDGE_CURVE('',#7948,#7995,#7325,.T.);
#6028=EDGE_CURVE('',#7949,#7953,#7326,.T.);
#6029=EDGE_CURVE('',#7949,#7959,#7327,.T.);
#6030=EDGE_CURVE('',#7950,#7951,#7328,.T.);
#6031=EDGE_CURVE('',#7950,#7992,#7329,.T.);
#6032=EDGE_CURVE('',#7951,#7952,#7330,.T.);
#6033=EDGE_CURVE('',#7952,#7953,#7331,.T.);
#6034=EDGE_CURVE('',#7953,#7959,#7332,.T.);
#6035=EDGE_CURVE('',#7953,#7960,#7333,.T.);
#6036=EDGE_CURVE('',#7954,#7955,#7334,.T.);
#6037=EDGE_CURVE('',#7954,#7957,#7335,.T.);
#6038=EDGE_CURVE('',#7954,#7996,#7336,.T.);
#6039=EDGE_CURVE('',#7955,#7956,#7337,.T.);
#6040=EDGE_CURVE('',#7955,#7958,#7338,.T.);
#6041=EDGE_CURVE('',#7955,#7997,#7339,.T.);
#6042=EDGE_CURVE('',#7956,#7957,#7340,.T.);
#6043=EDGE_CURVE('',#7956,#7959,#7341,.T.);
#6044=EDGE_CURVE('',#7956,#7960,#7342,.T.);
#6045=EDGE_CURVE('',#7957,#7960,#7343,.T.);
#6046=EDGE_CURVE('',#7958,#7959,#7344,.T.);
#6047=EDGE_CURVE('',#7958,#7995,#7345,.T.);
#6048=EDGE_CURVE('',#7958,#7997,#7346,.T.);
#6049=EDGE_CURVE('',#7959,#7960,#7347,.T.);
#6050=EDGE_CURVE('',#7961,#7962,#7348,.T.);
#6051=EDGE_CURVE('',#7961,#7963,#7349,.T.);
#6052=EDGE_CURVE('',#7961,#8000,#7350,.T.);
#6053=EDGE_CURVE('',#7961,#8003,#7351,.T.);
#6054=EDGE_CURVE('',#7962,#7967,#7352,.T.);
#6055=EDGE_CURVE('',#7962,#8003,#7353,.T.);
#6056=EDGE_CURVE('',#7963,#7964,#7354,.T.);
#6057=EDGE_CURVE('',#7963,#8000,#7355,.T.);
#6058=EDGE_CURVE('',#7964,#7966,#7356,.T.);
#6059=EDGE_CURVE('',#7964,#8000,#7357,.T.);
#6060=EDGE_CURVE('',#7965,#7966,#7358,.T.);
#6061=EDGE_CURVE('',#7965,#7969,#7359,.T.);
#6062=EDGE_CURVE('',#7965,#8001,#7360,.T.);
#6063=EDGE_CURVE('',#7966,#8000,#7361,.T.);
#6064=EDGE_CURVE('',#7966,#8001,#7362,.T.);
#6065=EDGE_CURVE('',#7967,#7996,#7363,.T.);
#6066=EDGE_CURVE('',#7967,#8003,#7364,.T.);
#6067=EDGE_CURVE('',#7968,#7969,#7365,.T.);
#6068=EDGE_CURVE('',#7968,#7972,#7366,.T.);
#6069=EDGE_CURVE('',#7968,#8001,#7367,.T.);
#6070=EDGE_CURVE('',#7968,#8012,#7368,.T.);
#6071=EDGE_CURVE('',#7969,#8001,#7369,.T.);
#6072=EDGE_CURVE('',#7970,#7971,#7370,.T.);
#6073=EDGE_CURVE('',#7970,#7973,#7371,.T.);
#6074=EDGE_CURVE('',#7970,#8012,#7372,.T.);
#6075=EDGE_CURVE('',#7970,#8013,#7373,.T.);
#6076=EDGE_CURVE('',#7971,#7972,#7374,.T.);
#6077=EDGE_CURVE('',#7971,#8012,#7375,.T.);
#6078=EDGE_CURVE('',#7972,#8012,#7376,.T.);
#6079=EDGE_CURVE('',#7973,#7974,#7377,.T.);
#6080=EDGE_CURVE('',#7973,#8013,#7378,.T.);
#6081=EDGE_CURVE('',#7974,#7976,#7379,.T.);
#6082=EDGE_CURVE('',#7974,#8013,#7380,.T.);
#6083=EDGE_CURVE('',#7975,#7976,#7381,.T.);
#6084=EDGE_CURVE('',#7975,#7978,#7382,.T.);
#6085=EDGE_CURVE('',#7975,#8020,#7383,.T.);
#6086=EDGE_CURVE('',#7976,#8013,#7384,.T.);
#6087=EDGE_CURVE('',#7976,#8020,#7385,.T.);
#6088=EDGE_CURVE('',#7977,#7978,#7386,.T.);
#6089=EDGE_CURVE('',#7977,#7979,#7387,.T.);
#6090=EDGE_CURVE('',#7977,#8020,#7388,.T.);
#6091=EDGE_CURVE('',#7977,#8021,#7389,.T.);
#6092=EDGE_CURVE('',#7978,#8020,#7390,.T.);
#6093=EDGE_CURVE('',#7979,#7980,#7391,.T.);
#6094=EDGE_CURVE('',#7979,#8021,#7392,.T.);
#6095=EDGE_CURVE('',#7980,#7982,#7393,.T.);
#6096=EDGE_CURVE('',#7980,#8021,#7394,.T.);
#6097=EDGE_CURVE('',#7981,#7982,#7395,.T.);
#6098=EDGE_CURVE('',#7981,#7984,#7396,.T.);
#6099=EDGE_CURVE('',#7981,#8028,#7397,.T.);
#6100=EDGE_CURVE('',#7982,#8021,#7398,.T.);
#6101=EDGE_CURVE('',#7983,#7984,#7399,.T.);
#6102=EDGE_CURVE('',#7983,#7985,#7400,.T.);
#6103=EDGE_CURVE('',#7983,#8028,#7401,.T.);
#6104=EDGE_CURVE('',#7983,#8029,#7402,.T.);
#6105=EDGE_CURVE('',#7984,#8028,#7403,.T.);
#6106=EDGE_CURVE('',#7985,#7987,#7404,.T.);
#6107=EDGE_CURVE('',#7985,#8029,#7405,.T.);
#6108=EDGE_CURVE('',#7986,#7987,#7406,.T.);
#6109=EDGE_CURVE('',#7986,#7989,#7407,.T.);
#6110=EDGE_CURVE('',#7986,#8029,#7408,.T.);
#6111=EDGE_CURVE('',#7986,#8036,#7409,.T.);
#6112=EDGE_CURVE('',#7987,#8029,#7410,.T.);
#6113=EDGE_CURVE('',#7988,#7989,#7411,.T.);
#6114=EDGE_CURVE('',#7988,#7991,#7412,.T.);
#6115=EDGE_CURVE('',#7988,#8036,#7413,.T.);
#6116=EDGE_CURVE('',#7989,#8036,#7414,.T.);
#6117=EDGE_CURVE('',#7990,#7991,#7415,.T.);
#6118=EDGE_CURVE('',#7990,#7992,#7416,.T.);
#6119=EDGE_CURVE('',#7990,#8037,#7417,.T.);
#6120=EDGE_CURVE('',#7991,#8036,#7418,.T.);
#6121=EDGE_CURVE('',#7992,#7993,#7419,.T.);
#6122=EDGE_CURVE('',#7992,#8037,#7420,.T.);
#6123=EDGE_CURVE('',#7993,#7994,#7421,.T.);
#6124=EDGE_CURVE('',#7993,#8037,#7422,.T.);
#6125=EDGE_CURVE('',#7993,#8043,#7423,.T.);
#6126=EDGE_CURVE('',#7994,#7995,#7424,.T.);
#6127=EDGE_CURVE('',#7994,#8043,#7425,.T.);
#6128=EDGE_CURVE('',#7995,#7997,#7426,.T.);
#6129=EDGE_CURVE('',#7995,#8043,#7427,.T.);
#6130=EDGE_CURVE('',#7996,#7997,#7428,.T.);
#6131=EDGE_CURVE('',#7996,#8003,#7429,.T.);
#6132=EDGE_CURVE('',#7997,#8003,#7430,.T.);
#6133=EDGE_CURVE('',#7997,#8043,#7431,.T.);
#6134=EDGE_CURVE('',#7998,#7999,#7432,.T.);
#6135=EDGE_CURVE('',#7998,#8001,#7433,.T.);
#6136=EDGE_CURVE('',#7998,#8006,#7434,.T.);
#6137=EDGE_CURVE('',#7998,#8011,#7435,.T.);
#6138=EDGE_CURVE('',#7999,#8000,#7436,.T.);
#6139=EDGE_CURVE('',#7999,#8002,#7437,.T.);
#6140=EDGE_CURVE('',#7999,#8004,#7438,.T.);
#6141=EDGE_CURVE('',#8000,#8001,#7439,.T.);
#6142=EDGE_CURVE('',#8000,#8003,#7440,.T.);
#6143=EDGE_CURVE('',#8001,#8012,#7441,.T.);
#6144=EDGE_CURVE('',#8002,#8003,#7442,.T.);
#6145=EDGE_CURVE('',#8002,#8005,#7443,.T.);
#6146=EDGE_CURVE('',#8002,#8042,#7444,.T.);
#6147=EDGE_CURVE('',#8003,#8043,#7445,.T.);
#6148=EDGE_CURVE('',#8004,#8005,#7446,.T.);
#6149=EDGE_CURVE('',#8004,#8006,#7447,.T.);
#6150=EDGE_CURVE('',#8004,#8007,#7448,.T.);
#6151=EDGE_CURVE('',#8005,#8008,#7449,.T.);
#6152=EDGE_CURVE('',#8005,#8044,#7450,.T.);
#6153=EDGE_CURVE('',#8006,#8009,#7451,.T.);
#6154=EDGE_CURVE('',#8006,#8014,#7452,.T.);
#6155=EDGE_CURVE('',#8007,#8008,#7453,.T.);
#6156=EDGE_CURVE('',#8007,#8009,#7454,.T.);
#6157=EDGE_CURVE('',#8008,#8045,#7455,.T.);
#6158=EDGE_CURVE('',#8009,#8016,#7456,.T.);
#6159=EDGE_CURVE('',#8010,#8011,#7457,.T.);
#6160=EDGE_CURVE('',#8010,#8013,#7458,.T.);
#6161=EDGE_CURVE('',#8010,#8015,#7459,.T.);
#6162=EDGE_CURVE('',#8010,#8019,#7460,.T.);
#6163=EDGE_CURVE('',#8011,#8012,#7461,.T.);
#6164=EDGE_CURVE('',#8011,#8014,#7462,.T.);
#6165=EDGE_CURVE('',#8012,#8013,#7463,.T.);
#6166=EDGE_CURVE('',#8013,#8020,#7464,.T.);
#6167=EDGE_CURVE('',#8014,#8015,#7465,.T.);
#6168=EDGE_CURVE('',#8014,#8016,#7466,.T.);
#6169=EDGE_CURVE('',#8015,#8017,#7467,.T.);
#6170=EDGE_CURVE('',#8015,#8022,#7468,.T.);
#6171=EDGE_CURVE('',#8016,#8017,#7469,.T.);
#6172=EDGE_CURVE('',#8017,#8024,#7470,.T.);
#6173=EDGE_CURVE('',#8018,#8019,#7471,.T.);
#6174=EDGE_CURVE('',#8018,#8021,#7472,.T.);
#6175=EDGE_CURVE('',#8018,#8023,#7473,.T.);
#6176=EDGE_CURVE('',#8018,#8027,#7474,.T.);
#6177=EDGE_CURVE('',#8019,#8020,#7475,.T.);
#6178=EDGE_CURVE('',#8019,#8022,#7476,.T.);
#6179=EDGE_CURVE('',#8020,#8021,#7477,.T.);
#6180=EDGE_CURVE('',#8021,#8028,#7478,.T.);
#6181=EDGE_CURVE('',#8022,#8023,#7479,.T.);
#6182=EDGE_CURVE('',#8022,#8024,#7480,.T.);
#6183=EDGE_CURVE('',#8023,#8025,#7481,.T.);
#6184=EDGE_CURVE('',#8023,#8030,#7482,.T.);
#6185=EDGE_CURVE('',#8024,#8025,#7483,.T.);
#6186=EDGE_CURVE('',#8025,#8032,#7484,.T.);
#6187=EDGE_CURVE('',#8026,#8027,#7485,.T.);
#6188=EDGE_CURVE('',#8026,#8029,#7486,.T.);
#6189=EDGE_CURVE('',#8026,#8031,#7487,.T.);
#6190=EDGE_CURVE('',#8026,#8035,#7488,.T.);
#6191=EDGE_CURVE('',#8027,#8028,#7489,.T.);
#6192=EDGE_CURVE('',#8027,#8030,#7490,.T.);
#6193=EDGE_CURVE('',#8028,#8029,#7491,.T.);
#6194=EDGE_CURVE('',#8029,#8036,#7492,.T.);
#6195=EDGE_CURVE('',#8030,#8031,#7493,.T.);
#6196=EDGE_CURVE('',#8030,#8032,#7494,.T.);
#6197=EDGE_CURVE('',#8031,#8033,#7495,.T.);
#6198=EDGE_CURVE('',#8031,#8038,#7496,.T.);
#6199=EDGE_CURVE('',#8032,#8033,#7497,.T.);
#6200=EDGE_CURVE('',#8033,#8040,#7498,.T.);
#6201=EDGE_CURVE('',#8034,#8035,#7499,.T.);
#6202=EDGE_CURVE('',#8034,#8037,#7500,.T.);
#6203=EDGE_CURVE('',#8034,#8039,#7501,.T.);
#6204=EDGE_CURVE('',#8034,#8042,#7502,.T.);
#6205=EDGE_CURVE('',#8035,#8036,#7503,.T.);
#6206=EDGE_CURVE('',#8035,#8038,#7504,.T.);
#6207=EDGE_CURVE('',#8036,#8037,#7505,.T.);
#6208=EDGE_CURVE('',#8037,#8043,#7506,.T.);
#6209=EDGE_CURVE('',#8038,#8039,#7507,.T.);
#6210=EDGE_CURVE('',#8038,#8040,#7508,.T.);
#6211=EDGE_CURVE('',#8039,#8041,#7509,.T.);
#6212=EDGE_CURVE('',#8039,#8044,#7510,.T.);
#6213=EDGE_CURVE('',#8040,#8041,#7511,.T.);
#6214=EDGE_CURVE('',#8041,#8045,#7512,.T.);
#6215=EDGE_CURVE('',#8042,#8043,#7513,.T.);
#6216=EDGE_CURVE('',#8042,#8044,#7514,.T.);
#6217=EDGE_CURVE('',#8044,#8045,#7515,.T.);
#6218=B_SPLINE_CURVE_WITH_KNOTS('',1,(#11802,#11803),.UNSPECIFIED.,.F.,
 .F.,(2,2),(0.,1.),.UNSPECIFIED.);
#6219=B_SPLINE_CURVE_WITH_KNOTS('',1,(#11804,#11805),.UNSPECIFIED.,.F.,
 .F.,(2,2),(0.,1.),.UNSPECIFIED.);
#6220=B_SPLINE_CURVE_WITH_KNOTS('',1,(#11806,#11807),.UNSPECIFIED.,.F.,
 .F.,(2,2),(0.,1.),.UNSPECIFIED.);
#6221=B_SPLINE_CURVE_WITH_KNOTS('',1,(#11808,#11809),.UNSPECIFIED.,.F.,
 .F.,(2,2),(0.,1.),.UNSPECIFIED.);
#6222=B_SPLINE_CURVE_WITH_KNOTS('',1,(#11810,#11811),.UNSPECIFIED.,.F.,
 .F.,(2,2),(0.,1.),.UNSPECIFIED.);
#6223=B_SPLINE_CURVE_WITH_KNOTS('',1,(#11812,#11813),.UNSPECIFIED.,.F.,
 .F.,(2,2),(0.,1.),.UNSPECIFIED.);
#6224=B_SPLINE_CURVE_WITH_KNOTS('',1,(#11814,#11815),.UNSPECIFIED.,.F.,
 .F.,(2,2),(0.,1.),.UNSPECIFIED.);
#6225=B_SPLINE_CURVE_WITH_KNOTS('',1,(#11816,#11817),.UNSPECIFIED.,.F.,
 .F.,(2,2),(0.,1.),.UNSPECIFIED.);
#6226=B_SPLINE_CURVE_WITH_KNOTS('',1,(#11818,#11819),.UNSPECIFIED.,.F.,
 .F.,(2,2),(0.,1.),.UNSPECIFIED.);
#6227=B_SPLINE_CURVE_WITH_KNOTS('',1,(#11820,#11821),.UNSPECIFIED.,.F.,
 .F.,(2,2),(0.,1.),.UNSPECIFIED.);
#6228=B_SPLINE_CURVE_WITH_KNOTS('',1,(#11822,#11823),.UNSPECIFIED.,.F.,
 .F.,(2,2),(0.,1.),.UNSPECIFIED.);
#6229=B_SPLINE_CURVE_WITH_KNOTS('',1,(#11824,#11825),.UNSPECIFIED.,.F.,
 .F.,(2,2),(0.,1.),.UNSPECIFIED.);
#6230=B_SPLINE_CURVE_WITH_KNOTS('',1,(#11826,#11827),.UNSPECIFIED.,.F.,
 .F.,(2,2),(0.,1.),.UNSPECIFIED.);
#6231=B_SPLINE_CURVE_WITH_KNOTS('',1,(#11828,#11829),.UNSPECIFIED.,.F.,
 .F.,(2,2),(0.,1.),.UNSPECIFIED.);
#6232=B_SPLINE_CURVE_WITH_KNOTS('',1,(#11830,#11831),.UNSPECIFIED.,.F.,
 .F.,(2,2),(0.,1.),.UNSPECIFIED.);
#6233=B_SPLINE_CURVE_WITH_KNOTS('',1,(#11832,#11833),.UNSPECIFIED.,.F.,
 .F.,(2,2),(0.,1.),.UNSPECIFIED.);
#6234=B_SPLINE_CURVE_WITH_KNOTS('',1,(#11834,#11835),.UNSPECIFIED.,.F.,
 .F.,(2,2),(0.,1.),.UNSPECIFIED.);
#6235=B_SPLINE_CURVE_WITH_KNOTS('',1,(#11836,#11837),.UNSPECIFIED.,.F.,
 .F.,(2,2),(0.,1.),.UNSPECIFIED.);
#6236=B_SPLINE_CURVE_WITH_KNOTS('',1,(#11838,#11839),.UNSPECIFIED.,.F.,
 .F.,(2,2),(0.,1.),.UNSPECIFIED.);
#6237=B_SPLINE_CURVE_WITH_KNOTS('',1,(#11840,#11841),.UNSPECIFIED.,.F.,
 .F.,(2,2),(0.,1.),.UNSPECIFIED.);
#6238=B_SPLINE_CURVE_WITH_KNOTS('',1,(#11842,#11843),.UNSPECIFIED.,.F.,
 .F.,(2,2),(0.,1.),.UNSPECIFIED.);
#6239=B_SPLINE_CURVE_WITH_KNOTS('',1,(#11844,#11845),.UNSPECIFIED.,.F.,
 .F.,(2,2),(0.,1.),.UNSPECIFIED.);
#6240=B_SPLINE_CURVE_WITH_KNOTS('',1,(#11846,#11847),.UNSPECIFIED.,.F.,
 .F.,(2,2),(0.,1.),.UNSPECIFIED.);
#6241=B_SPLINE_CURVE_WITH_KNOTS('',1,(#11848,#11849),.UNSPECIFIED.,.F.,
 .F.,(2,2),(0.,1.),.UNSPECIFIED.);
#6242=B_SPLINE_CURVE_WITH_KNOTS('',1,(#11850,#11851),.UNSPECIFIED.,.F.,
 .F.,(2,2),(0.,1.),.UNSPECIFIED.);
#6243=B_SPLINE_CURVE_WITH_KNOTS('',1,(#11852,#11853),.UNSPECIFIED.,.F.,
 .F.,(2,2),(0.,1.),.UNSPECIFIED.);
#6244=B_SPLINE_CURVE_WITH_KNOTS('',1,(#11854,#11855),.UNSPECIFIED.,.F.,
 .F.,(2,2),(0.,1.),.UNSPECIFIED.);
#6245=B_SPLINE_CURVE_WITH_KNOTS('',1,(#11856,#11857),.UNSPECIFIED.,.F.,
 .F.,(2,2),(0.,1.),.UNSPECIFIED.);
#6246=B_SPLINE_CURVE_WITH_KNOTS('',1,(#11858,#11859),.UNSPECIFIED.,.F.,
 .F.,(2,2),(0.,1.),.UNSPECIFIED.);
#6247=B_SPLINE_CURVE_WITH_KNOTS('',1,(#11860,#11861),.UNSPECIFIED.,.F.,
 .F.,(2,2),(0.,1.),.UNSPECIFIED.);
#6248=B_SPLINE_CURVE_WITH_KNOTS('',1,(#11862,#11863),.UNSPECIFIED.,.F.,
 .F.,(2,2),(0.,1.),.UNSPECIFIED.);
#6249=B_SPLINE_CURVE_WITH_KNOTS('',1,(#11864,#11865),.UNSPECIFIED.,.F.,
 .F.,(2,2),(0.,1.),.UNSPECIFIED.);
#6250=B_SPLINE_CURVE_WITH_KNOTS('',1,(#11866,#11867),.UNSPECIFIED.,.F.,
 .F.,(2,2),(0.,1.),.UNSPECIFIED.);
#6251=B_SPLINE_CURVE_WITH_KNOTS('',1,(#11868,#11869),.UNSPECIFIED.,.F.,
 .F.,(2,2),(0.,1.),.UNSPECIFIED.);
#6252=B_SPLINE_CURVE_WITH_KNOTS('',1,(#11870,#11871),.UNSPECIFIED.,.F.,
 .F.,(2,2),(0.,1.),.UNSPECIFIED.);
#6253=B_SPLINE_CURVE_WITH_KNOTS('',1,(#11872,#11873),.UNSPECIFIED.,.F.,
 .F.,(2,2),(0.,1.),.UNSPECIFIED.);
#6254=B_SPLINE_CURVE_WITH_KNOTS('',1,(#11874,#11875),.UNSPECIFIED.,.F.,
 .F.,(2,2),(0.,1.),.UNSPECIFIED.);
#6255=B_SPLINE_CURVE_WITH_KNOTS('',1,(#11876,#11877),.UNSPECIFIED.,.F.,
 .F.,(2,2),(0.,1.),.UNSPECIFIED.);
#6256=B_SPLINE_CURVE_WITH_KNOTS('',1,(#11878,#11879),.UNSPECIFIED.,.F.,
 .F.,(2,2),(0.,1.),.UNSPECIFIED.);
#6257=B_SPLINE_CURVE_WITH_KNOTS('',1,(#11880,#11881),.UNSPECIFIED.,.F.,
 .F.,(2,2),(0.,1.),.UNSPECIFIED.);
#6258=B_SPLINE_CURVE_WITH_KNOTS('',1,(#11882,#11883),.UNSPECIFIED.,.F.,
 .F.,(2,2),(0.,1.),.UNSPECIFIED.);
#6259=B_SPLINE_CURVE_WITH_KNOTS('',1,(#11884,#11885),.UNSPECIFIED.,.F.,
 .F.,(2,2),(0.,1.),.UNSPECIFIED.);
#6260=B_SPLINE_CURVE_WITH_KNOTS('',1,(#11886,#11887),.UNSPECIFIED.,.F.,
 .F.,(2,2),(0.,1.),.UNSPECIFIED.);
#6261=B_SPLINE_CURVE_WITH_KNOTS('',1,(#11888,#11889),.UNSPECIFIED.,.F.,
 .F.,(2,2),(0.,1.),.UNSPECIFIED.);
#6262=B_SPLINE_CURVE_WITH_KNOTS('',1,(#11890,#11891),.UNSPECIFIED.,.F.,
 .F.,(2,2),(0.,1.),.UNSPECIFIED.);
#6263=B_SPLINE_CURVE_WITH_KNOTS('',1,(#11892,#11893),.UNSPECIFIED.,.F.,
 .F.,(2,2),(0.,1.),.UNSPECIFIED.);
#6264=B_SPLINE_CURVE_WITH_KNOTS('',1,(#11894,#11895),.UNSPECIFIED.,.F.,
 .F.,(2,2),(0.,1.),.UNSPECIFIED.);
#6265=B_SPLINE_CURVE_WITH_KNOTS('',1,(#11896,#11897),.UNSPECIFIED.,.F.,
 .F.,(2,2),(0.,1.),.UNSPECIFIED.);
#6266=B_SPLINE_CURVE_WITH_KNOTS('',1,(#11898,#11899),.UNSPECIFIED.,.F.,
 .F.,(2,2),(0.,1.),.UNSPECIFIED.);
#6267=B_SPLINE_CURVE_WITH_KNOTS('',1,(#11900,#11901),.UNSPECIFIED.,.F.,
 .F.,(2,2),(0.,1.),.UNSPECIFIED.);
#6268=B_SPLINE_CURVE_WITH_KNOTS('',1,(#11902,#11903),.UNSPECIFIED.,.F.,
 .F.,(2,2),(0.,1.),.UNSPECIFIED.);
#6269=B_SPLINE_CURVE_WITH_KNOTS('',1,(#11904,#11905),.UNSPECIFIED.,.F.,
 .F.,(2,2),(0.,1.),.UNSPECIFIED.);
#6270=B_SPLINE_CURVE_WITH_KNOTS('',1,(#11906,#11907),.UNSPECIFIED.,.F.,
 .F.,(2,2),(0.,1.),.UNSPECIFIED.);
#6271=B_SPLINE_CURVE_WITH_KNOTS('',1,(#11908,#11909),.UNSPECIFIED.,.F.,
 .F.,(2,2),(0.,1.),.UNSPECIFIED.);
#6272=B_SPLINE_CURVE_WITH_KNOTS('',1,(#11910,#11911),.UNSPECIFIED.,.F.,
 .F.,(2,2),(0.,1.),.UNSPECIFIED.);
#6273=B_SPLINE_CURVE_WITH_KNOTS('',1,(#11912,#11913),.UNSPECIFIED.,.F.,
 .F.,(2,2),(0.,1.),.UNSPECIFIED.);
#6274=B_SPLINE_CURVE_WITH_KNOTS('',1,(#11914,#11915),.UNSPECIFIED.,.F.,
 .F.,(2,2),(0.,1.),.UNSPECIFIED.);
#6275=B_SPLINE_CURVE_WITH_KNOTS('',1,(#11916,#11917),.UNSPECIFIED.,.F.,
 .F.,(2,2),(0.,1.),.UNSPECIFIED.);
#6276=B_SPLINE_CURVE_WITH_KNOTS('',1,(#11918,#11919),.UNSPECIFIED.,.F.,
 .F.,(2,2),(0.,1.),.UNSPECIFIED.);
#6277=B_SPLINE_CURVE_WITH_KNOTS('',1,(#11920,#11921),.UNSPECIFIED.,.F.,
 .F.,(2,2),(0.,1.),.UNSPECIFIED.);
#6278=B_SPLINE_CURVE_WITH_KNOTS('',1,(#11922,#11923),.UNSPECIFIED.,.F.,
 .F.,(2,2),(0.,1.),.UNSPECIFIED.);
#6279=B_SPLINE_CURVE_WITH_KNOTS('',1,(#11924,#11925),.UNSPECIFIED.,.F.,
 .F.,(2,2),(0.,1.),.UNSPECIFIED.);
#6280=B_SPLINE_CURVE_WITH_KNOTS('',1,(#11926,#11927),.UNSPECIFIED.,.F.,
 .F.,(2,2),(0.,1.),.UNSPECIFIED.);
#6281=B_SPLINE_CURVE_WITH_KNOTS('',1,(#11928,#11929),.UNSPECIFIED.,.F.,
 .F.,(2,2),(0.,1.),.UNSPECIFIED.);
#6282=B_SPLINE_CURVE_WITH_KNOTS('',1,(#11930,#11931),.UNSPECIFIED.,.F.,
 .F.,(2,2),(0.,1.),.UNSPECIFIED.);
#6283=B_SPLINE_CURVE_WITH_KNOTS('',1,(#11932,#11933),.UNSPECIFIED.,.F.,
 .F.,(2,2),(0.,1.),.UNSPECIFIED.);
#6284=B_SPLINE_CURVE_WITH_KNOTS('',1,(#11934,#11935),.UNSPECIFIED.,.F.,
 .F.,(2,2),(0.,1.),.UNSPECIFIED.);
#6285=B_SPLINE_CURVE_WITH_KNOTS('',1,(#11936,#11937),.UNSPECIFIED.,.F.,
 .F.,(2,2),(0.,1.),.UNSPECIFIED.);
#6286=B_SPLINE_CURVE_WITH_KNOTS('',1,(#11938,#11939),.UNSPECIFIED.,.F.,
 .F.,(2,2),(0.,1.),.UNSPECIFIED.);
#6287=B_SPLINE_CURVE_WITH_KNOTS('',1,(#11940,#11941),.UNSPECIFIED.,.F.,
 .F.,(2,2),(0.,1.),.UNSPECIFIED.);
#6288=B_SPLINE_CURVE_WITH_KNOTS('',1,(#11942,#11943),.UNSPECIFIED.,.F.,
 .F.,(2,2),(0.,1.),.UNSPECIFIED.);
#6289=B_SPLINE_CURVE_WITH_KNOTS('',1,(#11944,#11945),.UNSPECIFIED.,.F.,
 .F.,(2,2),(0.,1.),.UNSPECIFIED.);
#6290=B_SPLINE_CURVE_WITH_KNOTS('',1,(#11946,#11947),.UNSPECIFIED.,.F.,
 .F.,(2,2),(0.,1.),.UNSPECIFIED.);
#6291=B_SPLINE_CURVE_WITH_KNOTS('',1,(#11948,#11949),.UNSPECIFIED.,.F.,
 .F.,(2,2),(0.,1.),.UNSPECIFIED.);
#6292=B_SPLINE_CURVE_WITH_KNOTS('',1,(#11950,#11951),.UNSPECIFIED.,.F.,
 .F.,(2,2),(0.,1.),.UNSPECIFIED.);
#6293=B_SPLINE_CURVE_WITH_KNOTS('',1,(#11952,#11953),.UNSPECIFIED.,.F.,
 .F.,(2,2),(0.,1.),.UNSPECIFIED.);
#6294=B_SPLINE_CURVE_WITH_KNOTS('',1,(#11954,#11955),.UNSPECIFIED.,.F.,
 .F.,(2,2),(0.,1.),.UNSPECIFIED.);
#6295=B_SPLINE_CURVE_WITH_KNOTS('',1,(#11956,#11957),.UNSPECIFIED.,.F.,
 .F.,(2,2),(0.,1.),.UNSPECIFIED.);
#6296=B_SPLINE_CURVE_WITH_KNOTS('',1,(#11958,#11959),.UNSPECIFIED.,.F.,
 .F.,(2,2),(0.,1.),.UNSPECIFIED.);
#6297=B_SPLINE_CURVE_WITH_KNOTS('',1,(#11960,#11961),.UNSPECIFIED.,.F.,
 .F.,(2,2),(0.,1.),.UNSPECIFIED.);
#6298=B_SPLINE_CURVE_WITH_KNOTS('',1,(#11962,#11963),.UNSPECIFIED.,.F.,
 .F.,(2,2),(0.,1.),.UNSPECIFIED.);
#6299=B_SPLINE_CURVE_WITH_KNOTS('',1,(#11964,#11965),.UNSPECIFIED.,.F.,
 .F.,(2,2),(0.,1.),.UNSPECIFIED.);
#6300=B_SPLINE_CURVE_WITH_KNOTS('',1,(#11966,#11967),.UNSPECIFIED.,.F.,
 .F.,(2,2),(0.,1.),.UNSPECIFIED.);
#6301=B_SPLINE_CURVE_WITH_KNOTS('',1,(#11968,#11969),.UNSPECIFIED.,.F.,
 .F.,(2,2),(0.,1.),.UNSPECIFIED.);
#6302=B_SPLINE_CURVE_WITH_KNOTS('',1,(#11970,#11971),.UNSPECIFIED.,.F.,
 .F.,(2,2),(0.,1.),.UNSPECIFIED.);
#6303=B_SPLINE_CURVE_WITH_KNOTS('',1,(#11972,#11973),.UNSPECIFIED.,.F.,
 .F.,(2,2),(0.,1.),.UNSPECIFIED.);
#6304=B_SPLINE_CURVE_WITH_KNOTS('',1,(#11974,#11975),.UNSPECIFIED.,.F.,
 .F.,(2,2),(0.,1.),.UNSPECIFIED.);
#6305=B_SPLINE_CURVE_WITH_KNOTS('',1,(#11976,#11977),.UNSPECIFIED.,.F.,
 .F.,(2,2),(0.,1.),.UNSPECIFIED.);
#6306=B_SPLINE_CURVE_WITH_KNOTS('',1,(#11978,#11979),.UNSPECIFIED.,.F.,
 .F.,(2,2),(0.,1.),.UNSPECIFIED.);
#6307=B_SPLINE_CURVE_WITH_KNOTS('',1,(#11980,#11981),.UNSPECIFIED.,.F.,
 .F.,(2,2),(0.,1.),.UNSPECIFIED.);
#6308=B_SPLINE_CURVE_WITH_KNOTS('',1,(#11982,#11983),.UNSPECIFIED.,.F.,
 .F.,(2,2),(0.,1.),.UNSPECIFIED.);
#6309=B_SPLINE_CURVE_WITH_KNOTS('',1,(#11984,#11985),.UNSPECIFIED.,.F.,
 .F.,(2,2),(0.,1.),.UNSPECIFIED.);
#6310=B_SPLINE_CURVE_WITH_KNOTS('',1,(#11986,#11987),.UNSPECIFIED.,.F.,
 .F.,(2,2),(0.,1.),.UNSPECIFIED.);
#6311=B_SPLINE_CURVE_WITH_KNOTS('',1,(#11988,#11989),.UNSPECIFIED.,.F.,
 .F.,(2,2),(0.,1.),.UNSPECIFIED.);
#6312=B_SPLINE_CURVE_WITH_KNOTS('',1,(#11990,#11991),.UNSPECIFIED.,.F.,
 .F.,(2,2),(0.,1.),.UNSPECIFIED.);
#6313=B_SPLINE_CURVE_WITH_KNOTS('',1,(#11992,#11993),.UNSPECIFIED.,.F.,
 .F.,(2,2),(0.,1.),.UNSPECIFIED.);
#6314=B_SPLINE_CURVE_WITH_KNOTS('',1,(#11994,#11995),.UNSPECIFIED.,.F.,
 .F.,(2,2),(0.,1.),.UNSPECIFIED.);
#6315=B_SPLINE_CURVE_WITH_KNOTS('',1,(#11996,#11997),.UNSPECIFIED.,.F.,
 .F.,(2,2),(0.,1.),.UNSPECIFIED.);
#6316=B_SPLINE_CURVE_WITH_KNOTS('',1,(#11998,#11999),.UNSPECIFIED.,.F.,
 .F.,(2,2),(0.,1.),.UNSPECIFIED.);
#6317=B_SPLINE_CURVE_WITH_KNOTS('',1,(#12000,#12001),.UNSPECIFIED.,.F.,
 .F.,(2,2),(0.,1.),.UNSPECIFIED.);
#6318=B_SPLINE_CURVE_WITH_KNOTS('',1,(#12002,#12003),.UNSPECIFIED.,.F.,
 .F.,(2,2),(0.,1.),.UNSPECIFIED.);
#6319=B_SPLINE_CURVE_WITH_KNOTS('',1,(#12004,#12005),.UNSPECIFIED.,.F.,
 .F.,(2,2),(0.,1.),.UNSPECIFIED.);
#6320=B_SPLINE_CURVE_WITH_KNOTS('',1,(#12006,#12007),.UNSPECIFIED.,.F.,
 .F.,(2,2),(0.,1.),.UNSPECIFIED.);
#6321=B_SPLINE_CURVE_WITH_KNOTS('',1,(#12008,#12009),.UNSPECIFIED.,.F.,
 .F.,(2,2),(0.,1.),.UNSPECIFIED.);
#6322=B_SPLINE_CURVE_WITH_KNOTS('',1,(#12010,#12011),.UNSPECIFIED.,.F.,
 .F.,(2,2),(0.,1.),.UNSPECIFIED.);
#6323=B_SPLINE_CURVE_WITH_KNOTS('',1,(#12012,#12013),.UNSPECIFIED.,.F.,
 .F.,(2,2),(0.,1.),.UNSPECIFIED.);
#6324=B_SPLINE_CURVE_WITH_KNOTS('',1,(#12014,#12015),.UNSPECIFIED.,.F.,
 .F.,(2,2),(0.,1.),.UNSPECIFIED.);
#6325=B_SPLINE_CURVE_WITH_KNOTS('',1,(#12016,#12017),.UNSPECIFIED.,.F.,
 .F.,(2,2),(0.,1.),.UNSPECIFIED.);
#6326=B_SPLINE_CURVE_WITH_KNOTS('',1,(#12018,#12019),.UNSPECIFIED.,.F.,
 .F.,(2,2),(0.,1.),.UNSPECIFIED.);
#6327=B_SPLINE_CURVE_WITH_KNOTS('',1,(#12020,#12021),.UNSPECIFIED.,.F.,
 .F.,(2,2),(0.,1.),.UNSPECIFIED.);
#6328=B_SPLINE_CURVE_WITH_KNOTS('',1,(#12022,#12023),.UNSPECIFIED.,.F.,
 .F.,(2,2),(0.,1.),.UNSPECIFIED.);
#6329=B_SPLINE_CURVE_WITH_KNOTS('',1,(#12024,#12025),.UNSPECIFIED.,.F.,
 .F.,(2,2),(0.,1.),.UNSPECIFIED.);
#6330=B_SPLINE_CURVE_WITH_KNOTS('',1,(#12026,#12027),.UNSPECIFIED.,.F.,
 .F.,(2,2),(0.,1.),.UNSPECIFIED.);
#6331=B_SPLINE_CURVE_WITH_KNOTS('',1,(#12028,#12029),.UNSPECIFIED.,.F.,
 .F.,(2,2),(0.,1.),.UNSPECIFIED.);
#6332=B_SPLINE_CURVE_WITH_KNOTS('',1,(#12030,#12031),.UNSPECIFIED.,.F.,
 .F.,(2,2),(0.,1.),.UNSPECIFIED.);
#6333=B_SPLINE_CURVE_WITH_KNOTS('',1,(#12032,#12033),.UNSPECIFIED.,.F.,
 .F.,(2,2),(0.,1.),.UNSPECIFIED.);
#6334=B_SPLINE_CURVE_WITH_KNOTS('',1,(#12034,#12035),.UNSPECIFIED.,.F.,
 .F.,(2,2),(0.,1.),.UNSPECIFIED.);
#6335=B_SPLINE_CURVE_WITH_KNOTS('',1,(#12036,#12037),.UNSPECIFIED.,.F.,
 .F.,(2,2),(0.,1.),.UNSPECIFIED.);
#6336=B_SPLINE_CURVE_WITH_KNOTS('',1,(#12038,#12039),.UNSPECIFIED.,.F.,
 .F.,(2,2),(0.,1.),.UNSPECIFIED.);
#6337=B_SPLINE_CURVE_WITH_KNOTS('',1,(#12040,#12041),.UNSPECIFIED.,.F.,
 .F.,(2,2),(0.,1.),.UNSPECIFIED.);
#6338=B_SPLINE_CURVE_WITH_KNOTS('',1,(#12042,#12043),.UNSPECIFIED.,.F.,
 .F.,(2,2),(0.,1.),.UNSPECIFIED.);
#6339=B_SPLINE_CURVE_WITH_KNOTS('',1,(#12044,#12045),.UNSPECIFIED.,.F.,
 .F.,(2,2),(0.,1.),.UNSPECIFIED.);
#6340=B_SPLINE_CURVE_WITH_KNOTS('',1,(#12046,#12047),.UNSPECIFIED.,.F.,
 .F.,(2,2),(0.,1.),.UNSPECIFIED.);
#6341=B_SPLINE_CURVE_WITH_KNOTS('',1,(#12048,#12049),.UNSPECIFIED.,.F.,
 .F.,(2,2),(0.,1.),.UNSPECIFIED.);
#6342=B_SPLINE_CURVE_WITH_KNOTS('',1,(#12050,#12051),.UNSPECIFIED.,.F.,
 .F.,(2,2),(0.,1.),.UNSPECIFIED.);
#6343=B_SPLINE_CURVE_WITH_KNOTS('',1,(#12052,#12053),.UNSPECIFIED.,.F.,
 .F.,(2,2),(0.,1.),.UNSPECIFIED.);
#6344=B_SPLINE_CURVE_WITH_KNOTS('',1,(#12054,#12055),.UNSPECIFIED.,.F.,
 .F.,(2,2),(0.,1.),.UNSPECIFIED.);
#6345=B_SPLINE_CURVE_WITH_KNOTS('',1,(#12056,#12057),.UNSPECIFIED.,.F.,
 .F.,(2,2),(0.,1.),.UNSPECIFIED.);
#6346=B_SPLINE_CURVE_WITH_KNOTS('',1,(#12058,#12059),.UNSPECIFIED.,.F.,
 .F.,(2,2),(0.,1.),.UNSPECIFIED.);
#6347=B_SPLINE_CURVE_WITH_KNOTS('',1,(#12060,#12061),.UNSPECIFIED.,.F.,
 .F.,(2,2),(0.,1.),.UNSPECIFIED.);
#6348=B_SPLINE_CURVE_WITH_KNOTS('',1,(#12062,#12063),.UNSPECIFIED.,.F.,
 .F.,(2,2),(0.,1.),.UNSPECIFIED.);
#6349=B_SPLINE_CURVE_WITH_KNOTS('',1,(#12064,#12065),.UNSPECIFIED.,.F.,
 .F.,(2,2),(0.,1.),.UNSPECIFIED.);
#6350=B_SPLINE_CURVE_WITH_KNOTS('',1,(#12066,#12067),.UNSPECIFIED.,.F.,
 .F.,(2,2),(0.,1.),.UNSPECIFIED.);
#6351=B_SPLINE_CURVE_WITH_KNOTS('',1,(#12068,#12069),.UNSPECIFIED.,.F.,
 .F.,(2,2),(0.,1.),.UNSPECIFIED.);
#6352=B_SPLINE_CURVE_WITH_KNOTS('',1,(#12070,#12071),.UNSPECIFIED.,.F.,
 .F.,(2,2),(0.,1.),.UNSPECIFIED.);
#6353=B_SPLINE_CURVE_WITH_KNOTS('',1,(#12072,#12073),.UNSPECIFIED.,.F.,
 .F.,(2,2),(0.,1.),.UNSPECIFIED.);
#6354=B_SPLINE_CURVE_WITH_KNOTS('',1,(#12074,#12075),.UNSPECIFIED.,.F.,
 .F.,(2,2),(0.,1.),.UNSPECIFIED.);
#6355=B_SPLINE_CURVE_WITH_KNOTS('',1,(#12076,#12077),.UNSPECIFIED.,.F.,
 .F.,(2,2),(0.,1.),.UNSPECIFIED.);
#6356=B_SPLINE_CURVE_WITH_KNOTS('',1,(#12078,#12079),.UNSPECIFIED.,.F.,
 .F.,(2,2),(0.,1.),.UNSPECIFIED.);
#6357=B_SPLINE_CURVE_WITH_KNOTS('',1,(#12080,#12081),.UNSPECIFIED.,.F.,
 .F.,(2,2),(0.,1.),.UNSPECIFIED.);
#6358=B_SPLINE_CURVE_WITH_KNOTS('',1,(#12082,#12083),.UNSPECIFIED.,.F.,
 .F.,(2,2),(0.,1.),.UNSPECIFIED.);
#6359=B_SPLINE_CURVE_WITH_KNOTS('',1,(#12084,#12085),.UNSPECIFIED.,.F.,
 .F.,(2,2),(0.,1.),.UNSPECIFIED.);
#6360=B_SPLINE_CURVE_WITH_KNOTS('',1,(#12086,#12087),.UNSPECIFIED.,.F.,
 .F.,(2,2),(0.,1.),.UNSPECIFIED.);
#6361=B_SPLINE_CURVE_WITH_KNOTS('',1,(#12088,#12089),.UNSPECIFIED.,.F.,
 .F.,(2,2),(0.,1.),.UNSPECIFIED.);
#6362=B_SPLINE_CURVE_WITH_KNOTS('',1,(#12090,#12091),.UNSPECIFIED.,.F.,
 .F.,(2,2),(0.,1.),.UNSPECIFIED.);
#6363=B_SPLINE_CURVE_WITH_KNOTS('',1,(#12092,#12093),.UNSPECIFIED.,.F.,
 .F.,(2,2),(0.,1.),.UNSPECIFIED.);
#6364=B_SPLINE_CURVE_WITH_KNOTS('',1,(#12094,#12095),.UNSPECIFIED.,.F.,
 .F.,(2,2),(0.,1.),.UNSPECIFIED.);
#6365=B_SPLINE_CURVE_WITH_KNOTS('',1,(#12096,#12097),.UNSPECIFIED.,.F.,
 .F.,(2,2),(0.,1.),.UNSPECIFIED.);
#6366=B_SPLINE_CURVE_WITH_KNOTS('',1,(#12098,#12099),.UNSPECIFIED.,.F.,
 .F.,(2,2),(0.,1.),.UNSPECIFIED.);
#6367=B_SPLINE_CURVE_WITH_KNOTS('',1,(#12100,#12101),.UNSPECIFIED.,.F.,
 .F.,(2,2),(0.,1.),.UNSPECIFIED.);
#6368=B_SPLINE_CURVE_WITH_KNOTS('',1,(#12102,#12103),.UNSPECIFIED.,.F.,
 .F.,(2,2),(0.,1.),.UNSPECIFIED.);
#6369=B_SPLINE_CURVE_WITH_KNOTS('',1,(#12104,#12105),.UNSPECIFIED.,.F.,
 .F.,(2,2),(0.,1.),.UNSPECIFIED.);
#6370=B_SPLINE_CURVE_WITH_KNOTS('',1,(#12106,#12107),.UNSPECIFIED.,.F.,
 .F.,(2,2),(0.,1.),.UNSPECIFIED.);
#6371=B_SPLINE_CURVE_WITH_KNOTS('',1,(#12108,#12109),.UNSPECIFIED.,.F.,
 .F.,(2,2),(0.,1.),.UNSPECIFIED.);
#6372=B_SPLINE_CURVE_WITH_KNOTS('',1,(#12110,#12111),.UNSPECIFIED.,.F.,
 .F.,(2,2),(0.,1.),.UNSPECIFIED.);
#6373=B_SPLINE_CURVE_WITH_KNOTS('',1,(#12112,#12113),.UNSPECIFIED.,.F.,
 .F.,(2,2),(0.,1.),.UNSPECIFIED.);
#6374=B_SPLINE_CURVE_WITH_KNOTS('',1,(#12114,#12115),.UNSPECIFIED.,.F.,
 .F.,(2,2),(0.,1.),.UNSPECIFIED.);
#6375=B_SPLINE_CURVE_WITH_KNOTS('',1,(#12116,#12117),.UNSPECIFIED.,.F.,
 .F.,(2,2),(0.,1.),.UNSPECIFIED.);
#6376=B_SPLINE_CURVE_WITH_KNOTS('',1,(#12118,#12119),.UNSPECIFIED.,.F.,
 .F.,(2,2),(0.,1.),.UNSPECIFIED.);
#6377=B_SPLINE_CURVE_WITH_KNOTS('',1,(#12120,#12121),.UNSPECIFIED.,.F.,
 .F.,(2,2),(0.,1.),.UNSPECIFIED.);
#6378=B_SPLINE_CURVE_WITH_KNOTS('',1,(#12122,#12123),.UNSPECIFIED.,.F.,
 .F.,(2,2),(0.,1.),.UNSPECIFIED.);
#6379=B_SPLINE_CURVE_WITH_KNOTS('',1,(#12124,#12125),.UNSPECIFIED.,.F.,
 .F.,(2,2),(0.,1.),.UNSPECIFIED.);
#6380=B_SPLINE_CURVE_WITH_KNOTS('',1,(#12126,#12127),.UNSPECIFIED.,.F.,
 .F.,(2,2),(0.,1.),.UNSPECIFIED.);
#6381=B_SPLINE_CURVE_WITH_KNOTS('',1,(#12128,#12129),.UNSPECIFIED.,.F.,
 .F.,(2,2),(0.,1.),.UNSPECIFIED.);
#6382=B_SPLINE_CURVE_WITH_KNOTS('',1,(#12130,#12131),.UNSPECIFIED.,.F.,
 .F.,(2,2),(0.,1.),.UNSPECIFIED.);
#6383=B_SPLINE_CURVE_WITH_KNOTS('',1,(#12132,#12133),.UNSPECIFIED.,.F.,
 .F.,(2,2),(0.,1.),.UNSPECIFIED.);
#6384=B_SPLINE_CURVE_WITH_KNOTS('',1,(#12134,#12135),.UNSPECIFIED.,.F.,
 .F.,(2,2),(0.,1.),.UNSPECIFIED.);
#6385=B_SPLINE_CURVE_WITH_KNOTS('',1,(#12136,#12137),.UNSPECIFIED.,.F.,
 .F.,(2,2),(0.,1.),.UNSPECIFIED.);
#6386=B_SPLINE_CURVE_WITH_KNOTS('',1,(#12138,#12139),.UNSPECIFIED.,.F.,
 .F.,(2,2),(0.,1.),.UNSPECIFIED.);
#6387=B_SPLINE_CURVE_WITH_KNOTS('',1,(#12140,#12141),.UNSPECIFIED.,.F.,
 .F.,(2,2),(0.,1.),.UNSPECIFIED.);
#6388=B_SPLINE_CURVE_WITH_KNOTS('',1,(#12142,#12143),.UNSPECIFIED.,.F.,
 .F.,(2,2),(0.,1.),.UNSPECIFIED.);
#6389=B_SPLINE_CURVE_WITH_KNOTS('',1,(#12144,#12145),.UNSPECIFIED.,.F.,
 .F.,(2,2),(0.,1.),.UNSPECIFIED.);
#6390=B_SPLINE_CURVE_WITH_KNOTS('',1,(#12146,#12147),.UNSPECIFIED.,.F.,
 .F.,(2,2),(0.,1.),.UNSPECIFIED.);
#6391=B_SPLINE_CURVE_WITH_KNOTS('',1,(#12148,#12149),.UNSPECIFIED.,.F.,
 .F.,(2,2),(0.,1.),.UNSPECIFIED.);
#6392=B_SPLINE_CURVE_WITH_KNOTS('',1,(#12150,#12151),.UNSPECIFIED.,.F.,
 .F.,(2,2),(0.,1.),.UNSPECIFIED.);
#6393=B_SPLINE_CURVE_WITH_KNOTS('',1,(#12152,#12153),.UNSPECIFIED.,.F.,
 .F.,(2,2),(0.,1.),.UNSPECIFIED.);
#6394=B_SPLINE_CURVE_WITH_KNOTS('',1,(#12154,#12155),.UNSPECIFIED.,.F.,
 .F.,(2,2),(0.,1.),.UNSPECIFIED.);
#6395=B_SPLINE_CURVE_WITH_KNOTS('',1,(#12156,#12157),.UNSPECIFIED.,.F.,
 .F.,(2,2),(0.,1.),.UNSPECIFIED.);
#6396=B_SPLINE_CURVE_WITH_KNOTS('',1,(#12158,#12159),.UNSPECIFIED.,.F.,
 .F.,(2,2),(0.,1.),.UNSPECIFIED.);
#6397=B_SPLINE_CURVE_WITH_KNOTS('',1,(#12160,#12161),.UNSPECIFIED.,.F.,
 .F.,(2,2),(0.,1.),.UNSPECIFIED.);
#6398=B_SPLINE_CURVE_WITH_KNOTS('',1,(#12162,#12163),.UNSPECIFIED.,.F.,
 .F.,(2,2),(0.,1.),.UNSPECIFIED.);
#6399=B_SPLINE_CURVE_WITH_KNOTS('',1,(#12164,#12165),.UNSPECIFIED.,.F.,
 .F.,(2,2),(0.,1.),.UNSPECIFIED.);
#6400=B_SPLINE_CURVE_WITH_KNOTS('',1,(#12166,#12167),.UNSPECIFIED.,.F.,
 .F.,(2,2),(0.,1.),.UNSPECIFIED.);
#6401=B_SPLINE_CURVE_WITH_KNOTS('',1,(#12168,#12169),.UNSPECIFIED.,.F.,
 .F.,(2,2),(0.,1.),.UNSPECIFIED.);
#6402=B_SPLINE_CURVE_WITH_KNOTS('',1,(#12170,#12171),.UNSPECIFIED.,.F.,
 .F.,(2,2),(0.,1.),.UNSPECIFIED.);
#6403=B_SPLINE_CURVE_WITH_KNOTS('',1,(#12172,#12173),.UNSPECIFIED.,.F.,
 .F.,(2,2),(0.,1.),.UNSPECIFIED.);
#6404=B_SPLINE_CURVE_WITH_KNOTS('',1,(#12174,#12175),.UNSPECIFIED.,.F.,
 .F.,(2,2),(0.,1.),.UNSPECIFIED.);
#6405=B_SPLINE_CURVE_WITH_KNOTS('',1,(#12176,#12177),.UNSPECIFIED.,.F.,
 .F.,(2,2),(0.,1.),.UNSPECIFIED.);
#6406=B_SPLINE_CURVE_WITH_KNOTS('',1,(#12178,#12179),.UNSPECIFIED.,.F.,
 .F.,(2,2),(0.,1.),.UNSPECIFIED.);
#6407=B_SPLINE_CURVE_WITH_KNOTS('',1,(#12180,#12181),.UNSPECIFIED.,.F.,
 .F.,(2,2),(0.,1.),.UNSPECIFIED.);
#6408=B_SPLINE_CURVE_WITH_KNOTS('',1,(#12182,#12183),.UNSPECIFIED.,.F.,
 .F.,(2,2),(0.,1.),.UNSPECIFIED.);
#6409=B_SPLINE_CURVE_WITH_KNOTS('',1,(#12184,#12185),.UNSPECIFIED.,.F.,
 .F.,(2,2),(0.,1.),.UNSPECIFIED.);
#6410=B_SPLINE_CURVE_WITH_KNOTS('',1,(#12186,#12187),.UNSPECIFIED.,.F.,
 .F.,(2,2),(0.,1.),.UNSPECIFIED.);
#6411=B_SPLINE_CURVE_WITH_KNOTS('',1,(#12188,#12189),.UNSPECIFIED.,.F.,
 .F.,(2,2),(0.,1.),.UNSPECIFIED.);
#6412=B_SPLINE_CURVE_WITH_KNOTS('',1,(#12190,#12191),.UNSPECIFIED.,.F.,
 .F.,(2,2),(0.,1.),.UNSPECIFIED.);
#6413=B_SPLINE_CURVE_WITH_KNOTS('',1,(#12192,#12193),.UNSPECIFIED.,.F.,
 .F.,(2,2),(0.,1.),.UNSPECIFIED.);
#6414=B_SPLINE_CURVE_WITH_KNOTS('',1,(#12194,#12195),.UNSPECIFIED.,.F.,
 .F.,(2,2),(0.,1.),.UNSPECIFIED.);
#6415=B_SPLINE_CURVE_WITH_KNOTS('',1,(#12196,#12197),.UNSPECIFIED.,.F.,
 .F.,(2,2),(0.,1.),.UNSPECIFIED.);
#6416=B_SPLINE_CURVE_WITH_KNOTS('',1,(#12198,#12199),.UNSPECIFIED.,.F.,
 .F.,(2,2),(0.,1.),.UNSPECIFIED.);
#6417=B_SPLINE_CURVE_WITH_KNOTS('',1,(#12200,#12201),.UNSPECIFIED.,.F.,
 .F.,(2,2),(0.,1.),.UNSPECIFIED.);
#6418=B_SPLINE_CURVE_WITH_KNOTS('',1,(#12202,#12203),.UNSPECIFIED.,.F.,
 .F.,(2,2),(0.,1.),.UNSPECIFIED.);
#6419=B_SPLINE_CURVE_WITH_KNOTS('',1,(#12204,#12205),.UNSPECIFIED.,.F.,
 .F.,(2,2),(0.,1.),.UNSPECIFIED.);
#6420=B_SPLINE_CURVE_WITH_KNOTS('',1,(#12206,#12207),.UNSPECIFIED.,.F.,
 .F.,(2,2),(0.,1.),.UNSPECIFIED.);
#6421=B_SPLINE_CURVE_WITH_KNOTS('',1,(#12208,#12209),.UNSPECIFIED.,.F.,
 .F.,(2,2),(0.,1.),.UNSPECIFIED.);
#6422=B_SPLINE_CURVE_WITH_KNOTS('',1,(#12210,#12211),.UNSPECIFIED.,.F.,
 .F.,(2,2),(0.,1.),.UNSPECIFIED.);
#6423=B_SPLINE_CURVE_WITH_KNOTS('',1,(#12212,#12213),.UNSPECIFIED.,.F.,
 .F.,(2,2),(0.,1.),.UNSPECIFIED.);
#6424=B_SPLINE_CURVE_WITH_KNOTS('',1,(#12214,#12215),.UNSPECIFIED.,.F.,
 .F.,(2,2),(0.,1.),.UNSPECIFIED.);
#6425=B_SPLINE_CURVE_WITH_KNOTS('',1,(#12216,#12217),.UNSPECIFIED.,.F.,
 .F.,(2,2),(0.,1.),.UNSPECIFIED.);
#6426=B_SPLINE_CURVE_WITH_KNOTS('',1,(#12218,#12219),.UNSPECIFIED.,.F.,
 .F.,(2,2),(0.,1.),.UNSPECIFIED.);
#6427=B_SPLINE_CURVE_WITH_KNOTS('',1,(#12220,#12221),.UNSPECIFIED.,.F.,
 .F.,(2,2),(0.,1.),.UNSPECIFIED.);
#6428=B_SPLINE_CURVE_WITH_KNOTS('',1,(#12222,#12223),.UNSPECIFIED.,.F.,
 .F.,(2,2),(0.,1.),.UNSPECIFIED.);
#6429=B_SPLINE_CURVE_WITH_KNOTS('',1,(#12224,#12225),.UNSPECIFIED.,.F.,
 .F.,(2,2),(0.,1.),.UNSPECIFIED.);
#6430=B_SPLINE_CURVE_WITH_KNOTS('',1,(#12226,#12227),.UNSPECIFIED.,.F.,
 .F.,(2,2),(0.,1.),.UNSPECIFIED.);
#6431=B_SPLINE_CURVE_WITH_KNOTS('',1,(#12228,#12229),.UNSPECIFIED.,.F.,
 .F.,(2,2),(0.,1.),.UNSPECIFIED.);
#6432=B_SPLINE_CURVE_WITH_KNOTS('',1,(#12230,#12231),.UNSPECIFIED.,.F.,
 .F.,(2,2),(0.,1.),.UNSPECIFIED.);
#6433=B_SPLINE_CURVE_WITH_KNOTS('',1,(#12232,#12233),.UNSPECIFIED.,.F.,
 .F.,(2,2),(0.,1.),.UNSPECIFIED.);
#6434=B_SPLINE_CURVE_WITH_KNOTS('',1,(#12234,#12235),.UNSPECIFIED.,.F.,
 .F.,(2,2),(0.,1.),.UNSPECIFIED.);
#6435=B_SPLINE_CURVE_WITH_KNOTS('',1,(#12236,#12237),.UNSPECIFIED.,.F.,
 .F.,(2,2),(0.,1.),.UNSPECIFIED.);
#6436=B_SPLINE_CURVE_WITH_KNOTS('',1,(#12238,#12239),.UNSPECIFIED.,.F.,
 .F.,(2,2),(0.,1.),.UNSPECIFIED.);
#6437=B_SPLINE_CURVE_WITH_KNOTS('',1,(#12240,#12241),.UNSPECIFIED.,.F.,
 .F.,(2,2),(0.,1.),.UNSPECIFIED.);
#6438=B_SPLINE_CURVE_WITH_KNOTS('',1,(#12242,#12243),.UNSPECIFIED.,.F.,
 .F.,(2,2),(0.,1.),.UNSPECIFIED.);
#6439=B_SPLINE_CURVE_WITH_KNOTS('',1,(#12244,#12245),.UNSPECIFIED.,.F.,
 .F.,(2,2),(0.,1.),.UNSPECIFIED.);
#6440=B_SPLINE_CURVE_WITH_KNOTS('',1,(#12246,#12247),.UNSPECIFIED.,.F.,
 .F.,(2,2),(0.,1.),.UNSPECIFIED.);
#6441=B_SPLINE_CURVE_WITH_KNOTS('',1,(#12248,#12249),.UNSPECIFIED.,.F.,
 .F.,(2,2),(0.,1.),.UNSPECIFIED.);
#6442=B_SPLINE_CURVE_WITH_KNOTS('',1,(#12250,#12251),.UNSPECIFIED.,.F.,
 .F.,(2,2),(0.,1.),.UNSPECIFIED.);
#6443=B_SPLINE_CURVE_WITH_KNOTS('',1,(#12252,#12253),.UNSPECIFIED.,.F.,
 .F.,(2,2),(0.,1.),.UNSPECIFIED.);
#6444=B_SPLINE_CURVE_WITH_KNOTS('',1,(#12254,#12255),.UNSPECIFIED.,.F.,
 .F.,(2,2),(0.,1.),.UNSPECIFIED.);
#6445=B_SPLINE_CURVE_WITH_KNOTS('',1,(#12256,#12257),.UNSPECIFIED.,.F.,
 .F.,(2,2),(0.,1.),.UNSPECIFIED.);
#6446=B_SPLINE_CURVE_WITH_KNOTS('',1,(#12258,#12259),.UNSPECIFIED.,.F.,
 .F.,(2,2),(0.,1.),.UNSPECIFIED.);
#6447=B_SPLINE_CURVE_WITH_KNOTS('',1,(#12260,#12261),.UNSPECIFIED.,.F.,
 .F.,(2,2),(0.,1.),.UNSPECIFIED.);
#6448=B_SPLINE_CURVE_WITH_KNOTS('',1,(#12262,#12263),.UNSPECIFIED.,.F.,
 .F.,(2,2),(0.,1.),.UNSPECIFIED.);
#6449=B_SPLINE_CURVE_WITH_KNOTS('',1,(#12264,#12265),.UNSPECIFIED.,.F.,
 .F.,(2,2),(0.,1.),.UNSPECIFIED.);
#6450=B_SPLINE_CURVE_WITH_KNOTS('',1,(#12266,#12267),.UNSPECIFIED.,.F.,
 .F.,(2,2),(0.,1.),.UNSPECIFIED.);
#6451=B_SPLINE_CURVE_WITH_KNOTS('',1,(#12268,#12269),.UNSPECIFIED.,.F.,
 .F.,(2,2),(0.,1.),.UNSPECIFIED.);
#6452=B_SPLINE_CURVE_WITH_KNOTS('',1,(#12270,#12271),.UNSPECIFIED.,.F.,
 .F.,(2,2),(0.,1.),.UNSPECIFIED.);
#6453=B_SPLINE_CURVE_WITH_KNOTS('',1,(#12272,#12273),.UNSPECIFIED.,.F.,
 .F.,(2,2),(0.,1.),.UNSPECIFIED.);
#6454=B_SPLINE_CURVE_WITH_KNOTS('',1,(#12274,#12275),.UNSPECIFIED.,.F.,
 .F.,(2,2),(0.,1.),.UNSPECIFIED.);
#6455=B_SPLINE_CURVE_WITH_KNOTS('',1,(#12276,#12277),.UNSPECIFIED.,.F.,
 .F.,(2,2),(0.,1.),.UNSPECIFIED.);
#6456=B_SPLINE_CURVE_WITH_KNOTS('',1,(#12278,#12279),.UNSPECIFIED.,.F.,
 .F.,(2,2),(0.,1.),.UNSPECIFIED.);
#6457=B_SPLINE_CURVE_WITH_KNOTS('',1,(#12280,#12281),.UNSPECIFIED.,.F.,
 .F.,(2,2),(0.,1.),.UNSPECIFIED.);
#6458=B_SPLINE_CURVE_WITH_KNOTS('',1,(#12282,#12283),.UNSPECIFIED.,.F.,
 .F.,(2,2),(0.,1.),.UNSPECIFIED.);
#6459=B_SPLINE_CURVE_WITH_KNOTS('',1,(#12284,#12285),.UNSPECIFIED.,.F.,
 .F.,(2,2),(0.,1.),.UNSPECIFIED.);
#6460=B_SPLINE_CURVE_WITH_KNOTS('',1,(#12286,#12287),.UNSPECIFIED.,.F.,
 .F.,(2,2),(0.,1.),.UNSPECIFIED.);
#6461=B_SPLINE_CURVE_WITH_KNOTS('',1,(#12288,#12289),.UNSPECIFIED.,.F.,
 .F.,(2,2),(0.,1.),.UNSPECIFIED.);
#6462=B_SPLINE_CURVE_WITH_KNOTS('',1,(#12290,#12291),.UNSPECIFIED.,.F.,
 .F.,(2,2),(0.,1.),.UNSPECIFIED.);
#6463=B_SPLINE_CURVE_WITH_KNOTS('',1,(#12292,#12293),.UNSPECIFIED.,.F.,
 .F.,(2,2),(0.,1.),.UNSPECIFIED.);
#6464=B_SPLINE_CURVE_WITH_KNOTS('',1,(#12294,#12295),.UNSPECIFIED.,.F.,
 .F.,(2,2),(0.,1.),.UNSPECIFIED.);
#6465=B_SPLINE_CURVE_WITH_KNOTS('',1,(#12296,#12297),.UNSPECIFIED.,.F.,
 .F.,(2,2),(0.,1.),.UNSPECIFIED.);
#6466=B_SPLINE_CURVE_WITH_KNOTS('',1,(#12298,#12299),.UNSPECIFIED.,.F.,
 .F.,(2,2),(0.,1.),.UNSPECIFIED.);
#6467=B_SPLINE_CURVE_WITH_KNOTS('',1,(#12300,#12301),.UNSPECIFIED.,.F.,
 .F.,(2,2),(0.,1.),.UNSPECIFIED.);
#6468=B_SPLINE_CURVE_WITH_KNOTS('',1,(#12302,#12303),.UNSPECIFIED.,.F.,
 .F.,(2,2),(0.,1.),.UNSPECIFIED.);
#6469=B_SPLINE_CURVE_WITH_KNOTS('',1,(#12304,#12305),.UNSPECIFIED.,.F.,
 .F.,(2,2),(0.,1.),.UNSPECIFIED.);
#6470=B_SPLINE_CURVE_WITH_KNOTS('',1,(#12306,#12307),.UNSPECIFIED.,.F.,
 .F.,(2,2),(0.,1.),.UNSPECIFIED.);
#6471=B_SPLINE_CURVE_WITH_KNOTS('',1,(#12308,#12309),.UNSPECIFIED.,.F.,
 .F.,(2,2),(0.,1.),.UNSPECIFIED.);
#6472=B_SPLINE_CURVE_WITH_KNOTS('',1,(#12310,#12311),.UNSPECIFIED.,.F.,
 .F.,(2,2),(0.,1.),.UNSPECIFIED.);
#6473=B_SPLINE_CURVE_WITH_KNOTS('',1,(#12312,#12313),.UNSPECIFIED.,.F.,
 .F.,(2,2),(0.,1.),.UNSPECIFIED.);
#6474=B_SPLINE_CURVE_WITH_KNOTS('',1,(#12314,#12315),.UNSPECIFIED.,.F.,
 .F.,(2,2),(0.,1.),.UNSPECIFIED.);
#6475=B_SPLINE_CURVE_WITH_KNOTS('',1,(#12316,#12317),.UNSPECIFIED.,.F.,
 .F.,(2,2),(0.,1.),.UNSPECIFIED.);
#6476=B_SPLINE_CURVE_WITH_KNOTS('',1,(#12318,#12319),.UNSPECIFIED.,.F.,
 .F.,(2,2),(0.,1.),.UNSPECIFIED.);
#6477=B_SPLINE_CURVE_WITH_KNOTS('',1,(#12320,#12321),.UNSPECIFIED.,.F.,
 .F.,(2,2),(0.,1.),.UNSPECIFIED.);
#6478=B_SPLINE_CURVE_WITH_KNOTS('',1,(#12322,#12323),.UNSPECIFIED.,.F.,
 .F.,(2,2),(0.,1.),.UNSPECIFIED.);
#6479=B_SPLINE_CURVE_WITH_KNOTS('',1,(#12324,#12325),.UNSPECIFIED.,.F.,
 .F.,(2,2),(0.,1.),.UNSPECIFIED.);
#6480=B_SPLINE_CURVE_WITH_KNOTS('',1,(#12326,#12327),.UNSPECIFIED.,.F.,
 .F.,(2,2),(0.,1.),.UNSPECIFIED.);
#6481=B_SPLINE_CURVE_WITH_KNOTS('',1,(#12328,#12329),.UNSPECIFIED.,.F.,
 .F.,(2,2),(0.,1.),.UNSPECIFIED.);
#6482=B_SPLINE_CURVE_WITH_KNOTS('',1,(#12330,#12331),.UNSPECIFIED.,.F.,
 .F.,(2,2),(0.,1.),.UNSPECIFIED.);
#6483=B_SPLINE_CURVE_WITH_KNOTS('',1,(#12332,#12333),.UNSPECIFIED.,.F.,
 .F.,(2,2),(0.,1.),.UNSPECIFIED.);
#6484=B_SPLINE_CURVE_WITH_KNOTS('',1,(#12334,#12335),.UNSPECIFIED.,.F.,
 .F.,(2,2),(0.,1.),.UNSPECIFIED.);
#6485=B_SPLINE_CURVE_WITH_KNOTS('',1,(#12336,#12337),.UNSPECIFIED.,.F.,
 .F.,(2,2),(0.,1.),.UNSPECIFIED.);
#6486=B_SPLINE_CURVE_WITH_KNOTS('',1,(#12338,#12339),.UNSPECIFIED.,.F.,
 .F.,(2,2),(0.,1.),.UNSPECIFIED.);
#6487=B_SPLINE_CURVE_WITH_KNOTS('',1,(#12340,#12341),.UNSPECIFIED.,.F.,
 .F.,(2,2),(0.,1.),.UNSPECIFIED.);
#6488=B_SPLINE_CURVE_WITH_KNOTS('',1,(#12342,#12343),.UNSPECIFIED.,.F.,
 .F.,(2,2),(0.,1.),.UNSPECIFIED.);
#6489=B_SPLINE_CURVE_WITH_KNOTS('',1,(#12344,#12345),.UNSPECIFIED.,.F.,
 .F.,(2,2),(0.,1.),.UNSPECIFIED.);
#6490=B_SPLINE_CURVE_WITH_KNOTS('',1,(#12346,#12347),.UNSPECIFIED.,.F.,
 .F.,(2,2),(0.,1.),.UNSPECIFIED.);
#6491=B_SPLINE_CURVE_WITH_KNOTS('',1,(#12348,#12349),.UNSPECIFIED.,.F.,
 .F.,(2,2),(0.,1.),.UNSPECIFIED.);
#6492=B_SPLINE_CURVE_WITH_KNOTS('',1,(#12350,#12351),.UNSPECIFIED.,.F.,
 .F.,(2,2),(0.,1.),.UNSPECIFIED.);
#6493=B_SPLINE_CURVE_WITH_KNOTS('',1,(#12352,#12353),.UNSPECIFIED.,.F.,
 .F.,(2,2),(0.,1.),.UNSPECIFIED.);
#6494=B_SPLINE_CURVE_WITH_KNOTS('',1,(#12354,#12355),.UNSPECIFIED.,.F.,
 .F.,(2,2),(0.,1.),.UNSPECIFIED.);
#6495=B_SPLINE_CURVE_WITH_KNOTS('',1,(#12356,#12357),.UNSPECIFIED.,.F.,
 .F.,(2,2),(0.,1.),.UNSPECIFIED.);
#6496=B_SPLINE_CURVE_WITH_KNOTS('',1,(#12358,#12359),.UNSPECIFIED.,.F.,
 .F.,(2,2),(0.,1.),.UNSPECIFIED.);
#6497=B_SPLINE_CURVE_WITH_KNOTS('',1,(#12360,#12361),.UNSPECIFIED.,.F.,
 .F.,(2,2),(0.,1.),.UNSPECIFIED.);
#6498=B_SPLINE_CURVE_WITH_KNOTS('',1,(#12362,#12363),.UNSPECIFIED.,.F.,
 .F.,(2,2),(0.,1.),.UNSPECIFIED.);
#6499=B_SPLINE_CURVE_WITH_KNOTS('',1,(#12364,#12365),.UNSPECIFIED.,.F.,
 .F.,(2,2),(0.,1.),.UNSPECIFIED.);
#6500=B_SPLINE_CURVE_WITH_KNOTS('',1,(#12366,#12367),.UNSPECIFIED.,.F.,
 .F.,(2,2),(0.,1.),.UNSPECIFIED.);
#6501=B_SPLINE_CURVE_WITH_KNOTS('',1,(#12368,#12369),.UNSPECIFIED.,.F.,
 .F.,(2,2),(0.,1.),.UNSPECIFIED.);
#6502=B_SPLINE_CURVE_WITH_KNOTS('',1,(#12370,#12371),.UNSPECIFIED.,.F.,
 .F.,(2,2),(0.,1.),.UNSPECIFIED.);
#6503=B_SPLINE_CURVE_WITH_KNOTS('',1,(#12372,#12373),.UNSPECIFIED.,.F.,
 .F.,(2,2),(0.,1.),.UNSPECIFIED.);
#6504=B_SPLINE_CURVE_WITH_KNOTS('',1,(#12374,#12375),.UNSPECIFIED.,.F.,
 .F.,(2,2),(0.,1.),.UNSPECIFIED.);
#6505=B_SPLINE_CURVE_WITH_KNOTS('',1,(#12376,#12377),.UNSPECIFIED.,.F.,
 .F.,(2,2),(0.,1.),.UNSPECIFIED.);
#6506=B_SPLINE_CURVE_WITH_KNOTS('',1,(#12378,#12379),.UNSPECIFIED.,.F.,
 .F.,(2,2),(0.,1.),.UNSPECIFIED.);
#6507=B_SPLINE_CURVE_WITH_KNOTS('',1,(#12380,#12381),.UNSPECIFIED.,.F.,
 .F.,(2,2),(0.,1.),.UNSPECIFIED.);
#6508=B_SPLINE_CURVE_WITH_KNOTS('',1,(#12382,#12383),.UNSPECIFIED.,.F.,
 .F.,(2,2),(0.,1.),.UNSPECIFIED.);
#6509=B_SPLINE_CURVE_WITH_KNOTS('',1,(#12384,#12385),.UNSPECIFIED.,.F.,
 .F.,(2,2),(0.,1.),.UNSPECIFIED.);
#6510=B_SPLINE_CURVE_WITH_KNOTS('',1,(#12386,#12387),.UNSPECIFIED.,.F.,
 .F.,(2,2),(0.,1.),.UNSPECIFIED.);
#6511=B_SPLINE_CURVE_WITH_KNOTS('',1,(#12388,#12389),.UNSPECIFIED.,.F.,
 .F.,(2,2),(0.,1.),.UNSPECIFIED.);
#6512=B_SPLINE_CURVE_WITH_KNOTS('',1,(#12390,#12391),.UNSPECIFIED.,.F.,
 .F.,(2,2),(0.,1.),.UNSPECIFIED.);
#6513=B_SPLINE_CURVE_WITH_KNOTS('',1,(#12392,#12393),.UNSPECIFIED.,.F.,
 .F.,(2,2),(0.,1.),.UNSPECIFIED.);
#6514=B_SPLINE_CURVE_WITH_KNOTS('',1,(#12394,#12395),.UNSPECIFIED.,.F.,
 .F.,(2,2),(0.,1.),.UNSPECIFIED.);
#6515=B_SPLINE_CURVE_WITH_KNOTS('',1,(#12396,#12397),.UNSPECIFIED.,.F.,
 .F.,(2,2),(0.,1.),.UNSPECIFIED.);
#6516=B_SPLINE_CURVE_WITH_KNOTS('',1,(#12398,#12399),.UNSPECIFIED.,.F.,
 .F.,(2,2),(0.,1.),.UNSPECIFIED.);
#6517=B_SPLINE_CURVE_WITH_KNOTS('',1,(#12400,#12401),.UNSPECIFIED.,.F.,
 .F.,(2,2),(0.,1.),.UNSPECIFIED.);
#6518=B_SPLINE_CURVE_WITH_KNOTS('',1,(#12402,#12403),.UNSPECIFIED.,.F.,
 .F.,(2,2),(0.,1.),.UNSPECIFIED.);
#6519=B_SPLINE_CURVE_WITH_KNOTS('',1,(#12404,#12405),.UNSPECIFIED.,.F.,
 .F.,(2,2),(0.,1.),.UNSPECIFIED.);
#6520=B_SPLINE_CURVE_WITH_KNOTS('',1,(#12406,#12407),.UNSPECIFIED.,.F.,
 .F.,(2,2),(0.,1.),.UNSPECIFIED.);
#6521=B_SPLINE_CURVE_WITH_KNOTS('',1,(#12408,#12409),.UNSPECIFIED.,.F.,
 .F.,(2,2),(0.,1.),.UNSPECIFIED.);
#6522=B_SPLINE_CURVE_WITH_KNOTS('',1,(#12410,#12411),.UNSPECIFIED.,.F.,
 .F.,(2,2),(0.,1.),.UNSPECIFIED.);
#6523=B_SPLINE_CURVE_WITH_KNOTS('',1,(#12412,#12413),.UNSPECIFIED.,.F.,
 .F.,(2,2),(0.,1.),.UNSPECIFIED.);
#6524=B_SPLINE_CURVE_WITH_KNOTS('',1,(#12414,#12415),.UNSPECIFIED.,.F.,
 .F.,(2,2),(0.,1.),.UNSPECIFIED.);
#6525=B_SPLINE_CURVE_WITH_KNOTS('',1,(#12416,#12417),.UNSPECIFIED.,.F.,
 .F.,(2,2),(0.,1.),.UNSPECIFIED.);
#6526=B_SPLINE_CURVE_WITH_KNOTS('',1,(#12418,#12419),.UNSPECIFIED.,.F.,
 .F.,(2,2),(0.,1.),.UNSPECIFIED.);
#6527=B_SPLINE_CURVE_WITH_KNOTS('',1,(#12420,#12421),.UNSPECIFIED.,.F.,
 .F.,(2,2),(0.,1.),.UNSPECIFIED.);
#6528=B_SPLINE_CURVE_WITH_KNOTS('',1,(#12422,#12423),.UNSPECIFIED.,.F.,
 .F.,(2,2),(0.,1.),.UNSPECIFIED.);
#6529=B_SPLINE_CURVE_WITH_KNOTS('',1,(#12424,#12425),.UNSPECIFIED.,.F.,
 .F.,(2,2),(0.,1.),.UNSPECIFIED.);
#6530=B_SPLINE_CURVE_WITH_KNOTS('',1,(#12426,#12427),.UNSPECIFIED.,.F.,
 .F.,(2,2),(0.,1.),.UNSPECIFIED.);
#6531=B_SPLINE_CURVE_WITH_KNOTS('',1,(#12428,#12429),.UNSPECIFIED.,.F.,
 .F.,(2,2),(0.,1.),.UNSPECIFIED.);
#6532=B_SPLINE_CURVE_WITH_KNOTS('',1,(#12430,#12431),.UNSPECIFIED.,.F.,
 .F.,(2,2),(0.,1.),.UNSPECIFIED.);
#6533=B_SPLINE_CURVE_WITH_KNOTS('',1,(#12432,#12433),.UNSPECIFIED.,.F.,
 .F.,(2,2),(0.,1.),.UNSPECIFIED.);
#6534=B_SPLINE_CURVE_WITH_KNOTS('',1,(#12434,#12435),.UNSPECIFIED.,.F.,
 .F.,(2,2),(0.,1.),.UNSPECIFIED.);
#6535=B_SPLINE_CURVE_WITH_KNOTS('',1,(#12436,#12437),.UNSPECIFIED.,.F.,
 .F.,(2,2),(0.,1.),.UNSPECIFIED.);
#6536=B_SPLINE_CURVE_WITH_KNOTS('',1,(#12438,#12439),.UNSPECIFIED.,.F.,
 .F.,(2,2),(0.,1.),.UNSPECIFIED.);
#6537=B_SPLINE_CURVE_WITH_KNOTS('',1,(#12440,#12441),.UNSPECIFIED.,.F.,
 .F.,(2,2),(0.,1.),.UNSPECIFIED.);
#6538=B_SPLINE_CURVE_WITH_KNOTS('',1,(#12442,#12443),.UNSPECIFIED.,.F.,
 .F.,(2,2),(0.,1.),.UNSPECIFIED.);
#6539=B_SPLINE_CURVE_WITH_KNOTS('',1,(#12444,#12445),.UNSPECIFIED.,.F.,
 .F.,(2,2),(0.,1.),.UNSPECIFIED.);
#6540=B_SPLINE_CURVE_WITH_KNOTS('',1,(#12446,#12447),.UNSPECIFIED.,.F.,
 .F.,(2,2),(0.,1.),.UNSPECIFIED.);
#6541=B_SPLINE_CURVE_WITH_KNOTS('',1,(#12448,#12449),.UNSPECIFIED.,.F.,
 .F.,(2,2),(0.,1.),.UNSPECIFIED.);
#6542=B_SPLINE_CURVE_WITH_KNOTS('',1,(#12450,#12451),.UNSPECIFIED.,.F.,
 .F.,(2,2),(0.,1.),.UNSPECIFIED.);
#6543=B_SPLINE_CURVE_WITH_KNOTS('',1,(#12452,#12453),.UNSPECIFIED.,.F.,
 .F.,(2,2),(0.,1.),.UNSPECIFIED.);
#6544=B_SPLINE_CURVE_WITH_KNOTS('',1,(#12454,#12455),.UNSPECIFIED.,.F.,
 .F.,(2,2),(0.,1.),.UNSPECIFIED.);
#6545=B_SPLINE_CURVE_WITH_KNOTS('',1,(#12456,#12457),.UNSPECIFIED.,.F.,
 .F.,(2,2),(0.,1.),.UNSPECIFIED.);
#6546=B_SPLINE_CURVE_WITH_KNOTS('',1,(#12458,#12459),.UNSPECIFIED.,.F.,
 .F.,(2,2),(0.,1.),.UNSPECIFIED.);
#6547=B_SPLINE_CURVE_WITH_KNOTS('',1,(#12460,#12461),.UNSPECIFIED.,.F.,
 .F.,(2,2),(0.,1.),.UNSPECIFIED.);
#6548=B_SPLINE_CURVE_WITH_KNOTS('',1,(#12462,#12463),.UNSPECIFIED.,.F.,
 .F.,(2,2),(0.,1.),.UNSPECIFIED.);
#6549=B_SPLINE_CURVE_WITH_KNOTS('',1,(#12464,#12465),.UNSPECIFIED.,.F.,
 .F.,(2,2),(0.,1.),.UNSPECIFIED.);
#6550=B_SPLINE_CURVE_WITH_KNOTS('',1,(#12466,#12467),.UNSPECIFIED.,.F.,
 .F.,(2,2),(0.,1.),.UNSPECIFIED.);
#6551=B_SPLINE_CURVE_WITH_KNOTS('',1,(#12468,#12469),.UNSPECIFIED.,.F.,
 .F.,(2,2),(0.,1.),.UNSPECIFIED.);
#6552=B_SPLINE_CURVE_WITH_KNOTS('',1,(#12470,#12471),.UNSPECIFIED.,.F.,
 .F.,(2,2),(0.,1.),.UNSPECIFIED.);
#6553=B_SPLINE_CURVE_WITH_KNOTS('',1,(#12472,#12473),.UNSPECIFIED.,.F.,
 .F.,(2,2),(0.,1.),.UNSPECIFIED.);
#6554=B_SPLINE_CURVE_WITH_KNOTS('',1,(#12474,#12475),.UNSPECIFIED.,.F.,
 .F.,(2,2),(0.,1.),.UNSPECIFIED.);
#6555=B_SPLINE_CURVE_WITH_KNOTS('',1,(#12476,#12477),.UNSPECIFIED.,.F.,
 .F.,(2,2),(0.,1.),.UNSPECIFIED.);
#6556=B_SPLINE_CURVE_WITH_KNOTS('',1,(#12478,#12479),.UNSPECIFIED.,.F.,
 .F.,(2,2),(0.,1.),.UNSPECIFIED.);
#6557=B_SPLINE_CURVE_WITH_KNOTS('',1,(#12480,#12481),.UNSPECIFIED.,.F.,
 .F.,(2,2),(0.,1.),.UNSPECIFIED.);
#6558=B_SPLINE_CURVE_WITH_KNOTS('',1,(#12482,#12483),.UNSPECIFIED.,.F.,
 .F.,(2,2),(0.,1.),.UNSPECIFIED.);
#6559=B_SPLINE_CURVE_WITH_KNOTS('',1,(#12484,#12485),.UNSPECIFIED.,.F.,
 .F.,(2,2),(0.,1.),.UNSPECIFIED.);
#6560=B_SPLINE_CURVE_WITH_KNOTS('',1,(#12486,#12487),.UNSPECIFIED.,.F.,
 .F.,(2,2),(0.,1.),.UNSPECIFIED.);
#6561=B_SPLINE_CURVE_WITH_KNOTS('',1,(#12488,#12489),.UNSPECIFIED.,.F.,
 .F.,(2,2),(0.,1.),.UNSPECIFIED.);
#6562=B_SPLINE_CURVE_WITH_KNOTS('',1,(#12490,#12491),.UNSPECIFIED.,.F.,
 .F.,(2,2),(0.,1.),.UNSPECIFIED.);
#6563=B_SPLINE_CURVE_WITH_KNOTS('',1,(#12492,#12493),.UNSPECIFIED.,.F.,
 .F.,(2,2),(0.,1.),.UNSPECIFIED.);
#6564=B_SPLINE_CURVE_WITH_KNOTS('',1,(#12494,#12495),.UNSPECIFIED.,.F.,
 .F.,(2,2),(0.,1.),.UNSPECIFIED.);
#6565=B_SPLINE_CURVE_WITH_KNOTS('',1,(#12496,#12497),.UNSPECIFIED.,.F.,
 .F.,(2,2),(0.,1.),.UNSPECIFIED.);
#6566=B_SPLINE_CURVE_WITH_KNOTS('',1,(#12498,#12499),.UNSPECIFIED.,.F.,
 .F.,(2,2),(0.,1.),.UNSPECIFIED.);
#6567=B_SPLINE_CURVE_WITH_KNOTS('',1,(#12500,#12501),.UNSPECIFIED.,.F.,
 .F.,(2,2),(0.,1.),.UNSPECIFIED.);
#6568=B_SPLINE_CURVE_WITH_KNOTS('',1,(#12502,#12503),.UNSPECIFIED.,.F.,
 .F.,(2,2),(0.,1.),.UNSPECIFIED.);
#6569=B_SPLINE_CURVE_WITH_KNOTS('',1,(#12504,#12505),.UNSPECIFIED.,.F.,
 .F.,(2,2),(0.,1.),.UNSPECIFIED.);
#6570=B_SPLINE_CURVE_WITH_KNOTS('',1,(#12506,#12507),.UNSPECIFIED.,.F.,
 .F.,(2,2),(0.,1.),.UNSPECIFIED.);
#6571=B_SPLINE_CURVE_WITH_KNOTS('',1,(#12508,#12509),.UNSPECIFIED.,.F.,
 .F.,(2,2),(0.,1.),.UNSPECIFIED.);
#6572=B_SPLINE_CURVE_WITH_KNOTS('',1,(#12510,#12511),.UNSPECIFIED.,.F.,
 .F.,(2,2),(0.,1.),.UNSPECIFIED.);
#6573=B_SPLINE_CURVE_WITH_KNOTS('',1,(#12512,#12513),.UNSPECIFIED.,.F.,
 .F.,(2,2),(0.,1.),.UNSPECIFIED.);
#6574=B_SPLINE_CURVE_WITH_KNOTS('',1,(#12514,#12515),.UNSPECIFIED.,.F.,
 .F.,(2,2),(0.,1.),.UNSPECIFIED.);
#6575=B_SPLINE_CURVE_WITH_KNOTS('',1,(#12516,#12517),.UNSPECIFIED.,.F.,
 .F.,(2,2),(0.,1.),.UNSPECIFIED.);
#6576=B_SPLINE_CURVE_WITH_KNOTS('',1,(#12518,#12519),.UNSPECIFIED.,.F.,
 .F.,(2,2),(0.,1.),.UNSPECIFIED.);
#6577=B_SPLINE_CURVE_WITH_KNOTS('',1,(#12520,#12521),.UNSPECIFIED.,.F.,
 .F.,(2,2),(0.,1.),.UNSPECIFIED.);
#6578=B_SPLINE_CURVE_WITH_KNOTS('',1,(#12522,#12523),.UNSPECIFIED.,.F.,
 .F.,(2,2),(0.,1.),.UNSPECIFIED.);
#6579=B_SPLINE_CURVE_WITH_KNOTS('',1,(#12524,#12525),.UNSPECIFIED.,.F.,
 .F.,(2,2),(0.,1.),.UNSPECIFIED.);
#6580=B_SPLINE_CURVE_WITH_KNOTS('',1,(#12526,#12527),.UNSPECIFIED.,.F.,
 .F.,(2,2),(0.,1.),.UNSPECIFIED.);
#6581=B_SPLINE_CURVE_WITH_KNOTS('',1,(#12528,#12529),.UNSPECIFIED.,.F.,
 .F.,(2,2),(0.,1.),.UNSPECIFIED.);
#6582=B_SPLINE_CURVE_WITH_KNOTS('',1,(#12530,#12531),.UNSPECIFIED.,.F.,
 .F.,(2,2),(0.,1.),.UNSPECIFIED.);
#6583=B_SPLINE_CURVE_WITH_KNOTS('',1,(#12532,#12533),.UNSPECIFIED.,.F.,
 .F.,(2,2),(0.,1.),.UNSPECIFIED.);
#6584=B_SPLINE_CURVE_WITH_KNOTS('',1,(#12534,#12535),.UNSPECIFIED.,.F.,
 .F.,(2,2),(0.,1.),.UNSPECIFIED.);
#6585=B_SPLINE_CURVE_WITH_KNOTS('',1,(#12536,#12537),.UNSPECIFIED.,.F.,
 .F.,(2,2),(0.,1.),.UNSPECIFIED.);
#6586=B_SPLINE_CURVE_WITH_KNOTS('',1,(#12538,#12539),.UNSPECIFIED.,.F.,
 .F.,(2,2),(0.,1.),.UNSPECIFIED.);
#6587=B_SPLINE_CURVE_WITH_KNOTS('',1,(#12540,#12541),.UNSPECIFIED.,.F.,
 .F.,(2,2),(0.,1.),.UNSPECIFIED.);
#6588=B_SPLINE_CURVE_WITH_KNOTS('',1,(#12542,#12543),.UNSPECIFIED.,.F.,
 .F.,(2,2),(0.,1.),.UNSPECIFIED.);
#6589=B_SPLINE_CURVE_WITH_KNOTS('',1,(#12544,#12545),.UNSPECIFIED.,.F.,
 .F.,(2,2),(0.,1.),.UNSPECIFIED.);
#6590=B_SPLINE_CURVE_WITH_KNOTS('',1,(#12546,#12547),.UNSPECIFIED.,.F.,
 .F.,(2,2),(0.,1.),.UNSPECIFIED.);
#6591=B_SPLINE_CURVE_WITH_KNOTS('',1,(#12548,#12549),.UNSPECIFIED.,.F.,
 .F.,(2,2),(0.,1.),.UNSPECIFIED.);
#6592=B_SPLINE_CURVE_WITH_KNOTS('',1,(#12550,#12551),.UNSPECIFIED.,.F.,
 .F.,(2,2),(0.,1.),.UNSPECIFIED.);
#6593=B_SPLINE_CURVE_WITH_KNOTS('',1,(#12552,#12553),.UNSPECIFIED.,.F.,
 .F.,(2,2),(0.,1.),.UNSPECIFIED.);
#6594=B_SPLINE_CURVE_WITH_KNOTS('',1,(#12554,#12555),.UNSPECIFIED.,.F.,
 .F.,(2,2),(0.,1.),.UNSPECIFIED.);
#6595=B_SPLINE_CURVE_WITH_KNOTS('',1,(#12556,#12557),.UNSPECIFIED.,.F.,
 .F.,(2,2),(0.,1.),.UNSPECIFIED.);
#6596=B_SPLINE_CURVE_WITH_KNOTS('',1,(#12558,#12559),.UNSPECIFIED.,.F.,
 .F.,(2,2),(0.,1.),.UNSPECIFIED.);
#6597=B_SPLINE_CURVE_WITH_KNOTS('',1,(#12560,#12561),.UNSPECIFIED.,.F.,
 .F.,(2,2),(0.,1.),.UNSPECIFIED.);
#6598=B_SPLINE_CURVE_WITH_KNOTS('',1,(#12562,#12563),.UNSPECIFIED.,.F.,
 .F.,(2,2),(0.,1.),.UNSPECIFIED.);
#6599=B_SPLINE_CURVE_WITH_KNOTS('',1,(#12564,#12565),.UNSPECIFIED.,.F.,
 .F.,(2,2),(0.,1.),.UNSPECIFIED.);
#6600=B_SPLINE_CURVE_WITH_KNOTS('',1,(#12566,#12567),.UNSPECIFIED.,.F.,
 .F.,(2,2),(0.,1.),.UNSPECIFIED.);
#6601=B_SPLINE_CURVE_WITH_KNOTS('',1,(#12568,#12569),.UNSPECIFIED.,.F.,
 .F.,(2,2),(0.,1.),.UNSPECIFIED.);
#6602=B_SPLINE_CURVE_WITH_KNOTS('',1,(#12570,#12571),.UNSPECIFIED.,.F.,
 .F.,(2,2),(0.,1.),.UNSPECIFIED.);
#6603=B_SPLINE_CURVE_WITH_KNOTS('',1,(#12572,#12573),.UNSPECIFIED.,.F.,
 .F.,(2,2),(0.,1.),.UNSPECIFIED.);
#6604=B_SPLINE_CURVE_WITH_KNOTS('',1,(#12574,#12575),.UNSPECIFIED.,.F.,
 .F.,(2,2),(0.,1.),.UNSPECIFIED.);
#6605=B_SPLINE_CURVE_WITH_KNOTS('',1,(#12576,#12577),.UNSPECIFIED.,.F.,
 .F.,(2,2),(0.,1.),.UNSPECIFIED.);
#6606=B_SPLINE_CURVE_WITH_KNOTS('',1,(#12578,#12579),.UNSPECIFIED.,.F.,
 .F.,(2,2),(0.,1.),.UNSPECIFIED.);
#6607=B_SPLINE_CURVE_WITH_KNOTS('',1,(#12580,#12581),.UNSPECIFIED.,.F.,
 .F.,(2,2),(0.,1.),.UNSPECIFIED.);
#6608=B_SPLINE_CURVE_WITH_KNOTS('',1,(#12582,#12583),.UNSPECIFIED.,.F.,
 .F.,(2,2),(0.,1.),.UNSPECIFIED.);
#6609=B_SPLINE_CURVE_WITH_KNOTS('',1,(#12584,#12585),.UNSPECIFIED.,.F.,
 .F.,(2,2),(0.,1.),.UNSPECIFIED.);
#6610=B_SPLINE_CURVE_WITH_KNOTS('',1,(#12586,#12587),.UNSPECIFIED.,.F.,
 .F.,(2,2),(0.,1.),.UNSPECIFIED.);
#6611=B_SPLINE_CURVE_WITH_KNOTS('',1,(#12588,#12589),.UNSPECIFIED.,.F.,
 .F.,(2,2),(0.,1.),.UNSPECIFIED.);
#6612=B_SPLINE_CURVE_WITH_KNOTS('',1,(#12590,#12591),.UNSPECIFIED.,.F.,
 .F.,(2,2),(0.,1.),.UNSPECIFIED.);
#6613=B_SPLINE_CURVE_WITH_KNOTS('',1,(#12592,#12593),.UNSPECIFIED.,.F.,
 .F.,(2,2),(0.,1.),.UNSPECIFIED.);
#6614=B_SPLINE_CURVE_WITH_KNOTS('',1,(#12594,#12595),.UNSPECIFIED.,.F.,
 .F.,(2,2),(0.,1.),.UNSPECIFIED.);
#6615=B_SPLINE_CURVE_WITH_KNOTS('',1,(#12596,#12597),.UNSPECIFIED.,.F.,
 .F.,(2,2),(0.,1.),.UNSPECIFIED.);
#6616=B_SPLINE_CURVE_WITH_KNOTS('',1,(#12598,#12599),.UNSPECIFIED.,.F.,
 .F.,(2,2),(0.,1.),.UNSPECIFIED.);
#6617=B_SPLINE_CURVE_WITH_KNOTS('',1,(#12600,#12601),.UNSPECIFIED.,.F.,
 .F.,(2,2),(0.,1.),.UNSPECIFIED.);
#6618=B_SPLINE_CURVE_WITH_KNOTS('',1,(#12602,#12603),.UNSPECIFIED.,.F.,
 .F.,(2,2),(0.,1.),.UNSPECIFIED.);
#6619=B_SPLINE_CURVE_WITH_KNOTS('',1,(#12604,#12605),.UNSPECIFIED.,.F.,
 .F.,(2,2),(0.,1.),.UNSPECIFIED.);
#6620=B_SPLINE_CURVE_WITH_KNOTS('',1,(#12606,#12607),.UNSPECIFIED.,.F.,
 .F.,(2,2),(0.,1.),.UNSPECIFIED.);
#6621=B_SPLINE_CURVE_WITH_KNOTS('',1,(#12608,#12609),.UNSPECIFIED.,.F.,
 .F.,(2,2),(0.,1.),.UNSPECIFIED.);
#6622=B_SPLINE_CURVE_WITH_KNOTS('',1,(#12610,#12611),.UNSPECIFIED.,.F.,
 .F.,(2,2),(0.,1.),.UNSPECIFIED.);
#6623=B_SPLINE_CURVE_WITH_KNOTS('',1,(#12612,#12613),.UNSPECIFIED.,.F.,
 .F.,(2,2),(0.,1.),.UNSPECIFIED.);
#6624=B_SPLINE_CURVE_WITH_KNOTS('',1,(#12614,#12615),.UNSPECIFIED.,.F.,
 .F.,(2,2),(0.,1.),.UNSPECIFIED.);
#6625=B_SPLINE_CURVE_WITH_KNOTS('',1,(#12616,#12617),.UNSPECIFIED.,.F.,
 .F.,(2,2),(0.,1.),.UNSPECIFIED.);
#6626=B_SPLINE_CURVE_WITH_KNOTS('',1,(#12618,#12619),.UNSPECIFIED.,.F.,
 .F.,(2,2),(0.,1.),.UNSPECIFIED.);
#6627=B_SPLINE_CURVE_WITH_KNOTS('',1,(#12620,#12621),.UNSPECIFIED.,.F.,
 .F.,(2,2),(0.,1.),.UNSPECIFIED.);
#6628=B_SPLINE_CURVE_WITH_KNOTS('',1,(#12622,#12623),.UNSPECIFIED.,.F.,
 .F.,(2,2),(0.,1.),.UNSPECIFIED.);
#6629=B_SPLINE_CURVE_WITH_KNOTS('',1,(#12624,#12625),.UNSPECIFIED.,.F.,
 .F.,(2,2),(0.,1.),.UNSPECIFIED.);
#6630=B_SPLINE_CURVE_WITH_KNOTS('',1,(#12626,#12627),.UNSPECIFIED.,.F.,
 .F.,(2,2),(0.,1.),.UNSPECIFIED.);
#6631=B_SPLINE_CURVE_WITH_KNOTS('',1,(#12628,#12629),.UNSPECIFIED.,.F.,
 .F.,(2,2),(0.,1.),.UNSPECIFIED.);
#6632=B_SPLINE_CURVE_WITH_KNOTS('',1,(#12630,#12631),.UNSPECIFIED.,.F.,
 .F.,(2,2),(0.,1.),.UNSPECIFIED.);
#6633=B_SPLINE_CURVE_WITH_KNOTS('',1,(#12632,#12633),.UNSPECIFIED.,.F.,
 .F.,(2,2),(0.,1.),.UNSPECIFIED.);
#6634=B_SPLINE_CURVE_WITH_KNOTS('',1,(#12634,#12635),.UNSPECIFIED.,.F.,
 .F.,(2,2),(0.,1.),.UNSPECIFIED.);
#6635=B_SPLINE_CURVE_WITH_KNOTS('',1,(#12636,#12637),.UNSPECIFIED.,.F.,
 .F.,(2,2),(0.,1.),.UNSPECIFIED.);
#6636=B_SPLINE_CURVE_WITH_KNOTS('',1,(#12638,#12639),.UNSPECIFIED.,.F.,
 .F.,(2,2),(0.,1.),.UNSPECIFIED.);
#6637=B_SPLINE_CURVE_WITH_KNOTS('',1,(#12640,#12641),.UNSPECIFIED.,.F.,
 .F.,(2,2),(0.,1.),.UNSPECIFIED.);
#6638=B_SPLINE_CURVE_WITH_KNOTS('',1,(#12642,#12643),.UNSPECIFIED.,.F.,
 .F.,(2,2),(0.,1.),.UNSPECIFIED.);
#6639=B_SPLINE_CURVE_WITH_KNOTS('',1,(#12644,#12645),.UNSPECIFIED.,.F.,
 .F.,(2,2),(0.,1.),.UNSPECIFIED.);
#6640=B_SPLINE_CURVE_WITH_KNOTS('',1,(#12646,#12647),.UNSPECIFIED.,.F.,
 .F.,(2,2),(0.,1.),.UNSPECIFIED.);
#6641=B_SPLINE_CURVE_WITH_KNOTS('',1,(#12648,#12649),.UNSPECIFIED.,.F.,
 .F.,(2,2),(0.,1.),.UNSPECIFIED.);
#6642=B_SPLINE_CURVE_WITH_KNOTS('',1,(#12650,#12651),.UNSPECIFIED.,.F.,
 .F.,(2,2),(0.,1.),.UNSPECIFIED.);
#6643=B_SPLINE_CURVE_WITH_KNOTS('',1,(#12652,#12653),.UNSPECIFIED.,.F.,
 .F.,(2,2),(0.,1.),.UNSPECIFIED.);
#6644=B_SPLINE_CURVE_WITH_KNOTS('',1,(#12654,#12655),.UNSPECIFIED.,.F.,
 .F.,(2,2),(0.,1.),.UNSPECIFIED.);
#6645=B_SPLINE_CURVE_WITH_KNOTS('',1,(#12656,#12657),.UNSPECIFIED.,.F.,
 .F.,(2,2),(0.,1.),.UNSPECIFIED.);
#6646=B_SPLINE_CURVE_WITH_KNOTS('',1,(#12658,#12659),.UNSPECIFIED.,.F.,
 .F.,(2,2),(0.,1.),.UNSPECIFIED.);
#6647=B_SPLINE_CURVE_WITH_KNOTS('',1,(#12660,#12661),.UNSPECIFIED.,.F.,
 .F.,(2,2),(0.,1.),.UNSPECIFIED.);
#6648=B_SPLINE_CURVE_WITH_KNOTS('',1,(#12662,#12663),.UNSPECIFIED.,.F.,
 .F.,(2,2),(0.,1.),.UNSPECIFIED.);
#6649=B_SPLINE_CURVE_WITH_KNOTS('',1,(#12664,#12665),.UNSPECIFIED.,.F.,
 .F.,(2,2),(0.,1.),.UNSPECIFIED.);
#6650=B_SPLINE_CURVE_WITH_KNOTS('',1,(#12666,#12667),.UNSPECIFIED.,.F.,
 .F.,(2,2),(0.,1.),.UNSPECIFIED.);
#6651=B_SPLINE_CURVE_WITH_KNOTS('',1,(#12668,#12669),.UNSPECIFIED.,.F.,
 .F.,(2,2),(0.,1.),.UNSPECIFIED.);
#6652=B_SPLINE_CURVE_WITH_KNOTS('',1,(#12670,#12671),.UNSPECIFIED.,.F.,
 .F.,(2,2),(0.,1.),.UNSPECIFIED.);
#6653=B_SPLINE_CURVE_WITH_KNOTS('',1,(#12672,#12673),.UNSPECIFIED.,.F.,
 .F.,(2,2),(0.,1.),.UNSPECIFIED.);
#6654=B_SPLINE_CURVE_WITH_KNOTS('',1,(#12674,#12675),.UNSPECIFIED.,.F.,
 .F.,(2,2),(0.,1.),.UNSPECIFIED.);
#6655=B_SPLINE_CURVE_WITH_KNOTS('',1,(#12676,#12677),.UNSPECIFIED.,.F.,
 .F.,(2,2),(0.,1.),.UNSPECIFIED.);
#6656=B_SPLINE_CURVE_WITH_KNOTS('',1,(#12678,#12679),.UNSPECIFIED.,.F.,
 .F.,(2,2),(0.,1.),.UNSPECIFIED.);
#6657=B_SPLINE_CURVE_WITH_KNOTS('',1,(#12680,#12681),.UNSPECIFIED.,.F.,
 .F.,(2,2),(0.,1.),.UNSPECIFIED.);
#6658=B_SPLINE_CURVE_WITH_KNOTS('',1,(#12682,#12683),.UNSPECIFIED.,.F.,
 .F.,(2,2),(0.,1.),.UNSPECIFIED.);
#6659=B_SPLINE_CURVE_WITH_KNOTS('',1,(#12684,#12685),.UNSPECIFIED.,.F.,
 .F.,(2,2),(0.,1.),.UNSPECIFIED.);
#6660=B_SPLINE_CURVE_WITH_KNOTS('',1,(#12686,#12687),.UNSPECIFIED.,.F.,
 .F.,(2,2),(0.,1.),.UNSPECIFIED.);
#6661=B_SPLINE_CURVE_WITH_KNOTS('',1,(#12688,#12689),.UNSPECIFIED.,.F.,
 .F.,(2,2),(0.,1.),.UNSPECIFIED.);
#6662=B_SPLINE_CURVE_WITH_KNOTS('',1,(#12690,#12691),.UNSPECIFIED.,.F.,
 .F.,(2,2),(0.,1.),.UNSPECIFIED.);
#6663=B_SPLINE_CURVE_WITH_KNOTS('',1,(#12692,#12693),.UNSPECIFIED.,.F.,
 .F.,(2,2),(0.,1.),.UNSPECIFIED.);
#6664=B_SPLINE_CURVE_WITH_KNOTS('',1,(#12694,#12695),.UNSPECIFIED.,.F.,
 .F.,(2,2),(0.,1.),.UNSPECIFIED.);
#6665=B_SPLINE_CURVE_WITH_KNOTS('',1,(#12696,#12697),.UNSPECIFIED.,.F.,
 .F.,(2,2),(0.,1.),.UNSPECIFIED.);
#6666=B_SPLINE_CURVE_WITH_KNOTS('',1,(#12698,#12699),.UNSPECIFIED.,.F.,
 .F.,(2,2),(0.,1.),.UNSPECIFIED.);
#6667=B_SPLINE_CURVE_WITH_KNOTS('',1,(#12700,#12701),.UNSPECIFIED.,.F.,
 .F.,(2,2),(0.,1.),.UNSPECIFIED.);
#6668=B_SPLINE_CURVE_WITH_KNOTS('',1,(#12702,#12703),.UNSPECIFIED.,.F.,
 .F.,(2,2),(0.,1.),.UNSPECIFIED.);
#6669=B_SPLINE_CURVE_WITH_KNOTS('',1,(#12704,#12705),.UNSPECIFIED.,.F.,
 .F.,(2,2),(0.,1.),.UNSPECIFIED.);
#6670=B_SPLINE_CURVE_WITH_KNOTS('',1,(#12706,#12707),.UNSPECIFIED.,.F.,
 .F.,(2,2),(0.,1.),.UNSPECIFIED.);
#6671=B_SPLINE_CURVE_WITH_KNOTS('',1,(#12708,#12709),.UNSPECIFIED.,.F.,
 .F.,(2,2),(0.,1.),.UNSPECIFIED.);
#6672=B_SPLINE_CURVE_WITH_KNOTS('',1,(#12710,#12711),.UNSPECIFIED.,.F.,
 .F.,(2,2),(0.,1.),.UNSPECIFIED.);
#6673=B_SPLINE_CURVE_WITH_KNOTS('',1,(#12712,#12713),.UNSPECIFIED.,.F.,
 .F.,(2,2),(0.,1.),.UNSPECIFIED.);
#6674=B_SPLINE_CURVE_WITH_KNOTS('',1,(#12714,#12715),.UNSPECIFIED.,.F.,
 .F.,(2,2),(0.,1.),.UNSPECIFIED.);
#6675=B_SPLINE_CURVE_WITH_KNOTS('',1,(#12716,#12717),.UNSPECIFIED.,.F.,
 .F.,(2,2),(0.,1.),.UNSPECIFIED.);
#6676=B_SPLINE_CURVE_WITH_KNOTS('',1,(#12718,#12719),.UNSPECIFIED.,.F.,
 .F.,(2,2),(0.,1.),.UNSPECIFIED.);
#6677=B_SPLINE_CURVE_WITH_KNOTS('',1,(#12720,#12721),.UNSPECIFIED.,.F.,
 .F.,(2,2),(0.,1.),.UNSPECIFIED.);
#6678=B_SPLINE_CURVE_WITH_KNOTS('',1,(#12722,#12723),.UNSPECIFIED.,.F.,
 .F.,(2,2),(0.,1.),.UNSPECIFIED.);
#6679=B_SPLINE_CURVE_WITH_KNOTS('',1,(#12724,#12725),.UNSPECIFIED.,.F.,
 .F.,(2,2),(0.,1.),.UNSPECIFIED.);
#6680=B_SPLINE_CURVE_WITH_KNOTS('',1,(#12726,#12727),.UNSPECIFIED.,.F.,
 .F.,(2,2),(0.,1.),.UNSPECIFIED.);
#6681=B_SPLINE_CURVE_WITH_KNOTS('',1,(#12728,#12729),.UNSPECIFIED.,.F.,
 .F.,(2,2),(0.,1.),.UNSPECIFIED.);
#6682=B_SPLINE_CURVE_WITH_KNOTS('',1,(#12730,#12731),.UNSPECIFIED.,.F.,
 .F.,(2,2),(0.,1.),.UNSPECIFIED.);
#6683=B_SPLINE_CURVE_WITH_KNOTS('',1,(#12732,#12733),.UNSPECIFIED.,.F.,
 .F.,(2,2),(0.,1.),.UNSPECIFIED.);
#6684=B_SPLINE_CURVE_WITH_KNOTS('',1,(#12734,#12735),.UNSPECIFIED.,.F.,
 .F.,(2,2),(0.,1.),.UNSPECIFIED.);
#6685=B_SPLINE_CURVE_WITH_KNOTS('',1,(#12736,#12737),.UNSPECIFIED.,.F.,
 .F.,(2,2),(0.,1.),.UNSPECIFIED.);
#6686=B_SPLINE_CURVE_WITH_KNOTS('',1,(#12738,#12739),.UNSPECIFIED.,.F.,
 .F.,(2,2),(0.,1.),.UNSPECIFIED.);
#6687=B_SPLINE_CURVE_WITH_KNOTS('',1,(#12740,#12741),.UNSPECIFIED.,.F.,
 .F.,(2,2),(0.,1.),.UNSPECIFIED.);
#6688=B_SPLINE_CURVE_WITH_KNOTS('',1,(#12742,#12743),.UNSPECIFIED.,.F.,
 .F.,(2,2),(0.,1.),.UNSPECIFIED.);
#6689=B_SPLINE_CURVE_WITH_KNOTS('',1,(#12744,#12745),.UNSPECIFIED.,.F.,
 .F.,(2,2),(0.,1.),.UNSPECIFIED.);
#6690=B_SPLINE_CURVE_WITH_KNOTS('',1,(#12746,#12747),.UNSPECIFIED.,.F.,
 .F.,(2,2),(0.,1.),.UNSPECIFIED.);
#6691=B_SPLINE_CURVE_WITH_KNOTS('',1,(#12748,#12749),.UNSPECIFIED.,.F.,
 .F.,(2,2),(0.,1.),.UNSPECIFIED.);
#6692=B_SPLINE_CURVE_WITH_KNOTS('',1,(#12750,#12751),.UNSPECIFIED.,.F.,
 .F.,(2,2),(0.,1.),.UNSPECIFIED.);
#6693=B_SPLINE_CURVE_WITH_KNOTS('',1,(#12752,#12753),.UNSPECIFIED.,.F.,
 .F.,(2,2),(0.,1.),.UNSPECIFIED.);
#6694=B_SPLINE_CURVE_WITH_KNOTS('',1,(#12754,#12755),.UNSPECIFIED.,.F.,
 .F.,(2,2),(0.,1.),.UNSPECIFIED.);
#6695=B_SPLINE_CURVE_WITH_KNOTS('',1,(#12756,#12757),.UNSPECIFIED.,.F.,
 .F.,(2,2),(0.,1.),.UNSPECIFIED.);
#6696=B_SPLINE_CURVE_WITH_KNOTS('',1,(#12758,#12759),.UNSPECIFIED.,.F.,
 .F.,(2,2),(0.,1.),.UNSPECIFIED.);
#6697=B_SPLINE_CURVE_WITH_KNOTS('',1,(#12760,#12761),.UNSPECIFIED.,.F.,
 .F.,(2,2),(0.,1.),.UNSPECIFIED.);
#6698=B_SPLINE_CURVE_WITH_KNOTS('',1,(#12762,#12763),.UNSPECIFIED.,.F.,
 .F.,(2,2),(0.,1.),.UNSPECIFIED.);
#6699=B_SPLINE_CURVE_WITH_KNOTS('',1,(#12764,#12765),.UNSPECIFIED.,.F.,
 .F.,(2,2),(0.,1.),.UNSPECIFIED.);
#6700=B_SPLINE_CURVE_WITH_KNOTS('',1,(#12766,#12767),.UNSPECIFIED.,.F.,
 .F.,(2,2),(0.,1.),.UNSPECIFIED.);
#6701=B_SPLINE_CURVE_WITH_KNOTS('',1,(#12768,#12769),.UNSPECIFIED.,.F.,
 .F.,(2,2),(0.,1.),.UNSPECIFIED.);
#6702=B_SPLINE_CURVE_WITH_KNOTS('',1,(#12770,#12771),.UNSPECIFIED.,.F.,
 .F.,(2,2),(0.,1.),.UNSPECIFIED.);
#6703=B_SPLINE_CURVE_WITH_KNOTS('',1,(#12772,#12773),.UNSPECIFIED.,.F.,
 .F.,(2,2),(0.,1.),.UNSPECIFIED.);
#6704=B_SPLINE_CURVE_WITH_KNOTS('',1,(#12774,#12775),.UNSPECIFIED.,.F.,
 .F.,(2,2),(0.,1.),.UNSPECIFIED.);
#6705=B_SPLINE_CURVE_WITH_KNOTS('',1,(#12776,#12777),.UNSPECIFIED.,.F.,
 .F.,(2,2),(0.,1.),.UNSPECIFIED.);
#6706=B_SPLINE_CURVE_WITH_KNOTS('',1,(#12778,#12779),.UNSPECIFIED.,.F.,
 .F.,(2,2),(0.,1.),.UNSPECIFIED.);
#6707=B_SPLINE_CURVE_WITH_KNOTS('',1,(#12780,#12781),.UNSPECIFIED.,.F.,
 .F.,(2,2),(0.,1.),.UNSPECIFIED.);
#6708=B_SPLINE_CURVE_WITH_KNOTS('',1,(#12782,#12783),.UNSPECIFIED.,.F.,
 .F.,(2,2),(0.,1.),.UNSPECIFIED.);
#6709=B_SPLINE_CURVE_WITH_KNOTS('',1,(#12784,#12785),.UNSPECIFIED.,.F.,
 .F.,(2,2),(0.,1.),.UNSPECIFIED.);
#6710=B_SPLINE_CURVE_WITH_KNOTS('',1,(#12786,#12787),.UNSPECIFIED.,.F.,
 .F.,(2,2),(0.,1.),.UNSPECIFIED.);
#6711=B_SPLINE_CURVE_WITH_KNOTS('',1,(#12788,#12789),.UNSPECIFIED.,.F.,
 .F.,(2,2),(0.,1.),.UNSPECIFIED.);
#6712=B_SPLINE_CURVE_WITH_KNOTS('',1,(#12790,#12791),.UNSPECIFIED.,.F.,
 .F.,(2,2),(0.,1.),.UNSPECIFIED.);
#6713=B_SPLINE_CURVE_WITH_KNOTS('',1,(#12792,#12793),.UNSPECIFIED.,.F.,
 .F.,(2,2),(0.,1.),.UNSPECIFIED.);
#6714=B_SPLINE_CURVE_WITH_KNOTS('',1,(#12794,#12795),.UNSPECIFIED.,.F.,
 .F.,(2,2),(0.,1.),.UNSPECIFIED.);
#6715=B_SPLINE_CURVE_WITH_KNOTS('',1,(#12796,#12797),.UNSPECIFIED.,.F.,
 .F.,(2,2),(0.,1.),.UNSPECIFIED.);
#6716=B_SPLINE_CURVE_WITH_KNOTS('',1,(#12798,#12799),.UNSPECIFIED.,.F.,
 .F.,(2,2),(0.,1.),.UNSPECIFIED.);
#6717=B_SPLINE_CURVE_WITH_KNOTS('',1,(#12800,#12801),.UNSPECIFIED.,.F.,
 .F.,(2,2),(0.,1.),.UNSPECIFIED.);
#6718=B_SPLINE_CURVE_WITH_KNOTS('',1,(#12802,#12803),.UNSPECIFIED.,.F.,
 .F.,(2,2),(0.,1.),.UNSPECIFIED.);
#6719=B_SPLINE_CURVE_WITH_KNOTS('',1,(#12804,#12805),.UNSPECIFIED.,.F.,
 .F.,(2,2),(0.,1.),.UNSPECIFIED.);
#6720=B_SPLINE_CURVE_WITH_KNOTS('',1,(#12806,#12807),.UNSPECIFIED.,.F.,
 .F.,(2,2),(0.,1.),.UNSPECIFIED.);
#6721=B_SPLINE_CURVE_WITH_KNOTS('',1,(#12808,#12809),.UNSPECIFIED.,.F.,
 .F.,(2,2),(0.,1.),.UNSPECIFIED.);
#6722=B_SPLINE_CURVE_WITH_KNOTS('',1,(#12810,#12811),.UNSPECIFIED.,.F.,
 .F.,(2,2),(0.,1.),.UNSPECIFIED.);
#6723=B_SPLINE_CURVE_WITH_KNOTS('',1,(#12812,#12813),.UNSPECIFIED.,.F.,
 .F.,(2,2),(0.,1.),.UNSPECIFIED.);
#6724=B_SPLINE_CURVE_WITH_KNOTS('',1,(#12814,#12815),.UNSPECIFIED.,.F.,
 .F.,(2,2),(0.,1.),.UNSPECIFIED.);
#6725=B_SPLINE_CURVE_WITH_KNOTS('',1,(#12816,#12817),.UNSPECIFIED.,.F.,
 .F.,(2,2),(0.,1.),.UNSPECIFIED.);
#6726=B_SPLINE_CURVE_WITH_KNOTS('',1,(#12818,#12819),.UNSPECIFIED.,.F.,
 .F.,(2,2),(0.,1.),.UNSPECIFIED.);
#6727=B_SPLINE_CURVE_WITH_KNOTS('',1,(#12820,#12821),.UNSPECIFIED.,.F.,
 .F.,(2,2),(0.,1.),.UNSPECIFIED.);
#6728=B_SPLINE_CURVE_WITH_KNOTS('',1,(#12822,#12823),.UNSPECIFIED.,.F.,
 .F.,(2,2),(0.,1.),.UNSPECIFIED.);
#6729=B_SPLINE_CURVE_WITH_KNOTS('',1,(#12824,#12825),.UNSPECIFIED.,.F.,
 .F.,(2,2),(0.,1.),.UNSPECIFIED.);
#6730=B_SPLINE_CURVE_WITH_KNOTS('',1,(#12826,#12827),.UNSPECIFIED.,.F.,
 .F.,(2,2),(0.,1.),.UNSPECIFIED.);
#6731=B_SPLINE_CURVE_WITH_KNOTS('',1,(#12828,#12829),.UNSPECIFIED.,.F.,
 .F.,(2,2),(0.,1.),.UNSPECIFIED.);
#6732=B_SPLINE_CURVE_WITH_KNOTS('',1,(#12830,#12831),.UNSPECIFIED.,.F.,
 .F.,(2,2),(0.,1.),.UNSPECIFIED.);
#6733=B_SPLINE_CURVE_WITH_KNOTS('',1,(#12832,#12833),.UNSPECIFIED.,.F.,
 .F.,(2,2),(0.,1.),.UNSPECIFIED.);
#6734=B_SPLINE_CURVE_WITH_KNOTS('',1,(#12834,#12835),.UNSPECIFIED.,.F.,
 .F.,(2,2),(0.,1.),.UNSPECIFIED.);
#6735=B_SPLINE_CURVE_WITH_KNOTS('',1,(#12836,#12837),.UNSPECIFIED.,.F.,
 .F.,(2,2),(0.,1.),.UNSPECIFIED.);
#6736=B_SPLINE_CURVE_WITH_KNOTS('',1,(#12838,#12839),.UNSPECIFIED.,.F.,
 .F.,(2,2),(0.,1.),.UNSPECIFIED.);
#6737=B_SPLINE_CURVE_WITH_KNOTS('',1,(#12840,#12841),.UNSPECIFIED.,.F.,
 .F.,(2,2),(0.,1.),.UNSPECIFIED.);
#6738=B_SPLINE_CURVE_WITH_KNOTS('',1,(#12842,#12843),.UNSPECIFIED.,.F.,
 .F.,(2,2),(0.,1.),.UNSPECIFIED.);
#6739=B_SPLINE_CURVE_WITH_KNOTS('',1,(#12844,#12845),.UNSPECIFIED.,.F.,
 .F.,(2,2),(0.,1.),.UNSPECIFIED.);
#6740=B_SPLINE_CURVE_WITH_KNOTS('',1,(#12846,#12847),.UNSPECIFIED.,.F.,
 .F.,(2,2),(0.,1.),.UNSPECIFIED.);
#6741=B_SPLINE_CURVE_WITH_KNOTS('',1,(#12848,#12849),.UNSPECIFIED.,.F.,
 .F.,(2,2),(0.,1.),.UNSPECIFIED.);
#6742=B_SPLINE_CURVE_WITH_KNOTS('',1,(#12850,#12851),.UNSPECIFIED.,.F.,
 .F.,(2,2),(0.,1.),.UNSPECIFIED.);
#6743=B_SPLINE_CURVE_WITH_KNOTS('',1,(#12852,#12853),.UNSPECIFIED.,.F.,
 .F.,(2,2),(0.,1.),.UNSPECIFIED.);
#6744=B_SPLINE_CURVE_WITH_KNOTS('',1,(#12854,#12855),.UNSPECIFIED.,.F.,
 .F.,(2,2),(0.,1.),.UNSPECIFIED.);
#6745=B_SPLINE_CURVE_WITH_KNOTS('',1,(#12856,#12857),.UNSPECIFIED.,.F.,
 .F.,(2,2),(0.,1.),.UNSPECIFIED.);
#6746=B_SPLINE_CURVE_WITH_KNOTS('',1,(#12858,#12859),.UNSPECIFIED.,.F.,
 .F.,(2,2),(0.,1.),.UNSPECIFIED.);
#6747=B_SPLINE_CURVE_WITH_KNOTS('',1,(#12860,#12861),.UNSPECIFIED.,.F.,
 .F.,(2,2),(0.,1.),.UNSPECIFIED.);
#6748=B_SPLINE_CURVE_WITH_KNOTS('',1,(#12862,#12863),.UNSPECIFIED.,.F.,
 .F.,(2,2),(0.,1.),.UNSPECIFIED.);
#6749=B_SPLINE_CURVE_WITH_KNOTS('',1,(#12864,#12865),.UNSPECIFIED.,.F.,
 .F.,(2,2),(0.,1.),.UNSPECIFIED.);
#6750=B_SPLINE_CURVE_WITH_KNOTS('',1,(#12866,#12867),.UNSPECIFIED.,.F.,
 .F.,(2,2),(0.,1.),.UNSPECIFIED.);
#6751=B_SPLINE_CURVE_WITH_KNOTS('',1,(#12868,#12869),.UNSPECIFIED.,.F.,
 .F.,(2,2),(0.,1.),.UNSPECIFIED.);
#6752=B_SPLINE_CURVE_WITH_KNOTS('',1,(#12870,#12871),.UNSPECIFIED.,.F.,
 .F.,(2,2),(0.,1.),.UNSPECIFIED.);
#6753=B_SPLINE_CURVE_WITH_KNOTS('',1,(#12872,#12873),.UNSPECIFIED.,.F.,
 .F.,(2,2),(0.,1.),.UNSPECIFIED.);
#6754=B_SPLINE_CURVE_WITH_KNOTS('',1,(#12874,#12875),.UNSPECIFIED.,.F.,
 .F.,(2,2),(0.,1.),.UNSPECIFIED.);
#6755=B_SPLINE_CURVE_WITH_KNOTS('',1,(#12876,#12877),.UNSPECIFIED.,.F.,
 .F.,(2,2),(0.,1.),.UNSPECIFIED.);
#6756=B_SPLINE_CURVE_WITH_KNOTS('',1,(#12878,#12879),.UNSPECIFIED.,.F.,
 .F.,(2,2),(0.,1.),.UNSPECIFIED.);
#6757=B_SPLINE_CURVE_WITH_KNOTS('',1,(#12880,#12881),.UNSPECIFIED.,.F.,
 .F.,(2,2),(0.,1.),.UNSPECIFIED.);
#6758=B_SPLINE_CURVE_WITH_KNOTS('',1,(#12882,#12883),.UNSPECIFIED.,.F.,
 .F.,(2,2),(0.,1.),.UNSPECIFIED.);
#6759=B_SPLINE_CURVE_WITH_KNOTS('',1,(#12884,#12885),.UNSPECIFIED.,.F.,
 .F.,(2,2),(0.,1.),.UNSPECIFIED.);
#6760=B_SPLINE_CURVE_WITH_KNOTS('',1,(#12886,#12887),.UNSPECIFIED.,.F.,
 .F.,(2,2),(0.,1.),.UNSPECIFIED.);
#6761=B_SPLINE_CURVE_WITH_KNOTS('',1,(#12888,#12889),.UNSPECIFIED.,.F.,
 .F.,(2,2),(0.,1.),.UNSPECIFIED.);
#6762=B_SPLINE_CURVE_WITH_KNOTS('',1,(#12890,#12891),.UNSPECIFIED.,.F.,
 .F.,(2,2),(0.,1.),.UNSPECIFIED.);
#6763=B_SPLINE_CURVE_WITH_KNOTS('',1,(#12892,#12893),.UNSPECIFIED.,.F.,
 .F.,(2,2),(0.,1.),.UNSPECIFIED.);
#6764=B_SPLINE_CURVE_WITH_KNOTS('',1,(#12894,#12895),.UNSPECIFIED.,.F.,
 .F.,(2,2),(0.,1.),.UNSPECIFIED.);
#6765=B_SPLINE_CURVE_WITH_KNOTS('',1,(#12896,#12897),.UNSPECIFIED.,.F.,
 .F.,(2,2),(0.,1.),.UNSPECIFIED.);
#6766=B_SPLINE_CURVE_WITH_KNOTS('',1,(#12898,#12899),.UNSPECIFIED.,.F.,
 .F.,(2,2),(0.,1.),.UNSPECIFIED.);
#6767=B_SPLINE_CURVE_WITH_KNOTS('',1,(#12900,#12901),.UNSPECIFIED.,.F.,
 .F.,(2,2),(0.,1.),.UNSPECIFIED.);
#6768=B_SPLINE_CURVE_WITH_KNOTS('',1,(#12902,#12903),.UNSPECIFIED.,.F.,
 .F.,(2,2),(0.,1.),.UNSPECIFIED.);
#6769=B_SPLINE_CURVE_WITH_KNOTS('',1,(#12904,#12905),.UNSPECIFIED.,.F.,
 .F.,(2,2),(0.,1.),.UNSPECIFIED.);
#6770=B_SPLINE_CURVE_WITH_KNOTS('',1,(#12906,#12907),.UNSPECIFIED.,.F.,
 .F.,(2,2),(0.,1.),.UNSPECIFIED.);
#6771=B_SPLINE_CURVE_WITH_KNOTS('',1,(#12908,#12909),.UNSPECIFIED.,.F.,
 .F.,(2,2),(0.,1.),.UNSPECIFIED.);
#6772=B_SPLINE_CURVE_WITH_KNOTS('',1,(#12910,#12911),.UNSPECIFIED.,.F.,
 .F.,(2,2),(0.,1.),.UNSPECIFIED.);
#6773=B_SPLINE_CURVE_WITH_KNOTS('',1,(#12912,#12913),.UNSPECIFIED.,.F.,
 .F.,(2,2),(0.,1.),.UNSPECIFIED.);
#6774=B_SPLINE_CURVE_WITH_KNOTS('',1,(#12914,#12915),.UNSPECIFIED.,.F.,
 .F.,(2,2),(0.,1.),.UNSPECIFIED.);
#6775=B_SPLINE_CURVE_WITH_KNOTS('',1,(#12916,#12917),.UNSPECIFIED.,.F.,
 .F.,(2,2),(0.,1.),.UNSPECIFIED.);
#6776=B_SPLINE_CURVE_WITH_KNOTS('',1,(#12918,#12919),.UNSPECIFIED.,.F.,
 .F.,(2,2),(0.,1.),.UNSPECIFIED.);
#6777=B_SPLINE_CURVE_WITH_KNOTS('',1,(#12920,#12921),.UNSPECIFIED.,.F.,
 .F.,(2,2),(0.,1.),.UNSPECIFIED.);
#6778=B_SPLINE_CURVE_WITH_KNOTS('',1,(#12922,#12923),.UNSPECIFIED.,.F.,
 .F.,(2,2),(0.,1.),.UNSPECIFIED.);
#6779=B_SPLINE_CURVE_WITH_KNOTS('',1,(#12924,#12925),.UNSPECIFIED.,.F.,
 .F.,(2,2),(0.,1.),.UNSPECIFIED.);
#6780=B_SPLINE_CURVE_WITH_KNOTS('',1,(#12926,#12927),.UNSPECIFIED.,.F.,
 .F.,(2,2),(0.,1.),.UNSPECIFIED.);
#6781=B_SPLINE_CURVE_WITH_KNOTS('',1,(#12928,#12929),.UNSPECIFIED.,.F.,
 .F.,(2,2),(0.,1.),.UNSPECIFIED.);
#6782=B_SPLINE_CURVE_WITH_KNOTS('',1,(#12930,#12931),.UNSPECIFIED.,.F.,
 .F.,(2,2),(0.,1.),.UNSPECIFIED.);
#6783=B_SPLINE_CURVE_WITH_KNOTS('',1,(#12932,#12933),.UNSPECIFIED.,.F.,
 .F.,(2,2),(0.,1.),.UNSPECIFIED.);
#6784=B_SPLINE_CURVE_WITH_KNOTS('',1,(#12934,#12935),.UNSPECIFIED.,.F.,
 .F.,(2,2),(0.,1.),.UNSPECIFIED.);
#6785=B_SPLINE_CURVE_WITH_KNOTS('',1,(#12936,#12937),.UNSPECIFIED.,.F.,
 .F.,(2,2),(0.,1.),.UNSPECIFIED.);
#6786=B_SPLINE_CURVE_WITH_KNOTS('',1,(#12938,#12939),.UNSPECIFIED.,.F.,
 .F.,(2,2),(0.,1.),.UNSPECIFIED.);
#6787=B_SPLINE_CURVE_WITH_KNOTS('',1,(#12940,#12941),.UNSPECIFIED.,.F.,
 .F.,(2,2),(0.,1.),.UNSPECIFIED.);
#6788=B_SPLINE_CURVE_WITH_KNOTS('',1,(#12942,#12943),.UNSPECIFIED.,.F.,
 .F.,(2,2),(0.,1.),.UNSPECIFIED.);
#6789=B_SPLINE_CURVE_WITH_KNOTS('',1,(#12944,#12945),.UNSPECIFIED.,.F.,
 .F.,(2,2),(0.,1.),.UNSPECIFIED.);
#6790=B_SPLINE_CURVE_WITH_KNOTS('',1,(#12946,#12947),.UNSPECIFIED.,.F.,
 .F.,(2,2),(0.,1.),.UNSPECIFIED.);
#6791=B_SPLINE_CURVE_WITH_KNOTS('',1,(#12948,#12949),.UNSPECIFIED.,.F.,
 .F.,(2,2),(0.,1.),.UNSPECIFIED.);
#6792=B_SPLINE_CURVE_WITH_KNOTS('',1,(#12950,#12951),.UNSPECIFIED.,.F.,
 .F.,(2,2),(0.,1.),.UNSPECIFIED.);
#6793=B_SPLINE_CURVE_WITH_KNOTS('',1,(#12952,#12953),.UNSPECIFIED.,.F.,
 .F.,(2,2),(0.,1.),.UNSPECIFIED.);
#6794=B_SPLINE_CURVE_WITH_KNOTS('',1,(#12954,#12955),.UNSPECIFIED.,.F.,
 .F.,(2,2),(0.,1.),.UNSPECIFIED.);
#6795=B_SPLINE_CURVE_WITH_KNOTS('',1,(#12956,#12957),.UNSPECIFIED.,.F.,
 .F.,(2,2),(0.,1.),.UNSPECIFIED.);
#6796=B_SPLINE_CURVE_WITH_KNOTS('',1,(#12958,#12959),.UNSPECIFIED.,.F.,
 .F.,(2,2),(0.,1.),.UNSPECIFIED.);
#6797=B_SPLINE_CURVE_WITH_KNOTS('',1,(#12960,#12961),.UNSPECIFIED.,.F.,
 .F.,(2,2),(0.,1.),.UNSPECIFIED.);
#6798=B_SPLINE_CURVE_WITH_KNOTS('',1,(#12962,#12963),.UNSPECIFIED.,.F.,
 .F.,(2,2),(0.,1.),.UNSPECIFIED.);
#6799=B_SPLINE_CURVE_WITH_KNOTS('',1,(#12964,#12965),.UNSPECIFIED.,.F.,
 .F.,(2,2),(0.,1.),.UNSPECIFIED.);
#6800=B_SPLINE_CURVE_WITH_KNOTS('',1,(#12966,#12967),.UNSPECIFIED.,.F.,
 .F.,(2,2),(0.,1.),.UNSPECIFIED.);
#6801=B_SPLINE_CURVE_WITH_KNOTS('',1,(#12968,#12969),.UNSPECIFIED.,.F.,
 .F.,(2,2),(0.,1.),.UNSPECIFIED.);
#6802=B_SPLINE_CURVE_WITH_KNOTS('',1,(#12970,#12971),.UNSPECIFIED.,.F.,
 .F.,(2,2),(0.,1.),.UNSPECIFIED.);
#6803=B_SPLINE_CURVE_WITH_KNOTS('',1,(#12972,#12973),.UNSPECIFIED.,.F.,
 .F.,(2,2),(0.,1.),.UNSPECIFIED.);
#6804=B_SPLINE_CURVE_WITH_KNOTS('',1,(#12974,#12975),.UNSPECIFIED.,.F.,
 .F.,(2,2),(0.,1.),.UNSPECIFIED.);
#6805=B_SPLINE_CURVE_WITH_KNOTS('',1,(#12976,#12977),.UNSPECIFIED.,.F.,
 .F.,(2,2),(0.,1.),.UNSPECIFIED.);
#6806=B_SPLINE_CURVE_WITH_KNOTS('',1,(#12978,#12979),.UNSPECIFIED.,.F.,
 .F.,(2,2),(0.,1.),.UNSPECIFIED.);
#6807=B_SPLINE_CURVE_WITH_KNOTS('',1,(#12980,#12981),.UNSPECIFIED.,.F.,
 .F.,(2,2),(0.,1.),.UNSPECIFIED.);
#6808=B_SPLINE_CURVE_WITH_KNOTS('',1,(#12982,#12983),.UNSPECIFIED.,.F.,
 .F.,(2,2),(0.,1.),.UNSPECIFIED.);
#6809=B_SPLINE_CURVE_WITH_KNOTS('',1,(#12984,#12985),.UNSPECIFIED.,.F.,
 .F.,(2,2),(0.,1.),.UNSPECIFIED.);
#6810=B_SPLINE_CURVE_WITH_KNOTS('',1,(#12986,#12987),.UNSPECIFIED.,.F.,
 .F.,(2,2),(0.,1.),.UNSPECIFIED.);
#6811=B_SPLINE_CURVE_WITH_KNOTS('',1,(#12988,#12989),.UNSPECIFIED.,.F.,
 .F.,(2,2),(0.,1.),.UNSPECIFIED.);
#6812=B_SPLINE_CURVE_WITH_KNOTS('',1,(#12990,#12991),.UNSPECIFIED.,.F.,
 .F.,(2,2),(0.,1.),.UNSPECIFIED.);
#6813=B_SPLINE_CURVE_WITH_KNOTS('',1,(#12992,#12993),.UNSPECIFIED.,.F.,
 .F.,(2,2),(0.,1.),.UNSPECIFIED.);
#6814=B_SPLINE_CURVE_WITH_KNOTS('',1,(#12994,#12995),.UNSPECIFIED.,.F.,
 .F.,(2,2),(0.,1.),.UNSPECIFIED.);
#6815=B_SPLINE_CURVE_WITH_KNOTS('',1,(#12996,#12997),.UNSPECIFIED.,.F.,
 .F.,(2,2),(0.,1.),.UNSPECIFIED.);
#6816=B_SPLINE_CURVE_WITH_KNOTS('',1,(#12998,#12999),.UNSPECIFIED.,.F.,
 .F.,(2,2),(0.,1.),.UNSPECIFIED.);
#6817=B_SPLINE_CURVE_WITH_KNOTS('',1,(#13000,#13001),.UNSPECIFIED.,.F.,
 .F.,(2,2),(0.,1.),.UNSPECIFIED.);
#6818=B_SPLINE_CURVE_WITH_KNOTS('',1,(#13002,#13003),.UNSPECIFIED.,.F.,
 .F.,(2,2),(0.,1.),.UNSPECIFIED.);
#6819=B_SPLINE_CURVE_WITH_KNOTS('',1,(#13004,#13005),.UNSPECIFIED.,.F.,
 .F.,(2,2),(0.,1.),.UNSPECIFIED.);
#6820=B_SPLINE_CURVE_WITH_KNOTS('',1,(#13006,#13007),.UNSPECIFIED.,.F.,
 .F.,(2,2),(0.,1.),.UNSPECIFIED.);
#6821=B_SPLINE_CURVE_WITH_KNOTS('',1,(#13008,#13009),.UNSPECIFIED.,.F.,
 .F.,(2,2),(0.,1.),.UNSPECIFIED.);
#6822=B_SPLINE_CURVE_WITH_KNOTS('',1,(#13010,#13011),.UNSPECIFIED.,.F.,
 .F.,(2,2),(0.,1.),.UNSPECIFIED.);
#6823=B_SPLINE_CURVE_WITH_KNOTS('',1,(#13012,#13013),.UNSPECIFIED.,.F.,
 .F.,(2,2),(0.,1.),.UNSPECIFIED.);
#6824=B_SPLINE_CURVE_WITH_KNOTS('',1,(#13014,#13015),.UNSPECIFIED.,.F.,
 .F.,(2,2),(0.,1.),.UNSPECIFIED.);
#6825=B_SPLINE_CURVE_WITH_KNOTS('',1,(#13016,#13017),.UNSPECIFIED.,.F.,
 .F.,(2,2),(0.,1.),.UNSPECIFIED.);
#6826=B_SPLINE_CURVE_WITH_KNOTS('',1,(#13018,#13019),.UNSPECIFIED.,.F.,
 .F.,(2,2),(0.,1.),.UNSPECIFIED.);
#6827=B_SPLINE_CURVE_WITH_KNOTS('',1,(#13020,#13021),.UNSPECIFIED.,.F.,
 .F.,(2,2),(0.,1.),.UNSPECIFIED.);
#6828=B_SPLINE_CURVE_WITH_KNOTS('',1,(#13022,#13023),.UNSPECIFIED.,.F.,
 .F.,(2,2),(0.,1.),.UNSPECIFIED.);
#6829=B_SPLINE_CURVE_WITH_KNOTS('',1,(#13024,#13025),.UNSPECIFIED.,.F.,
 .F.,(2,2),(0.,1.),.UNSPECIFIED.);
#6830=B_SPLINE_CURVE_WITH_KNOTS('',1,(#13026,#13027),.UNSPECIFIED.,.F.,
 .F.,(2,2),(0.,1.),.UNSPECIFIED.);
#6831=B_SPLINE_CURVE_WITH_KNOTS('',1,(#13028,#13029),.UNSPECIFIED.,.F.,
 .F.,(2,2),(0.,1.),.UNSPECIFIED.);
#6832=B_SPLINE_CURVE_WITH_KNOTS('',1,(#13030,#13031),.UNSPECIFIED.,.F.,
 .F.,(2,2),(0.,1.),.UNSPECIFIED.);
#6833=B_SPLINE_CURVE_WITH_KNOTS('',1,(#13032,#13033),.UNSPECIFIED.,.F.,
 .F.,(2,2),(0.,1.),.UNSPECIFIED.);
#6834=B_SPLINE_CURVE_WITH_KNOTS('',1,(#13034,#13035),.UNSPECIFIED.,.F.,
 .F.,(2,2),(0.,1.),.UNSPECIFIED.);
#6835=B_SPLINE_CURVE_WITH_KNOTS('',1,(#13036,#13037),.UNSPECIFIED.,.F.,
 .F.,(2,2),(0.,1.),.UNSPECIFIED.);
#6836=B_SPLINE_CURVE_WITH_KNOTS('',1,(#13038,#13039),.UNSPECIFIED.,.F.,
 .F.,(2,2),(0.,1.),.UNSPECIFIED.);
#6837=B_SPLINE_CURVE_WITH_KNOTS('',1,(#13040,#13041),.UNSPECIFIED.,.F.,
 .F.,(2,2),(0.,1.),.UNSPECIFIED.);
#6838=B_SPLINE_CURVE_WITH_KNOTS('',1,(#13042,#13043),.UNSPECIFIED.,.F.,
 .F.,(2,2),(0.,1.),.UNSPECIFIED.);
#6839=B_SPLINE_CURVE_WITH_KNOTS('',1,(#13044,#13045),.UNSPECIFIED.,.F.,
 .F.,(2,2),(0.,1.),.UNSPECIFIED.);
#6840=B_SPLINE_CURVE_WITH_KNOTS('',1,(#13046,#13047),.UNSPECIFIED.,.F.,
 .F.,(2,2),(0.,1.),.UNSPECIFIED.);
#6841=B_SPLINE_CURVE_WITH_KNOTS('',1,(#13048,#13049),.UNSPECIFIED.,.F.,
 .F.,(2,2),(0.,1.),.UNSPECIFIED.);
#6842=B_SPLINE_CURVE_WITH_KNOTS('',1,(#13050,#13051),.UNSPECIFIED.,.F.,
 .F.,(2,2),(0.,1.),.UNSPECIFIED.);
#6843=B_SPLINE_CURVE_WITH_KNOTS('',1,(#13052,#13053),.UNSPECIFIED.,.F.,
 .F.,(2,2),(0.,1.),.UNSPECIFIED.);
#6844=B_SPLINE_CURVE_WITH_KNOTS('',1,(#13054,#13055),.UNSPECIFIED.,.F.,
 .F.,(2,2),(0.,1.),.UNSPECIFIED.);
#6845=B_SPLINE_CURVE_WITH_KNOTS('',1,(#13056,#13057),.UNSPECIFIED.,.F.,
 .F.,(2,2),(0.,1.),.UNSPECIFIED.);
#6846=B_SPLINE_CURVE_WITH_KNOTS('',1,(#13058,#13059),.UNSPECIFIED.,.F.,
 .F.,(2,2),(0.,1.),.UNSPECIFIED.);
#6847=B_SPLINE_CURVE_WITH_KNOTS('',1,(#13060,#13061),.UNSPECIFIED.,.F.,
 .F.,(2,2),(0.,1.),.UNSPECIFIED.);
#6848=B_SPLINE_CURVE_WITH_KNOTS('',1,(#13062,#13063),.UNSPECIFIED.,.F.,
 .F.,(2,2),(0.,1.),.UNSPECIFIED.);
#6849=B_SPLINE_CURVE_WITH_KNOTS('',1,(#13064,#13065),.UNSPECIFIED.,.F.,
 .F.,(2,2),(0.,1.),.UNSPECIFIED.);
#6850=B_SPLINE_CURVE_WITH_KNOTS('',1,(#13066,#13067),.UNSPECIFIED.,.F.,
 .F.,(2,2),(0.,1.),.UNSPECIFIED.);
#6851=B_SPLINE_CURVE_WITH_KNOTS('',1,(#13068,#13069),.UNSPECIFIED.,.F.,
 .F.,(2,2),(0.,1.),.UNSPECIFIED.);
#6852=B_SPLINE_CURVE_WITH_KNOTS('',1,(#13070,#13071),.UNSPECIFIED.,.F.,
 .F.,(2,2),(0.,1.),.UNSPECIFIED.);
#6853=B_SPLINE_CURVE_WITH_KNOTS('',1,(#13072,#13073),.UNSPECIFIED.,.F.,
 .F.,(2,2),(0.,1.),.UNSPECIFIED.);
#6854=B_SPLINE_CURVE_WITH_KNOTS('',1,(#13074,#13075),.UNSPECIFIED.,.F.,
 .F.,(2,2),(0.,1.),.UNSPECIFIED.);
#6855=B_SPLINE_CURVE_WITH_KNOTS('',1,(#13076,#13077),.UNSPECIFIED.,.F.,
 .F.,(2,2),(0.,1.),.UNSPECIFIED.);
#6856=B_SPLINE_CURVE_WITH_KNOTS('',1,(#13078,#13079),.UNSPECIFIED.,.F.,
 .F.,(2,2),(0.,1.),.UNSPECIFIED.);
#6857=B_SPLINE_CURVE_WITH_KNOTS('',1,(#13080,#13081),.UNSPECIFIED.,.F.,
 .F.,(2,2),(0.,1.),.UNSPECIFIED.);
#6858=B_SPLINE_CURVE_WITH_KNOTS('',1,(#13082,#13083),.UNSPECIFIED.,.F.,
 .F.,(2,2),(0.,1.),.UNSPECIFIED.);
#6859=B_SPLINE_CURVE_WITH_KNOTS('',1,(#13084,#13085),.UNSPECIFIED.,.F.,
 .F.,(2,2),(0.,1.),.UNSPECIFIED.);
#6860=B_SPLINE_CURVE_WITH_KNOTS('',1,(#13086,#13087),.UNSPECIFIED.,.F.,
 .F.,(2,2),(0.,1.),.UNSPECIFIED.);
#6861=B_SPLINE_CURVE_WITH_KNOTS('',1,(#13088,#13089),.UNSPECIFIED.,.F.,
 .F.,(2,2),(0.,1.),.UNSPECIFIED.);
#6862=B_SPLINE_CURVE_WITH_KNOTS('',1,(#13090,#13091),.UNSPECIFIED.,.F.,
 .F.,(2,2),(0.,1.),.UNSPECIFIED.);
#6863=B_SPLINE_CURVE_WITH_KNOTS('',1,(#13092,#13093),.UNSPECIFIED.,.F.,
 .F.,(2,2),(0.,1.),.UNSPECIFIED.);
#6864=B_SPLINE_CURVE_WITH_KNOTS('',1,(#13094,#13095),.UNSPECIFIED.,.F.,
 .F.,(2,2),(0.,1.),.UNSPECIFIED.);
#6865=B_SPLINE_CURVE_WITH_KNOTS('',1,(#13096,#13097),.UNSPECIFIED.,.F.,
 .F.,(2,2),(0.,1.),.UNSPECIFIED.);
#6866=B_SPLINE_CURVE_WITH_KNOTS('',1,(#13098,#13099),.UNSPECIFIED.,.F.,
 .F.,(2,2),(0.,1.),.UNSPECIFIED.);
#6867=B_SPLINE_CURVE_WITH_KNOTS('',1,(#13100,#13101),.UNSPECIFIED.,.F.,
 .F.,(2,2),(0.,1.),.UNSPECIFIED.);
#6868=B_SPLINE_CURVE_WITH_KNOTS('',1,(#13102,#13103),.UNSPECIFIED.,.F.,
 .F.,(2,2),(0.,1.),.UNSPECIFIED.);
#6869=B_SPLINE_CURVE_WITH_KNOTS('',1,(#13104,#13105),.UNSPECIFIED.,.F.,
 .F.,(2,2),(0.,1.),.UNSPECIFIED.);
#6870=B_SPLINE_CURVE_WITH_KNOTS('',1,(#13106,#13107),.UNSPECIFIED.,.F.,
 .F.,(2,2),(0.,1.),.UNSPECIFIED.);
#6871=B_SPLINE_CURVE_WITH_KNOTS('',1,(#13108,#13109),.UNSPECIFIED.,.F.,
 .F.,(2,2),(0.,1.),.UNSPECIFIED.);
#6872=B_SPLINE_CURVE_WITH_KNOTS('',1,(#13110,#13111),.UNSPECIFIED.,.F.,
 .F.,(2,2),(0.,1.),.UNSPECIFIED.);
#6873=B_SPLINE_CURVE_WITH_KNOTS('',1,(#13112,#13113),.UNSPECIFIED.,.F.,
 .F.,(2,2),(0.,1.),.UNSPECIFIED.);
#6874=B_SPLINE_CURVE_WITH_KNOTS('',1,(#13114,#13115),.UNSPECIFIED.,.F.,
 .F.,(2,2),(0.,1.),.UNSPECIFIED.);
#6875=B_SPLINE_CURVE_WITH_KNOTS('',1,(#13116,#13117),.UNSPECIFIED.,.F.,
 .F.,(2,2),(0.,1.),.UNSPECIFIED.);
#6876=B_SPLINE_CURVE_WITH_KNOTS('',1,(#13118,#13119),.UNSPECIFIED.,.F.,
 .F.,(2,2),(0.,1.),.UNSPECIFIED.);
#6877=B_SPLINE_CURVE_WITH_KNOTS('',1,(#13120,#13121),.UNSPECIFIED.,.F.,
 .F.,(2,2),(0.,1.),.UNSPECIFIED.);
#6878=B_SPLINE_CURVE_WITH_KNOTS('',1,(#13122,#13123),.UNSPECIFIED.,.F.,
 .F.,(2,2),(0.,1.),.UNSPECIFIED.);
#6879=B_SPLINE_CURVE_WITH_KNOTS('',1,(#13124,#13125),.UNSPECIFIED.,.F.,
 .F.,(2,2),(0.,1.),.UNSPECIFIED.);
#6880=B_SPLINE_CURVE_WITH_KNOTS('',1,(#13126,#13127),.UNSPECIFIED.,.F.,
 .F.,(2,2),(0.,1.),.UNSPECIFIED.);
#6881=B_SPLINE_CURVE_WITH_KNOTS('',1,(#13128,#13129),.UNSPECIFIED.,.F.,
 .F.,(2,2),(0.,1.),.UNSPECIFIED.);
#6882=B_SPLINE_CURVE_WITH_KNOTS('',1,(#13130,#13131),.UNSPECIFIED.,.F.,
 .F.,(2,2),(0.,1.),.UNSPECIFIED.);
#6883=B_SPLINE_CURVE_WITH_KNOTS('',1,(#13132,#13133),.UNSPECIFIED.,.F.,
 .F.,(2,2),(0.,1.),.UNSPECIFIED.);
#6884=B_SPLINE_CURVE_WITH_KNOTS('',1,(#13134,#13135),.UNSPECIFIED.,.F.,
 .F.,(2,2),(0.,1.),.UNSPECIFIED.);
#6885=B_SPLINE_CURVE_WITH_KNOTS('',1,(#13136,#13137),.UNSPECIFIED.,.F.,
 .F.,(2,2),(0.,1.),.UNSPECIFIED.);
#6886=B_SPLINE_CURVE_WITH_KNOTS('',1,(#13138,#13139),.UNSPECIFIED.,.F.,
 .F.,(2,2),(0.,1.),.UNSPECIFIED.);
#6887=B_SPLINE_CURVE_WITH_KNOTS('',1,(#13140,#13141),.UNSPECIFIED.,.F.,
 .F.,(2,2),(0.,1.),.UNSPECIFIED.);
#6888=B_SPLINE_CURVE_WITH_KNOTS('',1,(#13142,#13143),.UNSPECIFIED.,.F.,
 .F.,(2,2),(0.,1.),.UNSPECIFIED.);
#6889=B_SPLINE_CURVE_WITH_KNOTS('',1,(#13144,#13145),.UNSPECIFIED.,.F.,
 .F.,(2,2),(0.,1.),.UNSPECIFIED.);
#6890=B_SPLINE_CURVE_WITH_KNOTS('',1,(#13146,#13147),.UNSPECIFIED.,.F.,
 .F.,(2,2),(0.,1.),.UNSPECIFIED.);
#6891=B_SPLINE_CURVE_WITH_KNOTS('',1,(#13148,#13149),.UNSPECIFIED.,.F.,
 .F.,(2,2),(0.,1.),.UNSPECIFIED.);
#6892=B_SPLINE_CURVE_WITH_KNOTS('',1,(#13150,#13151),.UNSPECIFIED.,.F.,
 .F.,(2,2),(0.,1.),.UNSPECIFIED.);
#6893=B_SPLINE_CURVE_WITH_KNOTS('',1,(#13152,#13153),.UNSPECIFIED.,.F.,
 .F.,(2,2),(0.,1.),.UNSPECIFIED.);
#6894=B_SPLINE_CURVE_WITH_KNOTS('',1,(#13154,#13155),.UNSPECIFIED.,.F.,
 .F.,(2,2),(0.,1.),.UNSPECIFIED.);
#6895=B_SPLINE_CURVE_WITH_KNOTS('',1,(#13156,#13157),.UNSPECIFIED.,.F.,
 .F.,(2,2),(0.,1.),.UNSPECIFIED.);
#6896=B_SPLINE_CURVE_WITH_KNOTS('',1,(#13158,#13159),.UNSPECIFIED.,.F.,
 .F.,(2,2),(0.,1.),.UNSPECIFIED.);
#6897=B_SPLINE_CURVE_WITH_KNOTS('',1,(#13160,#13161),.UNSPECIFIED.,.F.,
 .F.,(2,2),(0.,1.),.UNSPECIFIED.);
#6898=B_SPLINE_CURVE_WITH_KNOTS('',1,(#13162,#13163),.UNSPECIFIED.,.F.,
 .F.,(2,2),(0.,1.),.UNSPECIFIED.);
#6899=B_SPLINE_CURVE_WITH_KNOTS('',1,(#13164,#13165),.UNSPECIFIED.,.F.,
 .F.,(2,2),(0.,1.),.UNSPECIFIED.);
#6900=B_SPLINE_CURVE_WITH_KNOTS('',1,(#13166,#13167),.UNSPECIFIED.,.F.,
 .F.,(2,2),(0.,1.),.UNSPECIFIED.);
#6901=B_SPLINE_CURVE_WITH_KNOTS('',1,(#13168,#13169),.UNSPECIFIED.,.F.,
 .F.,(2,2),(0.,1.),.UNSPECIFIED.);
#6902=B_SPLINE_CURVE_WITH_KNOTS('',1,(#13170,#13171),.UNSPECIFIED.,.F.,
 .F.,(2,2),(0.,1.),.UNSPECIFIED.);
#6903=B_SPLINE_CURVE_WITH_KNOTS('',1,(#13172,#13173),.UNSPECIFIED.,.F.,
 .F.,(2,2),(0.,1.),.UNSPECIFIED.);
#6904=B_SPLINE_CURVE_WITH_KNOTS('',1,(#13174,#13175),.UNSPECIFIED.,.F.,
 .F.,(2,2),(0.,1.),.UNSPECIFIED.);
#6905=B_SPLINE_CURVE_WITH_KNOTS('',1,(#13176,#13177),.UNSPECIFIED.,.F.,
 .F.,(2,2),(0.,1.),.UNSPECIFIED.);
#6906=B_SPLINE_CURVE_WITH_KNOTS('',1,(#13178,#13179),.UNSPECIFIED.,.F.,
 .F.,(2,2),(0.,1.),.UNSPECIFIED.);
#6907=B_SPLINE_CURVE_WITH_KNOTS('',1,(#13180,#13181),.UNSPECIFIED.,.F.,
 .F.,(2,2),(0.,1.),.UNSPECIFIED.);
#6908=B_SPLINE_CURVE_WITH_KNOTS('',1,(#13182,#13183),.UNSPECIFIED.,.F.,
 .F.,(2,2),(0.,1.),.UNSPECIFIED.);
#6909=B_SPLINE_CURVE_WITH_KNOTS('',1,(#13184,#13185),.UNSPECIFIED.,.F.,
 .F.,(2,2),(0.,1.),.UNSPECIFIED.);
#6910=B_SPLINE_CURVE_WITH_KNOTS('',1,(#13186,#13187),.UNSPECIFIED.,.F.,
 .F.,(2,2),(0.,1.),.UNSPECIFIED.);
#6911=B_SPLINE_CURVE_WITH_KNOTS('',1,(#13188,#13189),.UNSPECIFIED.,.F.,
 .F.,(2,2),(0.,1.),.UNSPECIFIED.);
#6912=B_SPLINE_CURVE_WITH_KNOTS('',1,(#13190,#13191),.UNSPECIFIED.,.F.,
 .F.,(2,2),(0.,1.),.UNSPECIFIED.);
#6913=B_SPLINE_CURVE_WITH_KNOTS('',1,(#13192,#13193),.UNSPECIFIED.,.F.,
 .F.,(2,2),(0.,1.),.UNSPECIFIED.);
#6914=B_SPLINE_CURVE_WITH_KNOTS('',1,(#13194,#13195),.UNSPECIFIED.,.F.,
 .F.,(2,2),(0.,1.),.UNSPECIFIED.);
#6915=B_SPLINE_CURVE_WITH_KNOTS('',1,(#13196,#13197),.UNSPECIFIED.,.F.,
 .F.,(2,2),(0.,1.),.UNSPECIFIED.);
#6916=B_SPLINE_CURVE_WITH_KNOTS('',1,(#13198,#13199),.UNSPECIFIED.,.F.,
 .F.,(2,2),(0.,1.),.UNSPECIFIED.);
#6917=B_SPLINE_CURVE_WITH_KNOTS('',1,(#13200,#13201),.UNSPECIFIED.,.F.,
 .F.,(2,2),(0.,1.),.UNSPECIFIED.);
#6918=B_SPLINE_CURVE_WITH_KNOTS('',1,(#13202,#13203),.UNSPECIFIED.,.F.,
 .F.,(2,2),(0.,1.),.UNSPECIFIED.);
#6919=B_SPLINE_CURVE_WITH_KNOTS('',1,(#13204,#13205),.UNSPECIFIED.,.F.,
 .F.,(2,2),(0.,1.),.UNSPECIFIED.);
#6920=B_SPLINE_CURVE_WITH_KNOTS('',1,(#13206,#13207),.UNSPECIFIED.,.F.,
 .F.,(2,2),(0.,1.),.UNSPECIFIED.);
#6921=B_SPLINE_CURVE_WITH_KNOTS('',1,(#13208,#13209),.UNSPECIFIED.,.F.,
 .F.,(2,2),(0.,1.),.UNSPECIFIED.);
#6922=B_SPLINE_CURVE_WITH_KNOTS('',1,(#13210,#13211),.UNSPECIFIED.,.F.,
 .F.,(2,2),(0.,1.),.UNSPECIFIED.);
#6923=B_SPLINE_CURVE_WITH_KNOTS('',1,(#13212,#13213),.UNSPECIFIED.,.F.,
 .F.,(2,2),(0.,1.),.UNSPECIFIED.);
#6924=B_SPLINE_CURVE_WITH_KNOTS('',1,(#13214,#13215),.UNSPECIFIED.,.F.,
 .F.,(2,2),(0.,1.),.UNSPECIFIED.);
#6925=B_SPLINE_CURVE_WITH_KNOTS('',1,(#13216,#13217),.UNSPECIFIED.,.F.,
 .F.,(2,2),(0.,1.),.UNSPECIFIED.);
#6926=B_SPLINE_CURVE_WITH_KNOTS('',1,(#13218,#13219),.UNSPECIFIED.,.F.,
 .F.,(2,2),(0.,1.),.UNSPECIFIED.);
#6927=B_SPLINE_CURVE_WITH_KNOTS('',1,(#13220,#13221),.UNSPECIFIED.,.F.,
 .F.,(2,2),(0.,1.),.UNSPECIFIED.);
#6928=B_SPLINE_CURVE_WITH_KNOTS('',1,(#13222,#13223),.UNSPECIFIED.,.F.,
 .F.,(2,2),(0.,1.),.UNSPECIFIED.);
#6929=B_SPLINE_CURVE_WITH_KNOTS('',1,(#13224,#13225),.UNSPECIFIED.,.F.,
 .F.,(2,2),(0.,1.),.UNSPECIFIED.);
#6930=B_SPLINE_CURVE_WITH_KNOTS('',1,(#13226,#13227),.UNSPECIFIED.,.F.,
 .F.,(2,2),(0.,1.),.UNSPECIFIED.);
#6931=B_SPLINE_CURVE_WITH_KNOTS('',1,(#13228,#13229),.UNSPECIFIED.,.F.,
 .F.,(2,2),(0.,1.),.UNSPECIFIED.);
#6932=B_SPLINE_CURVE_WITH_KNOTS('',1,(#13230,#13231),.UNSPECIFIED.,.F.,
 .F.,(2,2),(0.,1.),.UNSPECIFIED.);
#6933=B_SPLINE_CURVE_WITH_KNOTS('',1,(#13232,#13233),.UNSPECIFIED.,.F.,
 .F.,(2,2),(0.,1.),.UNSPECIFIED.);
#6934=B_SPLINE_CURVE_WITH_KNOTS('',1,(#13234,#13235),.UNSPECIFIED.,.F.,
 .F.,(2,2),(0.,1.),.UNSPECIFIED.);
#6935=B_SPLINE_CURVE_WITH_KNOTS('',1,(#13236,#13237),.UNSPECIFIED.,.F.,
 .F.,(2,2),(0.,1.),.UNSPECIFIED.);
#6936=B_SPLINE_CURVE_WITH_KNOTS('',1,(#13238,#13239),.UNSPECIFIED.,.F.,
 .F.,(2,2),(0.,1.),.UNSPECIFIED.);
#6937=B_SPLINE_CURVE_WITH_KNOTS('',1,(#13240,#13241),.UNSPECIFIED.,.F.,
 .F.,(2,2),(0.,1.),.UNSPECIFIED.);
#6938=B_SPLINE_CURVE_WITH_KNOTS('',1,(#13242,#13243),.UNSPECIFIED.,.F.,
 .F.,(2,2),(0.,1.),.UNSPECIFIED.);
#6939=B_SPLINE_CURVE_WITH_KNOTS('',1,(#13244,#13245),.UNSPECIFIED.,.F.,
 .F.,(2,2),(0.,1.),.UNSPECIFIED.);
#6940=B_SPLINE_CURVE_WITH_KNOTS('',1,(#13246,#13247),.UNSPECIFIED.,.F.,
 .F.,(2,2),(0.,1.),.UNSPECIFIED.);
#6941=B_SPLINE_CURVE_WITH_KNOTS('',1,(#13248,#13249),.UNSPECIFIED.,.F.,
 .F.,(2,2),(0.,1.),.UNSPECIFIED.);
#6942=B_SPLINE_CURVE_WITH_KNOTS('',1,(#13250,#13251),.UNSPECIFIED.,.F.,
 .F.,(2,2),(0.,1.),.UNSPECIFIED.);
#6943=B_SPLINE_CURVE_WITH_KNOTS('',1,(#13252,#13253),.UNSPECIFIED.,.F.,
 .F.,(2,2),(0.,1.),.UNSPECIFIED.);
#6944=B_SPLINE_CURVE_WITH_KNOTS('',1,(#13254,#13255),.UNSPECIFIED.,.F.,
 .F.,(2,2),(0.,1.),.UNSPECIFIED.);
#6945=B_SPLINE_CURVE_WITH_KNOTS('',1,(#13256,#13257),.UNSPECIFIED.,.F.,
 .F.,(2,2),(0.,1.),.UNSPECIFIED.);
#6946=B_SPLINE_CURVE_WITH_KNOTS('',1,(#13258,#13259),.UNSPECIFIED.,.F.,
 .F.,(2,2),(0.,1.),.UNSPECIFIED.);
#6947=B_SPLINE_CURVE_WITH_KNOTS('',1,(#13260,#13261),.UNSPECIFIED.,.F.,
 .F.,(2,2),(0.,1.),.UNSPECIFIED.);
#6948=B_SPLINE_CURVE_WITH_KNOTS('',1,(#13262,#13263),.UNSPECIFIED.,.F.,
 .F.,(2,2),(0.,1.),.UNSPECIFIED.);
#6949=B_SPLINE_CURVE_WITH_KNOTS('',1,(#13264,#13265),.UNSPECIFIED.,.F.,
 .F.,(2,2),(0.,1.),.UNSPECIFIED.);
#6950=B_SPLINE_CURVE_WITH_KNOTS('',1,(#13266,#13267),.UNSPECIFIED.,.F.,
 .F.,(2,2),(0.,1.),.UNSPECIFIED.);
#6951=B_SPLINE_CURVE_WITH_KNOTS('',1,(#13268,#13269),.UNSPECIFIED.,.F.,
 .F.,(2,2),(0.,1.),.UNSPECIFIED.);
#6952=B_SPLINE_CURVE_WITH_KNOTS('',1,(#13270,#13271),.UNSPECIFIED.,.F.,
 .F.,(2,2),(0.,1.),.UNSPECIFIED.);
#6953=B_SPLINE_CURVE_WITH_KNOTS('',1,(#13272,#13273),.UNSPECIFIED.,.F.,
 .F.,(2,2),(0.,1.),.UNSPECIFIED.);
#6954=B_SPLINE_CURVE_WITH_KNOTS('',1,(#13274,#13275),.UNSPECIFIED.,.F.,
 .F.,(2,2),(0.,1.),.UNSPECIFIED.);
#6955=B_SPLINE_CURVE_WITH_KNOTS('',1,(#13276,#13277),.UNSPECIFIED.,.F.,
 .F.,(2,2),(0.,1.),.UNSPECIFIED.);
#6956=B_SPLINE_CURVE_WITH_KNOTS('',1,(#13278,#13279),.UNSPECIFIED.,.F.,
 .F.,(2,2),(0.,1.),.UNSPECIFIED.);
#6957=B_SPLINE_CURVE_WITH_KNOTS('',1,(#13280,#13281),.UNSPECIFIED.,.F.,
 .F.,(2,2),(0.,1.),.UNSPECIFIED.);
#6958=B_SPLINE_CURVE_WITH_KNOTS('',1,(#13282,#13283),.UNSPECIFIED.,.F.,
 .F.,(2,2),(0.,1.),.UNSPECIFIED.);
#6959=B_SPLINE_CURVE_WITH_KNOTS('',1,(#13284,#13285),.UNSPECIFIED.,.F.,
 .F.,(2,2),(0.,1.),.UNSPECIFIED.);
#6960=B_SPLINE_CURVE_WITH_KNOTS('',1,(#13286,#13287),.UNSPECIFIED.,.F.,
 .F.,(2,2),(0.,1.),.UNSPECIFIED.);
#6961=B_SPLINE_CURVE_WITH_KNOTS('',1,(#13288,#13289),.UNSPECIFIED.,.F.,
 .F.,(2,2),(0.,1.),.UNSPECIFIED.);
#6962=B_SPLINE_CURVE_WITH_KNOTS('',1,(#13290,#13291),.UNSPECIFIED.,.F.,
 .F.,(2,2),(0.,1.),.UNSPECIFIED.);
#6963=B_SPLINE_CURVE_WITH_KNOTS('',1,(#13292,#13293),.UNSPECIFIED.,.F.,
 .F.,(2,2),(0.,1.),.UNSPECIFIED.);
#6964=B_SPLINE_CURVE_WITH_KNOTS('',1,(#13294,#13295),.UNSPECIFIED.,.F.,
 .F.,(2,2),(0.,1.),.UNSPECIFIED.);
#6965=B_SPLINE_CURVE_WITH_KNOTS('',1,(#13296,#13297),.UNSPECIFIED.,.F.,
 .F.,(2,2),(0.,1.),.UNSPECIFIED.);
#6966=B_SPLINE_CURVE_WITH_KNOTS('',1,(#13298,#13299),.UNSPECIFIED.,.F.,
 .F.,(2,2),(0.,1.),.UNSPECIFIED.);
#6967=B_SPLINE_CURVE_WITH_KNOTS('',1,(#13300,#13301),.UNSPECIFIED.,.F.,
 .F.,(2,2),(0.,1.),.UNSPECIFIED.);
#6968=B_SPLINE_CURVE_WITH_KNOTS('',1,(#13302,#13303),.UNSPECIFIED.,.F.,
 .F.,(2,2),(0.,1.),.UNSPECIFIED.);
#6969=B_SPLINE_CURVE_WITH_KNOTS('',1,(#13304,#13305),.UNSPECIFIED.,.F.,
 .F.,(2,2),(0.,1.),.UNSPECIFIED.);
#6970=B_SPLINE_CURVE_WITH_KNOTS('',1,(#13306,#13307),.UNSPECIFIED.,.F.,
 .F.,(2,2),(0.,1.),.UNSPECIFIED.);
#6971=B_SPLINE_CURVE_WITH_KNOTS('',1,(#13308,#13309),.UNSPECIFIED.,.F.,
 .F.,(2,2),(0.,1.),.UNSPECIFIED.);
#6972=B_SPLINE_CURVE_WITH_KNOTS('',1,(#13310,#13311),.UNSPECIFIED.,.F.,
 .F.,(2,2),(0.,1.),.UNSPECIFIED.);
#6973=B_SPLINE_CURVE_WITH_KNOTS('',1,(#13312,#13313),.UNSPECIFIED.,.F.,
 .F.,(2,2),(0.,1.),.UNSPECIFIED.);
#6974=B_SPLINE_CURVE_WITH_KNOTS('',1,(#13314,#13315),.UNSPECIFIED.,.F.,
 .F.,(2,2),(0.,1.),.UNSPECIFIED.);
#6975=B_SPLINE_CURVE_WITH_KNOTS('',1,(#13316,#13317),.UNSPECIFIED.,.F.,
 .F.,(2,2),(0.,1.),.UNSPECIFIED.);
#6976=B_SPLINE_CURVE_WITH_KNOTS('',1,(#13318,#13319),.UNSPECIFIED.,.F.,
 .F.,(2,2),(0.,1.),.UNSPECIFIED.);
#6977=B_SPLINE_CURVE_WITH_KNOTS('',1,(#13320,#13321),.UNSPECIFIED.,.F.,
 .F.,(2,2),(0.,1.),.UNSPECIFIED.);
#6978=B_SPLINE_CURVE_WITH_KNOTS('',1,(#13322,#13323),.UNSPECIFIED.,.F.,
 .F.,(2,2),(0.,1.),.UNSPECIFIED.);
#6979=B_SPLINE_CURVE_WITH_KNOTS('',1,(#13324,#13325),.UNSPECIFIED.,.F.,
 .F.,(2,2),(0.,1.),.UNSPECIFIED.);
#6980=B_SPLINE_CURVE_WITH_KNOTS('',1,(#13326,#13327),.UNSPECIFIED.,.F.,
 .F.,(2,2),(0.,1.),.UNSPECIFIED.);
#6981=B_SPLINE_CURVE_WITH_KNOTS('',1,(#13328,#13329),.UNSPECIFIED.,.F.,
 .F.,(2,2),(0.,1.),.UNSPECIFIED.);
#6982=B_SPLINE_CURVE_WITH_KNOTS('',1,(#13330,#13331),.UNSPECIFIED.,.F.,
 .F.,(2,2),(0.,1.),.UNSPECIFIED.);
#6983=B_SPLINE_CURVE_WITH_KNOTS('',1,(#13332,#13333),.UNSPECIFIED.,.F.,
 .F.,(2,2),(0.,1.),.UNSPECIFIED.);
#6984=B_SPLINE_CURVE_WITH_KNOTS('',1,(#13334,#13335),.UNSPECIFIED.,.F.,
 .F.,(2,2),(0.,1.),.UNSPECIFIED.);
#6985=B_SPLINE_CURVE_WITH_KNOTS('',1,(#13336,#13337),.UNSPECIFIED.,.F.,
 .F.,(2,2),(0.,1.),.UNSPECIFIED.);
#6986=B_SPLINE_CURVE_WITH_KNOTS('',1,(#13338,#13339),.UNSPECIFIED.,.F.,
 .F.,(2,2),(0.,1.),.UNSPECIFIED.);
#6987=B_SPLINE_CURVE_WITH_KNOTS('',1,(#13340,#13341),.UNSPECIFIED.,.F.,
 .F.,(2,2),(0.,1.),.UNSPECIFIED.);
#6988=B_SPLINE_CURVE_WITH_KNOTS('',1,(#13342,#13343),.UNSPECIFIED.,.F.,
 .F.,(2,2),(0.,1.),.UNSPECIFIED.);
#6989=B_SPLINE_CURVE_WITH_KNOTS('',1,(#13344,#13345),.UNSPECIFIED.,.F.,
 .F.,(2,2),(0.,1.),.UNSPECIFIED.);
#6990=B_SPLINE_CURVE_WITH_KNOTS('',1,(#13346,#13347),.UNSPECIFIED.,.F.,
 .F.,(2,2),(0.,1.),.UNSPECIFIED.);
#6991=B_SPLINE_CURVE_WITH_KNOTS('',1,(#13348,#13349),.UNSPECIFIED.,.F.,
 .F.,(2,2),(0.,1.),.UNSPECIFIED.);
#6992=B_SPLINE_CURVE_WITH_KNOTS('',1,(#13350,#13351),.UNSPECIFIED.,.F.,
 .F.,(2,2),(0.,1.),.UNSPECIFIED.);
#6993=B_SPLINE_CURVE_WITH_KNOTS('',1,(#13352,#13353),.UNSPECIFIED.,.F.,
 .F.,(2,2),(0.,1.),.UNSPECIFIED.);
#6994=B_SPLINE_CURVE_WITH_KNOTS('',1,(#13354,#13355),.UNSPECIFIED.,.F.,
 .F.,(2,2),(0.,1.),.UNSPECIFIED.);
#6995=B_SPLINE_CURVE_WITH_KNOTS('',1,(#13356,#13357),.UNSPECIFIED.,.F.,
 .F.,(2,2),(0.,1.),.UNSPECIFIED.);
#6996=B_SPLINE_CURVE_WITH_KNOTS('',1,(#13358,#13359),.UNSPECIFIED.,.F.,
 .F.,(2,2),(0.,1.),.UNSPECIFIED.);
#6997=B_SPLINE_CURVE_WITH_KNOTS('',1,(#13360,#13361),.UNSPECIFIED.,.F.,
 .F.,(2,2),(0.,1.),.UNSPECIFIED.);
#6998=B_SPLINE_CURVE_WITH_KNOTS('',1,(#13362,#13363),.UNSPECIFIED.,.F.,
 .F.,(2,2),(0.,1.),.UNSPECIFIED.);
#6999=B_SPLINE_CURVE_WITH_KNOTS('',1,(#13364,#13365),.UNSPECIFIED.,.F.,
 .F.,(2,2),(0.,1.),.UNSPECIFIED.);
#7000=B_SPLINE_CURVE_WITH_KNOTS('',1,(#13366,#13367),.UNSPECIFIED.,.F.,
 .F.,(2,2),(0.,1.),.UNSPECIFIED.);
#7001=B_SPLINE_CURVE_WITH_KNOTS('',1,(#13368,#13369),.UNSPECIFIED.,.F.,
 .F.,(2,2),(0.,1.),.UNSPECIFIED.);
#7002=B_SPLINE_CURVE_WITH_KNOTS('',1,(#13370,#13371),.UNSPECIFIED.,.F.,
 .F.,(2,2),(0.,1.),.UNSPECIFIED.);
#7003=B_SPLINE_CURVE_WITH_KNOTS('',1,(#13372,#13373),.UNSPECIFIED.,.F.,
 .F.,(2,2),(0.,1.),.UNSPECIFIED.);
#7004=B_SPLINE_CURVE_WITH_KNOTS('',1,(#13374,#13375),.UNSPECIFIED.,.F.,
 .F.,(2,2),(0.,1.),.UNSPECIFIED.);
#7005=B_SPLINE_CURVE_WITH_KNOTS('',1,(#13376,#13377),.UNSPECIFIED.,.F.,
 .F.,(2,2),(0.,1.),.UNSPECIFIED.);
#7006=B_SPLINE_CURVE_WITH_KNOTS('',1,(#13378,#13379),.UNSPECIFIED.,.F.,
 .F.,(2,2),(0.,1.),.UNSPECIFIED.);
#7007=B_SPLINE_CURVE_WITH_KNOTS('',1,(#13380,#13381),.UNSPECIFIED.,.F.,
 .F.,(2,2),(0.,1.),.UNSPECIFIED.);
#7008=B_SPLINE_CURVE_WITH_KNOTS('',1,(#13382,#13383),.UNSPECIFIED.,.F.,
 .F.,(2,2),(0.,1.),.UNSPECIFIED.);
#7009=B_SPLINE_CURVE_WITH_KNOTS('',1,(#13384,#13385),.UNSPECIFIED.,.F.,
 .F.,(2,2),(0.,1.),.UNSPECIFIED.);
#7010=B_SPLINE_CURVE_WITH_KNOTS('',1,(#13386,#13387),.UNSPECIFIED.,.F.,
 .F.,(2,2),(0.,1.),.UNSPECIFIED.);
#7011=B_SPLINE_CURVE_WITH_KNOTS('',1,(#13388,#13389),.UNSPECIFIED.,.F.,
 .F.,(2,2),(0.,1.),.UNSPECIFIED.);
#7012=B_SPLINE_CURVE_WITH_KNOTS('',1,(#13390,#13391),.UNSPECIFIED.,.F.,
 .F.,(2,2),(0.,1.),.UNSPECIFIED.);
#7013=B_SPLINE_CURVE_WITH_KNOTS('',1,(#13392,#13393),.UNSPECIFIED.,.F.,
 .F.,(2,2),(0.,1.),.UNSPECIFIED.);
#7014=B_SPLINE_CURVE_WITH_KNOTS('',1,(#13394,#13395),.UNSPECIFIED.,.F.,
 .F.,(2,2),(0.,1.),.UNSPECIFIED.);
#7015=B_SPLINE_CURVE_WITH_KNOTS('',1,(#13396,#13397),.UNSPECIFIED.,.F.,
 .F.,(2,2),(0.,1.),.UNSPECIFIED.);
#7016=B_SPLINE_CURVE_WITH_KNOTS('',1,(#13398,#13399),.UNSPECIFIED.,.F.,
 .F.,(2,2),(0.,1.),.UNSPECIFIED.);
#7017=B_SPLINE_CURVE_WITH_KNOTS('',1,(#13400,#13401),.UNSPECIFIED.,.F.,
 .F.,(2,2),(0.,1.),.UNSPECIFIED.);
#7018=B_SPLINE_CURVE_WITH_KNOTS('',1,(#13402,#13403),.UNSPECIFIED.,.F.,
 .F.,(2,2),(0.,1.),.UNSPECIFIED.);
#7019=B_SPLINE_CURVE_WITH_KNOTS('',1,(#13404,#13405),.UNSPECIFIED.,.F.,
 .F.,(2,2),(0.,1.),.UNSPECIFIED.);
#7020=B_SPLINE_CURVE_WITH_KNOTS('',1,(#13406,#13407),.UNSPECIFIED.,.F.,
 .F.,(2,2),(0.,1.),.UNSPECIFIED.);
#7021=B_SPLINE_CURVE_WITH_KNOTS('',1,(#13408,#13409),.UNSPECIFIED.,.F.,
 .F.,(2,2),(0.,1.),.UNSPECIFIED.);
#7022=B_SPLINE_CURVE_WITH_KNOTS('',1,(#13410,#13411),.UNSPECIFIED.,.F.,
 .F.,(2,2),(0.,1.),.UNSPECIFIED.);
#7023=B_SPLINE_CURVE_WITH_KNOTS('',1,(#13412,#13413),.UNSPECIFIED.,.F.,
 .F.,(2,2),(0.,1.),.UNSPECIFIED.);
#7024=B_SPLINE_CURVE_WITH_KNOTS('',1,(#13414,#13415),.UNSPECIFIED.,.F.,
 .F.,(2,2),(0.,1.),.UNSPECIFIED.);
#7025=B_SPLINE_CURVE_WITH_KNOTS('',1,(#13416,#13417),.UNSPECIFIED.,.F.,
 .F.,(2,2),(0.,1.),.UNSPECIFIED.);
#7026=B_SPLINE_CURVE_WITH_KNOTS('',1,(#13418,#13419),.UNSPECIFIED.,.F.,
 .F.,(2,2),(0.,1.),.UNSPECIFIED.);
#7027=B_SPLINE_CURVE_WITH_KNOTS('',1,(#13420,#13421),.UNSPECIFIED.,.F.,
 .F.,(2,2),(0.,1.),.UNSPECIFIED.);
#7028=B_SPLINE_CURVE_WITH_KNOTS('',1,(#13422,#13423),.UNSPECIFIED.,.F.,
 .F.,(2,2),(0.,1.),.UNSPECIFIED.);
#7029=B_SPLINE_CURVE_WITH_KNOTS('',1,(#13424,#13425),.UNSPECIFIED.,.F.,
 .F.,(2,2),(0.,1.),.UNSPECIFIED.);
#7030=B_SPLINE_CURVE_WITH_KNOTS('',1,(#13426,#13427),.UNSPECIFIED.,.F.,
 .F.,(2,2),(0.,1.),.UNSPECIFIED.);
#7031=B_SPLINE_CURVE_WITH_KNOTS('',1,(#13428,#13429),.UNSPECIFIED.,.F.,
 .F.,(2,2),(0.,1.),.UNSPECIFIED.);
#7032=B_SPLINE_CURVE_WITH_KNOTS('',1,(#13430,#13431),.UNSPECIFIED.,.F.,
 .F.,(2,2),(0.,1.),.UNSPECIFIED.);
#7033=B_SPLINE_CURVE_WITH_KNOTS('',1,(#13432,#13433),.UNSPECIFIED.,.F.,
 .F.,(2,2),(0.,1.),.UNSPECIFIED.);
#7034=B_SPLINE_CURVE_WITH_KNOTS('',1,(#13434,#13435),.UNSPECIFIED.,.F.,
 .F.,(2,2),(0.,1.),.UNSPECIFIED.);
#7035=B_SPLINE_CURVE_WITH_KNOTS('',1,(#13436,#13437),.UNSPECIFIED.,.F.,
 .F.,(2,2),(0.,1.),.UNSPECIFIED.);
#7036=B_SPLINE_CURVE_WITH_KNOTS('',1,(#13438,#13439),.UNSPECIFIED.,.F.,
 .F.,(2,2),(0.,1.),.UNSPECIFIED.);
#7037=B_SPLINE_CURVE_WITH_KNOTS('',1,(#13440,#13441),.UNSPECIFIED.,.F.,
 .F.,(2,2),(0.,1.),.UNSPECIFIED.);
#7038=B_SPLINE_CURVE_WITH_KNOTS('',1,(#13442,#13443),.UNSPECIFIED.,.F.,
 .F.,(2,2),(0.,1.),.UNSPECIFIED.);
#7039=B_SPLINE_CURVE_WITH_KNOTS('',1,(#13444,#13445),.UNSPECIFIED.,.F.,
 .F.,(2,2),(0.,1.),.UNSPECIFIED.);
#7040=B_SPLINE_CURVE_WITH_KNOTS('',1,(#13446,#13447),.UNSPECIFIED.,.F.,
 .F.,(2,2),(0.,1.),.UNSPECIFIED.);
#7041=B_SPLINE_CURVE_WITH_KNOTS('',1,(#13448,#13449),.UNSPECIFIED.,.F.,
 .F.,(2,2),(0.,1.),.UNSPECIFIED.);
#7042=B_SPLINE_CURVE_WITH_KNOTS('',1,(#13450,#13451),.UNSPECIFIED.,.F.,
 .F.,(2,2),(0.,1.),.UNSPECIFIED.);
#7043=B_SPLINE_CURVE_WITH_KNOTS('',1,(#13452,#13453),.UNSPECIFIED.,.F.,
 .F.,(2,2),(0.,1.),.UNSPECIFIED.);
#7044=B_SPLINE_CURVE_WITH_KNOTS('',1,(#13454,#13455),.UNSPECIFIED.,.F.,
 .F.,(2,2),(0.,1.),.UNSPECIFIED.);
#7045=B_SPLINE_CURVE_WITH_KNOTS('',1,(#13456,#13457),.UNSPECIFIED.,.F.,
 .F.,(2,2),(0.,1.),.UNSPECIFIED.);
#7046=B_SPLINE_CURVE_WITH_KNOTS('',1,(#13458,#13459),.UNSPECIFIED.,.F.,
 .F.,(2,2),(0.,1.),.UNSPECIFIED.);
#7047=B_SPLINE_CURVE_WITH_KNOTS('',1,(#13460,#13461),.UNSPECIFIED.,.F.,
 .F.,(2,2),(0.,1.),.UNSPECIFIED.);
#7048=B_SPLINE_CURVE_WITH_KNOTS('',1,(#13462,#13463),.UNSPECIFIED.,.F.,
 .F.,(2,2),(0.,1.),.UNSPECIFIED.);
#7049=B_SPLINE_CURVE_WITH_KNOTS('',1,(#13464,#13465),.UNSPECIFIED.,.F.,
 .F.,(2,2),(0.,1.),.UNSPECIFIED.);
#7050=B_SPLINE_CURVE_WITH_KNOTS('',1,(#13466,#13467),.UNSPECIFIED.,.F.,
 .F.,(2,2),(0.,1.),.UNSPECIFIED.);
#7051=B_SPLINE_CURVE_WITH_KNOTS('',1,(#13468,#13469),.UNSPECIFIED.,.F.,
 .F.,(2,2),(0.,1.),.UNSPECIFIED.);
#7052=B_SPLINE_CURVE_WITH_KNOTS('',1,(#13470,#13471),.UNSPECIFIED.,.F.,
 .F.,(2,2),(0.,1.),.UNSPECIFIED.);
#7053=B_SPLINE_CURVE_WITH_KNOTS('',1,(#13472,#13473),.UNSPECIFIED.,.F.,
 .F.,(2,2),(0.,1.),.UNSPECIFIED.);
#7054=B_SPLINE_CURVE_WITH_KNOTS('',1,(#13474,#13475),.UNSPECIFIED.,.F.,
 .F.,(2,2),(0.,1.),.UNSPECIFIED.);
#7055=B_SPLINE_CURVE_WITH_KNOTS('',1,(#13476,#13477),.UNSPECIFIED.,.F.,
 .F.,(2,2),(0.,1.),.UNSPECIFIED.);
#7056=B_SPLINE_CURVE_WITH_KNOTS('',1,(#13478,#13479),.UNSPECIFIED.,.F.,
 .F.,(2,2),(0.,1.),.UNSPECIFIED.);
#7057=B_SPLINE_CURVE_WITH_KNOTS('',1,(#13480,#13481),.UNSPECIFIED.,.F.,
 .F.,(2,2),(0.,1.),.UNSPECIFIED.);
#7058=B_SPLINE_CURVE_WITH_KNOTS('',1,(#13482,#13483),.UNSPECIFIED.,.F.,
 .F.,(2,2),(0.,1.),.UNSPECIFIED.);
#7059=B_SPLINE_CURVE_WITH_KNOTS('',1,(#13484,#13485),.UNSPECIFIED.,.F.,
 .F.,(2,2),(0.,1.),.UNSPECIFIED.);
#7060=B_SPLINE_CURVE_WITH_KNOTS('',1,(#13486,#13487),.UNSPECIFIED.,.F.,
 .F.,(2,2),(0.,1.),.UNSPECIFIED.);
#7061=B_SPLINE_CURVE_WITH_KNOTS('',1,(#13488,#13489),.UNSPECIFIED.,.F.,
 .F.,(2,2),(0.,1.),.UNSPECIFIED.);
#7062=B_SPLINE_CURVE_WITH_KNOTS('',1,(#13490,#13491),.UNSPECIFIED.,.F.,
 .F.,(2,2),(0.,1.),.UNSPECIFIED.);
#7063=B_SPLINE_CURVE_WITH_KNOTS('',1,(#13492,#13493),.UNSPECIFIED.,.F.,
 .F.,(2,2),(0.,1.),.UNSPECIFIED.);
#7064=B_SPLINE_CURVE_WITH_KNOTS('',1,(#13494,#13495),.UNSPECIFIED.,.F.,
 .F.,(2,2),(0.,1.),.UNSPECIFIED.);
#7065=B_SPLINE_CURVE_WITH_KNOTS('',1,(#13496,#13497),.UNSPECIFIED.,.F.,
 .F.,(2,2),(0.,1.),.UNSPECIFIED.);
#7066=B_SPLINE_CURVE_WITH_KNOTS('',1,(#13498,#13499),.UNSPECIFIED.,.F.,
 .F.,(2,2),(0.,1.),.UNSPECIFIED.);
#7067=B_SPLINE_CURVE_WITH_KNOTS('',1,(#13500,#13501),.UNSPECIFIED.,.F.,
 .F.,(2,2),(0.,1.),.UNSPECIFIED.);
#7068=B_SPLINE_CURVE_WITH_KNOTS('',1,(#13502,#13503),.UNSPECIFIED.,.F.,
 .F.,(2,2),(0.,1.),.UNSPECIFIED.);
#7069=B_SPLINE_CURVE_WITH_KNOTS('',1,(#13504,#13505),.UNSPECIFIED.,.F.,
 .F.,(2,2),(0.,1.),.UNSPECIFIED.);
#7070=B_SPLINE_CURVE_WITH_KNOTS('',1,(#13506,#13507),.UNSPECIFIED.,.F.,
 .F.,(2,2),(0.,1.),.UNSPECIFIED.);
#7071=B_SPLINE_CURVE_WITH_KNOTS('',1,(#13508,#13509),.UNSPECIFIED.,.F.,
 .F.,(2,2),(0.,1.),.UNSPECIFIED.);
#7072=B_SPLINE_CURVE_WITH_KNOTS('',1,(#13510,#13511),.UNSPECIFIED.,.F.,
 .F.,(2,2),(0.,1.),.UNSPECIFIED.);
#7073=B_SPLINE_CURVE_WITH_KNOTS('',1,(#13512,#13513),.UNSPECIFIED.,.F.,
 .F.,(2,2),(0.,1.),.UNSPECIFIED.);
#7074=B_SPLINE_CURVE_WITH_KNOTS('',1,(#13514,#13515),.UNSPECIFIED.,.F.,
 .F.,(2,2),(0.,1.),.UNSPECIFIED.);
#7075=B_SPLINE_CURVE_WITH_KNOTS('',1,(#13516,#13517),.UNSPECIFIED.,.F.,
 .F.,(2,2),(0.,1.),.UNSPECIFIED.);
#7076=B_SPLINE_CURVE_WITH_KNOTS('',1,(#13518,#13519),.UNSPECIFIED.,.F.,
 .F.,(2,2),(0.,1.),.UNSPECIFIED.);
#7077=B_SPLINE_CURVE_WITH_KNOTS('',1,(#13520,#13521),.UNSPECIFIED.,.F.,
 .F.,(2,2),(0.,1.),.UNSPECIFIED.);
#7078=B_SPLINE_CURVE_WITH_KNOTS('',1,(#13522,#13523),.UNSPECIFIED.,.F.,
 .F.,(2,2),(0.,1.),.UNSPECIFIED.);
#7079=B_SPLINE_CURVE_WITH_KNOTS('',1,(#13524,#13525),.UNSPECIFIED.,.F.,
 .F.,(2,2),(0.,1.),.UNSPECIFIED.);
#7080=B_SPLINE_CURVE_WITH_KNOTS('',1,(#13526,#13527),.UNSPECIFIED.,.F.,
 .F.,(2,2),(0.,1.),.UNSPECIFIED.);
#7081=B_SPLINE_CURVE_WITH_KNOTS('',1,(#13528,#13529),.UNSPECIFIED.,.F.,
 .F.,(2,2),(0.,1.),.UNSPECIFIED.);
#7082=B_SPLINE_CURVE_WITH_KNOTS('',1,(#13530,#13531),.UNSPECIFIED.,.F.,
 .F.,(2,2),(0.,1.),.UNSPECIFIED.);
#7083=B_SPLINE_CURVE_WITH_KNOTS('',1,(#13532,#13533),.UNSPECIFIED.,.F.,
 .F.,(2,2),(0.,1.),.UNSPECIFIED.);
#7084=B_SPLINE_CURVE_WITH_KNOTS('',1,(#13534,#13535),.UNSPECIFIED.,.F.,
 .F.,(2,2),(0.,1.),.UNSPECIFIED.);
#7085=B_SPLINE_CURVE_WITH_KNOTS('',1,(#13536,#13537),.UNSPECIFIED.,.F.,
 .F.,(2,2),(0.,1.),.UNSPECIFIED.);
#7086=B_SPLINE_CURVE_WITH_KNOTS('',1,(#13538,#13539),.UNSPECIFIED.,.F.,
 .F.,(2,2),(0.,1.),.UNSPECIFIED.);
#7087=B_SPLINE_CURVE_WITH_KNOTS('',1,(#13540,#13541),.UNSPECIFIED.,.F.,
 .F.,(2,2),(0.,1.),.UNSPECIFIED.);
#7088=B_SPLINE_CURVE_WITH_KNOTS('',1,(#13542,#13543),.UNSPECIFIED.,.F.,
 .F.,(2,2),(0.,1.),.UNSPECIFIED.);
#7089=B_SPLINE_CURVE_WITH_KNOTS('',1,(#13544,#13545),.UNSPECIFIED.,.F.,
 .F.,(2,2),(0.,1.),.UNSPECIFIED.);
#7090=B_SPLINE_CURVE_WITH_KNOTS('',1,(#13546,#13547),.UNSPECIFIED.,.F.,
 .F.,(2,2),(0.,1.),.UNSPECIFIED.);
#7091=B_SPLINE_CURVE_WITH_KNOTS('',1,(#13548,#13549),.UNSPECIFIED.,.F.,
 .F.,(2,2),(0.,1.),.UNSPECIFIED.);
#7092=B_SPLINE_CURVE_WITH_KNOTS('',1,(#13550,#13551),.UNSPECIFIED.,.F.,
 .F.,(2,2),(0.,1.),.UNSPECIFIED.);
#7093=B_SPLINE_CURVE_WITH_KNOTS('',1,(#13552,#13553),.UNSPECIFIED.,.F.,
 .F.,(2,2),(0.,1.),.UNSPECIFIED.);
#7094=B_SPLINE_CURVE_WITH_KNOTS('',1,(#13554,#13555),.UNSPECIFIED.,.F.,
 .F.,(2,2),(0.,1.),.UNSPECIFIED.);
#7095=B_SPLINE_CURVE_WITH_KNOTS('',1,(#13556,#13557),.UNSPECIFIED.,.F.,
 .F.,(2,2),(0.,1.),.UNSPECIFIED.);
#7096=B_SPLINE_CURVE_WITH_KNOTS('',1,(#13558,#13559),.UNSPECIFIED.,.F.,
 .F.,(2,2),(0.,1.),.UNSPECIFIED.);
#7097=B_SPLINE_CURVE_WITH_KNOTS('',1,(#13560,#13561),.UNSPECIFIED.,.F.,
 .F.,(2,2),(0.,1.),.UNSPECIFIED.);
#7098=B_SPLINE_CURVE_WITH_KNOTS('',1,(#13562,#13563),.UNSPECIFIED.,.F.,
 .F.,(2,2),(0.,1.),.UNSPECIFIED.);
#7099=B_SPLINE_CURVE_WITH_KNOTS('',1,(#13564,#13565),.UNSPECIFIED.,.F.,
 .F.,(2,2),(0.,1.),.UNSPECIFIED.);
#7100=B_SPLINE_CURVE_WITH_KNOTS('',1,(#13566,#13567),.UNSPECIFIED.,.F.,
 .F.,(2,2),(0.,1.),.UNSPECIFIED.);
#7101=B_SPLINE_CURVE_WITH_KNOTS('',1,(#13568,#13569),.UNSPECIFIED.,.F.,
 .F.,(2,2),(0.,1.),.UNSPECIFIED.);
#7102=B_SPLINE_CURVE_WITH_KNOTS('',1,(#13570,#13571),.UNSPECIFIED.,.F.,
 .F.,(2,2),(0.,1.),.UNSPECIFIED.);
#7103=B_SPLINE_CURVE_WITH_KNOTS('',1,(#13572,#13573),.UNSPECIFIED.,.F.,
 .F.,(2,2),(0.,1.),.UNSPECIFIED.);
#7104=B_SPLINE_CURVE_WITH_KNOTS('',1,(#13574,#13575),.UNSPECIFIED.,.F.,
 .F.,(2,2),(0.,1.),.UNSPECIFIED.);
#7105=B_SPLINE_CURVE_WITH_KNOTS('',1,(#13576,#13577),.UNSPECIFIED.,.F.,
 .F.,(2,2),(0.,1.),.UNSPECIFIED.);
#7106=B_SPLINE_CURVE_WITH_KNOTS('',1,(#13578,#13579),.UNSPECIFIED.,.F.,
 .F.,(2,2),(0.,1.),.UNSPECIFIED.);
#7107=B_SPLINE_CURVE_WITH_KNOTS('',1,(#13580,#13581),.UNSPECIFIED.,.F.,
 .F.,(2,2),(0.,1.),.UNSPECIFIED.);
#7108=B_SPLINE_CURVE_WITH_KNOTS('',1,(#13582,#13583),.UNSPECIFIED.,.F.,
 .F.,(2,2),(0.,1.),.UNSPECIFIED.);
#7109=B_SPLINE_CURVE_WITH_KNOTS('',1,(#13584,#13585),.UNSPECIFIED.,.F.,
 .F.,(2,2),(0.,1.),.UNSPECIFIED.);
#7110=B_SPLINE_CURVE_WITH_KNOTS('',1,(#13586,#13587),.UNSPECIFIED.,.F.,
 .F.,(2,2),(0.,1.),.UNSPECIFIED.);
#7111=B_SPLINE_CURVE_WITH_KNOTS('',1,(#13588,#13589),.UNSPECIFIED.,.F.,
 .F.,(2,2),(0.,1.),.UNSPECIFIED.);
#7112=B_SPLINE_CURVE_WITH_KNOTS('',1,(#13590,#13591),.UNSPECIFIED.,.F.,
 .F.,(2,2),(0.,1.),.UNSPECIFIED.);
#7113=B_SPLINE_CURVE_WITH_KNOTS('',1,(#13592,#13593),.UNSPECIFIED.,.F.,
 .F.,(2,2),(0.,1.),.UNSPECIFIED.);
#7114=B_SPLINE_CURVE_WITH_KNOTS('',1,(#13594,#13595),.UNSPECIFIED.,.F.,
 .F.,(2,2),(0.,1.),.UNSPECIFIED.);
#7115=B_SPLINE_CURVE_WITH_KNOTS('',1,(#13596,#13597),.UNSPECIFIED.,.F.,
 .F.,(2,2),(0.,1.),.UNSPECIFIED.);
#7116=B_SPLINE_CURVE_WITH_KNOTS('',1,(#13598,#13599),.UNSPECIFIED.,.F.,
 .F.,(2,2),(0.,1.),.UNSPECIFIED.);
#7117=B_SPLINE_CURVE_WITH_KNOTS('',1,(#13600,#13601),.UNSPECIFIED.,.F.,
 .F.,(2,2),(0.,1.),.UNSPECIFIED.);
#7118=B_SPLINE_CURVE_WITH_KNOTS('',1,(#13602,#13603),.UNSPECIFIED.,.F.,
 .F.,(2,2),(0.,1.),.UNSPECIFIED.);
#7119=B_SPLINE_CURVE_WITH_KNOTS('',1,(#13604,#13605),.UNSPECIFIED.,.F.,
 .F.,(2,2),(0.,1.),.UNSPECIFIED.);
#7120=B_SPLINE_CURVE_WITH_KNOTS('',1,(#13606,#13607),.UNSPECIFIED.,.F.,
 .F.,(2,2),(0.,1.),.UNSPECIFIED.);
#7121=B_SPLINE_CURVE_WITH_KNOTS('',1,(#13608,#13609),.UNSPECIFIED.,.F.,
 .F.,(2,2),(0.,1.),.UNSPECIFIED.);
#7122=B_SPLINE_CURVE_WITH_KNOTS('',1,(#13610,#13611),.UNSPECIFIED.,.F.,
 .F.,(2,2),(0.,1.),.UNSPECIFIED.);
#7123=B_SPLINE_CURVE_WITH_KNOTS('',1,(#13612,#13613),.UNSPECIFIED.,.F.,
 .F.,(2,2),(0.,1.),.UNSPECIFIED.);
#7124=B_SPLINE_CURVE_WITH_KNOTS('',1,(#13614,#13615),.UNSPECIFIED.,.F.,
 .F.,(2,2),(0.,1.),.UNSPECIFIED.);
#7125=B_SPLINE_CURVE_WITH_KNOTS('',1,(#13616,#13617),.UNSPECIFIED.,.F.,
 .F.,(2,2),(0.,1.),.UNSPECIFIED.);
#7126=B_SPLINE_CURVE_WITH_KNOTS('',1,(#13618,#13619),.UNSPECIFIED.,.F.,
 .F.,(2,2),(0.,1.),.UNSPECIFIED.);
#7127=B_SPLINE_CURVE_WITH_KNOTS('',1,(#13620,#13621),.UNSPECIFIED.,.F.,
 .F.,(2,2),(0.,1.),.UNSPECIFIED.);
#7128=B_SPLINE_CURVE_WITH_KNOTS('',1,(#13622,#13623),.UNSPECIFIED.,.F.,
 .F.,(2,2),(0.,1.),.UNSPECIFIED.);
#7129=B_SPLINE_CURVE_WITH_KNOTS('',1,(#13624,#13625),.UNSPECIFIED.,.F.,
 .F.,(2,2),(0.,1.),.UNSPECIFIED.);
#7130=B_SPLINE_CURVE_WITH_KNOTS('',1,(#13626,#13627),.UNSPECIFIED.,.F.,
 .F.,(2,2),(0.,1.),.UNSPECIFIED.);
#7131=B_SPLINE_CURVE_WITH_KNOTS('',1,(#13628,#13629),.UNSPECIFIED.,.F.,
 .F.,(2,2),(0.,1.),.UNSPECIFIED.);
#7132=B_SPLINE_CURVE_WITH_KNOTS('',1,(#13630,#13631),.UNSPECIFIED.,.F.,
 .F.,(2,2),(0.,1.),.UNSPECIFIED.);
#7133=B_SPLINE_CURVE_WITH_KNOTS('',1,(#13632,#13633),.UNSPECIFIED.,.F.,
 .F.,(2,2),(0.,1.),.UNSPECIFIED.);
#7134=B_SPLINE_CURVE_WITH_KNOTS('',1,(#13634,#13635),.UNSPECIFIED.,.F.,
 .F.,(2,2),(0.,1.),.UNSPECIFIED.);
#7135=B_SPLINE_CURVE_WITH_KNOTS('',1,(#13636,#13637),.UNSPECIFIED.,.F.,
 .F.,(2,2),(0.,1.),.UNSPECIFIED.);
#7136=B_SPLINE_CURVE_WITH_KNOTS('',1,(#13638,#13639),.UNSPECIFIED.,.F.,
 .F.,(2,2),(0.,1.),.UNSPECIFIED.);
#7137=B_SPLINE_CURVE_WITH_KNOTS('',1,(#13640,#13641),.UNSPECIFIED.,.F.,
 .F.,(2,2),(0.,1.),.UNSPECIFIED.);
#7138=B_SPLINE_CURVE_WITH_KNOTS('',1,(#13642,#13643),.UNSPECIFIED.,.F.,
 .F.,(2,2),(0.,1.),.UNSPECIFIED.);
#7139=B_SPLINE_CURVE_WITH_KNOTS('',1,(#13644,#13645),.UNSPECIFIED.,.F.,
 .F.,(2,2),(0.,1.),.UNSPECIFIED.);
#7140=B_SPLINE_CURVE_WITH_KNOTS('',1,(#13646,#13647),.UNSPECIFIED.,.F.,
 .F.,(2,2),(0.,1.),.UNSPECIFIED.);
#7141=B_SPLINE_CURVE_WITH_KNOTS('',1,(#13648,#13649),.UNSPECIFIED.,.F.,
 .F.,(2,2),(0.,1.),.UNSPECIFIED.);
#7142=B_SPLINE_CURVE_WITH_KNOTS('',1,(#13650,#13651),.UNSPECIFIED.,.F.,
 .F.,(2,2),(0.,1.),.UNSPECIFIED.);
#7143=B_SPLINE_CURVE_WITH_KNOTS('',1,(#13652,#13653),.UNSPECIFIED.,.F.,
 .F.,(2,2),(0.,1.),.UNSPECIFIED.);
#7144=B_SPLINE_CURVE_WITH_KNOTS('',1,(#13654,#13655),.UNSPECIFIED.,.F.,
 .F.,(2,2),(0.,1.),.UNSPECIFIED.);
#7145=B_SPLINE_CURVE_WITH_KNOTS('',1,(#13656,#13657),.UNSPECIFIED.,.F.,
 .F.,(2,2),(0.,1.),.UNSPECIFIED.);
#7146=B_SPLINE_CURVE_WITH_KNOTS('',1,(#13658,#13659),.UNSPECIFIED.,.F.,
 .F.,(2,2),(0.,1.),.UNSPECIFIED.);
#7147=B_SPLINE_CURVE_WITH_KNOTS('',1,(#13660,#13661),.UNSPECIFIED.,.F.,
 .F.,(2,2),(0.,1.),.UNSPECIFIED.);
#7148=B_SPLINE_CURVE_WITH_KNOTS('',1,(#13662,#13663),.UNSPECIFIED.,.F.,
 .F.,(2,2),(0.,1.),.UNSPECIFIED.);
#7149=B_SPLINE_CURVE_WITH_KNOTS('',1,(#13664,#13665),.UNSPECIFIED.,.F.,
 .F.,(2,2),(0.,1.),.UNSPECIFIED.);
#7150=B_SPLINE_CURVE_WITH_KNOTS('',1,(#13666,#13667),.UNSPECIFIED.,.F.,
 .F.,(2,2),(0.,1.),.UNSPECIFIED.);
#7151=B_SPLINE_CURVE_WITH_KNOTS('',1,(#13668,#13669),.UNSPECIFIED.,.F.,
 .F.,(2,2),(0.,1.),.UNSPECIFIED.);
#7152=B_SPLINE_CURVE_WITH_KNOTS('',1,(#13670,#13671),.UNSPECIFIED.,.F.,
 .F.,(2,2),(0.,1.),.UNSPECIFIED.);
#7153=B_SPLINE_CURVE_WITH_KNOTS('',1,(#13672,#13673),.UNSPECIFIED.,.F.,
 .F.,(2,2),(0.,1.),.UNSPECIFIED.);
#7154=B_SPLINE_CURVE_WITH_KNOTS('',1,(#13674,#13675),.UNSPECIFIED.,.F.,
 .F.,(2,2),(0.,1.),.UNSPECIFIED.);
#7155=B_SPLINE_CURVE_WITH_KNOTS('',1,(#13676,#13677),.UNSPECIFIED.,.F.,
 .F.,(2,2),(0.,1.),.UNSPECIFIED.);
#7156=B_SPLINE_CURVE_WITH_KNOTS('',1,(#13678,#13679),.UNSPECIFIED.,.F.,
 .F.,(2,2),(0.,1.),.UNSPECIFIED.);
#7157=B_SPLINE_CURVE_WITH_KNOTS('',1,(#13680,#13681),.UNSPECIFIED.,.F.,
 .F.,(2,2),(0.,1.),.UNSPECIFIED.);
#7158=B_SPLINE_CURVE_WITH_KNOTS('',1,(#13682,#13683),.UNSPECIFIED.,.F.,
 .F.,(2,2),(0.,1.),.UNSPECIFIED.);
#7159=B_SPLINE_CURVE_WITH_KNOTS('',1,(#13684,#13685),.UNSPECIFIED.,.F.,
 .F.,(2,2),(0.,1.),.UNSPECIFIED.);
#7160=B_SPLINE_CURVE_WITH_KNOTS('',1,(#13686,#13687),.UNSPECIFIED.,.F.,
 .F.,(2,2),(0.,1.),.UNSPECIFIED.);
#7161=B_SPLINE_CURVE_WITH_KNOTS('',1,(#13688,#13689),.UNSPECIFIED.,.F.,
 .F.,(2,2),(0.,1.),.UNSPECIFIED.);
#7162=B_SPLINE_CURVE_WITH_KNOTS('',1,(#13690,#13691),.UNSPECIFIED.,.F.,
 .F.,(2,2),(0.,1.),.UNSPECIFIED.);
#7163=B_SPLINE_CURVE_WITH_KNOTS('',1,(#13692,#13693),.UNSPECIFIED.,.F.,
 .F.,(2,2),(0.,1.),.UNSPECIFIED.);
#7164=B_SPLINE_CURVE_WITH_KNOTS('',1,(#13694,#13695),.UNSPECIFIED.,.F.,
 .F.,(2,2),(0.,1.),.UNSPECIFIED.);
#7165=B_SPLINE_CURVE_WITH_KNOTS('',1,(#13696,#13697),.UNSPECIFIED.,.F.,
 .F.,(2,2),(0.,1.),.UNSPECIFIED.);
#7166=B_SPLINE_CURVE_WITH_KNOTS('',1,(#13698,#13699),.UNSPECIFIED.,.F.,
 .F.,(2,2),(0.,1.),.UNSPECIFIED.);
#7167=B_SPLINE_CURVE_WITH_KNOTS('',1,(#13700,#13701),.UNSPECIFIED.,.F.,
 .F.,(2,2),(0.,1.),.UNSPECIFIED.);
#7168=B_SPLINE_CURVE_WITH_KNOTS('',1,(#13702,#13703),.UNSPECIFIED.,.F.,
 .F.,(2,2),(0.,1.),.UNSPECIFIED.);
#7169=B_SPLINE_CURVE_WITH_KNOTS('',1,(#13704,#13705),.UNSPECIFIED.,.F.,
 .F.,(2,2),(0.,1.),.UNSPECIFIED.);
#7170=B_SPLINE_CURVE_WITH_KNOTS('',1,(#13706,#13707),.UNSPECIFIED.,.F.,
 .F.,(2,2),(0.,1.),.UNSPECIFIED.);
#7171=B_SPLINE_CURVE_WITH_KNOTS('',1,(#13708,#13709),.UNSPECIFIED.,.F.,
 .F.,(2,2),(0.,1.),.UNSPECIFIED.);
#7172=B_SPLINE_CURVE_WITH_KNOTS('',1,(#13710,#13711),.UNSPECIFIED.,.F.,
 .F.,(2,2),(0.,1.),.UNSPECIFIED.);
#7173=B_SPLINE_CURVE_WITH_KNOTS('',1,(#13712,#13713),.UNSPECIFIED.,.F.,
 .F.,(2,2),(0.,1.),.UNSPECIFIED.);
#7174=B_SPLINE_CURVE_WITH_KNOTS('',1,(#13714,#13715),.UNSPECIFIED.,.F.,
 .F.,(2,2),(0.,1.),.UNSPECIFIED.);
#7175=B_SPLINE_CURVE_WITH_KNOTS('',1,(#13716,#13717),.UNSPECIFIED.,.F.,
 .F.,(2,2),(0.,1.),.UNSPECIFIED.);
#7176=B_SPLINE_CURVE_WITH_KNOTS('',1,(#13718,#13719),.UNSPECIFIED.,.F.,
 .F.,(2,2),(0.,1.),.UNSPECIFIED.);
#7177=B_SPLINE_CURVE_WITH_KNOTS('',1,(#13720,#13721),.UNSPECIFIED.,.F.,
 .F.,(2,2),(0.,1.),.UNSPECIFIED.);
#7178=B_SPLINE_CURVE_WITH_KNOTS('',1,(#13722,#13723),.UNSPECIFIED.,.F.,
 .F.,(2,2),(0.,1.),.UNSPECIFIED.);
#7179=B_SPLINE_CURVE_WITH_KNOTS('',1,(#13724,#13725),.UNSPECIFIED.,.F.,
 .F.,(2,2),(0.,1.),.UNSPECIFIED.);
#7180=B_SPLINE_CURVE_WITH_KNOTS('',1,(#13726,#13727),.UNSPECIFIED.,.F.,
 .F.,(2,2),(0.,1.),.UNSPECIFIED.);
#7181=B_SPLINE_CURVE_WITH_KNOTS('',1,(#13728,#13729),.UNSPECIFIED.,.F.,
 .F.,(2,2),(0.,1.),.UNSPECIFIED.);
#7182=B_SPLINE_CURVE_WITH_KNOTS('',1,(#13730,#13731),.UNSPECIFIED.,.F.,
 .F.,(2,2),(0.,1.),.UNSPECIFIED.);
#7183=B_SPLINE_CURVE_WITH_KNOTS('',1,(#13732,#13733),.UNSPECIFIED.,.F.,
 .F.,(2,2),(0.,1.),.UNSPECIFIED.);
#7184=B_SPLINE_CURVE_WITH_KNOTS('',1,(#13734,#13735),.UNSPECIFIED.,.F.,
 .F.,(2,2),(0.,1.),.UNSPECIFIED.);
#7185=B_SPLINE_CURVE_WITH_KNOTS('',1,(#13736,#13737),.UNSPECIFIED.,.F.,
 .F.,(2,2),(0.,1.),.UNSPECIFIED.);
#7186=B_SPLINE_CURVE_WITH_KNOTS('',1,(#13738,#13739),.UNSPECIFIED.,.F.,
 .F.,(2,2),(0.,1.),.UNSPECIFIED.);
#7187=B_SPLINE_CURVE_WITH_KNOTS('',1,(#13740,#13741),.UNSPECIFIED.,.F.,
 .F.,(2,2),(0.,1.),.UNSPECIFIED.);
#7188=B_SPLINE_CURVE_WITH_KNOTS('',1,(#13742,#13743),.UNSPECIFIED.,.F.,
 .F.,(2,2),(0.,1.),.UNSPECIFIED.);
#7189=B_SPLINE_CURVE_WITH_KNOTS('',1,(#13744,#13745),.UNSPECIFIED.,.F.,
 .F.,(2,2),(0.,1.),.UNSPECIFIED.);
#7190=B_SPLINE_CURVE_WITH_KNOTS('',1,(#13746,#13747),.UNSPECIFIED.,.F.,
 .F.,(2,2),(0.,1.),.UNSPECIFIED.);
#7191=B_SPLINE_CURVE_WITH_KNOTS('',1,(#13748,#13749),.UNSPECIFIED.,.F.,
 .F.,(2,2),(0.,1.),.UNSPECIFIED.);
#7192=B_SPLINE_CURVE_WITH_KNOTS('',1,(#13750,#13751),.UNSPECIFIED.,.F.,
 .F.,(2,2),(0.,1.),.UNSPECIFIED.);
#7193=B_SPLINE_CURVE_WITH_KNOTS('',1,(#13752,#13753),.UNSPECIFIED.,.F.,
 .F.,(2,2),(0.,1.),.UNSPECIFIED.);
#7194=B_SPLINE_CURVE_WITH_KNOTS('',1,(#13754,#13755),.UNSPECIFIED.,.F.,
 .F.,(2,2),(0.,1.),.UNSPECIFIED.);
#7195=B_SPLINE_CURVE_WITH_KNOTS('',1,(#13756,#13757),.UNSPECIFIED.,.F.,
 .F.,(2,2),(0.,1.),.UNSPECIFIED.);
#7196=B_SPLINE_CURVE_WITH_KNOTS('',1,(#13758,#13759),.UNSPECIFIED.,.F.,
 .F.,(2,2),(0.,1.),.UNSPECIFIED.);
#7197=B_SPLINE_CURVE_WITH_KNOTS('',1,(#13760,#13761),.UNSPECIFIED.,.F.,
 .F.,(2,2),(0.,1.),.UNSPECIFIED.);
#7198=B_SPLINE_CURVE_WITH_KNOTS('',1,(#13762,#13763),.UNSPECIFIED.,.F.,
 .F.,(2,2),(0.,1.),.UNSPECIFIED.);
#7199=B_SPLINE_CURVE_WITH_KNOTS('',1,(#13764,#13765),.UNSPECIFIED.,.F.,
 .F.,(2,2),(0.,1.),.UNSPECIFIED.);
#7200=B_SPLINE_CURVE_WITH_KNOTS('',1,(#13766,#13767),.UNSPECIFIED.,.F.,
 .F.,(2,2),(0.,1.),.UNSPECIFIED.);
#7201=B_SPLINE_CURVE_WITH_KNOTS('',1,(#13768,#13769),.UNSPECIFIED.,.F.,
 .F.,(2,2),(0.,1.),.UNSPECIFIED.);
#7202=B_SPLINE_CURVE_WITH_KNOTS('',1,(#13770,#13771),.UNSPECIFIED.,.F.,
 .F.,(2,2),(0.,1.),.UNSPECIFIED.);
#7203=B_SPLINE_CURVE_WITH_KNOTS('',1,(#13772,#13773),.UNSPECIFIED.,.F.,
 .F.,(2,2),(0.,1.),.UNSPECIFIED.);
#7204=B_SPLINE_CURVE_WITH_KNOTS('',1,(#13774,#13775),.UNSPECIFIED.,.F.,
 .F.,(2,2),(0.,1.),.UNSPECIFIED.);
#7205=B_SPLINE_CURVE_WITH_KNOTS('',1,(#13776,#13777),.UNSPECIFIED.,.F.,
 .F.,(2,2),(0.,1.),.UNSPECIFIED.);
#7206=B_SPLINE_CURVE_WITH_KNOTS('',1,(#13778,#13779),.UNSPECIFIED.,.F.,
 .F.,(2,2),(0.,1.),.UNSPECIFIED.);
#7207=B_SPLINE_CURVE_WITH_KNOTS('',1,(#13780,#13781),.UNSPECIFIED.,.F.,
 .F.,(2,2),(0.,1.),.UNSPECIFIED.);
#7208=B_SPLINE_CURVE_WITH_KNOTS('',1,(#13782,#13783),.UNSPECIFIED.,.F.,
 .F.,(2,2),(0.,1.),.UNSPECIFIED.);
#7209=B_SPLINE_CURVE_WITH_KNOTS('',1,(#13784,#13785),.UNSPECIFIED.,.F.,
 .F.,(2,2),(0.,1.),.UNSPECIFIED.);
#7210=B_SPLINE_CURVE_WITH_KNOTS('',1,(#13786,#13787),.UNSPECIFIED.,.F.,
 .F.,(2,2),(0.,1.),.UNSPECIFIED.);
#7211=B_SPLINE_CURVE_WITH_KNOTS('',1,(#13788,#13789),.UNSPECIFIED.,.F.,
 .F.,(2,2),(0.,1.),.UNSPECIFIED.);
#7212=B_SPLINE_CURVE_WITH_KNOTS('',1,(#13790,#13791),.UNSPECIFIED.,.F.,
 .F.,(2,2),(0.,1.),.UNSPECIFIED.);
#7213=B_SPLINE_CURVE_WITH_KNOTS('',1,(#13792,#13793),.UNSPECIFIED.,.F.,
 .F.,(2,2),(0.,1.),.UNSPECIFIED.);
#7214=B_SPLINE_CURVE_WITH_KNOTS('',1,(#13794,#13795),.UNSPECIFIED.,.F.,
 .F.,(2,2),(0.,1.),.UNSPECIFIED.);
#7215=B_SPLINE_CURVE_WITH_KNOTS('',1,(#13796,#13797),.UNSPECIFIED.,.F.,
 .F.,(2,2),(0.,1.),.UNSPECIFIED.);
#7216=B_SPLINE_CURVE_WITH_KNOTS('',1,(#13798,#13799),.UNSPECIFIED.,.F.,
 .F.,(2,2),(0.,1.),.UNSPECIFIED.);
#7217=B_SPLINE_CURVE_WITH_KNOTS('',1,(#13800,#13801),.UNSPECIFIED.,.F.,
 .F.,(2,2),(0.,1.),.UNSPECIFIED.);
#7218=B_SPLINE_CURVE_WITH_KNOTS('',1,(#13802,#13803),.UNSPECIFIED.,.F.,
 .F.,(2,2),(0.,1.),.UNSPECIFIED.);
#7219=B_SPLINE_CURVE_WITH_KNOTS('',1,(#13804,#13805),.UNSPECIFIED.,.F.,
 .F.,(2,2),(0.,1.),.UNSPECIFIED.);
#7220=B_SPLINE_CURVE_WITH_KNOTS('',1,(#13806,#13807),.UNSPECIFIED.,.F.,
 .F.,(2,2),(0.,1.),.UNSPECIFIED.);
#7221=B_SPLINE_CURVE_WITH_KNOTS('',1,(#13808,#13809),.UNSPECIFIED.,.F.,
 .F.,(2,2),(0.,1.),.UNSPECIFIED.);
#7222=B_SPLINE_CURVE_WITH_KNOTS('',1,(#13810,#13811),.UNSPECIFIED.,.F.,
 .F.,(2,2),(0.,1.),.UNSPECIFIED.);
#7223=B_SPLINE_CURVE_WITH_KNOTS('',1,(#13812,#13813),.UNSPECIFIED.,.F.,
 .F.,(2,2),(0.,1.),.UNSPECIFIED.);
#7224=B_SPLINE_CURVE_WITH_KNOTS('',1,(#13814,#13815),.UNSPECIFIED.,.F.,
 .F.,(2,2),(0.,1.),.UNSPECIFIED.);
#7225=B_SPLINE_CURVE_WITH_KNOTS('',1,(#13816,#13817),.UNSPECIFIED.,.F.,
 .F.,(2,2),(0.,1.),.UNSPECIFIED.);
#7226=B_SPLINE_CURVE_WITH_KNOTS('',1,(#13818,#13819),.UNSPECIFIED.,.F.,
 .F.,(2,2),(0.,1.),.UNSPECIFIED.);
#7227=B_SPLINE_CURVE_WITH_KNOTS('',1,(#13820,#13821),.UNSPECIFIED.,.F.,
 .F.,(2,2),(0.,1.),.UNSPECIFIED.);
#7228=B_SPLINE_CURVE_WITH_KNOTS('',1,(#13822,#13823),.UNSPECIFIED.,.F.,
 .F.,(2,2),(0.,1.),.UNSPECIFIED.);
#7229=B_SPLINE_CURVE_WITH_KNOTS('',1,(#13824,#13825),.UNSPECIFIED.,.F.,
 .F.,(2,2),(0.,1.),.UNSPECIFIED.);
#7230=B_SPLINE_CURVE_WITH_KNOTS('',1,(#13826,#13827),.UNSPECIFIED.,.F.,
 .F.,(2,2),(0.,1.),.UNSPECIFIED.);
#7231=B_SPLINE_CURVE_WITH_KNOTS('',1,(#13828,#13829),.UNSPECIFIED.,.F.,
 .F.,(2,2),(0.,1.),.UNSPECIFIED.);
#7232=B_SPLINE_CURVE_WITH_KNOTS('',1,(#13830,#13831),.UNSPECIFIED.,.F.,
 .F.,(2,2),(0.,1.),.UNSPECIFIED.);
#7233=B_SPLINE_CURVE_WITH_KNOTS('',1,(#13832,#13833),.UNSPECIFIED.,.F.,
 .F.,(2,2),(0.,1.),.UNSPECIFIED.);
#7234=B_SPLINE_CURVE_WITH_KNOTS('',1,(#13834,#13835),.UNSPECIFIED.,.F.,
 .F.,(2,2),(0.,1.),.UNSPECIFIED.);
#7235=B_SPLINE_CURVE_WITH_KNOTS('',1,(#13836,#13837),.UNSPECIFIED.,.F.,
 .F.,(2,2),(0.,1.),.UNSPECIFIED.);
#7236=B_SPLINE_CURVE_WITH_KNOTS('',1,(#13838,#13839),.UNSPECIFIED.,.F.,
 .F.,(2,2),(0.,1.),.UNSPECIFIED.);
#7237=B_SPLINE_CURVE_WITH_KNOTS('',1,(#13840,#13841),.UNSPECIFIED.,.F.,
 .F.,(2,2),(0.,1.),.UNSPECIFIED.);
#7238=B_SPLINE_CURVE_WITH_KNOTS('',1,(#13842,#13843),.UNSPECIFIED.,.F.,
 .F.,(2,2),(0.,1.),.UNSPECIFIED.);
#7239=B_SPLINE_CURVE_WITH_KNOTS('',1,(#13844,#13845),.UNSPECIFIED.,.F.,
 .F.,(2,2),(0.,1.),.UNSPECIFIED.);
#7240=B_SPLINE_CURVE_WITH_KNOTS('',1,(#13846,#13847),.UNSPECIFIED.,.F.,
 .F.,(2,2),(0.,1.),.UNSPECIFIED.);
#7241=B_SPLINE_CURVE_WITH_KNOTS('',1,(#13848,#13849),.UNSPECIFIED.,.F.,
 .F.,(2,2),(0.,1.),.UNSPECIFIED.);
#7242=B_SPLINE_CURVE_WITH_KNOTS('',1,(#13850,#13851),.UNSPECIFIED.,.F.,
 .F.,(2,2),(0.,1.),.UNSPECIFIED.);
#7243=B_SPLINE_CURVE_WITH_KNOTS('',1,(#13852,#13853),.UNSPECIFIED.,.F.,
 .F.,(2,2),(0.,1.),.UNSPECIFIED.);
#7244=B_SPLINE_CURVE_WITH_KNOTS('',1,(#13854,#13855),.UNSPECIFIED.,.F.,
 .F.,(2,2),(0.,1.),.UNSPECIFIED.);
#7245=B_SPLINE_CURVE_WITH_KNOTS('',1,(#13856,#13857),.UNSPECIFIED.,.F.,
 .F.,(2,2),(0.,1.),.UNSPECIFIED.);
#7246=B_SPLINE_CURVE_WITH_KNOTS('',1,(#13858,#13859),.UNSPECIFIED.,.F.,
 .F.,(2,2),(0.,1.),.UNSPECIFIED.);
#7247=B_SPLINE_CURVE_WITH_KNOTS('',1,(#13860,#13861),.UNSPECIFIED.,.F.,
 .F.,(2,2),(0.,1.),.UNSPECIFIED.);
#7248=B_SPLINE_CURVE_WITH_KNOTS('',1,(#13862,#13863),.UNSPECIFIED.,.F.,
 .F.,(2,2),(0.,1.),.UNSPECIFIED.);
#7249=B_SPLINE_CURVE_WITH_KNOTS('',1,(#13864,#13865),.UNSPECIFIED.,.F.,
 .F.,(2,2),(0.,1.),.UNSPECIFIED.);
#7250=B_SPLINE_CURVE_WITH_KNOTS('',1,(#13866,#13867),.UNSPECIFIED.,.F.,
 .F.,(2,2),(0.,1.),.UNSPECIFIED.);
#7251=B_SPLINE_CURVE_WITH_KNOTS('',1,(#13868,#13869),.UNSPECIFIED.,.F.,
 .F.,(2,2),(0.,1.),.UNSPECIFIED.);
#7252=B_SPLINE_CURVE_WITH_KNOTS('',1,(#13870,#13871),.UNSPECIFIED.,.F.,
 .F.,(2,2),(0.,1.),.UNSPECIFIED.);
#7253=B_SPLINE_CURVE_WITH_KNOTS('',1,(#13872,#13873),.UNSPECIFIED.,.F.,
 .F.,(2,2),(0.,1.),.UNSPECIFIED.);
#7254=B_SPLINE_CURVE_WITH_KNOTS('',1,(#13874,#13875),.UNSPECIFIED.,.F.,
 .F.,(2,2),(0.,1.),.UNSPECIFIED.);
#7255=B_SPLINE_CURVE_WITH_KNOTS('',1,(#13876,#13877),.UNSPECIFIED.,.F.,
 .F.,(2,2),(0.,1.),.UNSPECIFIED.);
#7256=B_SPLINE_CURVE_WITH_KNOTS('',1,(#13878,#13879),.UNSPECIFIED.,.F.,
 .F.,(2,2),(0.,1.),.UNSPECIFIED.);
#7257=B_SPLINE_CURVE_WITH_KNOTS('',1,(#13880,#13881),.UNSPECIFIED.,.F.,
 .F.,(2,2),(0.,1.),.UNSPECIFIED.);
#7258=B_SPLINE_CURVE_WITH_KNOTS('',1,(#13882,#13883),.UNSPECIFIED.,.F.,
 .F.,(2,2),(0.,1.),.UNSPECIFIED.);
#7259=B_SPLINE_CURVE_WITH_KNOTS('',1,(#13884,#13885),.UNSPECIFIED.,.F.,
 .F.,(2,2),(0.,1.),.UNSPECIFIED.);
#7260=B_SPLINE_CURVE_WITH_KNOTS('',1,(#13886,#13887),.UNSPECIFIED.,.F.,
 .F.,(2,2),(0.,1.),.UNSPECIFIED.);
#7261=B_SPLINE_CURVE_WITH_KNOTS('',1,(#13888,#13889),.UNSPECIFIED.,.F.,
 .F.,(2,2),(0.,1.),.UNSPECIFIED.);
#7262=B_SPLINE_CURVE_WITH_KNOTS('',1,(#13890,#13891),.UNSPECIFIED.,.F.,
 .F.,(2,2),(0.,1.),.UNSPECIFIED.);
#7263=B_SPLINE_CURVE_WITH_KNOTS('',1,(#13892,#13893),.UNSPECIFIED.,.F.,
 .F.,(2,2),(0.,1.),.UNSPECIFIED.);
#7264=B_SPLINE_CURVE_WITH_KNOTS('',1,(#13894,#13895),.UNSPECIFIED.,.F.,
 .F.,(2,2),(0.,1.),.UNSPECIFIED.);
#7265=B_SPLINE_CURVE_WITH_KNOTS('',1,(#13896,#13897),.UNSPECIFIED.,.F.,
 .F.,(2,2),(0.,1.),.UNSPECIFIED.);
#7266=B_SPLINE_CURVE_WITH_KNOTS('',1,(#13898,#13899),.UNSPECIFIED.,.F.,
 .F.,(2,2),(0.,1.),.UNSPECIFIED.);
#7267=B_SPLINE_CURVE_WITH_KNOTS('',1,(#13900,#13901),.UNSPECIFIED.,.F.,
 .F.,(2,2),(0.,1.),.UNSPECIFIED.);
#7268=B_SPLINE_CURVE_WITH_KNOTS('',1,(#13902,#13903),.UNSPECIFIED.,.F.,
 .F.,(2,2),(0.,1.),.UNSPECIFIED.);
#7269=B_SPLINE_CURVE_WITH_KNOTS('',1,(#13904,#13905),.UNSPECIFIED.,.F.,
 .F.,(2,2),(0.,1.),.UNSPECIFIED.);
#7270=B_SPLINE_CURVE_WITH_KNOTS('',1,(#13906,#13907),.UNSPECIFIED.,.F.,
 .F.,(2,2),(0.,1.),.UNSPECIFIED.);
#7271=B_SPLINE_CURVE_WITH_KNOTS('',1,(#13908,#13909),.UNSPECIFIED.,.F.,
 .F.,(2,2),(0.,1.),.UNSPECIFIED.);
#7272=B_SPLINE_CURVE_WITH_KNOTS('',1,(#13910,#13911),.UNSPECIFIED.,.F.,
 .F.,(2,2),(0.,1.),.UNSPECIFIED.);
#7273=B_SPLINE_CURVE_WITH_KNOTS('',1,(#13912,#13913),.UNSPECIFIED.,.F.,
 .F.,(2,2),(0.,1.),.UNSPECIFIED.);
#7274=B_SPLINE_CURVE_WITH_KNOTS('',1,(#13914,#13915),.UNSPECIFIED.,.F.,
 .F.,(2,2),(0.,1.),.UNSPECIFIED.);
#7275=B_SPLINE_CURVE_WITH_KNOTS('',1,(#13916,#13917),.UNSPECIFIED.,.F.,
 .F.,(2,2),(0.,1.),.UNSPECIFIED.);
#7276=B_SPLINE_CURVE_WITH_KNOTS('',1,(#13918,#13919),.UNSPECIFIED.,.F.,
 .F.,(2,2),(0.,1.),.UNSPECIFIED.);
#7277=B_SPLINE_CURVE_WITH_KNOTS('',1,(#13920,#13921),.UNSPECIFIED.,.F.,
 .F.,(2,2),(0.,1.),.UNSPECIFIED.);
#7278=B_SPLINE_CURVE_WITH_KNOTS('',1,(#13922,#13923),.UNSPECIFIED.,.F.,
 .F.,(2,2),(0.,1.),.UNSPECIFIED.);
#7279=B_SPLINE_CURVE_WITH_KNOTS('',1,(#13924,#13925),.UNSPECIFIED.,.F.,
 .F.,(2,2),(0.,1.),.UNSPECIFIED.);
#7280=B_SPLINE_CURVE_WITH_KNOTS('',1,(#13926,#13927),.UNSPECIFIED.,.F.,
 .F.,(2,2),(0.,1.),.UNSPECIFIED.);
#7281=B_SPLINE_CURVE_WITH_KNOTS('',1,(#13928,#13929),.UNSPECIFIED.,.F.,
 .F.,(2,2),(0.,1.),.UNSPECIFIED.);
#7282=B_SPLINE_CURVE_WITH_KNOTS('',1,(#13930,#13931),.UNSPECIFIED.,.F.,
 .F.,(2,2),(0.,1.),.UNSPECIFIED.);
#7283=B_SPLINE_CURVE_WITH_KNOTS('',1,(#13932,#13933),.UNSPECIFIED.,.F.,
 .F.,(2,2),(0.,1.),.UNSPECIFIED.);
#7284=B_SPLINE_CURVE_WITH_KNOTS('',1,(#13934,#13935),.UNSPECIFIED.,.F.,
 .F.,(2,2),(0.,1.),.UNSPECIFIED.);
#7285=B_SPLINE_CURVE_WITH_KNOTS('',1,(#13936,#13937),.UNSPECIFIED.,.F.,
 .F.,(2,2),(0.,1.),.UNSPECIFIED.);
#7286=B_SPLINE_CURVE_WITH_KNOTS('',1,(#13938,#13939),.UNSPECIFIED.,.F.,
 .F.,(2,2),(0.,1.),.UNSPECIFIED.);
#7287=B_SPLINE_CURVE_WITH_KNOTS('',1,(#13940,#13941),.UNSPECIFIED.,.F.,
 .F.,(2,2),(0.,1.),.UNSPECIFIED.);
#7288=B_SPLINE_CURVE_WITH_KNOTS('',1,(#13942,#13943),.UNSPECIFIED.,.F.,
 .F.,(2,2),(0.,1.),.UNSPECIFIED.);
#7289=B_SPLINE_CURVE_WITH_KNOTS('',1,(#13944,#13945),.UNSPECIFIED.,.F.,
 .F.,(2,2),(0.,1.),.UNSPECIFIED.);
#7290=B_SPLINE_CURVE_WITH_KNOTS('',1,(#13946,#13947),.UNSPECIFIED.,.F.,
 .F.,(2,2),(0.,1.),.UNSPECIFIED.);
#7291=B_SPLINE_CURVE_WITH_KNOTS('',1,(#13948,#13949),.UNSPECIFIED.,.F.,
 .F.,(2,2),(0.,1.),.UNSPECIFIED.);
#7292=B_SPLINE_CURVE_WITH_KNOTS('',1,(#13950,#13951),.UNSPECIFIED.,.F.,
 .F.,(2,2),(0.,1.),.UNSPECIFIED.);
#7293=B_SPLINE_CURVE_WITH_KNOTS('',1,(#13952,#13953),.UNSPECIFIED.,.F.,
 .F.,(2,2),(0.,1.),.UNSPECIFIED.);
#7294=B_SPLINE_CURVE_WITH_KNOTS('',1,(#13954,#13955),.UNSPECIFIED.,.F.,
 .F.,(2,2),(0.,1.),.UNSPECIFIED.);
#7295=B_SPLINE_CURVE_WITH_KNOTS('',1,(#13956,#13957),.UNSPECIFIED.,.F.,
 .F.,(2,2),(0.,1.),.UNSPECIFIED.);
#7296=B_SPLINE_CURVE_WITH_KNOTS('',1,(#13958,#13959),.UNSPECIFIED.,.F.,
 .F.,(2,2),(0.,1.),.UNSPECIFIED.);
#7297=B_SPLINE_CURVE_WITH_KNOTS('',1,(#13960,#13961),.UNSPECIFIED.,.F.,
 .F.,(2,2),(0.,1.),.UNSPECIFIED.);
#7298=B_SPLINE_CURVE_WITH_KNOTS('',1,(#13962,#13963),.UNSPECIFIED.,.F.,
 .F.,(2,2),(0.,1.),.UNSPECIFIED.);
#7299=B_SPLINE_CURVE_WITH_KNOTS('',1,(#13964,#13965),.UNSPECIFIED.,.F.,
 .F.,(2,2),(0.,1.),.UNSPECIFIED.);
#7300=B_SPLINE_CURVE_WITH_KNOTS('',1,(#13966,#13967),.UNSPECIFIED.,.F.,
 .F.,(2,2),(0.,1.),.UNSPECIFIED.);
#7301=B_SPLINE_CURVE_WITH_KNOTS('',1,(#13968,#13969),.UNSPECIFIED.,.F.,
 .F.,(2,2),(0.,1.),.UNSPECIFIED.);
#7302=B_SPLINE_CURVE_WITH_KNOTS('',1,(#13970,#13971),.UNSPECIFIED.,.F.,
 .F.,(2,2),(0.,1.),.UNSPECIFIED.);
#7303=B_SPLINE_CURVE_WITH_KNOTS('',1,(#13972,#13973),.UNSPECIFIED.,.F.,
 .F.,(2,2),(0.,1.),.UNSPECIFIED.);
#7304=B_SPLINE_CURVE_WITH_KNOTS('',1,(#13974,#13975),.UNSPECIFIED.,.F.,
 .F.,(2,2),(0.,1.),.UNSPECIFIED.);
#7305=B_SPLINE_CURVE_WITH_KNOTS('',1,(#13976,#13977),.UNSPECIFIED.,.F.,
 .F.,(2,2),(0.,1.),.UNSPECIFIED.);
#7306=B_SPLINE_CURVE_WITH_KNOTS('',1,(#13978,#13979),.UNSPECIFIED.,.F.,
 .F.,(2,2),(0.,1.),.UNSPECIFIED.);
#7307=B_SPLINE_CURVE_WITH_KNOTS('',1,(#13980,#13981),.UNSPECIFIED.,.F.,
 .F.,(2,2),(0.,1.),.UNSPECIFIED.);
#7308=B_SPLINE_CURVE_WITH_KNOTS('',1,(#13982,#13983),.UNSPECIFIED.,.F.,
 .F.,(2,2),(0.,1.),.UNSPECIFIED.);
#7309=B_SPLINE_CURVE_WITH_KNOTS('',1,(#13984,#13985),.UNSPECIFIED.,.F.,
 .F.,(2,2),(0.,1.),.UNSPECIFIED.);
#7310=B_SPLINE_CURVE_WITH_KNOTS('',1,(#13986,#13987),.UNSPECIFIED.,.F.,
 .F.,(2,2),(0.,1.),.UNSPECIFIED.);
#7311=B_SPLINE_CURVE_WITH_KNOTS('',1,(#13988,#13989),.UNSPECIFIED.,.F.,
 .F.,(2,2),(0.,1.),.UNSPECIFIED.);
#7312=B_SPLINE_CURVE_WITH_KNOTS('',1,(#13990,#13991),.UNSPECIFIED.,.F.,
 .F.,(2,2),(0.,1.),.UNSPECIFIED.);
#7313=B_SPLINE_CURVE_WITH_KNOTS('',1,(#13992,#13993),.UNSPECIFIED.,.F.,
 .F.,(2,2),(0.,1.),.UNSPECIFIED.);
#7314=B_SPLINE_CURVE_WITH_KNOTS('',1,(#13994,#13995),.UNSPECIFIED.,.F.,
 .F.,(2,2),(0.,1.),.UNSPECIFIED.);
#7315=B_SPLINE_CURVE_WITH_KNOTS('',1,(#13996,#13997),.UNSPECIFIED.,.F.,
 .F.,(2,2),(0.,1.),.UNSPECIFIED.);
#7316=B_SPLINE_CURVE_WITH_KNOTS('',1,(#13998,#13999),.UNSPECIFIED.,.F.,
 .F.,(2,2),(0.,1.),.UNSPECIFIED.);
#7317=B_SPLINE_CURVE_WITH_KNOTS('',1,(#14000,#14001),.UNSPECIFIED.,.F.,
 .F.,(2,2),(0.,1.),.UNSPECIFIED.);
#7318=B_SPLINE_CURVE_WITH_KNOTS('',1,(#14002,#14003),.UNSPECIFIED.,.F.,
 .F.,(2,2),(0.,1.),.UNSPECIFIED.);
#7319=B_SPLINE_CURVE_WITH_KNOTS('',1,(#14004,#14005),.UNSPECIFIED.,.F.,
 .F.,(2,2),(0.,1.),.UNSPECIFIED.);
#7320=B_SPLINE_CURVE_WITH_KNOTS('',1,(#14006,#14007),.UNSPECIFIED.,.F.,
 .F.,(2,2),(0.,1.),.UNSPECIFIED.);
#7321=B_SPLINE_CURVE_WITH_KNOTS('',1,(#14008,#14009),.UNSPECIFIED.,.F.,
 .F.,(2,2),(0.,1.),.UNSPECIFIED.);
#7322=B_SPLINE_CURVE_WITH_KNOTS('',1,(#14010,#14011),.UNSPECIFIED.,.F.,
 .F.,(2,2),(0.,1.),.UNSPECIFIED.);
#7323=B_SPLINE_CURVE_WITH_KNOTS('',1,(#14012,#14013),.UNSPECIFIED.,.F.,
 .F.,(2,2),(0.,1.),.UNSPECIFIED.);
#7324=B_SPLINE_CURVE_WITH_KNOTS('',1,(#14014,#14015),.UNSPECIFIED.,.F.,
 .F.,(2,2),(0.,1.),.UNSPECIFIED.);
#7325=B_SPLINE_CURVE_WITH_KNOTS('',1,(#14016,#14017),.UNSPECIFIED.,.F.,
 .F.,(2,2),(0.,1.),.UNSPECIFIED.);
#7326=B_SPLINE_CURVE_WITH_KNOTS('',1,(#14018,#14019),.UNSPECIFIED.,.F.,
 .F.,(2,2),(0.,1.),.UNSPECIFIED.);
#7327=B_SPLINE_CURVE_WITH_KNOTS('',1,(#14020,#14021),.UNSPECIFIED.,.F.,
 .F.,(2,2),(0.,1.),.UNSPECIFIED.);
#7328=B_SPLINE_CURVE_WITH_KNOTS('',1,(#14022,#14023),.UNSPECIFIED.,.F.,
 .F.,(2,2),(0.,1.),.UNSPECIFIED.);
#7329=B_SPLINE_CURVE_WITH_KNOTS('',1,(#14024,#14025),.UNSPECIFIED.,.F.,
 .F.,(2,2),(0.,1.),.UNSPECIFIED.);
#7330=B_SPLINE_CURVE_WITH_KNOTS('',1,(#14026,#14027),.UNSPECIFIED.,.F.,
 .F.,(2,2),(0.,1.),.UNSPECIFIED.);
#7331=B_SPLINE_CURVE_WITH_KNOTS('',1,(#14028,#14029),.UNSPECIFIED.,.F.,
 .F.,(2,2),(0.,1.),.UNSPECIFIED.);
#7332=B_SPLINE_CURVE_WITH_KNOTS('',1,(#14030,#14031),.UNSPECIFIED.,.F.,
 .F.,(2,2),(0.,1.),.UNSPECIFIED.);
#7333=B_SPLINE_CURVE_WITH_KNOTS('',1,(#14032,#14033),.UNSPECIFIED.,.F.,
 .F.,(2,2),(0.,1.),.UNSPECIFIED.);
#7334=B_SPLINE_CURVE_WITH_KNOTS('',1,(#14034,#14035),.UNSPECIFIED.,.F.,
 .F.,(2,2),(0.,1.),.UNSPECIFIED.);
#7335=B_SPLINE_CURVE_WITH_KNOTS('',1,(#14036,#14037),.UNSPECIFIED.,.F.,
 .F.,(2,2),(0.,1.),.UNSPECIFIED.);
#7336=B_SPLINE_CURVE_WITH_KNOTS('',1,(#14038,#14039),.UNSPECIFIED.,.F.,
 .F.,(2,2),(0.,1.),.UNSPECIFIED.);
#7337=B_SPLINE_CURVE_WITH_KNOTS('',1,(#14040,#14041),.UNSPECIFIED.,.F.,
 .F.,(2,2),(0.,1.),.UNSPECIFIED.);
#7338=B_SPLINE_CURVE_WITH_KNOTS('',1,(#14042,#14043),.UNSPECIFIED.,.F.,
 .F.,(2,2),(0.,1.),.UNSPECIFIED.);
#7339=B_SPLINE_CURVE_WITH_KNOTS('',1,(#14044,#14045),.UNSPECIFIED.,.F.,
 .F.,(2,2),(0.,1.),.UNSPECIFIED.);
#7340=B_SPLINE_CURVE_WITH_KNOTS('',1,(#14046,#14047),.UNSPECIFIED.,.F.,
 .F.,(2,2),(0.,1.),.UNSPECIFIED.);
#7341=B_SPLINE_CURVE_WITH_KNOTS('',1,(#14048,#14049),.UNSPECIFIED.,.F.,
 .F.,(2,2),(0.,1.),.UNSPECIFIED.);
#7342=B_SPLINE_CURVE_WITH_KNOTS('',1,(#14050,#14051),.UNSPECIFIED.,.F.,
 .F.,(2,2),(0.,1.),.UNSPECIFIED.);
#7343=B_SPLINE_CURVE_WITH_KNOTS('',1,(#14052,#14053),.UNSPECIFIED.,.F.,
 .F.,(2,2),(0.,1.),.UNSPECIFIED.);
#7344=B_SPLINE_CURVE_WITH_KNOTS('',1,(#14054,#14055),.UNSPECIFIED.,.F.,
 .F.,(2,2),(0.,1.),.UNSPECIFIED.);
#7345=B_SPLINE_CURVE_WITH_KNOTS('',1,(#14056,#14057),.UNSPECIFIED.,.F.,
 .F.,(2,2),(0.,1.),.UNSPECIFIED.);
#7346=B_SPLINE_CURVE_WITH_KNOTS('',1,(#14058,#14059),.UNSPECIFIED.,.F.,
 .F.,(2,2),(0.,1.),.UNSPECIFIED.);
#7347=B_SPLINE_CURVE_WITH_KNOTS('',1,(#14060,#14061),.UNSPECIFIED.,.F.,
 .F.,(2,2),(0.,1.),.UNSPECIFIED.);
#7348=B_SPLINE_CURVE_WITH_KNOTS('',1,(#14062,#14063),.UNSPECIFIED.,.F.,
 .F.,(2,2),(0.,1.),.UNSPECIFIED.);
#7349=B_SPLINE_CURVE_WITH_KNOTS('',1,(#14064,#14065),.UNSPECIFIED.,.F.,
 .F.,(2,2),(0.,1.),.UNSPECIFIED.);
#7350=B_SPLINE_CURVE_WITH_KNOTS('',1,(#14066,#14067),.UNSPECIFIED.,.F.,
 .F.,(2,2),(0.,1.),.UNSPECIFIED.);
#7351=B_SPLINE_CURVE_WITH_KNOTS('',1,(#14068,#14069),.UNSPECIFIED.,.F.,
 .F.,(2,2),(0.,1.),.UNSPECIFIED.);
#7352=B_SPLINE_CURVE_WITH_KNOTS('',1,(#14070,#14071),.UNSPECIFIED.,.F.,
 .F.,(2,2),(0.,1.),.UNSPECIFIED.);
#7353=B_SPLINE_CURVE_WITH_KNOTS('',1,(#14072,#14073),.UNSPECIFIED.,.F.,
 .F.,(2,2),(0.,1.),.UNSPECIFIED.);
#7354=B_SPLINE_CURVE_WITH_KNOTS('',1,(#14074,#14075),.UNSPECIFIED.,.F.,
 .F.,(2,2),(0.,1.),.UNSPECIFIED.);
#7355=B_SPLINE_CURVE_WITH_KNOTS('',1,(#14076,#14077),.UNSPECIFIED.,.F.,
 .F.,(2,2),(0.,1.),.UNSPECIFIED.);
#7356=B_SPLINE_CURVE_WITH_KNOTS('',1,(#14078,#14079),.UNSPECIFIED.,.F.,
 .F.,(2,2),(0.,1.),.UNSPECIFIED.);
#7357=B_SPLINE_CURVE_WITH_KNOTS('',1,(#14080,#14081),.UNSPECIFIED.,.F.,
 .F.,(2,2),(0.,1.),.UNSPECIFIED.);
#7358=B_SPLINE_CURVE_WITH_KNOTS('',1,(#14082,#14083),.UNSPECIFIED.,.F.,
 .F.,(2,2),(0.,1.),.UNSPECIFIED.);
#7359=B_SPLINE_CURVE_WITH_KNOTS('',1,(#14084,#14085),.UNSPECIFIED.,.F.,
 .F.,(2,2),(0.,1.),.UNSPECIFIED.);
#7360=B_SPLINE_CURVE_WITH_KNOTS('',1,(#14086,#14087),.UNSPECIFIED.,.F.,
 .F.,(2,2),(0.,1.),.UNSPECIFIED.);
#7361=B_SPLINE_CURVE_WITH_KNOTS('',1,(#14088,#14089),.UNSPECIFIED.,.F.,
 .F.,(2,2),(0.,1.),.UNSPECIFIED.);
#7362=B_SPLINE_CURVE_WITH_KNOTS('',1,(#14090,#14091),.UNSPECIFIED.,.F.,
 .F.,(2,2),(0.,1.),.UNSPECIFIED.);
#7363=B_SPLINE_CURVE_WITH_KNOTS('',1,(#14092,#14093),.UNSPECIFIED.,.F.,
 .F.,(2,2),(0.,1.),.UNSPECIFIED.);
#7364=B_SPLINE_CURVE_WITH_KNOTS('',1,(#14094,#14095),.UNSPECIFIED.,.F.,
 .F.,(2,2),(0.,1.),.UNSPECIFIED.);
#7365=B_SPLINE_CURVE_WITH_KNOTS('',1,(#14096,#14097),.UNSPECIFIED.,.F.,
 .F.,(2,2),(0.,1.),.UNSPECIFIED.);
#7366=B_SPLINE_CURVE_WITH_KNOTS('',1,(#14098,#14099),.UNSPECIFIED.,.F.,
 .F.,(2,2),(0.,1.),.UNSPECIFIED.);
#7367=B_SPLINE_CURVE_WITH_KNOTS('',1,(#14100,#14101),.UNSPECIFIED.,.F.,
 .F.,(2,2),(0.,1.),.UNSPECIFIED.);
#7368=B_SPLINE_CURVE_WITH_KNOTS('',1,(#14102,#14103),.UNSPECIFIED.,.F.,
 .F.,(2,2),(0.,1.),.UNSPECIFIED.);
#7369=B_SPLINE_CURVE_WITH_KNOTS('',1,(#14104,#14105),.UNSPECIFIED.,.F.,
 .F.,(2,2),(0.,1.),.UNSPECIFIED.);
#7370=B_SPLINE_CURVE_WITH_KNOTS('',1,(#14106,#14107),.UNSPECIFIED.,.F.,
 .F.,(2,2),(0.,1.),.UNSPECIFIED.);
#7371=B_SPLINE_CURVE_WITH_KNOTS('',1,(#14108,#14109),.UNSPECIFIED.,.F.,
 .F.,(2,2),(0.,1.),.UNSPECIFIED.);
#7372=B_SPLINE_CURVE_WITH_KNOTS('',1,(#14110,#14111),.UNSPECIFIED.,.F.,
 .F.,(2,2),(0.,1.),.UNSPECIFIED.);
#7373=B_SPLINE_CURVE_WITH_KNOTS('',1,(#14112,#14113),.UNSPECIFIED.,.F.,
 .F.,(2,2),(0.,1.),.UNSPECIFIED.);
#7374=B_SPLINE_CURVE_WITH_KNOTS('',1,(#14114,#14115),.UNSPECIFIED.,.F.,
 .F.,(2,2),(0.,1.),.UNSPECIFIED.);
#7375=B_SPLINE_CURVE_WITH_KNOTS('',1,(#14116,#14117),.UNSPECIFIED.,.F.,
 .F.,(2,2),(0.,1.),.UNSPECIFIED.);
#7376=B_SPLINE_CURVE_WITH_KNOTS('',1,(#14118,#14119),.UNSPECIFIED.,.F.,
 .F.,(2,2),(0.,1.),.UNSPECIFIED.);
#7377=B_SPLINE_CURVE_WITH_KNOTS('',1,(#14120,#14121),.UNSPECIFIED.,.F.,
 .F.,(2,2),(0.,1.),.UNSPECIFIED.);
#7378=B_SPLINE_CURVE_WITH_KNOTS('',1,(#14122,#14123),.UNSPECIFIED.,.F.,
 .F.,(2,2),(0.,1.),.UNSPECIFIED.);
#7379=B_SPLINE_CURVE_WITH_KNOTS('',1,(#14124,#14125),.UNSPECIFIED.,.F.,
 .F.,(2,2),(0.,1.),.UNSPECIFIED.);
#7380=B_SPLINE_CURVE_WITH_KNOTS('',1,(#14126,#14127),.UNSPECIFIED.,.F.,
 .F.,(2,2),(0.,1.),.UNSPECIFIED.);
#7381=B_SPLINE_CURVE_WITH_KNOTS('',1,(#14128,#14129),.UNSPECIFIED.,.F.,
 .F.,(2,2),(0.,1.),.UNSPECIFIED.);
#7382=B_SPLINE_CURVE_WITH_KNOTS('',1,(#14130,#14131),.UNSPECIFIED.,.F.,
 .F.,(2,2),(0.,1.),.UNSPECIFIED.);
#7383=B_SPLINE_CURVE_WITH_KNOTS('',1,(#14132,#14133),.UNSPECIFIED.,.F.,
 .F.,(2,2),(0.,1.),.UNSPECIFIED.);
#7384=B_SPLINE_CURVE_WITH_KNOTS('',1,(#14134,#14135),.UNSPECIFIED.,.F.,
 .F.,(2,2),(0.,1.),.UNSPECIFIED.);
#7385=B_SPLINE_CURVE_WITH_KNOTS('',1,(#14136,#14137),.UNSPECIFIED.,.F.,
 .F.,(2,2),(0.,1.),.UNSPECIFIED.);
#7386=B_SPLINE_CURVE_WITH_KNOTS('',1,(#14138,#14139),.UNSPECIFIED.,.F.,
 .F.,(2,2),(0.,1.),.UNSPECIFIED.);
#7387=B_SPLINE_CURVE_WITH_KNOTS('',1,(#14140,#14141),.UNSPECIFIED.,.F.,
 .F.,(2,2),(0.,1.),.UNSPECIFIED.);
#7388=B_SPLINE_CURVE_WITH_KNOTS('',1,(#14142,#14143),.UNSPECIFIED.,.F.,
 .F.,(2,2),(0.,1.),.UNSPECIFIED.);
#7389=B_SPLINE_CURVE_WITH_KNOTS('',1,(#14144,#14145),.UNSPECIFIED.,.F.,
 .F.,(2,2),(0.,1.),.UNSPECIFIED.);
#7390=B_SPLINE_CURVE_WITH_KNOTS('',1,(#14146,#14147),.UNSPECIFIED.,.F.,
 .F.,(2,2),(0.,1.),.UNSPECIFIED.);
#7391=B_SPLINE_CURVE_WITH_KNOTS('',1,(#14148,#14149),.UNSPECIFIED.,.F.,
 .F.,(2,2),(0.,1.),.UNSPECIFIED.);
#7392=B_SPLINE_CURVE_WITH_KNOTS('',1,(#14150,#14151),.UNSPECIFIED.,.F.,
 .F.,(2,2),(0.,1.),.UNSPECIFIED.);
#7393=B_SPLINE_CURVE_WITH_KNOTS('',1,(#14152,#14153),.UNSPECIFIED.,.F.,
 .F.,(2,2),(0.,1.),.UNSPECIFIED.);
#7394=B_SPLINE_CURVE_WITH_KNOTS('',1,(#14154,#14155),.UNSPECIFIED.,.F.,
 .F.,(2,2),(0.,1.),.UNSPECIFIED.);
#7395=B_SPLINE_CURVE_WITH_KNOTS('',1,(#14156,#14157),.UNSPECIFIED.,.F.,
 .F.,(2,2),(0.,1.),.UNSPECIFIED.);
#7396=B_SPLINE_CURVE_WITH_KNOTS('',1,(#14158,#14159),.UNSPECIFIED.,.F.,
 .F.,(2,2),(0.,1.),.UNSPECIFIED.);
#7397=B_SPLINE_CURVE_WITH_KNOTS('',1,(#14160,#14161),.UNSPECIFIED.,.F.,
 .F.,(2,2),(0.,1.),.UNSPECIFIED.);
#7398=B_SPLINE_CURVE_WITH_KNOTS('',1,(#14162,#14163),.UNSPECIFIED.,.F.,
 .F.,(2,2),(0.,1.),.UNSPECIFIED.);
#7399=B_SPLINE_CURVE_WITH_KNOTS('',1,(#14164,#14165),.UNSPECIFIED.,.F.,
 .F.,(2,2),(0.,1.),.UNSPECIFIED.);
#7400=B_SPLINE_CURVE_WITH_KNOTS('',1,(#14166,#14167),.UNSPECIFIED.,.F.,
 .F.,(2,2),(0.,1.),.UNSPECIFIED.);
#7401=B_SPLINE_CURVE_WITH_KNOTS('',1,(#14168,#14169),.UNSPECIFIED.,.F.,
 .F.,(2,2),(0.,1.),.UNSPECIFIED.);
#7402=B_SPLINE_CURVE_WITH_KNOTS('',1,(#14170,#14171),.UNSPECIFIED.,.F.,
 .F.,(2,2),(0.,1.),.UNSPECIFIED.);
#7403=B_SPLINE_CURVE_WITH_KNOTS('',1,(#14172,#14173),.UNSPECIFIED.,.F.,
 .F.,(2,2),(0.,1.),.UNSPECIFIED.);
#7404=B_SPLINE_CURVE_WITH_KNOTS('',1,(#14174,#14175),.UNSPECIFIED.,.F.,
 .F.,(2,2),(0.,1.),.UNSPECIFIED.);
#7405=B_SPLINE_CURVE_WITH_KNOTS('',1,(#14176,#14177),.UNSPECIFIED.,.F.,
 .F.,(2,2),(0.,1.),.UNSPECIFIED.);
#7406=B_SPLINE_CURVE_WITH_KNOTS('',1,(#14178,#14179),.UNSPECIFIED.,.F.,
 .F.,(2,2),(0.,1.),.UNSPECIFIED.);
#7407=B_SPLINE_CURVE_WITH_KNOTS('',1,(#14180,#14181),.UNSPECIFIED.,.F.,
 .F.,(2,2),(0.,1.),.UNSPECIFIED.);
#7408=B_SPLINE_CURVE_WITH_KNOTS('',1,(#14182,#14183),.UNSPECIFIED.,.F.,
 .F.,(2,2),(0.,1.),.UNSPECIFIED.);
#7409=B_SPLINE_CURVE_WITH_KNOTS('',1,(#14184,#14185),.UNSPECIFIED.,.F.,
 .F.,(2,2),(0.,1.),.UNSPECIFIED.);
#7410=B_SPLINE_CURVE_WITH_KNOTS('',1,(#14186,#14187),.UNSPECIFIED.,.F.,
 .F.,(2,2),(0.,1.),.UNSPECIFIED.);
#7411=B_SPLINE_CURVE_WITH_KNOTS('',1,(#14188,#14189),.UNSPECIFIED.,.F.,
 .F.,(2,2),(0.,1.),.UNSPECIFIED.);
#7412=B_SPLINE_CURVE_WITH_KNOTS('',1,(#14190,#14191),.UNSPECIFIED.,.F.,
 .F.,(2,2),(0.,1.),.UNSPECIFIED.);
#7413=B_SPLINE_CURVE_WITH_KNOTS('',1,(#14192,#14193),.UNSPECIFIED.,.F.,
 .F.,(2,2),(0.,1.),.UNSPECIFIED.);
#7414=B_SPLINE_CURVE_WITH_KNOTS('',1,(#14194,#14195),.UNSPECIFIED.,.F.,
 .F.,(2,2),(0.,1.),.UNSPECIFIED.);
#7415=B_SPLINE_CURVE_WITH_KNOTS('',1,(#14196,#14197),.UNSPECIFIED.,.F.,
 .F.,(2,2),(0.,1.),.UNSPECIFIED.);
#7416=B_SPLINE_CURVE_WITH_KNOTS('',1,(#14198,#14199),.UNSPECIFIED.,.F.,
 .F.,(2,2),(0.,1.),.UNSPECIFIED.);
#7417=B_SPLINE_CURVE_WITH_KNOTS('',1,(#14200,#14201),.UNSPECIFIED.,.F.,
 .F.,(2,2),(0.,1.),.UNSPECIFIED.);
#7418=B_SPLINE_CURVE_WITH_KNOTS('',1,(#14202,#14203),.UNSPECIFIED.,.F.,
 .F.,(2,2),(0.,1.),.UNSPECIFIED.);
#7419=B_SPLINE_CURVE_WITH_KNOTS('',1,(#14204,#14205),.UNSPECIFIED.,.F.,
 .F.,(2,2),(0.,1.),.UNSPECIFIED.);
#7420=B_SPLINE_CURVE_WITH_KNOTS('',1,(#14206,#14207),.UNSPECIFIED.,.F.,
 .F.,(2,2),(0.,1.),.UNSPECIFIED.);
#7421=B_SPLINE_CURVE_WITH_KNOTS('',1,(#14208,#14209),.UNSPECIFIED.,.F.,
 .F.,(2,2),(0.,1.),.UNSPECIFIED.);
#7422=B_SPLINE_CURVE_WITH_KNOTS('',1,(#14210,#14211),.UNSPECIFIED.,.F.,
 .F.,(2,2),(0.,1.),.UNSPECIFIED.);
#7423=B_SPLINE_CURVE_WITH_KNOTS('',1,(#14212,#14213),.UNSPECIFIED.,.F.,
 .F.,(2,2),(0.,1.),.UNSPECIFIED.);
#7424=B_SPLINE_CURVE_WITH_KNOTS('',1,(#14214,#14215),.UNSPECIFIED.,.F.,
 .F.,(2,2),(0.,1.),.UNSPECIFIED.);
#7425=B_SPLINE_CURVE_WITH_KNOTS('',1,(#14216,#14217),.UNSPECIFIED.,.F.,
 .F.,(2,2),(0.,1.),.UNSPECIFIED.);
#7426=B_SPLINE_CURVE_WITH_KNOTS('',1,(#14218,#14219),.UNSPECIFIED.,.F.,
 .F.,(2,2),(0.,1.),.UNSPECIFIED.);
#7427=B_SPLINE_CURVE_WITH_KNOTS('',1,(#14220,#14221),.UNSPECIFIED.,.F.,
 .F.,(2,2),(0.,1.),.UNSPECIFIED.);
#7428=B_SPLINE_CURVE_WITH_KNOTS('',1,(#14222,#14223),.UNSPECIFIED.,.F.,
 .F.,(2,2),(0.,1.),.UNSPECIFIED.);
#7429=B_SPLINE_CURVE_WITH_KNOTS('',1,(#14224,#14225),.UNSPECIFIED.,.F.,
 .F.,(2,2),(0.,1.),.UNSPECIFIED.);
#7430=B_SPLINE_CURVE_WITH_KNOTS('',1,(#14226,#14227),.UNSPECIFIED.,.F.,
 .F.,(2,2),(0.,1.),.UNSPECIFIED.);
#7431=B_SPLINE_CURVE_WITH_KNOTS('',1,(#14228,#14229),.UNSPECIFIED.,.F.,
 .F.,(2,2),(0.,1.),.UNSPECIFIED.);
#7432=B_SPLINE_CURVE_WITH_KNOTS('',1,(#14230,#14231),.UNSPECIFIED.,.F.,
 .F.,(2,2),(0.,1.),.UNSPECIFIED.);
#7433=B_SPLINE_CURVE_WITH_KNOTS('',1,(#14232,#14233),.UNSPECIFIED.,.F.,
 .F.,(2,2),(0.,1.),.UNSPECIFIED.);
#7434=B_SPLINE_CURVE_WITH_KNOTS('',1,(#14234,#14235),.UNSPECIFIED.,.F.,
 .F.,(2,2),(0.,1.),.UNSPECIFIED.);
#7435=B_SPLINE_CURVE_WITH_KNOTS('',1,(#14236,#14237),.UNSPECIFIED.,.F.,
 .F.,(2,2),(0.,1.),.UNSPECIFIED.);
#7436=B_SPLINE_CURVE_WITH_KNOTS('',1,(#14238,#14239),.UNSPECIFIED.,.F.,
 .F.,(2,2),(0.,1.),.UNSPECIFIED.);
#7437=B_SPLINE_CURVE_WITH_KNOTS('',1,(#14240,#14241),.UNSPECIFIED.,.F.,
 .F.,(2,2),(0.,1.),.UNSPECIFIED.);
#7438=B_SPLINE_CURVE_WITH_KNOTS('',1,(#14242,#14243),.UNSPECIFIED.,.F.,
 .F.,(2,2),(0.,1.),.UNSPECIFIED.);
#7439=B_SPLINE_CURVE_WITH_KNOTS('',1,(#14244,#14245),.UNSPECIFIED.,.F.,
 .F.,(2,2),(0.,1.),.UNSPECIFIED.);
#7440=B_SPLINE_CURVE_WITH_KNOTS('',1,(#14246,#14247),.UNSPECIFIED.,.F.,
 .F.,(2,2),(0.,1.),.UNSPECIFIED.);
#7441=B_SPLINE_CURVE_WITH_KNOTS('',1,(#14248,#14249),.UNSPECIFIED.,.F.,
 .F.,(2,2),(0.,1.),.UNSPECIFIED.);
#7442=B_SPLINE_CURVE_WITH_KNOTS('',1,(#14250,#14251),.UNSPECIFIED.,.F.,
 .F.,(2,2),(0.,1.),.UNSPECIFIED.);
#7443=B_SPLINE_CURVE_WITH_KNOTS('',1,(#14252,#14253),.UNSPECIFIED.,.F.,
 .F.,(2,2),(0.,1.),.UNSPECIFIED.);
#7444=B_SPLINE_CURVE_WITH_KNOTS('',1,(#14254,#14255),.UNSPECIFIED.,.F.,
 .F.,(2,2),(0.,1.),.UNSPECIFIED.);
#7445=B_SPLINE_CURVE_WITH_KNOTS('',1,(#14256,#14257),.UNSPECIFIED.,.F.,
 .F.,(2,2),(0.,1.),.UNSPECIFIED.);
#7446=B_SPLINE_CURVE_WITH_KNOTS('',1,(#14258,#14259),.UNSPECIFIED.,.F.,
 .F.,(2,2),(0.,1.),.UNSPECIFIED.);
#7447=B_SPLINE_CURVE_WITH_KNOTS('',1,(#14260,#14261),.UNSPECIFIED.,.F.,
 .F.,(2,2),(0.,1.),.UNSPECIFIED.);
#7448=B_SPLINE_CURVE_WITH_KNOTS('',1,(#14262,#14263),.UNSPECIFIED.,.F.,
 .F.,(2,2),(0.,1.),.UNSPECIFIED.);
#7449=B_SPLINE_CURVE_WITH_KNOTS('',1,(#14264,#14265),.UNSPECIFIED.,.F.,
 .F.,(2,2),(0.,1.),.UNSPECIFIED.);
#7450=B_SPLINE_CURVE_WITH_KNOTS('',1,(#14266,#14267),.UNSPECIFIED.,.F.,
 .F.,(2,2),(0.,1.),.UNSPECIFIED.);
#7451=B_SPLINE_CURVE_WITH_KNOTS('',1,(#14268,#14269),.UNSPECIFIED.,.F.,
 .F.,(2,2),(0.,1.),.UNSPECIFIED.);
#7452=B_SPLINE_CURVE_WITH_KNOTS('',1,(#14270,#14271),.UNSPECIFIED.,.F.,
 .F.,(2,2),(0.,1.),.UNSPECIFIED.);
#7453=B_SPLINE_CURVE_WITH_KNOTS('',1,(#14272,#14273),.UNSPECIFIED.,.F.,
 .F.,(2,2),(0.,1.),.UNSPECIFIED.);
#7454=B_SPLINE_CURVE_WITH_KNOTS('',1,(#14274,#14275),.UNSPECIFIED.,.F.,
 .F.,(2,2),(0.,1.),.UNSPECIFIED.);
#7455=B_SPLINE_CURVE_WITH_KNOTS('',1,(#14276,#14277),.UNSPECIFIED.,.F.,
 .F.,(2,2),(0.,1.),.UNSPECIFIED.);
#7456=B_SPLINE_CURVE_WITH_KNOTS('',1,(#14278,#14279),.UNSPECIFIED.,.F.,
 .F.,(2,2),(0.,1.),.UNSPECIFIED.);
#7457=B_SPLINE_CURVE_WITH_KNOTS('',1,(#14280,#14281),.UNSPECIFIED.,.F.,
 .F.,(2,2),(0.,1.),.UNSPECIFIED.);
#7458=B_SPLINE_CURVE_WITH_KNOTS('',1,(#14282,#14283),.UNSPECIFIED.,.F.,
 .F.,(2,2),(0.,1.),.UNSPECIFIED.);
#7459=B_SPLINE_CURVE_WITH_KNOTS('',1,(#14284,#14285),.UNSPECIFIED.,.F.,
 .F.,(2,2),(0.,1.),.UNSPECIFIED.);
#7460=B_SPLINE_CURVE_WITH_KNOTS('',1,(#14286,#14287),.UNSPECIFIED.,.F.,
 .F.,(2,2),(0.,1.),.UNSPECIFIED.);
#7461=B_SPLINE_CURVE_WITH_KNOTS('',1,(#14288,#14289),.UNSPECIFIED.,.F.,
 .F.,(2,2),(0.,1.),.UNSPECIFIED.);
#7462=B_SPLINE_CURVE_WITH_KNOTS('',1,(#14290,#14291),.UNSPECIFIED.,.F.,
 .F.,(2,2),(0.,1.),.UNSPECIFIED.);
#7463=B_SPLINE_CURVE_WITH_KNOTS('',1,(#14292,#14293),.UNSPECIFIED.,.F.,
 .F.,(2,2),(0.,1.),.UNSPECIFIED.);
#7464=B_SPLINE_CURVE_WITH_KNOTS('',1,(#14294,#14295),.UNSPECIFIED.,.F.,
 .F.,(2,2),(0.,1.),.UNSPECIFIED.);
#7465=B_SPLINE_CURVE_WITH_KNOTS('',1,(#14296,#14297),.UNSPECIFIED.,.F.,
 .F.,(2,2),(0.,1.),.UNSPECIFIED.);
#7466=B_SPLINE_CURVE_WITH_KNOTS('',1,(#14298,#14299),.UNSPECIFIED.,.F.,
 .F.,(2,2),(0.,1.),.UNSPECIFIED.);
#7467=B_SPLINE_CURVE_WITH_KNOTS('',1,(#14300,#14301),.UNSPECIFIED.,.F.,
 .F.,(2,2),(0.,1.),.UNSPECIFIED.);
#7468=B_SPLINE_CURVE_WITH_KNOTS('',1,(#14302,#14303),.UNSPECIFIED.,.F.,
 .F.,(2,2),(0.,1.),.UNSPECIFIED.);
#7469=B_SPLINE_CURVE_WITH_KNOTS('',1,(#14304,#14305),.UNSPECIFIED.,.F.,
 .F.,(2,2),(0.,1.),.UNSPECIFIED.);
#7470=B_SPLINE_CURVE_WITH_KNOTS('',1,(#14306,#14307),.UNSPECIFIED.,.F.,
 .F.,(2,2),(0.,1.),.UNSPECIFIED.);
#7471=B_SPLINE_CURVE_WITH_KNOTS('',1,(#14308,#14309),.UNSPECIFIED.,.F.,
 .F.,(2,2),(0.,1.),.UNSPECIFIED.);
#7472=B_SPLINE_CURVE_WITH_KNOTS('',1,(#14310,#14311),.UNSPECIFIED.,.F.,
 .F.,(2,2),(0.,1.),.UNSPECIFIED.);
#7473=B_SPLINE_CURVE_WITH_KNOTS('',1,(#14312,#14313),.UNSPECIFIED.,.F.,
 .F.,(2,2),(0.,1.),.UNSPECIFIED.);
#7474=B_SPLINE_CURVE_WITH_KNOTS('',1,(#14314,#14315),.UNSPECIFIED.,.F.,
 .F.,(2,2),(0.,1.),.UNSPECIFIED.);
#7475=B_SPLINE_CURVE_WITH_KNOTS('',1,(#14316,#14317),.UNSPECIFIED.,.F.,
 .F.,(2,2),(0.,1.),.UNSPECIFIED.);
#7476=B_SPLINE_CURVE_WITH_KNOTS('',1,(#14318,#14319),.UNSPECIFIED.,.F.,
 .F.,(2,2),(0.,1.),.UNSPECIFIED.);
#7477=B_SPLINE_CURVE_WITH_KNOTS('',1,(#14320,#14321),.UNSPECIFIED.,.F.,
 .F.,(2,2),(0.,1.),.UNSPECIFIED.);
#7478=B_SPLINE_CURVE_WITH_KNOTS('',1,(#14322,#14323),.UNSPECIFIED.,.F.,
 .F.,(2,2),(0.,1.),.UNSPECIFIED.);
#7479=B_SPLINE_CURVE_WITH_KNOTS('',1,(#14324,#14325),.UNSPECIFIED.,.F.,
 .F.,(2,2),(0.,1.),.UNSPECIFIED.);
#7480=B_SPLINE_CURVE_WITH_KNOTS('',1,(#14326,#14327),.UNSPECIFIED.,.F.,
 .F.,(2,2),(0.,1.),.UNSPECIFIED.);
#7481=B_SPLINE_CURVE_WITH_KNOTS('',1,(#14328,#14329),.UNSPECIFIED.,.F.,
 .F.,(2,2),(0.,1.),.UNSPECIFIED.);
#7482=B_SPLINE_CURVE_WITH_KNOTS('',1,(#14330,#14331),.UNSPECIFIED.,.F.,
 .F.,(2,2),(0.,1.),.UNSPECIFIED.);
#7483=B_SPLINE_CURVE_WITH_KNOTS('',1,(#14332,#14333),.UNSPECIFIED.,.F.,
 .F.,(2,2),(0.,1.),.UNSPECIFIED.);
#7484=B_SPLINE_CURVE_WITH_KNOTS('',1,(#14334,#14335),.UNSPECIFIED.,.F.,
 .F.,(2,2),(0.,1.),.UNSPECIFIED.);
#7485=B_SPLINE_CURVE_WITH_KNOTS('',1,(#14336,#14337),.UNSPECIFIED.,.F.,
 .F.,(2,2),(0.,1.),.UNSPECIFIED.);
#7486=B_SPLINE_CURVE_WITH_KNOTS('',1,(#14338,#14339),.UNSPECIFIED.,.F.,
 .F.,(2,2),(0.,1.),.UNSPECIFIED.);
#7487=B_SPLINE_CURVE_WITH_KNOTS('',1,(#14340,#14341),.UNSPECIFIED.,.F.,
 .F.,(2,2),(0.,1.),.UNSPECIFIED.);
#7488=B_SPLINE_CURVE_WITH_KNOTS('',1,(#14342,#14343),.UNSPECIFIED.,.F.,
 .F.,(2,2),(0.,1.),.UNSPECIFIED.);
#7489=B_SPLINE_CURVE_WITH_KNOTS('',1,(#14344,#14345),.UNSPECIFIED.,.F.,
 .F.,(2,2),(0.,1.),.UNSPECIFIED.);
#7490=B_SPLINE_CURVE_WITH_KNOTS('',1,(#14346,#14347),.UNSPECIFIED.,.F.,
 .F.,(2,2),(0.,1.),.UNSPECIFIED.);
#7491=B_SPLINE_CURVE_WITH_KNOTS('',1,(#14348,#14349),.UNSPECIFIED.,.F.,
 .F.,(2,2),(0.,1.),.UNSPECIFIED.);
#7492=B_SPLINE_CURVE_WITH_KNOTS('',1,(#14350,#14351),.UNSPECIFIED.,.F.,
 .F.,(2,2),(0.,1.),.UNSPECIFIED.);
#7493=B_SPLINE_CURVE_WITH_KNOTS('',1,(#14352,#14353),.UNSPECIFIED.,.F.,
 .F.,(2,2),(0.,1.),.UNSPECIFIED.);
#7494=B_SPLINE_CURVE_WITH_KNOTS('',1,(#14354,#14355),.UNSPECIFIED.,.F.,
 .F.,(2,2),(0.,1.),.UNSPECIFIED.);
#7495=B_SPLINE_CURVE_WITH_KNOTS('',1,(#14356,#14357),.UNSPECIFIED.,.F.,
 .F.,(2,2),(0.,1.),.UNSPECIFIED.);
#7496=B_SPLINE_CURVE_WITH_KNOTS('',1,(#14358,#14359),.UNSPECIFIED.,.F.,
 .F.,(2,2),(0.,1.),.UNSPECIFIED.);
#7497=B_SPLINE_CURVE_WITH_KNOTS('',1,(#14360,#14361),.UNSPECIFIED.,.F.,
 .F.,(2,2),(0.,1.),.UNSPECIFIED.);
#7498=B_SPLINE_CURVE_WITH_KNOTS('',1,(#14362,#14363),.UNSPECIFIED.,.F.,
 .F.,(2,2),(0.,1.),.UNSPECIFIED.);
#7499=B_SPLINE_CURVE_WITH_KNOTS('',1,(#14364,#14365),.UNSPECIFIED.,.F.,
 .F.,(2,2),(0.,1.),.UNSPECIFIED.);
#7500=B_SPLINE_CURVE_WITH_KNOTS('',1,(#14366,#14367),.UNSPECIFIED.,.F.,
 .F.,(2,2),(0.,1.),.UNSPECIFIED.);
#7501=B_SPLINE_CURVE_WITH_KNOTS('',1,(#14368,#14369),.UNSPECIFIED.,.F.,
 .F.,(2,2),(0.,1.),.UNSPECIFIED.);
#7502=B_SPLINE_CURVE_WITH_KNOTS('',1,(#14370,#14371),.UNSPECIFIED.,.F.,
 .F.,(2,2),(0.,1.),.UNSPECIFIED.);
#7503=B_SPLINE_CURVE_WITH_KNOTS('',1,(#14372,#14373),.UNSPECIFIED.,.F.,
 .F.,(2,2),(0.,1.),.UNSPECIFIED.);
#7504=B_SPLINE_CURVE_WITH_KNOTS('',1,(#14374,#14375),.UNSPECIFIED.,.F.,
 .F.,(2,2),(0.,1.),.UNSPECIFIED.);
#7505=B_SPLINE_CURVE_WITH_KNOTS('',1,(#14376,#14377),.UNSPECIFIED.,.F.,
 .F.,(2,2),(0.,1.),.UNSPECIFIED.);
#7506=B_SPLINE_CURVE_WITH_KNOTS('',1,(#14378,#14379),.UNSPECIFIED.,.F.,
 .F.,(2,2),(0.,1.),.UNSPECIFIED.);
#7507=B_SPLINE_CURVE_WITH_KNOTS('',1,(#14380,#14381),.UNSPECIFIED.,.F.,
 .F.,(2,2),(0.,1.),.UNSPECIFIED.);
#7508=B_SPLINE_CURVE_WITH_KNOTS('',1,(#14382,#14383),.UNSPECIFIED.,.F.,
 .F.,(2,2),(0.,1.),.UNSPECIFIED.);
#7509=B_SPLINE_CURVE_WITH_KNOTS('',1,(#14384,#14385),.UNSPECIFIED.,.F.,
 .F.,(2,2),(0.,1.),.UNSPECIFIED.);
#7510=B_SPLINE_CURVE_WITH_KNOTS('',1,(#14386,#14387),.UNSPECIFIED.,.F.,
 .F.,(2,2),(0.,1.),.UNSPECIFIED.);
#7511=B_SPLINE_CURVE_WITH_KNOTS('',1,(#14388,#14389),.UNSPECIFIED.,.F.,
 .F.,(2,2),(0.,1.),.UNSPECIFIED.);
#7512=B_SPLINE_CURVE_WITH_KNOTS('',1,(#14390,#14391),.UNSPECIFIED.,.F.,
 .F.,(2,2),(0.,1.),.UNSPECIFIED.);
#7513=B_SPLINE_CURVE_WITH_KNOTS('',1,(#14392,#14393),.UNSPECIFIED.,.F.,
 .F.,(2,2),(0.,1.),.UNSPECIFIED.);
#7514=B_SPLINE_CURVE_WITH_KNOTS('',1,(#14394,#14395),.UNSPECIFIED.,.F.,
 .F.,(2,2),(0.,1.),.UNSPECIFIED.);
#7515=B_SPLINE_CURVE_WITH_KNOTS('',1,(#14396,#14397),.UNSPECIFIED.,.F.,
 .F.,(2,2),(0.,1.),.UNSPECIFIED.);
#7516=VERTEX_POINT('',#11272);
#7517=VERTEX_POINT('',#11273);
#7518=VERTEX_POINT('',#11274);
#7519=VERTEX_POINT('',#11275);
#7520=VERTEX_POINT('',#11276);
#7521=VERTEX_POINT('',#11277);
#7522=VERTEX_POINT('',#11278);
#7523=VERTEX_POINT('',#11279);
#7524=VERTEX_POINT('',#11280);
#7525=VERTEX_POINT('',#11281);
#7526=VERTEX_POINT('',#11282);
#7527=VERTEX_POINT('',#11283);
#7528=VERTEX_POINT('',#11284);
#7529=VERTEX_POINT('',#11285);
#7530=VERTEX_POINT('',#11286);
#7531=VERTEX_POINT('',#11287);
#7532=VERTEX_POINT('',#11288);
#7533=VERTEX_POINT('',#11289);
#7534=VERTEX_POINT('',#11290);
#7535=VERTEX_POINT('',#11291);
#7536=VERTEX_POINT('',#11292);
#7537=VERTEX_POINT('',#11293);
#7538=VERTEX_POINT('',#11294);
#7539=VERTEX_POINT('',#11295);
#7540=VERTEX_POINT('',#11296);
#7541=VERTEX_POINT('',#11297);
#7542=VERTEX_POINT('',#11298);
#7543=VERTEX_POINT('',#11299);
#7544=VERTEX_POINT('',#11300);
#7545=VERTEX_POINT('',#11301);
#7546=VERTEX_POINT('',#11302);
#7547=VERTEX_POINT('',#11303);
#7548=VERTEX_POINT('',#11304);
#7549=VERTEX_POINT('',#11305);
#7550=VERTEX_POINT('',#11306);
#7551=VERTEX_POINT('',#11307);
#7552=VERTEX_POINT('',#11308);
#7553=VERTEX_POINT('',#11309);
#7554=VERTEX_POINT('',#11310);
#7555=VERTEX_POINT('',#11311);
#7556=VERTEX_POINT('',#11312);
#7557=VERTEX_POINT('',#11313);
#7558=VERTEX_POINT('',#11314);
#7559=VERTEX_POINT('',#11315);
#7560=VERTEX_POINT('',#11316);
#7561=VERTEX_POINT('',#11317);
#7562=VERTEX_POINT('',#11318);
#7563=VERTEX_POINT('',#11319);
#7564=VERTEX_POINT('',#11320);
#7565=VERTEX_POINT('',#11321);
#7566=VERTEX_POINT('',#11322);
#7567=VERTEX_POINT('',#11323);
#7568=VERTEX_POINT('',#11324);
#7569=VERTEX_POINT('',#11325);
#7570=VERTEX_POINT('',#11326);
#7571=VERTEX_POINT('',#11327);
#7572=VERTEX_POINT('',#11328);
#7573=VERTEX_POINT('',#11329);
#7574=VERTEX_POINT('',#11330);
#7575=VERTEX_POINT('',#11331);
#7576=VERTEX_POINT('',#11332);
#7577=VERTEX_POINT('',#11333);
#7578=VERTEX_POINT('',#11334);
#7579=VERTEX_POINT('',#11335);
#7580=VERTEX_POINT('',#11336);
#7581=VERTEX_POINT('',#11337);
#7582=VERTEX_POINT('',#11338);
#7583=VERTEX_POINT('',#11339);
#7584=VERTEX_POINT('',#11340);
#7585=VERTEX_POINT('',#11341);
#7586=VERTEX_POINT('',#11342);
#7587=VERTEX_POINT('',#11343);
#7588=VERTEX_POINT('',#11344);
#7589=VERTEX_POINT('',#11345);
#7590=VERTEX_POINT('',#11346);
#7591=VERTEX_POINT('',#11347);
#7592=VERTEX_POINT('',#11348);
#7593=VERTEX_POINT('',#11349);
#7594=VERTEX_POINT('',#11350);
#7595=VERTEX_POINT('',#11351);
#7596=VERTEX_POINT('',#11352);
#7597=VERTEX_POINT('',#11353);
#7598=VERTEX_POINT('',#11354);
#7599=VERTEX_POINT('',#11355);
#7600=VERTEX_POINT('',#11356);
#7601=VERTEX_POINT('',#11357);
#7602=VERTEX_POINT('',#11358);
#7603=VERTEX_POINT('',#11359);
#7604=VERTEX_POINT('',#11360);
#7605=VERTEX_POINT('',#11361);
#7606=VERTEX_POINT('',#11362);
#7607=VERTEX_POINT('',#11363);
#7608=VERTEX_POINT('',#11364);
#7609=VERTEX_POINT('',#11365);
#7610=VERTEX_POINT('',#11366);
#7611=VERTEX_POINT('',#11367);
#7612=VERTEX_POINT('',#11368);
#7613=VERTEX_POINT('',#11369);
#7614=VERTEX_POINT('',#11370);
#7615=VERTEX_POINT('',#11371);
#7616=VERTEX_POINT('',#11372);
#7617=VERTEX_POINT('',#11373);
#7618=VERTEX_POINT('',#11374);
#7619=VERTEX_POINT('',#11375);
#7620=VERTEX_POINT('',#11376);
#7621=VERTEX_POINT('',#11377);
#7622=VERTEX_POINT('',#11378);
#7623=VERTEX_POINT('',#11379);
#7624=VERTEX_POINT('',#11380);
#7625=VERTEX_POINT('',#11381);
#7626=VERTEX_POINT('',#11382);
#7627=VERTEX_POINT('',#11383);
#7628=VERTEX_POINT('',#11384);
#7629=VERTEX_POINT('',#11385);
#7630=VERTEX_POINT('',#11386);
#7631=VERTEX_POINT('',#11387);
#7632=VERTEX_POINT('',#11388);
#7633=VERTEX_POINT('',#11389);
#7634=VERTEX_POINT('',#11390);
#7635=VERTEX_POINT('',#11391);
#7636=VERTEX_POINT('',#11392);
#7637=VERTEX_POINT('',#11393);
#7638=VERTEX_POINT('',#11394);
#7639=VERTEX_POINT('',#11395);
#7640=VERTEX_POINT('',#11396);
#7641=VERTEX_POINT('',#11397);
#7642=VERTEX_POINT('',#11398);
#7643=VERTEX_POINT('',#11399);
#7644=VERTEX_POINT('',#11400);
#7645=VERTEX_POINT('',#11401);
#7646=VERTEX_POINT('',#11402);
#7647=VERTEX_POINT('',#11403);
#7648=VERTEX_POINT('',#11404);
#7649=VERTEX_POINT('',#11405);
#7650=VERTEX_POINT('',#11406);
#7651=VERTEX_POINT('',#11407);
#7652=VERTEX_POINT('',#11408);
#7653=VERTEX_POINT('',#11409);
#7654=VERTEX_POINT('',#11410);
#7655=VERTEX_POINT('',#11411);
#7656=VERTEX_POINT('',#11412);
#7657=VERTEX_POINT('',#11413);
#7658=VERTEX_POINT('',#11414);
#7659=VERTEX_POINT('',#11415);
#7660=VERTEX_POINT('',#11416);
#7661=VERTEX_POINT('',#11417);
#7662=VERTEX_POINT('',#11418);
#7663=VERTEX_POINT('',#11419);
#7664=VERTEX_POINT('',#11420);
#7665=VERTEX_POINT('',#11421);
#7666=VERTEX_POINT('',#11422);
#7667=VERTEX_POINT('',#11423);
#7668=VERTEX_POINT('',#11424);
#7669=VERTEX_POINT('',#11425);
#7670=VERTEX_POINT('',#11426);
#7671=VERTEX_POINT('',#11427);
#7672=VERTEX_POINT('',#11428);
#7673=VERTEX_POINT('',#11429);
#7674=VERTEX_POINT('',#11430);
#7675=VERTEX_POINT('',#11431);
#7676=VERTEX_POINT('',#11432);
#7677=VERTEX_POINT('',#11433);
#7678=VERTEX_POINT('',#11434);
#7679=VERTEX_POINT('',#11435);
#7680=VERTEX_POINT('',#11436);
#7681=VERTEX_POINT('',#11437);
#7682=VERTEX_POINT('',#11438);
#7683=VERTEX_POINT('',#11439);
#7684=VERTEX_POINT('',#11440);
#7685=VERTEX_POINT('',#11441);
#7686=VERTEX_POINT('',#11442);
#7687=VERTEX_POINT('',#11443);
#7688=VERTEX_POINT('',#11444);
#7689=VERTEX_POINT('',#11445);
#7690=VERTEX_POINT('',#11446);
#7691=VERTEX_POINT('',#11447);
#7692=VERTEX_POINT('',#11448);
#7693=VERTEX_POINT('',#11449);
#7694=VERTEX_POINT('',#11450);
#7695=VERTEX_POINT('',#11451);
#7696=VERTEX_POINT('',#11452);
#7697=VERTEX_POINT('',#11453);
#7698=VERTEX_POINT('',#11454);
#7699=VERTEX_POINT('',#11455);
#7700=VERTEX_POINT('',#11456);
#7701=VERTEX_POINT('',#11457);
#7702=VERTEX_POINT('',#11458);
#7703=VERTEX_POINT('',#11459);
#7704=VERTEX_POINT('',#11460);
#7705=VERTEX_POINT('',#11461);
#7706=VERTEX_POINT('',#11462);
#7707=VERTEX_POINT('',#11463);
#7708=VERTEX_POINT('',#11464);
#7709=VERTEX_POINT('',#11465);
#7710=VERTEX_POINT('',#11466);
#7711=VERTEX_POINT('',#11467);
#7712=VERTEX_POINT('',#11468);
#7713=VERTEX_POINT('',#11469);
#7714=VERTEX_POINT('',#11470);
#7715=VERTEX_POINT('',#11471);
#7716=VERTEX_POINT('',#11472);
#7717=VERTEX_POINT('',#11473);
#7718=VERTEX_POINT('',#11474);
#7719=VERTEX_POINT('',#11475);
#7720=VERTEX_POINT('',#11476);
#7721=VERTEX_POINT('',#11477);
#7722=VERTEX_POINT('',#11478);
#7723=VERTEX_POINT('',#11479);
#7724=VERTEX_POINT('',#11480);
#7725=VERTEX_POINT('',#11481);
#7726=VERTEX_POINT('',#11482);
#7727=VERTEX_POINT('',#11483);
#7728=VERTEX_POINT('',#11484);
#7729=VERTEX_POINT('',#11485);
#7730=VERTEX_POINT('',#11486);
#7731=VERTEX_POINT('',#11487);
#7732=VERTEX_POINT('',#11488);
#7733=VERTEX_POINT('',#11489);
#7734=VERTEX_POINT('',#11490);
#7735=VERTEX_POINT('',#11491);
#7736=VERTEX_POINT('',#11492);
#7737=VERTEX_POINT('',#11493);
#7738=VERTEX_POINT('',#11494);
#7739=VERTEX_POINT('',#11495);
#7740=VERTEX_POINT('',#11496);
#7741=VERTEX_POINT('',#11497);
#7742=VERTEX_POINT('',#11498);
#7743=VERTEX_POINT('',#11499);
#7744=VERTEX_POINT('',#11500);
#7745=VERTEX_POINT('',#11501);
#7746=VERTEX_POINT('',#11502);
#7747=VERTEX_POINT('',#11503);
#7748=VERTEX_POINT('',#11504);
#7749=VERTEX_POINT('',#11505);
#7750=VERTEX_POINT('',#11506);
#7751=VERTEX_POINT('',#11507);
#7752=VERTEX_POINT('',#11508);
#7753=VERTEX_POINT('',#11509);
#7754=VERTEX_POINT('',#11510);
#7755=VERTEX_POINT('',#11511);
#7756=VERTEX_POINT('',#11512);
#7757=VERTEX_POINT('',#11513);
#7758=VERTEX_POINT('',#11514);
#7759=VERTEX_POINT('',#11515);
#7760=VERTEX_POINT('',#11516);
#7761=VERTEX_POINT('',#11517);
#7762=VERTEX_POINT('',#11518);
#7763=VERTEX_POINT('',#11519);
#7764=VERTEX_POINT('',#11520);
#7765=VERTEX_POINT('',#11521);
#7766=VERTEX_POINT('',#11522);
#7767=VERTEX_POINT('',#11523);
#7768=VERTEX_POINT('',#11524);
#7769=VERTEX_POINT('',#11525);
#7770=VERTEX_POINT('',#11526);
#7771=VERTEX_POINT('',#11527);
#7772=VERTEX_POINT('',#11528);
#7773=VERTEX_POINT('',#11529);
#7774=VERTEX_POINT('',#11530);
#7775=VERTEX_POINT('',#11531);
#7776=VERTEX_POINT('',#11532);
#7777=VERTEX_POINT('',#11533);
#7778=VERTEX_POINT('',#11534);
#7779=VERTEX_POINT('',#11535);
#7780=VERTEX_POINT('',#11536);
#7781=VERTEX_POINT('',#11537);
#7782=VERTEX_POINT('',#11538);
#7783=VERTEX_POINT('',#11539);
#7784=VERTEX_POINT('',#11540);
#7785=VERTEX_POINT('',#11541);
#7786=VERTEX_POINT('',#11542);
#7787=VERTEX_POINT('',#11543);
#7788=VERTEX_POINT('',#11544);
#7789=VERTEX_POINT('',#11545);
#7790=VERTEX_POINT('',#11546);
#7791=VERTEX_POINT('',#11547);
#7792=VERTEX_POINT('',#11548);
#7793=VERTEX_POINT('',#11549);
#7794=VERTEX_POINT('',#11550);
#7795=VERTEX_POINT('',#11551);
#7796=VERTEX_POINT('',#11552);
#7797=VERTEX_POINT('',#11553);
#7798=VERTEX_POINT('',#11554);
#7799=VERTEX_POINT('',#11555);
#7800=VERTEX_POINT('',#11556);
#7801=VERTEX_POINT('',#11557);
#7802=VERTEX_POINT('',#11558);
#7803=VERTEX_POINT('',#11559);
#7804=VERTEX_POINT('',#11560);
#7805=VERTEX_POINT('',#11561);
#7806=VERTEX_POINT('',#11562);
#7807=VERTEX_POINT('',#11563);
#7808=VERTEX_POINT('',#11564);
#7809=VERTEX_POINT('',#11565);
#7810=VERTEX_POINT('',#11566);
#7811=VERTEX_POINT('',#11567);
#7812=VERTEX_POINT('',#11568);
#7813=VERTEX_POINT('',#11569);
#7814=VERTEX_POINT('',#11570);
#7815=VERTEX_POINT('',#11571);
#7816=VERTEX_POINT('',#11572);
#7817=VERTEX_POINT('',#11573);
#7818=VERTEX_POINT('',#11574);
#7819=VERTEX_POINT('',#11575);
#7820=VERTEX_POINT('',#11576);
#7821=VERTEX_POINT('',#11577);
#7822=VERTEX_POINT('',#11578);
#7823=VERTEX_POINT('',#11579);
#7824=VERTEX_POINT('',#11580);
#7825=VERTEX_POINT('',#11581);
#7826=VERTEX_POINT('',#11582);
#7827=VERTEX_POINT('',#11583);
#7828=VERTEX_POINT('',#11584);
#7829=VERTEX_POINT('',#11585);
#7830=VERTEX_POINT('',#11586);
#7831=VERTEX_POINT('',#11587);
#7832=VERTEX_POINT('',#11588);
#7833=VERTEX_POINT('',#11589);
#7834=VERTEX_POINT('',#11590);
#7835=VERTEX_POINT('',#11591);
#7836=VERTEX_POINT('',#11592);
#7837=VERTEX_POINT('',#11593);
#7838=VERTEX_POINT('',#11594);
#7839=VERTEX_POINT('',#11595);
#7840=VERTEX_POINT('',#11596);
#7841=VERTEX_POINT('',#11597);
#7842=VERTEX_POINT('',#11598);
#7843=VERTEX_POINT('',#11599);
#7844=VERTEX_POINT('',#11600);
#7845=VERTEX_POINT('',#11601);
#7846=VERTEX_POINT('',#11602);
#7847=VERTEX_POINT('',#11603);
#7848=VERTEX_POINT('',#11604);
#7849=VERTEX_POINT('',#11605);
#7850=VERTEX_POINT('',#11606);
#7851=VERTEX_POINT('',#11607);
#7852=VERTEX_POINT('',#11608);
#7853=VERTEX_POINT('',#11609);
#7854=VERTEX_POINT('',#11610);
#7855=VERTEX_POINT('',#11611);
#7856=VERTEX_POINT('',#11612);
#7857=VERTEX_POINT('',#11613);
#7858=VERTEX_POINT('',#11614);
#7859=VERTEX_POINT('',#11615);
#7860=VERTEX_POINT('',#11616);
#7861=VERTEX_POINT('',#11617);
#7862=VERTEX_POINT('',#11618);
#7863=VERTEX_POINT('',#11619);
#7864=VERTEX_POINT('',#11620);
#7865=VERTEX_POINT('',#11621);
#7866=VERTEX_POINT('',#11622);
#7867=VERTEX_POINT('',#11623);
#7868=VERTEX_POINT('',#11624);
#7869=VERTEX_POINT('',#11625);
#7870=VERTEX_POINT('',#11626);
#7871=VERTEX_POINT('',#11627);
#7872=VERTEX_POINT('',#11628);
#7873=VERTEX_POINT('',#11629);
#7874=VERTEX_POINT('',#11630);
#7875=VERTEX_POINT('',#11631);
#7876=VERTEX_POINT('',#11632);
#7877=VERTEX_POINT('',#11633);
#7878=VERTEX_POINT('',#11634);
#7879=VERTEX_POINT('',#11635);
#7880=VERTEX_POINT('',#11636);
#7881=VERTEX_POINT('',#11637);
#7882=VERTEX_POINT('',#11638);
#7883=VERTEX_POINT('',#11639);
#7884=VERTEX_POINT('',#11640);
#7885=VERTEX_POINT('',#11641);
#7886=VERTEX_POINT('',#11642);
#7887=VERTEX_POINT('',#11643);
#7888=VERTEX_POINT('',#11644);
#7889=VERTEX_POINT('',#11645);
#7890=VERTEX_POINT('',#11646);
#7891=VERTEX_POINT('',#11647);
#7892=VERTEX_POINT('',#11648);
#7893=VERTEX_POINT('',#11649);
#7894=VERTEX_POINT('',#11650);
#7895=VERTEX_POINT('',#11651);
#7896=VERTEX_POINT('',#11652);
#7897=VERTEX_POINT('',#11653);
#7898=VERTEX_POINT('',#11654);
#7899=VERTEX_POINT('',#11655);
#7900=VERTEX_POINT('',#11656);
#7901=VERTEX_POINT('',#11657);
#7902=VERTEX_POINT('',#11658);
#7903=VERTEX_POINT('',#11659);
#7904=VERTEX_POINT('',#11660);
#7905=VERTEX_POINT('',#11661);
#7906=VERTEX_POINT('',#11662);
#7907=VERTEX_POINT('',#11663);
#7908=VERTEX_POINT('',#11664);
#7909=VERTEX_POINT('',#11665);
#7910=VERTEX_POINT('',#11666);
#7911=VERTEX_POINT('',#11667);
#7912=VERTEX_POINT('',#11668);
#7913=VERTEX_POINT('',#11669);
#7914=VERTEX_POINT('',#11670);
#7915=VERTEX_POINT('',#11671);
#7916=VERTEX_POINT('',#11672);
#7917=VERTEX_POINT('',#11673);
#7918=VERTEX_POINT('',#11674);
#7919=VERTEX_POINT('',#11675);
#7920=VERTEX_POINT('',#11676);
#7921=VERTEX_POINT('',#11677);
#7922=VERTEX_POINT('',#11678);
#7923=VERTEX_POINT('',#11679);
#7924=VERTEX_POINT('',#11680);
#7925=VERTEX_POINT('',#11681);
#7926=VERTEX_POINT('',#11682);
#7927=VERTEX_POINT('',#11683);
#7928=VERTEX_POINT('',#11684);
#7929=VERTEX_POINT('',#11685);
#7930=VERTEX_POINT('',#11686);
#7931=VERTEX_POINT('',#11687);
#7932=VERTEX_POINT('',#11688);
#7933=VERTEX_POINT('',#11689);
#7934=VERTEX_POINT('',#11690);
#7935=VERTEX_POINT('',#11691);
#7936=VERTEX_POINT('',#11692);
#7937=VERTEX_POINT('',#11693);
#7938=VERTEX_POINT('',#11694);
#7939=VERTEX_POINT('',#11695);
#7940=VERTEX_POINT('',#11696);
#7941=VERTEX_POINT('',#11697);
#7942=VERTEX_POINT('',#11698);
#7943=VERTEX_POINT('',#11699);
#7944=VERTEX_POINT('',#11700);
#7945=VERTEX_POINT('',#11701);
#7946=VERTEX_POINT('',#11702);
#7947=VERTEX_POINT('',#11703);
#7948=VERTEX_POINT('',#11704);
#7949=VERTEX_POINT('',#11705);
#7950=VERTEX_POINT('',#11706);
#7951=VERTEX_POINT('',#11707);
#7952=VERTEX_POINT('',#11708);
#7953=VERTEX_POINT('',#11709);
#7954=VERTEX_POINT('',#11710);
#7955=VERTEX_POINT('',#11711);
#7956=VERTEX_POINT('',#11712);
#7957=VERTEX_POINT('',#11713);
#7958=VERTEX_POINT('',#11714);
#7959=VERTEX_POINT('',#11715);
#7960=VERTEX_POINT('',#11716);
#7961=VERTEX_POINT('',#11717);
#7962=VERTEX_POINT('',#11718);
#7963=VERTEX_POINT('',#11719);
#7964=VERTEX_POINT('',#11720);
#7965=VERTEX_POINT('',#11721);
#7966=VERTEX_POINT('',#11722);
#7967=VERTEX_POINT('',#11723);
#7968=VERTEX_POINT('',#11724);
#7969=VERTEX_POINT('',#11725);
#7970=VERTEX_POINT('',#11726);
#7971=VERTEX_POINT('',#11727);
#7972=VERTEX_POINT('',#11728);
#7973=VERTEX_POINT('',#11729);
#7974=VERTEX_POINT('',#11730);
#7975=VERTEX_POINT('',#11731);
#7976=VERTEX_POINT('',#11732);
#7977=VERTEX_POINT('',#11733);
#7978=VERTEX_POINT('',#11734);
#7979=VERTEX_POINT('',#11735);
#7980=VERTEX_POINT('',#11736);
#7981=VERTEX_POINT('',#11737);
#7982=VERTEX_POINT('',#11738);
#7983=VERTEX_POINT('',#11739);
#7984=VERTEX_POINT('',#11740);
#7985=VERTEX_POINT('',#11741);
#7986=VERTEX_POINT('',#11742);
#7987=VERTEX_POINT('',#11743);
#7988=VERTEX_POINT('',#11744);
#7989=VERTEX_POINT('',#11745);
#7990=VERTEX_POINT('',#11746);
#7991=VERTEX_POINT('',#11747);
#7992=VERTEX_POINT('',#11748);
#7993=VERTEX_POINT('',#11749);
#7994=VERTEX_POINT('',#11750);
#7995=VERTEX_POINT('',#11751);
#7996=VERTEX_POINT('',#11752);
#7997=VERTEX_POINT('',#11753);
#7998=VERTEX_POINT('',#11754);
#7999=VERTEX_POINT('',#11755);
#8000=VERTEX_POINT('',#11756);
#8001=VERTEX_POINT('',#11757);
#8002=VERTEX_POINT('',#11758);
#8003=VERTEX_POINT('',#11759);
#8004=VERTEX_POINT('',#11760);
#8005=VERTEX_POINT('',#11761);
#8006=VERTEX_POINT('',#11762);
#8007=VERTEX_POINT('',#11763);
#8008=VERTEX_POINT('',#11764);
#8009=VERTEX_POINT('',#11765);
#8010=VERTEX_POINT('',#11766);
#8011=VERTEX_POINT('',#11767);
#8012=VERTEX_POINT('',#11768);
#8013=VERTEX_POINT('',#11769);
#8014=VERTEX_POINT('',#11770);
#8015=VERTEX_POINT('',#11771);
#8016=VERTEX_POINT('',#11772);
#8017=VERTEX_POINT('',#11773);
#8018=VERTEX_POINT('',#11774);
#8019=VERTEX_POINT('',#11775);
#8020=VERTEX_POINT('',#11776);
#8021=VERTEX_POINT('',#11777);
#8022=VERTEX_POINT('',#11778);
#8023=VERTEX_POINT('',#11779);
#8024=VERTEX_POINT('',#11780);
#8025=VERTEX_POINT('',#11781);
#8026=VERTEX_POINT('',#11782);
#8027=VERTEX_POINT('',#11783);
#8028=VERTEX_POINT('',#11784);
#8029=VERTEX_POINT('',#11785);
#8030=VERTEX_POINT('',#11786);
#8031=VERTEX_POINT('',#11787);
#8032=VERTEX_POINT('',#11788);
#8033=VERTEX_POINT('',#11789);
#8034=VERTEX_POINT('',#11790);
#8035=VERTEX_POINT('',#11791);
#8036=VERTEX_POINT('',#11792);
#8037=VERTEX_POINT('',#11793);
#8038=VERTEX_POINT('',#11794);
#8039=VERTEX_POINT('',#11795);
#8040=VERTEX_POINT('',#11796);
#8041=VERTEX_POINT('',#11797);
#8042=VERTEX_POINT('',#11798);
#8043=VERTEX_POINT('',#11799);
#8044=VERTEX_POINT('',#11800);
#8045=VERTEX_POINT('',#11801);
#8046=B_SPLINE_SURFACE_WITH_KNOTS('',1,1,((#10620,#10621),(#10622,#10623)),
 .UNSPECIFIED.,.F.,.F.,.F.,(2,2),(2,2),(0.,16.6661392517259),(0.,6.79116520268605),
 .UNSPECIFIED.);
#8047=B_SPLINE_SURFACE_WITH_KNOTS('',1,1,((#10633,#10634),(#10635,#10636)),
 .UNSPECIFIED.,.F.,.F.,.F.,(2,2),(2,2),(0.,16.3608464304436),(0.,8.33330892140703),
 .UNSPECIFIED.);
#8048=B_SPLINE_SURFACE_WITH_KNOTS('',1,1,((#10638,#10639),(#10640,#10641)),
 .UNSPECIFIED.,.F.,.F.,.F.,(2,2),(2,2),(0.,16.3608474592527),(0.,8.09909191167018),
 .UNSPECIFIED.);
#8049=B_SPLINE_SURFACE_WITH_KNOTS('',1,1,((#10647,#10648),(#10649,#10650)),
 .UNSPECIFIED.,.F.,.F.,.F.,(2,2),(2,2),(0.,16.6661369701625),(0.,8.33330900008539),
 .UNSPECIFIED.);
#8050=B_SPLINE_SURFACE_WITH_KNOTS('',1,1,((#10660,#10661),(#10662,#10663)),
 .UNSPECIFIED.,.F.,.F.,.F.,(2,2),(2,2),(0.,16.6661372453425),(0.,6.72049053638824),
 .UNSPECIFIED.);
#8051=B_SPLINE_SURFACE_WITH_KNOTS('',1,1,((#10675,#10676),(#10677,#10678)),
 .UNSPECIFIED.,.F.,.F.,.F.,(2,2),(2,2),(0.,16.6661369701625),(0.,8.33330892140703),
 .UNSPECIFIED.);
#8052=B_SPLINE_SURFACE_WITH_KNOTS('',1,1,((#10680,#10681),(#10682,#10683)),
 .UNSPECIFIED.,.F.,.F.,.F.,(2,2),(2,2),(0.,16.6661392517259),(0.,7.79388116399531),
 .UNSPECIFIED.);
#8053=B_SPLINE_SURFACE_WITH_KNOTS('',1,1,((#10684,#10685),(#10686,#10687)),
 .UNSPECIFIED.,.F.,.F.,.F.,(2,2),(2,2),(0.,16.6661378022746),(0.,7.2560817507787),
 .UNSPECIFIED.);
#8054=B_SPLINE_SURFACE_WITH_KNOTS('',1,1,((#10696,#10697),(#10698,#10699)),
 .UNSPECIFIED.,.F.,.F.,.F.,(2,2),(2,2),(0.,16.3608474592527),(0.,6.18786391907824),
 .UNSPECIFIED.);
#8055=B_SPLINE_SURFACE_WITH_KNOTS('',1,1,((#10701,#10702),(#10703,#10704)),
 .UNSPECIFIED.,.F.,.F.,.F.,(2,2),(2,2),(0.,16.3608464304436),(0.,5.9579315929923),
 .UNSPECIFIED.);
#8056=B_SPLINE_SURFACE_WITH_KNOTS('',1,1,((#10736,#10737),(#10738,#10739)),
 .UNSPECIFIED.,.F.,.F.,.F.,(2,2),(2,2),(0.,13.6698682964787),(0.,15.4775072733096),
 .UNSPECIFIED.);
#8057=B_SPLINE_SURFACE_WITH_KNOTS('',1,1,((#10741,#10742),(#10743,#10744)),
 .UNSPECIFIED.,.F.,.F.,.F.,(2,2),(2,2),(0.,13.2105246084002),(0.,16.0062584015449),
 .UNSPECIFIED.);
#8058=B_SPLINE_SURFACE_WITH_KNOTS('',1,1,((#10747,#10748),(#10749,#10750)),
 .UNSPECIFIED.,.F.,.F.,.F.,(2,2),(2,2),(0.,13.4567550786905),(0.,15.4938972794981),
 .UNSPECIFIED.);
#8059=B_SPLINE_SURFACE_WITH_KNOTS('',1,1,((#10758,#10759),(#10760,#10761)),
 .UNSPECIFIED.,.F.,.F.,.F.,(2,2),(2,2),(0.,13.2105229581479),(0.,15.5345216985826),
 .UNSPECIFIED.);
#8060=B_SPLINE_SURFACE_WITH_KNOTS('',1,1,((#10770,#10771),(#10772,#10773)),
 .UNSPECIFIED.,.F.,.F.,.F.,(2,2),(2,2),(0.,47.6227037433695),(0.,32.0919505270574),
 .UNSPECIFIED.);
#8061=B_SPLINE_SURFACE_WITH_KNOTS('',1,1,((#10779,#10780),(#10781,#10782)),
 .UNSPECIFIED.,.F.,.F.,.F.,(2,2),(2,2),(0.,47.6227073341412),(0.,33.9862420547754),
 .UNSPECIFIED.);
#8062=B_SPLINE_SURFACE_WITH_KNOTS('',1,1,((#10784,#10785),(#10786,#10787)),
 .UNSPECIFIED.,.F.,.F.,.F.,(2,2),(2,2),(0.,47.6227037433695),(0.,35.444361375708),
 .UNSPECIFIED.);
#8063=B_SPLINE_SURFACE_WITH_KNOTS('',1,1,((#10792,#10793),(#10794,#10795)),
 .UNSPECIFIED.,.F.,.F.,.F.,(2,2),(2,2),(0.,13.5488871282974),(0.,15.5019430957472),
 .UNSPECIFIED.);
#8064=B_SPLINE_SURFACE_WITH_KNOTS('',1,1,((#10801,#10802),(#10803,#10804)),
 .UNSPECIFIED.,.F.,.F.,.F.,(2,2),(2,2),(0.,13.2105246084002),(0.,15.4351936364658),
 .UNSPECIFIED.);
#8065=B_SPLINE_SURFACE_WITH_KNOTS('',1,1,((#10808,#10809),(#10810,#10811)),
 .UNSPECIFIED.,.F.,.F.,.F.,(2,2),(2,2),(0.,13.2105224619617),(0.,15.9697716956091),
 .UNSPECIFIED.);
#8066=B_SPLINE_SURFACE_WITH_KNOTS('',1,1,((#10822,#10823),(#10824,#10825)),
 .UNSPECIFIED.,.F.,.F.,.F.,(2,2),(2,2),(0.,47.6227037433695),(0.,34.8966152534944),
 .UNSPECIFIED.);
#8067=B_SPLINE_SURFACE_WITH_KNOTS('',1,1,((#10831,#10832),(#10833,#10834)),
 .UNSPECIFIED.,.F.,.F.,.F.,(2,2),(2,2),(0.,47.6227037433696),(0.,32.2214243896847),
 .UNSPECIFIED.);
#8068=B_SPLINE_SURFACE_WITH_KNOTS('',1,1,((#10836,#10837),(#10838,#10839)),
 .UNSPECIFIED.,.F.,.F.,.F.,(2,2),(2,2),(0.,47.6227037433695),(0.,32.4582860359109),
 .UNSPECIFIED.);
#8069=B_SPLINE_SURFACE_WITH_KNOTS('',1,1,((#10843,#10844),(#10845,#10846)),
 .UNSPECIFIED.,.F.,.F.,.F.,(2,2),(2,2),(0.,47.6227073341412),(0.,33.9654509342429),
 .UNSPECIFIED.);
#8070=B_SPLINE_SURFACE_WITH_KNOTS('',1,1,((#10854,#10855),(#10856,#10857)),
 .UNSPECIFIED.,.F.,.F.,.F.,(2,2),(2,2),(0.,51.2890498899048),(0.,72.3478382249791),
 .UNSPECIFIED.);
#8071=B_SPLINE_SURFACE_WITH_KNOTS('',1,1,((#10858,#10859),(#10860,#10861)),
 .UNSPECIFIED.,.F.,.F.,.F.,(2,2),(2,2),(0.,50.3696546221323),(0.,74.3427539667967),
 .UNSPECIFIED.);
#8072=B_SPLINE_SURFACE_WITH_KNOTS('',1,1,((#10862,#10863),(#10864,#10865)),
 .UNSPECIFIED.,.F.,.F.,.F.,(2,2),(2,2),(0.,51.1657438157467),(0.,73.342142754927),
 .UNSPECIFIED.);
#8073=B_SPLINE_SURFACE_WITH_KNOTS('',1,1,((#10869,#10870),(#10871,#10872)),
 .UNSPECIFIED.,.F.,.F.,.F.,(2,2),(2,2),(0.,51.2890498899048),(0.,72.3047905508288),
 .UNSPECIFIED.);
#8074=B_SPLINE_SURFACE_WITH_KNOTS('',1,1,((#10874,#10875),(#10876,#10877)),
 .UNSPECIFIED.,.F.,.F.,.F.,(2,2),(2,2),(0.,51.1657438157467),(0.,73.2674501929163),
 .UNSPECIFIED.);
#8075=B_SPLINE_SURFACE_WITH_KNOTS('',1,1,((#10878,#10879),(#10880,#10881)),
 .UNSPECIFIED.,.F.,.F.,.F.,(2,2),(2,2),(0.,50.3696546221323),(0.,74.2366193535931),
 .UNSPECIFIED.);
#8076=B_SPLINE_SURFACE_WITH_KNOTS('',1,1,((#10883,#10884),(#10885,#10886)),
 .UNSPECIFIED.,.F.,.F.,.F.,(2,2),(2,2),(0.,51.6327744268861),(0.,75.5051657931123),
 .UNSPECIFIED.);
#8077=B_SPLINE_SURFACE_WITH_KNOTS('',1,1,((#10887,#10888),(#10889,#10890)),
 .UNSPECIFIED.,.F.,.F.,.F.,(2,2),(2,2),(0.,50.8217471264559),(0.,73.9635381197553),
 .UNSPECIFIED.);
#8078=B_SPLINE_SURFACE_WITH_KNOTS('',1,1,((#10891,#10892),(#10893,#10894)),
 .UNSPECIFIED.,.F.,.F.,.F.,(2,2),(2,2),(0.,50.8217471264559),(0.,73.8692726682346),
 .UNSPECIFIED.);
#8079=B_SPLINE_SURFACE_WITH_KNOTS('',1,1,((#10895,#10896),(#10897,#10898)),
 .UNSPECIFIED.,.F.,.F.,.F.,(2,2),(2,2),(0.,50.3696550534662),(0.,72.9146227459057),
 .UNSPECIFIED.);
#8080=B_SPLINE_SURFACE_WITH_KNOTS('',1,1,((#10899,#10900),(#10901,#10902)),
 .UNSPECIFIED.,.F.,.F.,.F.,(2,2),(2,2),(0.,51.6327744268861),(0.,75.3629930444981),
 .UNSPECIFIED.);
#8081=B_SPLINE_SURFACE_WITH_KNOTS('',1,1,((#10903,#10904),(#10905,#10906)),
 .UNSPECIFIED.,.F.,.F.,.F.,(2,2),(2,2),(0.,51.9762959452725),(0.,72.1700429142185),
 .UNSPECIFIED.);
#8082=B_SPLINE_SURFACE_WITH_KNOTS('',1,1,((#10907,#10908),(#10909,#10910)),
 .UNSPECIFIED.,.F.,.F.,.F.,(2,2),(2,2),(0.,50.4775531351284),(0.,71.4094455799757),
 .UNSPECIFIED.);
#8083=B_SPLINE_SURFACE_WITH_KNOTS('',1,1,((#10911,#10912),(#10913,#10914)),
 .UNSPECIFIED.,.F.,.F.,.F.,(2,2),(2,2),(0.,50.3696536673967),(0.,71.1115306410246),
 .UNSPECIFIED.);
#8084=B_SPLINE_SURFACE_WITH_KNOTS('',1,1,((#10915,#10916),(#10917,#10918)),
 .UNSPECIFIED.,.F.,.F.,.F.,(2,2),(2,2),(0.,50.3696550534662),(0.,72.8534866172496),
 .UNSPECIFIED.);
#8085=B_SPLINE_SURFACE_WITH_KNOTS('',1,1,((#10919,#10920),(#10921,#10922)),
 .UNSPECIFIED.,.F.,.F.,.F.,(2,2),(2,2),(0.,51.9762959452725),(0.,72.1326973406418),
 .UNSPECIFIED.);
#8086=B_SPLINE_SURFACE_WITH_KNOTS('',1,1,((#10923,#10924),(#10925,#10926)),
 .UNSPECIFIED.,.F.,.F.,.F.,(2,2),(2,2),(0.,50.3696536673967),(0.,71.1084124664928),
 .UNSPECIFIED.);
#8087=B_SPLINE_SURFACE_WITH_KNOTS('',1,1,((#10927,#10928),(#10929,#10930)),
 .UNSPECIFIED.,.F.,.F.,.F.,(2,2),(2,2),(0.,50.4775531351284),(0.,71.3966448640108),
 .UNSPECIFIED.);
#8088=B_SPLINE_SURFACE_WITH_KNOTS('',1,1,((#11182,#11183),(#11184,#11185)),
 .UNSPECIFIED.,.F.,.F.,.F.,(2,2),(2,2),(0.,9.89552022431525),(0.,4.05404409110174),
 .UNSPECIFIED.);
#8089=B_SPLINE_SURFACE_WITH_KNOTS('',1,1,((#11195,#11196),(#11197,#11198)),
 .UNSPECIFIED.,.F.,.F.,.F.,(2,2),(2,2),(0.,9.71425279524767),(0.,4.96567581044155),
 .UNSPECIFIED.);
#8090=B_SPLINE_SURFACE_WITH_KNOTS('',1,1,((#11200,#11201),(#11202,#11203)),
 .UNSPECIFIED.,.F.,.F.,.F.,(2,2),(2,2),(0.,9.7142526740261),(0.,4.82712076809917),
 .UNSPECIFIED.);
#8091=B_SPLINE_SURFACE_WITH_KNOTS('',1,1,((#11209,#11210),(#11211,#11212)),
 .UNSPECIFIED.,.F.,.F.,.F.,(2,2),(2,2),(0.,9.89551908917745),(0.,4.96567581044155),
 .UNSPECIFIED.);
#8092=B_SPLINE_SURFACE_WITH_KNOTS('',1,1,((#11222,#11223),(#11224,#11225)),
 .UNSPECIFIED.,.F.,.F.,.F.,(2,2),(2,2),(0.,9.89551946343193),(0.,4.01230932826535),
 .UNSPECIFIED.);
#8093=B_SPLINE_SURFACE_WITH_KNOTS('',1,1,((#11237,#11238),(#11239,#11240)),
 .UNSPECIFIED.,.F.,.F.,.F.,(2,2),(2,2),(0.,9.89551908917745),(0.,4.96567581044155),
 .UNSPECIFIED.);
#8094=B_SPLINE_SURFACE_WITH_KNOTS('',1,1,((#11242,#11243),(#11244,#11245)),
 .UNSPECIFIED.,.F.,.F.,.F.,(2,2),(2,2),(0.,9.89552022431525),(0.,4.64661517229433),
 .UNSPECIFIED.);
#8095=B_SPLINE_SURFACE_WITH_KNOTS('',1,1,((#11246,#11247),(#11248,#11249)),
 .UNSPECIFIED.,.F.,.F.,.F.,(2,2),(2,2),(0.,9.89551939565235),(0.,4.32869945106912),
 .UNSPECIFIED.);
#8096=B_SPLINE_SURFACE_WITH_KNOTS('',1,1,((#11258,#11259),(#11260,#11261)),
 .UNSPECIFIED.,.F.,.F.,.F.,(2,2),(2,2),(0.,9.7142526740261),(0.,3.6979448928957),
 .UNSPECIFIED.);
#8097=B_SPLINE_SURFACE_WITH_KNOTS('',1,1,((#11263,#11264),(#11265,#11266)),
 .UNSPECIFIED.,.F.,.F.,.F.,(2,2),(2,2),(0.,9.71425279524767),(0.,3.56233927465553),
 .UNSPECIFIED.);
#8098=PLANE('',#8904);
#8099=PLANE('',#8905);
#8100=PLANE('',#8906);
#8101=PLANE('',#8907);
#8102=PLANE('',#8908);
#8103=PLANE('',#8909);
#8104=PLANE('',#8910);
#8105=PLANE('',#8911);
#8106=PLANE('',#8912);
#8107=PLANE('',#8913);
#8108=PLANE('',#8914);
#8109=PLANE('',#8915);
#8110=PLANE('',#8916);
#8111=PLANE('',#8917);
#8112=PLANE('',#8918);
#8113=PLANE('',#8919);
#8114=PLANE('',#8920);
#8115=PLANE('',#8921);
#8116=PLANE('',#8922);
#8117=PLANE('',#8923);
#8118=PLANE('',#8924);
#8119=PLANE('',#8925);
#8120=PLANE('',#8926);
#8121=PLANE('',#8927);
#8122=PLANE('',#8928);
#8123=PLANE('',#8929);
#8124=PLANE('',#8930);
#8125=PLANE('',#8931);
#8126=PLANE('',#8932);
#8127=PLANE('',#8933);
#8128=PLANE('',#8934);
#8129=PLANE('',#8935);
#8130=PLANE('',#8936);
#8131=PLANE('',#8937);
#8132=PLANE('',#8938);
#8133=PLANE('',#8939);
#8134=PLANE('',#8940);
#8135=PLANE('',#8941);
#8136=PLANE('',#8942);
#8137=PLANE('',#8943);
#8138=PLANE('',#8944);
#8139=PLANE('',#8945);
#8140=PLANE('',#8946);
#8141=PLANE('',#8947);
#8142=PLANE('',#8948);
#8143=PLANE('',#8949);
#8144=PLANE('',#8950);
#8145=PLANE('',#8951);
#8146=PLANE('',#8952);
#8147=PLANE('',#8953);
#8148=PLANE('',#8954);
#8149=PLANE('',#8955);
#8150=PLANE('',#8956);
#8151=PLANE('',#8957);
#8152=PLANE('',#8958);
#8153=PLANE('',#8959);
#8154=PLANE('',#8960);
#8155=PLANE('',#8961);
#8156=PLANE('',#8962);
#8157=PLANE('',#8963);
#8158=PLANE('',#8964);
#8159=PLANE('',#8965);
#8160=PLANE('',#8966);
#8161=PLANE('',#8967);
#8162=PLANE('',#8968);
#8163=PLANE('',#8969);
#8164=PLANE('',#8970);
#8165=PLANE('',#8971);
#8166=PLANE('',#8972);
#8167=PLANE('',#8973);
#8168=PLANE('',#8974);
#8169=PLANE('',#8975);
#8170=PLANE('',#8976);
#8171=PLANE('',#8977);
#8172=PLANE('',#8978);
#8173=PLANE('',#8979);
#8174=PLANE('',#8980);
#8175=PLANE('',#8981);
#8176=PLANE('',#8982);
#8177=PLANE('',#8983);
#8178=PLANE('',#8984);
#8179=PLANE('',#8985);
#8180=PLANE('',#8986);
#8181=PLANE('',#8987);
#8182=PLANE('',#8988);
#8183=PLANE('',#8989);
#8184=PLANE('',#8990);
#8185=PLANE('',#8991);
#8186=PLANE('',#8992);
#8187=PLANE('',#8993);
#8188=PLANE('',#8994);
#8189=PLANE('',#8995);
#8190=PLANE('',#8996);
#8191=PLANE('',#8997);
#8192=PLANE('',#8998);
#8193=PLANE('',#8999);
#8194=PLANE('',#9000);
#8195=PLANE('',#9001);
#8196=PLANE('',#9002);
#8197=PLANE('',#9003);
#8198=PLANE('',#9004);
#8199=PLANE('',#9005);
#8200=PLANE('',#9006);
#8201=PLANE('',#9007);
#8202=PLANE('',#9008);
#8203=PLANE('',#9009);
#8204=PLANE('',#9010);
#8205=PLANE('',#9011);
#8206=PLANE('',#9012);
#8207=PLANE('',#9013);
#8208=PLANE('',#9014);
#8209=PLANE('',#9015);
#8210=PLANE('',#9016);
#8211=PLANE('',#9017);
#8212=PLANE('',#9018);
#8213=PLANE('',#9019);
#8214=PLANE('',#9020);
#8215=PLANE('',#9021);
#8216=PLANE('',#9022);
#8217=PLANE('',#9023);
#8218=PLANE('',#9024);
#8219=PLANE('',#9025);
#8220=PLANE('',#9026);
#8221=PLANE('',#9027);
#8222=PLANE('',#9028);
#8223=PLANE('',#9029);
#8224=PLANE('',#9030);
#8225=PLANE('',#9031);
#8226=PLANE('',#9032);
#8227=PLANE('',#9033);
#8228=PLANE('',#9034);
#8229=PLANE('',#9035);
#8230=PLANE('',#9036);
#8231=PLANE('',#9037);
#8232=PLANE('',#9038);
#8233=PLANE('',#9039);
#8234=PLANE('',#9040);
#8235=PLANE('',#9041);
#8236=PLANE('',#9042);
#8237=PLANE('',#9043);
#8238=PLANE('',#9044);
#8239=PLANE('',#9045);
#8240=PLANE('',#9046);
#8241=PLANE('',#9047);
#8242=PLANE('',#9048);
#8243=PLANE('',#9049);
#8244=PLANE('',#9050);
#8245=PLANE('',#9051);
#8246=PLANE('',#9052);
#8247=PLANE('',#9053);
#8248=PLANE('',#9054);
#8249=PLANE('',#9055);
#8250=PLANE('',#9056);
#8251=PLANE('',#9057);
#8252=PLANE('',#9058);
#8253=PLANE('',#9059);
#8254=PLANE('',#9060);
#8255=PLANE('',#9061);
#8256=PLANE('',#9062);
#8257=PLANE('',#9063);
#8258=PLANE('',#9064);
#8259=PLANE('',#9065);
#8260=PLANE('',#9066);
#8261=PLANE('',#9067);
#8262=PLANE('',#9068);
#8263=PLANE('',#9069);
#8264=PLANE('',#9070);
#8265=PLANE('',#9071);
#8266=PLANE('',#9072);
#8267=PLANE('',#9073);
#8268=PLANE('',#9074);
#8269=PLANE('',#9075);
#8270=PLANE('',#9076);
#8271=PLANE('',#9077);
#8272=PLANE('',#9078);
#8273=PLANE('',#9079);
#8274=PLANE('',#9080);
#8275=PLANE('',#9081);
#8276=PLANE('',#9082);
#8277=PLANE('',#9083);
#8278=PLANE('',#9084);
#8279=PLANE('',#9085);
#8280=PLANE('',#9086);
#8281=PLANE('',#9087);
#8282=PLANE('',#9088);
#8283=PLANE('',#9089);
#8284=PLANE('',#9090);
#8285=PLANE('',#9091);
#8286=PLANE('',#9092);
#8287=PLANE('',#9093);
#8288=PLANE('',#9094);
#8289=PLANE('',#9095);
#8290=PLANE('',#9096);
#8291=PLANE('',#9097);
#8292=PLANE('',#9098);
#8293=PLANE('',#9099);
#8294=PLANE('',#9100);
#8295=PLANE('',#9101);
#8296=PLANE('',#9102);
#8297=PLANE('',#9103);
#8298=PLANE('',#9104);
#8299=PLANE('',#9105);
#8300=PLANE('',#9106);
#8301=PLANE('',#9107);
#8302=PLANE('',#9108);
#8303=PLANE('',#9109);
#8304=PLANE('',#9110);
#8305=PLANE('',#9111);
#8306=PLANE('',#9112);
#8307=PLANE('',#9113);
#8308=PLANE('',#9114);
#8309=PLANE('',#9115);
#8310=PLANE('',#9116);
#8311=PLANE('',#9117);
#8312=PLANE('',#9118);
#8313=PLANE('',#9119);
#8314=PLANE('',#9120);
#8315=PLANE('',#9121);
#8316=PLANE('',#9122);
#8317=PLANE('',#9123);
#8318=PLANE('',#9124);
#8319=PLANE('',#9125);
#8320=PLANE('',#9126);
#8321=PLANE('',#9127);
#8322=PLANE('',#9128);
#8323=PLANE('',#9129);
#8324=PLANE('',#9130);
#8325=PLANE('',#9131);
#8326=PLANE('',#9132);
#8327=PLANE('',#9133);
#8328=PLANE('',#9134);
#8329=PLANE('',#9135);
#8330=PLANE('',#9136);
#8331=PLANE('',#9137);
#8332=PLANE('',#9138);
#8333=PLANE('',#9139);
#8334=PLANE('',#9140);
#8335=PLANE('',#9141);
#8336=PLANE('',#9142);
#8337=PLANE('',#9143);
#8338=PLANE('',#9144);
#8339=PLANE('',#9145);
#8340=PLANE('',#9146);
#8341=PLANE('',#9147);
#8342=PLANE('',#9148);
#8343=PLANE('',#9149);
#8344=PLANE('',#9150);
#8345=PLANE('',#9151);
#8346=PLANE('',#9152);
#8347=PLANE('',#9153);
#8348=PLANE('',#9154);
#8349=PLANE('',#9155);
#8350=PLANE('',#9156);
#8351=PLANE('',#9157);
#8352=PLANE('',#9158);
#8353=PLANE('',#9159);
#8354=PLANE('',#9160);
#8355=PLANE('',#9161);
#8356=PLANE('',#9162);
#8357=PLANE('',#9163);
#8358=PLANE('',#9164);
#8359=PLANE('',#9165);
#8360=PLANE('',#9166);
#8361=PLANE('',#9167);
#8362=PLANE('',#9168);
#8363=PLANE('',#9169);
#8364=PLANE('',#9170);
#8365=PLANE('',#9171);
#8366=PLANE('',#9172);
#8367=PLANE('',#9173);
#8368=PLANE('',#9174);
#8369=PLANE('',#9175);
#8370=PLANE('',#9176);
#8371=PLANE('',#9177);
#8372=PLANE('',#9178);
#8373=PLANE('',#9179);
#8374=PLANE('',#9180);
#8375=PLANE('',#9181);
#8376=PLANE('',#9182);
#8377=PLANE('',#9183);
#8378=PLANE('',#9184);
#8379=PLANE('',#9185);
#8380=PLANE('',#9186);
#8381=PLANE('',#9187);
#8382=PLANE('',#9188);
#8383=PLANE('',#9189);
#8384=PLANE('',#9190);
#8385=PLANE('',#9191);
#8386=PLANE('',#9192);
#8387=PLANE('',#9193);
#8388=PLANE('',#9194);
#8389=PLANE('',#9195);
#8390=PLANE('',#9196);
#8391=PLANE('',#9197);
#8392=PLANE('',#9198);
#8393=PLANE('',#9199);
#8394=PLANE('',#9200);
#8395=PLANE('',#9201);
#8396=PLANE('',#9202);
#8397=PLANE('',#9203);
#8398=PLANE('',#9204);
#8399=PLANE('',#9205);
#8400=PLANE('',#9206);
#8401=PLANE('',#9207);
#8402=PLANE('',#9208);
#8403=PLANE('',#9209);
#8404=PLANE('',#9210);
#8405=PLANE('',#9211);
#8406=PLANE('',#9212);
#8407=PLANE('',#9213);
#8408=PLANE('',#9214);
#8409=PLANE('',#9215);
#8410=PLANE('',#9216);
#8411=PLANE('',#9217);
#8412=PLANE('',#9218);
#8413=PLANE('',#9219);
#8414=PLANE('',#9220);
#8415=PLANE('',#9221);
#8416=PLANE('',#9222);
#8417=PLANE('',#9223);
#8418=PLANE('',#9224);
#8419=PLANE('',#9225);
#8420=PLANE('',#9226);
#8421=PLANE('',#9227);
#8422=PLANE('',#9228);
#8423=PLANE('',#9229);
#8424=PLANE('',#9230);
#8425=PLANE('',#9231);
#8426=PLANE('',#9232);
#8427=PLANE('',#9233);
#8428=PLANE('',#9234);
#8429=PLANE('',#9235);
#8430=PLANE('',#9236);
#8431=PLANE('',#9237);
#8432=PLANE('',#9238);
#8433=PLANE('',#9239);
#8434=PLANE('',#9240);
#8435=PLANE('',#9241);
#8436=PLANE('',#9242);
#8437=PLANE('',#9243);
#8438=PLANE('',#9244);
#8439=PLANE('',#9245);
#8440=PLANE('',#9246);
#8441=PLANE('',#9247);
#8442=PLANE('',#9248);
#8443=PLANE('',#9249);
#8444=PLANE('',#9250);
#8445=PLANE('',#9251);
#8446=PLANE('',#9252);
#8447=PLANE('',#9253);
#8448=PLANE('',#9254);
#8449=PLANE('',#9255);
#8450=PLANE('',#9256);
#8451=PLANE('',#9257);
#8452=PLANE('',#9258);
#8453=PLANE('',#9259);
#8454=PLANE('',#9260);
#8455=PLANE('',#9261);
#8456=PLANE('',#9262);
#8457=PLANE('',#9263);
#8458=PLANE('',#9264);
#8459=PLANE('',#9265);
#8460=PLANE('',#9266);
#8461=PLANE('',#9267);
#8462=PLANE('',#9268);
#8463=PLANE('',#9269);
#8464=PLANE('',#9270);
#8465=PLANE('',#9271);
#8466=PLANE('',#9272);
#8467=PLANE('',#9273);
#8468=PLANE('',#9274);
#8469=PLANE('',#9275);
#8470=PLANE('',#9276);
#8471=PLANE('',#9277);
#8472=PLANE('',#9278);
#8473=PLANE('',#9279);
#8474=PLANE('',#9280);
#8475=PLANE('',#9281);
#8476=PLANE('',#9282);
#8477=PLANE('',#9283);
#8478=PLANE('',#9284);
#8479=PLANE('',#9285);
#8480=PLANE('',#9286);
#8481=PLANE('',#9287);
#8482=PLANE('',#9288);
#8483=PLANE('',#9289);
#8484=PLANE('',#9290);
#8485=PLANE('',#9291);
#8486=PLANE('',#9292);
#8487=PLANE('',#9293);
#8488=PLANE('',#9294);
#8489=PLANE('',#9295);
#8490=PLANE('',#9296);
#8491=PLANE('',#9297);
#8492=PLANE('',#9298);
#8493=PLANE('',#9299);
#8494=PLANE('',#9300);
#8495=PLANE('',#9301);
#8496=PLANE('',#9302);
#8497=PLANE('',#9303);
#8498=PLANE('',#9304);
#8499=PLANE('',#9305);
#8500=PLANE('',#9306);
#8501=PLANE('',#9307);
#8502=PLANE('',#9308);
#8503=PLANE('',#9309);
#8504=PLANE('',#9310);
#8505=PLANE('',#9311);
#8506=PLANE('',#9312);
#8507=PLANE('',#9313);
#8508=PLANE('',#9314);
#8509=PLANE('',#9315);
#8510=PLANE('',#9316);
#8511=PLANE('',#9317);
#8512=PLANE('',#9318);
#8513=PLANE('',#9319);
#8514=PLANE('',#9320);
#8515=PLANE('',#9321);
#8516=PLANE('',#9322);
#8517=PLANE('',#9323);
#8518=PLANE('',#9324);
#8519=PLANE('',#9325);
#8520=PLANE('',#9326);
#8521=PLANE('',#9327);
#8522=PLANE('',#9328);
#8523=PLANE('',#9329);
#8524=PLANE('',#9330);
#8525=PLANE('',#9331);
#8526=PLANE('',#9332);
#8527=PLANE('',#9333);
#8528=PLANE('',#9334);
#8529=PLANE('',#9335);
#8530=PLANE('',#9336);
#8531=PLANE('',#9337);
#8532=PLANE('',#9338);
#8533=PLANE('',#9339);
#8534=PLANE('',#9340);
#8535=PLANE('',#9341);
#8536=PLANE('',#9342);
#8537=PLANE('',#9343);
#8538=PLANE('',#9344);
#8539=PLANE('',#9345);
#8540=PLANE('',#9346);
#8541=PLANE('',#9347);
#8542=PLANE('',#9348);
#8543=PLANE('',#9349);
#8544=PLANE('',#9350);
#8545=PLANE('',#9351);
#8546=PLANE('',#9352);
#8547=PLANE('',#9353);
#8548=PLANE('',#9354);
#8549=PLANE('',#9355);
#8550=PLANE('',#9356);
#8551=PLANE('',#9357);
#8552=PLANE('',#9358);
#8553=PLANE('',#9359);
#8554=PLANE('',#9360);
#8555=PLANE('',#9361);
#8556=PLANE('',#9362);
#8557=PLANE('',#9363);
#8558=PLANE('',#9364);
#8559=PLANE('',#9365);
#8560=PLANE('',#9366);
#8561=PLANE('',#9367);
#8562=PLANE('',#9368);
#8563=PLANE('',#9369);
#8564=PLANE('',#9370);
#8565=PLANE('',#9371);
#8566=PLANE('',#9372);
#8567=PLANE('',#9373);
#8568=PLANE('',#9374);
#8569=PLANE('',#9375);
#8570=PLANE('',#9376);
#8571=PLANE('',#9377);
#8572=PLANE('',#9378);
#8573=PLANE('',#9379);
#8574=PLANE('',#9380);
#8575=PLANE('',#9381);
#8576=PLANE('',#9382);
#8577=PLANE('',#9383);
#8578=PLANE('',#9384);
#8579=PLANE('',#9385);
#8580=PLANE('',#9386);
#8581=PLANE('',#9387);
#8582=PLANE('',#9388);
#8583=PLANE('',#9389);
#8584=PLANE('',#9390);
#8585=PLANE('',#9391);
#8586=PLANE('',#9392);
#8587=PLANE('',#9393);
#8588=PLANE('',#9394);
#8589=PLANE('',#9395);
#8590=PLANE('',#9396);
#8591=PLANE('',#9397);
#8592=PLANE('',#9398);
#8593=PLANE('',#9399);
#8594=PLANE('',#9400);
#8595=PLANE('',#9401);
#8596=PLANE('',#9402);
#8597=PLANE('',#9403);
#8598=PLANE('',#9404);
#8599=PLANE('',#9405);
#8600=PLANE('',#9406);
#8601=PLANE('',#9407);
#8602=PLANE('',#9408);
#8603=PLANE('',#9409);
#8604=PLANE('',#9410);
#8605=PLANE('',#9411);
#8606=PLANE('',#9412);
#8607=PLANE('',#9413);
#8608=PLANE('',#9414);
#8609=PLANE('',#9415);
#8610=PLANE('',#9416);
#8611=PLANE('',#9417);
#8612=PLANE('',#9418);
#8613=PLANE('',#9419);
#8614=PLANE('',#9420);
#8615=PLANE('',#9421);
#8616=PLANE('',#9422);
#8617=PLANE('',#9423);
#8618=PLANE('',#9424);
#8619=PLANE('',#9425);
#8620=PLANE('',#9426);
#8621=PLANE('',#9427);
#8622=PLANE('',#9428);
#8623=PLANE('',#9429);
#8624=PLANE('',#9430);
#8625=PLANE('',#9431);
#8626=PLANE('',#9432);
#8627=PLANE('',#9433);
#8628=PLANE('',#9434);
#8629=PLANE('',#9435);
#8630=PLANE('',#9436);
#8631=PLANE('',#9437);
#8632=PLANE('',#9438);
#8633=PLANE('',#9439);
#8634=PLANE('',#9440);
#8635=PLANE('',#9441);
#8636=PLANE('',#9442);
#8637=PLANE('',#9443);
#8638=PLANE('',#9444);
#8639=PLANE('',#9445);
#8640=PLANE('',#9446);
#8641=PLANE('',#9447);
#8642=PLANE('',#9448);
#8643=PLANE('',#9449);
#8644=PLANE('',#9450);
#8645=PLANE('',#9451);
#8646=PLANE('',#9452);
#8647=PLANE('',#9453);
#8648=PLANE('',#9454);
#8649=PLANE('',#9455);
#8650=PLANE('',#9456);
#8651=PLANE('',#9457);
#8652=PLANE('',#9458);
#8653=PLANE('',#9459);
#8654=PLANE('',#9460);
#8655=PLANE('',#9461);
#8656=PLANE('',#9462);
#8657=PLANE('',#9463);
#8658=PLANE('',#9464);
#8659=PLANE('',#9465);
#8660=PLANE('',#9466);
#8661=PLANE('',#9467);
#8662=PLANE('',#9468);
#8663=PLANE('',#9469);
#8664=PLANE('',#9470);
#8665=PLANE('',#9471);
#8666=PLANE('',#9472);
#8667=PLANE('',#9473);
#8668=PLANE('',#9474);
#8669=PLANE('',#9475);
#8670=PLANE('',#9476);
#8671=PLANE('',#9477);
#8672=PLANE('',#9478);
#8673=PLANE('',#9479);
#8674=PLANE('',#9480);
#8675=PLANE('',#9481);
#8676=PLANE('',#9482);
#8677=PLANE('',#9483);
#8678=PLANE('',#9484);
#8679=PLANE('',#9485);
#8680=PLANE('',#9486);
#8681=PLANE('',#9487);
#8682=PLANE('',#9488);
#8683=PLANE('',#9489);
#8684=PLANE('',#9490);
#8685=PLANE('',#9491);
#8686=PLANE('',#9492);
#8687=PLANE('',#9493);
#8688=PLANE('',#9494);
#8689=PLANE('',#9495);
#8690=PLANE('',#9496);
#8691=PLANE('',#9497);
#8692=PLANE('',#9498);
#8693=PLANE('',#9499);
#8694=PLANE('',#9500);
#8695=PLANE('',#9501);
#8696=PLANE('',#9502);
#8697=PLANE('',#9503);
#8698=PLANE('',#9504);
#8699=PLANE('',#9505);
#8700=PLANE('',#9506);
#8701=PLANE('',#9507);
#8702=PLANE('',#9508);
#8703=PLANE('',#9509);
#8704=PLANE('',#9510);
#8705=PLANE('',#9511);
#8706=PLANE('',#9512);
#8707=PLANE('',#9513);
#8708=PLANE('',#9514);
#8709=PLANE('',#9515);
#8710=PLANE('',#9516);
#8711=PLANE('',#9517);
#8712=PLANE('',#9518);
#8713=PLANE('',#9519);
#8714=PLANE('',#9520);
#8715=PLANE('',#9521);
#8716=PLANE('',#9522);
#8717=PLANE('',#9523);
#8718=PLANE('',#9524);
#8719=PLANE('',#9525);
#8720=PLANE('',#9526);
#8721=PLANE('',#9527);
#8722=PLANE('',#9528);
#8723=PLANE('',#9529);
#8724=PLANE('',#9530);
#8725=PLANE('',#9531);
#8726=PLANE('',#9532);
#8727=PLANE('',#9533);
#8728=PLANE('',#9534);
#8729=PLANE('',#9535);
#8730=PLANE('',#9536);
#8731=PLANE('',#9537);
#8732=PLANE('',#9538);
#8733=PLANE('',#9539);
#8734=PLANE('',#9540);
#8735=PLANE('',#9541);
#8736=PLANE('',#9542);
#8737=PLANE('',#9543);
#8738=PLANE('',#9544);
#8739=PLANE('',#9545);
#8740=PLANE('',#9546);
#8741=PLANE('',#9547);
#8742=PLANE('',#9548);
#8743=PLANE('',#9549);
#8744=PLANE('',#9550);
#8745=PLANE('',#9551);
#8746=PLANE('',#9552);
#8747=PLANE('',#9553);
#8748=PLANE('',#9554);
#8749=PLANE('',#9555);
#8750=PLANE('',#9556);
#8751=PLANE('',#9557);
#8752=PLANE('',#9558);
#8753=PLANE('',#9559);
#8754=PLANE('',#9560);
#8755=PLANE('',#9561);
#8756=PLANE('',#9562);
#8757=PLANE('',#9563);
#8758=PLANE('',#9564);
#8759=PLANE('',#9565);
#8760=PLANE('',#9566);
#8761=PLANE('',#9567);
#8762=PLANE('',#9568);
#8763=PLANE('',#9569);
#8764=PLANE('',#9570);
#8765=PLANE('',#9571);
#8766=PLANE('',#9572);
#8767=PLANE('',#9573);
#8768=PLANE('',#9574);
#8769=PLANE('',#9575);
#8770=PLANE('',#9576);
#8771=PLANE('',#9577);
#8772=PLANE('',#9578);
#8773=PLANE('',#9579);
#8774=PLANE('',#9580);
#8775=PLANE('',#9581);
#8776=PLANE('',#9582);
#8777=PLANE('',#9583);
#8778=PLANE('',#9584);
#8779=PLANE('',#9585);
#8780=PLANE('',#9586);
#8781=PLANE('',#9587);
#8782=PLANE('',#9588);
#8783=PLANE('',#9589);
#8784=PLANE('',#9590);
#8785=PLANE('',#9591);
#8786=PLANE('',#9592);
#8787=PLANE('',#9593);
#8788=PLANE('',#9594);
#8789=PLANE('',#9595);
#8790=PLANE('',#9596);
#8791=PLANE('',#9597);
#8792=PLANE('',#9598);
#8793=PLANE('',#9599);
#8794=PLANE('',#9600);
#8795=PLANE('',#9601);
#8796=PLANE('',#9602);
#8797=PLANE('',#9603);
#8798=PLANE('',#9604);
#8799=PLANE('',#9605);
#8800=PLANE('',#9606);
#8801=PLANE('',#9607);
#8802=PLANE('',#9608);
#8803=PLANE('',#9609);
#8804=PLANE('',#9610);
#8805=PLANE('',#9611);
#8806=PLANE('',#9612);
#8807=PLANE('',#9613);
#8808=PLANE('',#9614);
#8809=PLANE('',#9615);
#8810=PLANE('',#9616);
#8811=PLANE('',#9617);
#8812=PLANE('',#9618);
#8813=PLANE('',#9619);
#8814=PLANE('',#9620);
#8815=PLANE('',#9621);
#8816=SHAPE_DEFINITION_REPRESENTATION(#8817,#8902);
#8817=PRODUCT_DEFINITION_SHAPE($,$,#8819);
#8818=PRODUCT_DEFINITION_CONTEXT('3D Mechanical Parts',#8891,'design');
#8819=PRODUCT_DEFINITION('A','First version',#8861,#8818);
#8820=DATE_TIME_ROLE('classification_date');
#8821=DATE_TIME_ROLE('creation_date');
#8822=APPLIED_DATE_AND_TIME_ASSIGNMENT(#8846,#8820,(#8825));
#8823=APPLIED_DATE_AND_TIME_ASSIGNMENT(#8848,#8821,(#8819));
#8824=SECURITY_CLASSIFICATION_LEVEL('unclassified');
#8825=SECURITY_CLASSIFICATION('A','Security for version',#8824);
#8826=APPLIED_SECURITY_CLASSIFICATION_ASSIGNMENT(#8825,(#8861));
#8827=APPROVAL_ROLE('Version approval');
#8828=APPROVAL_ROLE('Version Security approval');
#8829=APPROVAL_ROLE('Definition approval');
#8830=APPROVAL_PERSON_ORGANIZATION(#8879,#8855,#8827);
#8831=APPROVAL_PERSON_ORGANIZATION(#8880,#8856,#8828);
#8832=APPROVAL_PERSON_ORGANIZATION(#8883,#8857,#8829);
#8833=COORDINATED_UNIVERSAL_TIME_OFFSET(5,0,.BEHIND.);
#8834=LOCAL_TIME(0,0,0.,#8833);
#8835=LOCAL_TIME(0,0,0.,#8833);
#8836=LOCAL_TIME(0,0,0.,#8833);
#8837=LOCAL_TIME(0,0,0.,#8833);
#8838=LOCAL_TIME(0,0,0.,#8833);
#8839=CALENDAR_DATE(1999,1,1);
#8840=CALENDAR_DATE(1999,1,1);
#8841=CALENDAR_DATE(1999,1,1);
#8842=CALENDAR_DATE(1999,1,1);
#8843=CALENDAR_DATE(1999,1,1);
#8844=DATE_AND_TIME(#8839,#8834);
#8845=DATE_AND_TIME(#8840,#8835);
#8846=DATE_AND_TIME(#8841,#8836);
#8847=DATE_AND_TIME(#8842,#8837);
#8848=DATE_AND_TIME(#8843,#8838);
#8849=APPROVAL_DATE_TIME(#8844,#8855);
#8850=APPROVAL_DATE_TIME(#8845,#8856);
#8851=APPROVAL_DATE_TIME(#8847,#8857);
#8852=APPROVAL_STATUS('not_yet_approved');
#8853=APPROVAL_STATUS('not_yet_approved');
#8854=APPROVAL_STATUS('approved');
#8855=APPROVAL(#8852,'Version approval');
#8856=APPROVAL(#8853,'Version Security approval');
#8857=APPROVAL(#8854,'Definition approval');
#8858=APPLIED_APPROVAL_ASSIGNMENT(#8855,(#8861));
#8859=APPLIED_APPROVAL_ASSIGNMENT(#8856,(#8825));
#8860=APPLIED_APPROVAL_ASSIGNMENT(#8857,(#8819));
#8861=PRODUCT_DEFINITION_FORMATION_WITH_SPECIFIED_SOURCE('A',
'First version',#8893,.MADE.);
#8862=PERSON_AND_ORGANIZATION_ROLE('design_owner');
#8863=PERSON_AND_ORGANIZATION_ROLE('creator');
#8864=PERSON_AND_ORGANIZATION_ROLE('design_supplier');
#8865=PERSON_AND_ORGANIZATION_ROLE('classification_officer');
#8866=PERSON_AND_ORGANIZATION_ROLE('creator');
#8867=ORGANIZATION('STI','lab','lab');
#8868=ORGANIZATION('STI','unknown','unknown');
#8869=ORGANIZATION('STI','unknown','unknown');
#8870=ORGANIZATION('STI','unknown','unknown');
#8871=ORGANIZATION('STI','unknown','unknown');
#8872=ORGANIZATION('STI','unknown','unknown');
#8873=ORGANIZATION('STI','unknown','unknown');
#8874=PERSON('1','Box','vc60',$,$,$);
#8875=PERSON('2','last','first',$,$,$);
#8876=PERSON('3','President','Mr.',$,$,$);
#8877=PERSON_AND_ORGANIZATION(#8874,#8867);
#8878=PERSON_AND_ORGANIZATION(#8875,#8868);
#8879=PERSON_AND_ORGANIZATION(#8876,#8869);
#8880=PERSON_AND_ORGANIZATION(#8876,#8870);
#8881=PERSON_AND_ORGANIZATION(#8876,#8871);
#8882=PERSON_AND_ORGANIZATION(#8875,#8872);
#8883=PERSON_AND_ORGANIZATION(#8876,#8873);
#8884=APPLIED_PERSON_AND_ORGANIZATION_ASSIGNMENT(#8877,#8862,(#8893));
#8885=APPLIED_PERSON_AND_ORGANIZATION_ASSIGNMENT(#8878,#8863,(#8861));
#8886=APPLIED_PERSON_AND_ORGANIZATION_ASSIGNMENT(#8878,#8864,(#8861));
#8887=APPLIED_PERSON_AND_ORGANIZATION_ASSIGNMENT(#8881,#8865,(#8825));
#8888=APPLIED_PERSON_AND_ORGANIZATION_ASSIGNMENT(#8882,#8866,(#8819));
#8889=PRODUCT_RELATED_PRODUCT_CATEGORY('detail','detail',(#8893));
#8890=APPLICATION_PROTOCOL_DEFINITION('International Standard',
'config_control_design',1994,#8891);
#8891=APPLICATION_CONTEXT(
'configuration controlled 3d designs of mechanical parts and assemblie
s');
#8892=PRODUCT_CONTEXT('3D Mechanical Parts',#8891,'mechanical');
#8893=PRODUCT('Document','Document','',(#8892));
#8894=(
LENGTH_UNIT()
NAMED_UNIT(*)
SI_UNIT(.MILLI.,.METRE.)
);
#8895=(
NAMED_UNIT(*)
PLANE_ANGLE_UNIT()
SI_UNIT($,.RADIAN.)
);
#8896=DIMENSIONAL_EXPONENTS(0.,0.,0.,0.,0.,0.,0.);
#8897=PLANE_ANGLE_MEASURE_WITH_UNIT(PLANE_ANGLE_MEASURE(0.01745329252),
#8895);
#8898=(
CONVERSION_BASED_UNIT('DEGREES',#8897)
NAMED_UNIT(#8896)
PLANE_ANGLE_UNIT()
);
#8899=(
NAMED_UNIT(*)
SI_UNIT($,.STERADIAN.)
SOLID_ANGLE_UNIT()
);
#8900=UNCERTAINTY_MEASURE_WITH_UNIT(LENGTH_MEASURE(0.001),#8894,
'DISTANCE_ACCURACY_VALUE',
'Maximum model space distance between geometric entities at asserted c
onnectivities');
#8901=(
GEOMETRIC_REPRESENTATION_CONTEXT(3)
GLOBAL_UNCERTAINTY_ASSIGNED_CONTEXT((#8900))
GLOBAL_UNIT_ASSIGNED_CONTEXT((#8899,#8898,#8894))
REPRESENTATION_CONTEXT('ID1','3D')
);
#8902=SHAPE_REPRESENTATION('Document',(#8903,#9622),#8901);
#8903=AXIS2_PLACEMENT_3D($,#10345,#9623,#9624);
#8904=AXIS2_PLACEMENT_3D('',#10346,#9625,$);
#8905=AXIS2_PLACEMENT_3D('',#10347,#9626,$);
#8906=AXIS2_PLACEMENT_3D('',#10348,#9627,$);
#8907=AXIS2_PLACEMENT_3D('',#10349,#9628,$);
#8908=AXIS2_PLACEMENT_3D('',#10350,#9629,$);
#8909=AXIS2_PLACEMENT_3D('',#10351,#9630,$);
#8910=AXIS2_PLACEMENT_3D('',#10352,#9631,$);
#8911=AXIS2_PLACEMENT_3D('',#10353,#9632,$);
#8912=AXIS2_PLACEMENT_3D('',#10354,#9633,$);
#8913=AXIS2_PLACEMENT_3D('',#10355,#9634,$);
#8914=AXIS2_PLACEMENT_3D('',#10356,#9635,$);
#8915=AXIS2_PLACEMENT_3D('',#10357,#9636,$);
#8916=AXIS2_PLACEMENT_3D('',#10358,#9637,$);
#8917=AXIS2_PLACEMENT_3D('',#10359,#9638,$);
#8918=AXIS2_PLACEMENT_3D('',#10360,#9639,$);
#8919=AXIS2_PLACEMENT_3D('',#10361,#9640,$);
#8920=AXIS2_PLACEMENT_3D('',#10362,#9641,$);
#8921=AXIS2_PLACEMENT_3D('',#10363,#9642,$);
#8922=AXIS2_PLACEMENT_3D('',#10364,#9643,$);
#8923=AXIS2_PLACEMENT_3D('',#10365,#9644,$);
#8924=AXIS2_PLACEMENT_3D('',#10366,#9645,$);
#8925=AXIS2_PLACEMENT_3D('',#10367,#9646,$);
#8926=AXIS2_PLACEMENT_3D('',#10368,#9647,$);
#8927=AXIS2_PLACEMENT_3D('',#10369,#9648,$);
#8928=AXIS2_PLACEMENT_3D('',#10370,#9649,$);
#8929=AXIS2_PLACEMENT_3D('',#10371,#9650,$);
#8930=AXIS2_PLACEMENT_3D('',#10372,#9651,$);
#8931=AXIS2_PLACEMENT_3D('',#10373,#9652,$);
#8932=AXIS2_PLACEMENT_3D('',#10374,#9653,$);
#8933=AXIS2_PLACEMENT_3D('',#10375,#9654,$);
#8934=AXIS2_PLACEMENT_3D('',#10376,#9655,$);
#8935=AXIS2_PLACEMENT_3D('',#10377,#9656,$);
#8936=AXIS2_PLACEMENT_3D('',#10378,#9657,$);
#8937=AXIS2_PLACEMENT_3D('',#10379,#9658,$);
#8938=AXIS2_PLACEMENT_3D('',#10380,#9659,$);
#8939=AXIS2_PLACEMENT_3D('',#10381,#9660,$);
#8940=AXIS2_PLACEMENT_3D('',#10382,#9661,$);
#8941=AXIS2_PLACEMENT_3D('',#10383,#9662,$);
#8942=AXIS2_PLACEMENT_3D('',#10384,#9663,$);
#8943=AXIS2_PLACEMENT_3D('',#10385,#9664,$);
#8944=AXIS2_PLACEMENT_3D('',#10386,#9665,$);
#8945=AXIS2_PLACEMENT_3D('',#10387,#9666,$);
#8946=AXIS2_PLACEMENT_3D('',#10388,#9667,$);
#8947=AXIS2_PLACEMENT_3D('',#10389,#9668,$);
#8948=AXIS2_PLACEMENT_3D('',#10390,#9669,$);
#8949=AXIS2_PLACEMENT_3D('',#10391,#9670,$);
#8950=AXIS2_PLACEMENT_3D('',#10392,#9671,$);
#8951=AXIS2_PLACEMENT_3D('',#10393,#9672,$);
#8952=AXIS2_PLACEMENT_3D('',#10394,#9673,$);
#8953=AXIS2_PLACEMENT_3D('',#10395,#9674,$);
#8954=AXIS2_PLACEMENT_3D('',#10396,#9675,$);
#8955=AXIS2_PLACEMENT_3D('',#10397,#9676,$);
#8956=AXIS2_PLACEMENT_3D('',#10398,#9677,$);
#8957=AXIS2_PLACEMENT_3D('',#10399,#9678,$);
#8958=AXIS2_PLACEMENT_3D('',#10400,#9679,$);
#8959=AXIS2_PLACEMENT_3D('',#10401,#9680,$);
#8960=AXIS2_PLACEMENT_3D('',#10402,#9681,$);
#8961=AXIS2_PLACEMENT_3D('',#10403,#9682,$);
#8962=AXIS2_PLACEMENT_3D('',#10404,#9683,$);
#8963=AXIS2_PLACEMENT_3D('',#10405,#9684,$);
#8964=AXIS2_PLACEMENT_3D('',#10406,#9685,$);
#8965=AXIS2_PLACEMENT_3D('',#10407,#9686,$);
#8966=AXIS2_PLACEMENT_3D('',#10408,#9687,$);
#8967=AXIS2_PLACEMENT_3D('',#10409,#9688,$);
#8968=AXIS2_PLACEMENT_3D('',#10410,#9689,$);
#8969=AXIS2_PLACEMENT_3D('',#10411,#9690,$);
#8970=AXIS2_PLACEMENT_3D('',#10412,#9691,$);
#8971=AXIS2_PLACEMENT_3D('',#10413,#9692,$);
#8972=AXIS2_PLACEMENT_3D('',#10414,#9693,$);
#8973=AXIS2_PLACEMENT_3D('',#10415,#9694,$);
#8974=AXIS2_PLACEMENT_3D('',#10416,#9695,$);
#8975=AXIS2_PLACEMENT_3D('',#10417,#9696,$);
#8976=AXIS2_PLACEMENT_3D('',#10418,#9697,$);
#8977=AXIS2_PLACEMENT_3D('',#10419,#9698,$);
#8978=AXIS2_PLACEMENT_3D('',#10420,#9699,$);
#8979=AXIS2_PLACEMENT_3D('',#10421,#9700,$);
#8980=AXIS2_PLACEMENT_3D('',#10422,#9701,$);
#8981=AXIS2_PLACEMENT_3D('',#10423,#9702,$);
#8982=AXIS2_PLACEMENT_3D('',#10424,#9703,$);
#8983=AXIS2_PLACEMENT_3D('',#10425,#9704,$);
#8984=AXIS2_PLACEMENT_3D('',#10426,#9705,$);
#8985=AXIS2_PLACEMENT_3D('',#10427,#9706,$);
#8986=AXIS2_PLACEMENT_3D('',#10428,#9707,$);
#8987=AXIS2_PLACEMENT_3D('',#10429,#9708,$);
#8988=AXIS2_PLACEMENT_3D('',#10430,#9709,$);
#8989=AXIS2_PLACEMENT_3D('',#10431,#9710,$);
#8990=AXIS2_PLACEMENT_3D('',#10432,#9711,$);
#8991=AXIS2_PLACEMENT_3D('',#10433,#9712,$);
#8992=AXIS2_PLACEMENT_3D('',#10434,#9713,$);
#8993=AXIS2_PLACEMENT_3D('',#10435,#9714,$);
#8994=AXIS2_PLACEMENT_3D('',#10436,#9715,$);
#8995=AXIS2_PLACEMENT_3D('',#10437,#9716,$);
#8996=AXIS2_PLACEMENT_3D('',#10438,#9717,$);
#8997=AXIS2_PLACEMENT_3D('',#10439,#9718,$);
#8998=AXIS2_PLACEMENT_3D('',#10440,#9719,$);
#8999=AXIS2_PLACEMENT_3D('',#10441,#9720,$);
#9000=AXIS2_PLACEMENT_3D('',#10442,#9721,$);
#9001=AXIS2_PLACEMENT_3D('',#10443,#9722,$);
#9002=AXIS2_PLACEMENT_3D('',#10444,#9723,$);
#9003=AXIS2_PLACEMENT_3D('',#10445,#9724,$);
#9004=AXIS2_PLACEMENT_3D('',#10446,#9725,$);
#9005=AXIS2_PLACEMENT_3D('',#10447,#9726,$);
#9006=AXIS2_PLACEMENT_3D('',#10448,#9727,$);
#9007=AXIS2_PLACEMENT_3D('',#10449,#9728,$);
#9008=AXIS2_PLACEMENT_3D('',#10450,#9729,$);
#9009=AXIS2_PLACEMENT_3D('',#10451,#9730,$);
#9010=AXIS2_PLACEMENT_3D('',#10452,#9731,$);
#9011=AXIS2_PLACEMENT_3D('',#10453,#9732,$);
#9012=AXIS2_PLACEMENT_3D('',#10454,#9733,$);
#9013=AXIS2_PLACEMENT_3D('',#10455,#9734,$);
#9014=AXIS2_PLACEMENT_3D('',#10456,#9735,$);
#9015=AXIS2_PLACEMENT_3D('',#10457,#9736,$);
#9016=AXIS2_PLACEMENT_3D('',#10458,#9737,$);
#9017=AXIS2_PLACEMENT_3D('',#10459,#9738,$);
#9018=AXIS2_PLACEMENT_3D('',#10460,#9739,$);
#9019=AXIS2_PLACEMENT_3D('',#10461,#9740,$);
#9020=AXIS2_PLACEMENT_3D('',#10462,#9741,$);
#9021=AXIS2_PLACEMENT_3D('',#10463,#9742,$);
#9022=AXIS2_PLACEMENT_3D('',#10464,#9743,$);
#9023=AXIS2_PLACEMENT_3D('',#10465,#9744,$);
#9024=AXIS2_PLACEMENT_3D('',#10466,#9745,$);
#9025=AXIS2_PLACEMENT_3D('',#10467,#9746,$);
#9026=AXIS2_PLACEMENT_3D('',#10468,#9747,$);
#9027=AXIS2_PLACEMENT_3D('',#10469,#9748,$);
#9028=AXIS2_PLACEMENT_3D('',#10470,#9749,$);
#9029=AXIS2_PLACEMENT_3D('',#10471,#9750,$);
#9030=AXIS2_PLACEMENT_3D('',#10472,#9751,$);
#9031=AXIS2_PLACEMENT_3D('',#10473,#9752,$);
#9032=AXIS2_PLACEMENT_3D('',#10474,#9753,$);
#9033=AXIS2_PLACEMENT_3D('',#10475,#9754,$);
#9034=AXIS2_PLACEMENT_3D('',#10476,#9755,$);
#9035=AXIS2_PLACEMENT_3D('',#10477,#9756,$);
#9036=AXIS2_PLACEMENT_3D('',#10478,#9757,$);
#9037=AXIS2_PLACEMENT_3D('',#10479,#9758,$);
#9038=AXIS2_PLACEMENT_3D('',#10480,#9759,$);
#9039=AXIS2_PLACEMENT_3D('',#10481,#9760,$);
#9040=AXIS2_PLACEMENT_3D('',#10482,#9761,$);
#9041=AXIS2_PLACEMENT_3D('',#10483,#9762,$);
#9042=AXIS2_PLACEMENT_3D('',#10484,#9763,$);
#9043=AXIS2_PLACEMENT_3D('',#10485,#9764,$);
#9044=AXIS2_PLACEMENT_3D('',#10486,#9765,$);
#9045=AXIS2_PLACEMENT_3D('',#10487,#9766,$);
#9046=AXIS2_PLACEMENT_3D('',#10488,#9767,$);
#9047=AXIS2_PLACEMENT_3D('',#10489,#9768,$);
#9048=AXIS2_PLACEMENT_3D('',#10490,#9769,$);
#9049=AXIS2_PLACEMENT_3D('',#10491,#9770,$);
#9050=AXIS2_PLACEMENT_3D('',#10492,#9771,$);
#9051=AXIS2_PLACEMENT_3D('',#10493,#9772,$);
#9052=AXIS2_PLACEMENT_3D('',#10494,#9773,$);
#9053=AXIS2_PLACEMENT_3D('',#10495,#9774,$);
#9054=AXIS2_PLACEMENT_3D('',#10496,#9775,$);
#9055=AXIS2_PLACEMENT_3D('',#10497,#9776,$);
#9056=AXIS2_PLACEMENT_3D('',#10498,#9777,$);
#9057=AXIS2_PLACEMENT_3D('',#10499,#9778,$);
#9058=AXIS2_PLACEMENT_3D('',#10500,#9779,$);
#9059=AXIS2_PLACEMENT_3D('',#10501,#9780,$);
#9060=AXIS2_PLACEMENT_3D('',#10502,#9781,$);
#9061=AXIS2_PLACEMENT_3D('',#10503,#9782,$);
#9062=AXIS2_PLACEMENT_3D('',#10504,#9783,$);
#9063=AXIS2_PLACEMENT_3D('',#10505,#9784,$);
#9064=AXIS2_PLACEMENT_3D('',#10506,#9785,$);
#9065=AXIS2_PLACEMENT_3D('',#10507,#9786,$);
#9066=AXIS2_PLACEMENT_3D('',#10508,#9787,$);
#9067=AXIS2_PLACEMENT_3D('',#10509,#9788,$);
#9068=AXIS2_PLACEMENT_3D('',#10510,#9789,$);
#9069=AXIS2_PLACEMENT_3D('',#10511,#9790,$);
#9070=AXIS2_PLACEMENT_3D('',#10512,#9791,$);
#9071=AXIS2_PLACEMENT_3D('',#10513,#9792,$);
#9072=AXIS2_PLACEMENT_3D('',#10514,#9793,$);
#9073=AXIS2_PLACEMENT_3D('',#10515,#9794,$);
#9074=AXIS2_PLACEMENT_3D('',#10516,#9795,$);
#9075=AXIS2_PLACEMENT_3D('',#10517,#9796,$);
#9076=AXIS2_PLACEMENT_3D('',#10518,#9797,$);
#9077=AXIS2_PLACEMENT_3D('',#10519,#9798,$);
#9078=AXIS2_PLACEMENT_3D('',#10520,#9799,$);
#9079=AXIS2_PLACEMENT_3D('',#10521,#9800,$);
#9080=AXIS2_PLACEMENT_3D('',#10522,#9801,$);
#9081=AXIS2_PLACEMENT_3D('',#10523,#9802,$);
#9082=AXIS2_PLACEMENT_3D('',#10524,#9803,$);
#9083=AXIS2_PLACEMENT_3D('',#10525,#9804,$);
#9084=AXIS2_PLACEMENT_3D('',#10526,#9805,$);
#9085=AXIS2_PLACEMENT_3D('',#10527,#9806,$);
#9086=AXIS2_PLACEMENT_3D('',#10528,#9807,$);
#9087=AXIS2_PLACEMENT_3D('',#10529,#9808,$);
#9088=AXIS2_PLACEMENT_3D('',#10530,#9809,$);
#9089=AXIS2_PLACEMENT_3D('',#10531,#9810,$);
#9090=AXIS2_PLACEMENT_3D('',#10532,#9811,$);
#9091=AXIS2_PLACEMENT_3D('',#10533,#9812,$);
#9092=AXIS2_PLACEMENT_3D('',#10534,#9813,$);
#9093=AXIS2_PLACEMENT_3D('',#10535,#9814,$);
#9094=AXIS2_PLACEMENT_3D('',#10536,#9815,$);
#9095=AXIS2_PLACEMENT_3D('',#10537,#9816,$);
#9096=AXIS2_PLACEMENT_3D('',#10538,#9817,$);
#9097=AXIS2_PLACEMENT_3D('',#10539,#9818,$);
#9098=AXIS2_PLACEMENT_3D('',#10540,#9819,$);
#9099=AXIS2_PLACEMENT_3D('',#10541,#9820,$);
#9100=AXIS2_PLACEMENT_3D('',#10542,#9821,$);
#9101=AXIS2_PLACEMENT_3D('',#10543,#9822,$);
#9102=AXIS2_PLACEMENT_3D('',#10544,#9823,$);
#9103=AXIS2_PLACEMENT_3D('',#10545,#9824,$);
#9104=AXIS2_PLACEMENT_3D('',#10546,#9825,$);
#9105=AXIS2_PLACEMENT_3D('',#10547,#9826,$);
#9106=AXIS2_PLACEMENT_3D('',#10548,#9827,$);
#9107=AXIS2_PLACEMENT_3D('',#10549,#9828,$);
#9108=AXIS2_PLACEMENT_3D('',#10550,#9829,$);
#9109=AXIS2_PLACEMENT_3D('',#10551,#9830,$);
#9110=AXIS2_PLACEMENT_3D('',#10552,#9831,$);
#9111=AXIS2_PLACEMENT_3D('',#10553,#9832,$);
#9112=AXIS2_PLACEMENT_3D('',#10554,#9833,$);
#9113=AXIS2_PLACEMENT_3D('',#10555,#9834,$);
#9114=AXIS2_PLACEMENT_3D('',#10556,#9835,$);
#9115=AXIS2_PLACEMENT_3D('',#10557,#9836,$);
#9116=AXIS2_PLACEMENT_3D('',#10558,#9837,$);
#9117=AXIS2_PLACEMENT_3D('',#10559,#9838,$);
#9118=AXIS2_PLACEMENT_3D('',#10560,#9839,$);
#9119=AXIS2_PLACEMENT_3D('',#10561,#9840,$);
#9120=AXIS2_PLACEMENT_3D('',#10562,#9841,$);
#9121=AXIS2_PLACEMENT_3D('',#10563,#9842,$);
#9122=AXIS2_PLACEMENT_3D('',#10564,#9843,$);
#9123=AXIS2_PLACEMENT_3D('',#10565,#9844,$);
#9124=AXIS2_PLACEMENT_3D('',#10566,#9845,$);
#9125=AXIS2_PLACEMENT_3D('',#10567,#9846,$);
#9126=AXIS2_PLACEMENT_3D('',#10568,#9847,$);
#9127=AXIS2_PLACEMENT_3D('',#10569,#9848,$);
#9128=AXIS2_PLACEMENT_3D('',#10570,#9849,$);
#9129=AXIS2_PLACEMENT_3D('',#10571,#9850,$);
#9130=AXIS2_PLACEMENT_3D('',#10572,#9851,$);
#9131=AXIS2_PLACEMENT_3D('',#10573,#9852,$);
#9132=AXIS2_PLACEMENT_3D('',#10574,#9853,$);
#9133=AXIS2_PLACEMENT_3D('',#10575,#9854,$);
#9134=AXIS2_PLACEMENT_3D('',#10576,#9855,$);
#9135=AXIS2_PLACEMENT_3D('',#10577,#9856,$);
#9136=AXIS2_PLACEMENT_3D('',#10578,#9857,$);
#9137=AXIS2_PLACEMENT_3D('',#10579,#9858,$);
#9138=AXIS2_PLACEMENT_3D('',#10580,#9859,$);
#9139=AXIS2_PLACEMENT_3D('',#10581,#9860,$);
#9140=AXIS2_PLACEMENT_3D('',#10582,#9861,$);
#9141=AXIS2_PLACEMENT_3D('',#10583,#9862,$);
#9142=AXIS2_PLACEMENT_3D('',#10584,#9863,$);
#9143=AXIS2_PLACEMENT_3D('',#10585,#9864,$);
#9144=AXIS2_PLACEMENT_3D('',#10586,#9865,$);
#9145=AXIS2_PLACEMENT_3D('',#10587,#9866,$);
#9146=AXIS2_PLACEMENT_3D('',#10588,#9867,$);
#9147=AXIS2_PLACEMENT_3D('',#10589,#9868,$);
#9148=AXIS2_PLACEMENT_3D('',#10590,#9869,$);
#9149=AXIS2_PLACEMENT_3D('',#10591,#9870,$);
#9150=AXIS2_PLACEMENT_3D('',#10592,#9871,$);
#9151=AXIS2_PLACEMENT_3D('',#10593,#9872,$);
#9152=AXIS2_PLACEMENT_3D('',#10594,#9873,$);
#9153=AXIS2_PLACEMENT_3D('',#10595,#9874,$);
#9154=AXIS2_PLACEMENT_3D('',#10596,#9875,$);
#9155=AXIS2_PLACEMENT_3D('',#10597,#9876,$);
#9156=AXIS2_PLACEMENT_3D('',#10598,#9877,$);
#9157=AXIS2_PLACEMENT_3D('',#10599,#9878,$);
#9158=AXIS2_PLACEMENT_3D('',#10600,#9879,$);
#9159=AXIS2_PLACEMENT_3D('',#10601,#9880,$);
#9160=AXIS2_PLACEMENT_3D('',#10602,#9881,$);
#9161=AXIS2_PLACEMENT_3D('',#10603,#9882,$);
#9162=AXIS2_PLACEMENT_3D('',#10604,#9883,$);
#9163=AXIS2_PLACEMENT_3D('',#10605,#9884,$);
#9164=AXIS2_PLACEMENT_3D('',#10606,#9885,$);
#9165=AXIS2_PLACEMENT_3D('',#10607,#9886,$);
#9166=AXIS2_PLACEMENT_3D('',#10608,#9887,$);
#9167=AXIS2_PLACEMENT_3D('',#10609,#9888,$);
#9168=AXIS2_PLACEMENT_3D('',#10610,#9889,$);
#9169=AXIS2_PLACEMENT_3D('',#10611,#9890,$);
#9170=AXIS2_PLACEMENT_3D('',#10612,#9891,$);
#9171=AXIS2_PLACEMENT_3D('',#10613,#9892,$);
#9172=AXIS2_PLACEMENT_3D('',#10614,#9893,$);
#9173=AXIS2_PLACEMENT_3D('',#10615,#9894,$);
#9174=AXIS2_PLACEMENT_3D('',#10616,#9895,$);
#9175=AXIS2_PLACEMENT_3D('',#10617,#9896,$);
#9176=AXIS2_PLACEMENT_3D('',#10618,#9897,$);
#9177=AXIS2_PLACEMENT_3D('',#10619,#9898,$);
#9178=AXIS2_PLACEMENT_3D('',#10624,#9899,$);
#9179=AXIS2_PLACEMENT_3D('',#10625,#9900,$);
#9180=AXIS2_PLACEMENT_3D('',#10626,#9901,$);
#9181=AXIS2_PLACEMENT_3D('',#10627,#9902,$);
#9182=AXIS2_PLACEMENT_3D('',#10628,#9903,$);
#9183=AXIS2_PLACEMENT_3D('',#10629,#9904,$);
#9184=AXIS2_PLACEMENT_3D('',#10630,#9905,$);
#9185=AXIS2_PLACEMENT_3D('',#10631,#9906,$);
#9186=AXIS2_PLACEMENT_3D('',#10632,#9907,$);
#9187=AXIS2_PLACEMENT_3D('',#10637,#9908,$);
#9188=AXIS2_PLACEMENT_3D('',#10642,#9909,$);
#9189=AXIS2_PLACEMENT_3D('',#10643,#9910,$);
#9190=AXIS2_PLACEMENT_3D('',#10644,#9911,$);
#9191=AXIS2_PLACEMENT_3D('',#10645,#9912,$);
#9192=AXIS2_PLACEMENT_3D('',#10646,#9913,$);
#9193=AXIS2_PLACEMENT_3D('',#10651,#9914,$);
#9194=AXIS2_PLACEMENT_3D('',#10652,#9915,$);
#9195=AXIS2_PLACEMENT_3D('',#10653,#9916,$);
#9196=AXIS2_PLACEMENT_3D('',#10654,#9917,$);
#9197=AXIS2_PLACEMENT_3D('',#10655,#9918,$);
#9198=AXIS2_PLACEMENT_3D('',#10656,#9919,$);
#9199=AXIS2_PLACEMENT_3D('',#10657,#9920,$);
#9200=AXIS2_PLACEMENT_3D('',#10658,#9921,$);
#9201=AXIS2_PLACEMENT_3D('',#10659,#9922,$);
#9202=AXIS2_PLACEMENT_3D('',#10664,#9923,$);
#9203=AXIS2_PLACEMENT_3D('',#10665,#9924,$);
#9204=AXIS2_PLACEMENT_3D('',#10666,#9925,$);
#9205=AXIS2_PLACEMENT_3D('',#10667,#9926,$);
#9206=AXIS2_PLACEMENT_3D('',#10668,#9927,$);
#9207=AXIS2_PLACEMENT_3D('',#10669,#9928,$);
#9208=AXIS2_PLACEMENT_3D('',#10670,#9929,$);
#9209=AXIS2_PLACEMENT_3D('',#10671,#9930,$);
#9210=AXIS2_PLACEMENT_3D('',#10672,#9931,$);
#9211=AXIS2_PLACEMENT_3D('',#10673,#9932,$);
#9212=AXIS2_PLACEMENT_3D('',#10674,#9933,$);
#9213=AXIS2_PLACEMENT_3D('',#10679,#9934,$);
#9214=AXIS2_PLACEMENT_3D('',#10688,#9935,$);
#9215=AXIS2_PLACEMENT_3D('',#10689,#9936,$);
#9216=AXIS2_PLACEMENT_3D('',#10690,#9937,$);
#9217=AXIS2_PLACEMENT_3D('',#10691,#9938,$);
#9218=AXIS2_PLACEMENT_3D('',#10692,#9939,$);
#9219=AXIS2_PLACEMENT_3D('',#10693,#9940,$);
#9220=AXIS2_PLACEMENT_3D('',#10694,#9941,$);
#9221=AXIS2_PLACEMENT_3D('',#10695,#9942,$);
#9222=AXIS2_PLACEMENT_3D('',#10700,#9943,$);
#9223=AXIS2_PLACEMENT_3D('',#10705,#9944,$);
#9224=AXIS2_PLACEMENT_3D('',#10706,#9945,$);
#9225=AXIS2_PLACEMENT_3D('',#10707,#9946,$);
#9226=AXIS2_PLACEMENT_3D('',#10708,#9947,$);
#9227=AXIS2_PLACEMENT_3D('',#10709,#9948,$);
#9228=AXIS2_PLACEMENT_3D('',#10710,#9949,$);
#9229=AXIS2_PLACEMENT_3D('',#10711,#9950,$);
#9230=AXIS2_PLACEMENT_3D('',#10712,#9951,$);
#9231=AXIS2_PLACEMENT_3D('',#10713,#9952,$);
#9232=AXIS2_PLACEMENT_3D('',#10714,#9953,$);
#9233=AXIS2_PLACEMENT_3D('',#10715,#9954,$);
#9234=AXIS2_PLACEMENT_3D('',#10716,#9955,$);
#9235=AXIS2_PLACEMENT_3D('',#10717,#9956,$);
#9236=AXIS2_PLACEMENT_3D('',#10718,#9957,$);
#9237=AXIS2_PLACEMENT_3D('',#10719,#9958,$);
#9238=AXIS2_PLACEMENT_3D('',#10720,#9959,$);
#9239=AXIS2_PLACEMENT_3D('',#10721,#9960,$);
#9240=AXIS2_PLACEMENT_3D('',#10722,#9961,$);
#9241=AXIS2_PLACEMENT_3D('',#10723,#9962,$);
#9242=AXIS2_PLACEMENT_3D('',#10724,#9963,$);
#9243=AXIS2_PLACEMENT_3D('',#10725,#9964,$);
#9244=AXIS2_PLACEMENT_3D('',#10726,#9965,$);
#9245=AXIS2_PLACEMENT_3D('',#10727,#9966,$);
#9246=AXIS2_PLACEMENT_3D('',#10728,#9967,$);
#9247=AXIS2_PLACEMENT_3D('',#10729,#9968,$);
#9248=AXIS2_PLACEMENT_3D('',#10730,#9969,$);
#9249=AXIS2_PLACEMENT_3D('',#10731,#9970,$);
#9250=AXIS2_PLACEMENT_3D('',#10732,#9971,$);
#9251=AXIS2_PLACEMENT_3D('',#10733,#9972,$);
#9252=AXIS2_PLACEMENT_3D('',#10734,#9973,$);
#9253=AXIS2_PLACEMENT_3D('',#10735,#9974,$);
#9254=AXIS2_PLACEMENT_3D('',#10740,#9975,$);
#9255=AXIS2_PLACEMENT_3D('',#10745,#9976,$);
#9256=AXIS2_PLACEMENT_3D('',#10746,#9977,$);
#9257=AXIS2_PLACEMENT_3D('',#10751,#9978,$);
#9258=AXIS2_PLACEMENT_3D('',#10752,#9979,$);
#9259=AXIS2_PLACEMENT_3D('',#10753,#9980,$);
#9260=AXIS2_PLACEMENT_3D('',#10754,#9981,$);
#9261=AXIS2_PLACEMENT_3D('',#10755,#9982,$);
#9262=AXIS2_PLACEMENT_3D('',#10756,#9983,$);
#9263=AXIS2_PLACEMENT_3D('',#10757,#9984,$);
#9264=AXIS2_PLACEMENT_3D('',#10762,#9985,$);
#9265=AXIS2_PLACEMENT_3D('',#10763,#9986,$);
#9266=AXIS2_PLACEMENT_3D('',#10764,#9987,$);
#9267=AXIS2_PLACEMENT_3D('',#10765,#9988,$);
#9268=AXIS2_PLACEMENT_3D('',#10766,#9989,$);
#9269=AXIS2_PLACEMENT_3D('',#10767,#9990,$);
#9270=AXIS2_PLACEMENT_3D('',#10768,#9991,$);
#9271=AXIS2_PLACEMENT_3D('',#10769,#9992,$);
#9272=AXIS2_PLACEMENT_3D('',#10774,#9993,$);
#9273=AXIS2_PLACEMENT_3D('',#10775,#9994,$);
#9274=AXIS2_PLACEMENT_3D('',#10776,#9995,$);
#9275=AXIS2_PLACEMENT_3D('',#10777,#9996,$);
#9276=AXIS2_PLACEMENT_3D('',#10778,#9997,$);
#9277=AXIS2_PLACEMENT_3D('',#10783,#9998,$);
#9278=AXIS2_PLACEMENT_3D('',#10788,#9999,$);
#9279=AXIS2_PLACEMENT_3D('',#10789,#10000,$);
#9280=AXIS2_PLACEMENT_3D('',#10790,#10001,$);
#9281=AXIS2_PLACEMENT_3D('',#10791,#10002,$);
#9282=AXIS2_PLACEMENT_3D('',#10796,#10003,$);
#9283=AXIS2_PLACEMENT_3D('',#10797,#10004,$);
#9284=AXIS2_PLACEMENT_3D('',#10798,#10005,$);
#9285=AXIS2_PLACEMENT_3D('',#10799,#10006,$);
#9286=AXIS2_PLACEMENT_3D('',#10800,#10007,$);
#9287=AXIS2_PLACEMENT_3D('',#10805,#10008,$);
#9288=AXIS2_PLACEMENT_3D('',#10806,#10009,$);
#9289=AXIS2_PLACEMENT_3D('',#10807,#10010,$);
#9290=AXIS2_PLACEMENT_3D('',#10812,#10011,$);
#9291=AXIS2_PLACEMENT_3D('',#10813,#10012,$);
#9292=AXIS2_PLACEMENT_3D('',#10814,#10013,$);
#9293=AXIS2_PLACEMENT_3D('',#10815,#10014,$);
#9294=AXIS2_PLACEMENT_3D('',#10816,#10015,$);
#9295=AXIS2_PLACEMENT_3D('',#10817,#10016,$);
#9296=AXIS2_PLACEMENT_3D('',#10818,#10017,$);
#9297=AXIS2_PLACEMENT_3D('',#10819,#10018,$);
#9298=AXIS2_PLACEMENT_3D('',#10820,#10019,$);
#9299=AXIS2_PLACEMENT_3D('',#10821,#10020,$);
#9300=AXIS2_PLACEMENT_3D('',#10826,#10021,$);
#9301=AXIS2_PLACEMENT_3D('',#10827,#10022,$);
#9302=AXIS2_PLACEMENT_3D('',#10828,#10023,$);
#9303=AXIS2_PLACEMENT_3D('',#10829,#10024,$);
#9304=AXIS2_PLACEMENT_3D('',#10830,#10025,$);
#9305=AXIS2_PLACEMENT_3D('',#10835,#10026,$);
#9306=AXIS2_PLACEMENT_3D('',#10840,#10027,$);
#9307=AXIS2_PLACEMENT_3D('',#10841,#10028,$);
#9308=AXIS2_PLACEMENT_3D('',#10842,#10029,$);
#9309=AXIS2_PLACEMENT_3D('',#10847,#10030,$);
#9310=AXIS2_PLACEMENT_3D('',#10848,#10031,$);
#9311=AXIS2_PLACEMENT_3D('',#10849,#10032,$);
#9312=AXIS2_PLACEMENT_3D('',#10850,#10033,$);
#9313=AXIS2_PLACEMENT_3D('',#10851,#10034,$);
#9314=AXIS2_PLACEMENT_3D('',#10852,#10035,$);
#9315=AXIS2_PLACEMENT_3D('',#10853,#10036,$);
#9316=AXIS2_PLACEMENT_3D('',#10866,#10037,$);
#9317=AXIS2_PLACEMENT_3D('',#10867,#10038,$);
#9318=AXIS2_PLACEMENT_3D('',#10868,#10039,$);
#9319=AXIS2_PLACEMENT_3D('',#10873,#10040,$);
#9320=AXIS2_PLACEMENT_3D('',#10882,#10041,$);
#9321=AXIS2_PLACEMENT_3D('',#10931,#10042,$);
#9322=AXIS2_PLACEMENT_3D('',#10932,#10043,$);
#9323=AXIS2_PLACEMENT_3D('',#10933,#10044,$);
#9324=AXIS2_PLACEMENT_3D('',#10934,#10045,$);
#9325=AXIS2_PLACEMENT_3D('',#10935,#10046,$);
#9326=AXIS2_PLACEMENT_3D('',#10936,#10047,$);
#9327=AXIS2_PLACEMENT_3D('',#10937,#10048,$);
#9328=AXIS2_PLACEMENT_3D('',#10938,#10049,$);
#9329=AXIS2_PLACEMENT_3D('',#10939,#10050,$);
#9330=AXIS2_PLACEMENT_3D('',#10940,#10051,$);
#9331=AXIS2_PLACEMENT_3D('',#10941,#10052,$);
#9332=AXIS2_PLACEMENT_3D('',#10942,#10053,$);
#9333=AXIS2_PLACEMENT_3D('',#10943,#10054,$);
#9334=AXIS2_PLACEMENT_3D('',#10944,#10055,$);
#9335=AXIS2_PLACEMENT_3D('',#10945,#10056,$);
#9336=AXIS2_PLACEMENT_3D('',#10946,#10057,$);
#9337=AXIS2_PLACEMENT_3D('',#10947,#10058,$);
#9338=AXIS2_PLACEMENT_3D('',#10948,#10059,$);
#9339=AXIS2_PLACEMENT_3D('',#10949,#10060,$);
#9340=AXIS2_PLACEMENT_3D('',#10950,#10061,$);
#9341=AXIS2_PLACEMENT_3D('',#10951,#10062,$);
#9342=AXIS2_PLACEMENT_3D('',#10952,#10063,$);
#9343=AXIS2_PLACEMENT_3D('',#10953,#10064,$);
#9344=AXIS2_PLACEMENT_3D('',#10954,#10065,$);
#9345=AXIS2_PLACEMENT_3D('',#10955,#10066,$);
#9346=AXIS2_PLACEMENT_3D('',#10956,#10067,$);
#9347=AXIS2_PLACEMENT_3D('',#10957,#10068,$);
#9348=AXIS2_PLACEMENT_3D('',#10958,#10069,$);
#9349=AXIS2_PLACEMENT_3D('',#10959,#10070,$);
#9350=AXIS2_PLACEMENT_3D('',#10960,#10071,$);
#9351=AXIS2_PLACEMENT_3D('',#10961,#10072,$);
#9352=AXIS2_PLACEMENT_3D('',#10962,#10073,$);
#9353=AXIS2_PLACEMENT_3D('',#10963,#10074,$);
#9354=AXIS2_PLACEMENT_3D('',#10964,#10075,$);
#9355=AXIS2_PLACEMENT_3D('',#10965,#10076,$);
#9356=AXIS2_PLACEMENT_3D('',#10966,#10077,$);
#9357=AXIS2_PLACEMENT_3D('',#10967,#10078,$);
#9358=AXIS2_PLACEMENT_3D('',#10968,#10079,$);
#9359=AXIS2_PLACEMENT_3D('',#10969,#10080,$);
#9360=AXIS2_PLACEMENT_3D('',#10970,#10081,$);
#9361=AXIS2_PLACEMENT_3D('',#10971,#10082,$);
#9362=AXIS2_PLACEMENT_3D('',#10972,#10083,$);
#9363=AXIS2_PLACEMENT_3D('',#10973,#10084,$);
#9364=AXIS2_PLACEMENT_3D('',#10974,#10085,$);
#9365=AXIS2_PLACEMENT_3D('',#10975,#10086,$);
#9366=AXIS2_PLACEMENT_3D('',#10976,#10087,$);
#9367=AXIS2_PLACEMENT_3D('',#10977,#10088,$);
#9368=AXIS2_PLACEMENT_3D('',#10978,#10089,$);
#9369=AXIS2_PLACEMENT_3D('',#10979,#10090,$);
#9370=AXIS2_PLACEMENT_3D('',#10980,#10091,$);
#9371=AXIS2_PLACEMENT_3D('',#10981,#10092,$);
#9372=AXIS2_PLACEMENT_3D('',#10982,#10093,$);
#9373=AXIS2_PLACEMENT_3D('',#10983,#10094,$);
#9374=AXIS2_PLACEMENT_3D('',#10984,#10095,$);
#9375=AXIS2_PLACEMENT_3D('',#10985,#10096,$);
#9376=AXIS2_PLACEMENT_3D('',#10986,#10097,$);
#9377=AXIS2_PLACEMENT_3D('',#10987,#10098,$);
#9378=AXIS2_PLACEMENT_3D('',#10988,#10099,$);
#9379=AXIS2_PLACEMENT_3D('',#10989,#10100,$);
#9380=AXIS2_PLACEMENT_3D('',#10990,#10101,$);
#9381=AXIS2_PLACEMENT_3D('',#10991,#10102,$);
#9382=AXIS2_PLACEMENT_3D('',#10992,#10103,$);
#9383=AXIS2_PLACEMENT_3D('',#10993,#10104,$);
#9384=AXIS2_PLACEMENT_3D('',#10994,#10105,$);
#9385=AXIS2_PLACEMENT_3D('',#10995,#10106,$);
#9386=AXIS2_PLACEMENT_3D('',#10996,#10107,$);
#9387=AXIS2_PLACEMENT_3D('',#10997,#10108,$);
#9388=AXIS2_PLACEMENT_3D('',#10998,#10109,$);
#9389=AXIS2_PLACEMENT_3D('',#10999,#10110,$);
#9390=AXIS2_PLACEMENT_3D('',#11000,#10111,$);
#9391=AXIS2_PLACEMENT_3D('',#11001,#10112,$);
#9392=AXIS2_PLACEMENT_3D('',#11002,#10113,$);
#9393=AXIS2_PLACEMENT_3D('',#11003,#10114,$);
#9394=AXIS2_PLACEMENT_3D('',#11004,#10115,$);
#9395=AXIS2_PLACEMENT_3D('',#11005,#10116,$);
#9396=AXIS2_PLACEMENT_3D('',#11006,#10117,$);
#9397=AXIS2_PLACEMENT_3D('',#11007,#10118,$);
#9398=AXIS2_PLACEMENT_3D('',#11008,#10119,$);
#9399=AXIS2_PLACEMENT_3D('',#11009,#10120,$);
#9400=AXIS2_PLACEMENT_3D('',#11010,#10121,$);
#9401=AXIS2_PLACEMENT_3D('',#11011,#10122,$);
#9402=AXIS2_PLACEMENT_3D('',#11012,#10123,$);
#9403=AXIS2_PLACEMENT_3D('',#11013,#10124,$);
#9404=AXIS2_PLACEMENT_3D('',#11014,#10125,$);
#9405=AXIS2_PLACEMENT_3D('',#11015,#10126,$);
#9406=AXIS2_PLACEMENT_3D('',#11016,#10127,$);
#9407=AXIS2_PLACEMENT_3D('',#11017,#10128,$);
#9408=AXIS2_PLACEMENT_3D('',#11018,#10129,$);
#9409=AXIS2_PLACEMENT_3D('',#11019,#10130,$);
#9410=AXIS2_PLACEMENT_3D('',#11020,#10131,$);
#9411=AXIS2_PLACEMENT_3D('',#11021,#10132,$);
#9412=AXIS2_PLACEMENT_3D('',#11022,#10133,$);
#9413=AXIS2_PLACEMENT_3D('',#11023,#10134,$);
#9414=AXIS2_PLACEMENT_3D('',#11024,#10135,$);
#9415=AXIS2_PLACEMENT_3D('',#11025,#10136,$);
#9416=AXIS2_PLACEMENT_3D('',#11026,#10137,$);
#9417=AXIS2_PLACEMENT_3D('',#11027,#10138,$);
#9418=AXIS2_PLACEMENT_3D('',#11028,#10139,$);
#9419=AXIS2_PLACEMENT_3D('',#11029,#10140,$);
#9420=AXIS2_PLACEMENT_3D('',#11030,#10141,$);
#9421=AXIS2_PLACEMENT_3D('',#11031,#10142,$);
#9422=AXIS2_PLACEMENT_3D('',#11032,#10143,$);
#9423=AXIS2_PLACEMENT_3D('',#11033,#10144,$);
#9424=AXIS2_PLACEMENT_3D('',#11034,#10145,$);
#9425=AXIS2_PLACEMENT_3D('',#11035,#10146,$);
#9426=AXIS2_PLACEMENT_3D('',#11036,#10147,$);
#9427=AXIS2_PLACEMENT_3D('',#11037,#10148,$);
#9428=AXIS2_PLACEMENT_3D('',#11038,#10149,$);
#9429=AXIS2_PLACEMENT_3D('',#11039,#10150,$);
#9430=AXIS2_PLACEMENT_3D('',#11040,#10151,$);
#9431=AXIS2_PLACEMENT_3D('',#11041,#10152,$);
#9432=AXIS2_PLACEMENT_3D('',#11042,#10153,$);
#9433=AXIS2_PLACEMENT_3D('',#11043,#10154,$);
#9434=AXIS2_PLACEMENT_3D('',#11044,#10155,$);
#9435=AXIS2_PLACEMENT_3D('',#11045,#10156,$);
#9436=AXIS2_PLACEMENT_3D('',#11046,#10157,$);
#9437=AXIS2_PLACEMENT_3D('',#11047,#10158,$);
#9438=AXIS2_PLACEMENT_3D('',#11048,#10159,$);
#9439=AXIS2_PLACEMENT_3D('',#11049,#10160,$);
#9440=AXIS2_PLACEMENT_3D('',#11050,#10161,$);
#9441=AXIS2_PLACEMENT_3D('',#11051,#10162,$);
#9442=AXIS2_PLACEMENT_3D('',#11052,#10163,$);
#9443=AXIS2_PLACEMENT_3D('',#11053,#10164,$);
#9444=AXIS2_PLACEMENT_3D('',#11054,#10165,$);
#9445=AXIS2_PLACEMENT_3D('',#11055,#10166,$);
#9446=AXIS2_PLACEMENT_3D('',#11056,#10167,$);
#9447=AXIS2_PLACEMENT_3D('',#11057,#10168,$);
#9448=AXIS2_PLACEMENT_3D('',#11058,#10169,$);
#9449=AXIS2_PLACEMENT_3D('',#11059,#10170,$);
#9450=AXIS2_PLACEMENT_3D('',#11060,#10171,$);
#9451=AXIS2_PLACEMENT_3D('',#11061,#10172,$);
#9452=AXIS2_PLACEMENT_3D('',#11062,#10173,$);
#9453=AXIS2_PLACEMENT_3D('',#11063,#10174,$);
#9454=AXIS2_PLACEMENT_3D('',#11064,#10175,$);
#9455=AXIS2_PLACEMENT_3D('',#11065,#10176,$);
#9456=AXIS2_PLACEMENT_3D('',#11066,#10177,$);
#9457=AXIS2_PLACEMENT_3D('',#11067,#10178,$);
#9458=AXIS2_PLACEMENT_3D('',#11068,#10179,$);
#9459=AXIS2_PLACEMENT_3D('',#11069,#10180,$);
#9460=AXIS2_PLACEMENT_3D('',#11070,#10181,$);
#9461=AXIS2_PLACEMENT_3D('',#11071,#10182,$);
#9462=AXIS2_PLACEMENT_3D('',#11072,#10183,$);
#9463=AXIS2_PLACEMENT_3D('',#11073,#10184,$);
#9464=AXIS2_PLACEMENT_3D('',#11074,#10185,$);
#9465=AXIS2_PLACEMENT_3D('',#11075,#10186,$);
#9466=AXIS2_PLACEMENT_3D('',#11076,#10187,$);
#9467=AXIS2_PLACEMENT_3D('',#11077,#10188,$);
#9468=AXIS2_PLACEMENT_3D('',#11078,#10189,$);
#9469=AXIS2_PLACEMENT_3D('',#11079,#10190,$);
#9470=AXIS2_PLACEMENT_3D('',#11080,#10191,$);
#9471=AXIS2_PLACEMENT_3D('',#11081,#10192,$);
#9472=AXIS2_PLACEMENT_3D('',#11082,#10193,$);
#9473=AXIS2_PLACEMENT_3D('',#11083,#10194,$);
#9474=AXIS2_PLACEMENT_3D('',#11084,#10195,$);
#9475=AXIS2_PLACEMENT_3D('',#11085,#10196,$);
#9476=AXIS2_PLACEMENT_3D('',#11086,#10197,$);
#9477=AXIS2_PLACEMENT_3D('',#11087,#10198,$);
#9478=AXIS2_PLACEMENT_3D('',#11088,#10199,$);
#9479=AXIS2_PLACEMENT_3D('',#11089,#10200,$);
#9480=AXIS2_PLACEMENT_3D('',#11090,#10201,$);
#9481=AXIS2_PLACEMENT_3D('',#11091,#10202,$);
#9482=AXIS2_PLACEMENT_3D('',#11092,#10203,$);
#9483=AXIS2_PLACEMENT_3D('',#11093,#10204,$);
#9484=AXIS2_PLACEMENT_3D('',#11094,#10205,$);
#9485=AXIS2_PLACEMENT_3D('',#11095,#10206,$);
#9486=AXIS2_PLACEMENT_3D('',#11096,#10207,$);
#9487=AXIS2_PLACEMENT_3D('',#11097,#10208,$);
#9488=AXIS2_PLACEMENT_3D('',#11098,#10209,$);
#9489=AXIS2_PLACEMENT_3D('',#11099,#10210,$);
#9490=AXIS2_PLACEMENT_3D('',#11100,#10211,$);
#9491=AXIS2_PLACEMENT_3D('',#11101,#10212,$);
#9492=AXIS2_PLACEMENT_3D('',#11102,#10213,$);
#9493=AXIS2_PLACEMENT_3D('',#11103,#10214,$);
#9494=AXIS2_PLACEMENT_3D('',#11104,#10215,$);
#9495=AXIS2_PLACEMENT_3D('',#11105,#10216,$);
#9496=AXIS2_PLACEMENT_3D('',#11106,#10217,$);
#9497=AXIS2_PLACEMENT_3D('',#11107,#10218,$);
#9498=AXIS2_PLACEMENT_3D('',#11108,#10219,$);
#9499=AXIS2_PLACEMENT_3D('',#11109,#10220,$);
#9500=AXIS2_PLACEMENT_3D('',#11110,#10221,$);
#9501=AXIS2_PLACEMENT_3D('',#11111,#10222,$);
#9502=AXIS2_PLACEMENT_3D('',#11112,#10223,$);
#9503=AXIS2_PLACEMENT_3D('',#11113,#10224,$);
#9504=AXIS2_PLACEMENT_3D('',#11114,#10225,$);
#9505=AXIS2_PLACEMENT_3D('',#11115,#10226,$);
#9506=AXIS2_PLACEMENT_3D('',#11116,#10227,$);
#9507=AXIS2_PLACEMENT_3D('',#11117,#10228,$);
#9508=AXIS2_PLACEMENT_3D('',#11118,#10229,$);
#9509=AXIS2_PLACEMENT_3D('',#11119,#10230,$);
#9510=AXIS2_PLACEMENT_3D('',#11120,#10231,$);
#9511=AXIS2_PLACEMENT_3D('',#11121,#10232,$);
#9512=AXIS2_PLACEMENT_3D('',#11122,#10233,$);
#9513=AXIS2_PLACEMENT_3D('',#11123,#10234,$);
#9514=AXIS2_PLACEMENT_3D('',#11124,#10235,$);
#9515=AXIS2_PLACEMENT_3D('',#11125,#10236,$);
#9516=AXIS2_PLACEMENT_3D('',#11126,#10237,$);
#9517=AXIS2_PLACEMENT_3D('',#11127,#10238,$);
#9518=AXIS2_PLACEMENT_3D('',#11128,#10239,$);
#9519=AXIS2_PLACEMENT_3D('',#11129,#10240,$);
#9520=AXIS2_PLACEMENT_3D('',#11130,#10241,$);
#9521=AXIS2_PLACEMENT_3D('',#11131,#10242,$);
#9522=AXIS2_PLACEMENT_3D('',#11132,#10243,$);
#9523=AXIS2_PLACEMENT_3D('',#11133,#10244,$);
#9524=AXIS2_PLACEMENT_3D('',#11134,#10245,$);
#9525=AXIS2_PLACEMENT_3D('',#11135,#10246,$);
#9526=AXIS2_PLACEMENT_3D('',#11136,#10247,$);
#9527=AXIS2_PLACEMENT_3D('',#11137,#10248,$);
#9528=AXIS2_PLACEMENT_3D('',#11138,#10249,$);
#9529=AXIS2_PLACEMENT_3D('',#11139,#10250,$);
#9530=AXIS2_PLACEMENT_3D('',#11140,#10251,$);
#9531=AXIS2_PLACEMENT_3D('',#11141,#10252,$);
#9532=AXIS2_PLACEMENT_3D('',#11142,#10253,$);
#9533=AXIS2_PLACEMENT_3D('',#11143,#10254,$);
#9534=AXIS2_PLACEMENT_3D('',#11144,#10255,$);
#9535=AXIS2_PLACEMENT_3D('',#11145,#10256,$);
#9536=AXIS2_PLACEMENT_3D('',#11146,#10257,$);
#9537=AXIS2_PLACEMENT_3D('',#11147,#10258,$);
#9538=AXIS2_PLACEMENT_3D('',#11148,#10259,$);
#9539=AXIS2_PLACEMENT_3D('',#11149,#10260,$);
#9540=AXIS2_PLACEMENT_3D('',#11150,#10261,$);
#9541=AXIS2_PLACEMENT_3D('',#11151,#10262,$);
#9542=AXIS2_PLACEMENT_3D('',#11152,#10263,$);
#9543=AXIS2_PLACEMENT_3D('',#11153,#10264,$);
#9544=AXIS2_PLACEMENT_3D('',#11154,#10265,$);
#9545=AXIS2_PLACEMENT_3D('',#11155,#10266,$);
#9546=AXIS2_PLACEMENT_3D('',#11156,#10267,$);
#9547=AXIS2_PLACEMENT_3D('',#11157,#10268,$);
#9548=AXIS2_PLACEMENT_3D('',#11158,#10269,$);
#9549=AXIS2_PLACEMENT_3D('',#11159,#10270,$);
#9550=AXIS2_PLACEMENT_3D('',#11160,#10271,$);
#9551=AXIS2_PLACEMENT_3D('',#11161,#10272,$);
#9552=AXIS2_PLACEMENT_3D('',#11162,#10273,$);
#9553=AXIS2_PLACEMENT_3D('',#11163,#10274,$);
#9554=AXIS2_PLACEMENT_3D('',#11164,#10275,$);
#9555=AXIS2_PLACEMENT_3D('',#11165,#10276,$);
#9556=AXIS2_PLACEMENT_3D('',#11166,#10277,$);
#9557=AXIS2_PLACEMENT_3D('',#11167,#10278,$);
#9558=AXIS2_PLACEMENT_3D('',#11168,#10279,$);
#9559=AXIS2_PLACEMENT_3D('',#11169,#10280,$);
#9560=AXIS2_PLACEMENT_3D('',#11170,#10281,$);
#9561=AXIS2_PLACEMENT_3D('',#11171,#10282,$);
#9562=AXIS2_PLACEMENT_3D('',#11172,#10283,$);
#9563=AXIS2_PLACEMENT_3D('',#11173,#10284,$);
#9564=AXIS2_PLACEMENT_3D('',#11174,#10285,$);
#9565=AXIS2_PLACEMENT_3D('',#11175,#10286,$);
#9566=AXIS2_PLACEMENT_3D('',#11176,#10287,$);
#9567=AXIS2_PLACEMENT_3D('',#11177,#10288,$);
#9568=AXIS2_PLACEMENT_3D('',#11178,#10289,$);
#9569=AXIS2_PLACEMENT_3D('',#11179,#10290,$);
#9570=AXIS2_PLACEMENT_3D('',#11180,#10291,$);
#9571=AXIS2_PLACEMENT_3D('',#11181,#10292,$);
#9572=AXIS2_PLACEMENT_3D('',#11186,#10293,$);
#9573=AXIS2_PLACEMENT_3D('',#11187,#10294,$);
#9574=AXIS2_PLACEMENT_3D('',#11188,#10295,$);
#9575=AXIS2_PLACEMENT_3D('',#11189,#10296,$);
#9576=AXIS2_PLACEMENT_3D('',#11190,#10297,$);
#9577=AXIS2_PLACEMENT_3D('',#11191,#10298,$);
#9578=AXIS2_PLACEMENT_3D('',#11192,#10299,$);
#9579=AXIS2_PLACEMENT_3D('',#11193,#10300,$);
#9580=AXIS2_PLACEMENT_3D('',#11194,#10301,$);
#9581=AXIS2_PLACEMENT_3D('',#11199,#10302,$);
#9582=AXIS2_PLACEMENT_3D('',#11204,#10303,$);
#9583=AXIS2_PLACEMENT_3D('',#11205,#10304,$);
#9584=AXIS2_PLACEMENT_3D('',#11206,#10305,$);
#9585=AXIS2_PLACEMENT_3D('',#11207,#10306,$);
#9586=AXIS2_PLACEMENT_3D('',#11208,#10307,$);
#9587=AXIS2_PLACEMENT_3D('',#11213,#10308,$);
#9588=AXIS2_PLACEMENT_3D('',#11214,#10309,$);
#9589=AXIS2_PLACEMENT_3D('',#11215,#10310,$);
#9590=AXIS2_PLACEMENT_3D('',#11216,#10311,$);
#9591=AXIS2_PLACEMENT_3D('',#11217,#10312,$);
#9592=AXIS2_PLACEMENT_3D('',#11218,#10313,$);
#9593=AXIS2_PLACEMENT_3D('',#11219,#10314,$);
#9594=AXIS2_PLACEMENT_3D('',#11220,#10315,$);
#9595=AXIS2_PLACEMENT_3D('',#11221,#10316,$);
#9596=AXIS2_PLACEMENT_3D('',#11226,#10317,$);
#9597=AXIS2_PLACEMENT_3D('',#11227,#10318,$);
#9598=AXIS2_PLACEMENT_3D('',#11228,#10319,$);
#9599=AXIS2_PLACEMENT_3D('',#11229,#10320,$);
#9600=AXIS2_PLACEMENT_3D('',#11230,#10321,$);
#9601=AXIS2_PLACEMENT_3D('',#11231,#10322,$);
#9602=AXIS2_PLACEMENT_3D('',#11232,#10323,$);
#9603=AXIS2_PLACEMENT_3D('',#11233,#10324,$);
#9604=AXIS2_PLACEMENT_3D('',#11234,#10325,$);
#9605=AXIS2_PLACEMENT_3D('',#11235,#10326,$);
#9606=AXIS2_PLACEMENT_3D('',#11236,#10327,$);
#9607=AXIS2_PLACEMENT_3D('',#11241,#10328,$);
#9608=AXIS2_PLACEMENT_3D('',#11250,#10329,$);
#9609=AXIS2_PLACEMENT_3D('',#11251,#10330,$);
#9610=AXIS2_PLACEMENT_3D('',#11252,#10331,$);
#9611=AXIS2_PLACEMENT_3D('',#11253,#10332,$);
#9612=AXIS2_PLACEMENT_3D('',#11254,#10333,$);
#9613=AXIS2_PLACEMENT_3D('',#11255,#10334,$);
#9614=AXIS2_PLACEMENT_3D('',#11256,#10335,$);
#9615=AXIS2_PLACEMENT_3D('',#11257,#10336,$);
#9616=AXIS2_PLACEMENT_3D('',#11262,#10337,$);
#9617=AXIS2_PLACEMENT_3D('',#11267,#10338,$);
#9618=AXIS2_PLACEMENT_3D('',#11268,#10339,$);
#9619=AXIS2_PLACEMENT_3D('',#11269,#10340,$);
#9620=AXIS2_PLACEMENT_3D('',#11270,#10341,$);
#9621=AXIS2_PLACEMENT_3D('',#11271,#10342,$);
#9622=AXIS2_PLACEMENT_3D($,#14398,#10343,#10344);
#9623=DIRECTION('',(0.,0.,1.));
#9624=DIRECTION('',(1.,0.,0.));
#9625=DIRECTION('',(0.,0.,1.));
#9626=DIRECTION('',(0.,0.,1.));
#9627=DIRECTION('',(0.,0.,1.));
#9628=DIRECTION('',(0.,0.,1.));
#9629=DIRECTION('',(0.,0.,1.));
#9630=DIRECTION('',(0.,0.,1.));
#9631=DIRECTION('',(0.,0.,1.));
#9632=DIRECTION('',(0.,0.,1.));
#9633=DIRECTION('',(0.,0.,1.));
#9634=DIRECTION('',(0.,0.,1.));
#9635=DIRECTION('',(0.,0.,1.));
#9636=DIRECTION('',(0.,0.,1.));
#9637=DIRECTION('',(0.,0.,1.));
#9638=DIRECTION('',(0.,0.,1.));
#9639=DIRECTION('',(0.,0.,1.));
#9640=DIRECTION('',(0.,0.,1.));
#9641=DIRECTION('',(0.,0.,1.));
#9642=DIRECTION('',(0.,0.,1.));
#9643=DIRECTION('',(0.,0.,1.));
#9644=DIRECTION('',(0.,0.,1.));
#9645=DIRECTION('',(0.,0.,1.));
#9646=DIRECTION('',(0.,0.,1.));
#9647=DIRECTION('',(0.,0.,1.));
#9648=DIRECTION('',(0.,0.,1.));
#9649=DIRECTION('',(0.,0.,1.));
#9650=DIRECTION('',(0.,0.,1.));
#9651=DIRECTION('',(0.,0.,1.));
#9652=DIRECTION('',(0.,0.,1.));
#9653=DIRECTION('',(0.,0.,1.));
#9654=DIRECTION('',(0.,0.,1.));
#9655=DIRECTION('',(0.,0.,1.));
#9656=DIRECTION('',(0.,0.,1.));
#9657=DIRECTION('',(0.,0.,1.));
#9658=DIRECTION('',(0.,0.,1.));
#9659=DIRECTION('',(0.,0.,1.));
#9660=DIRECTION('',(0.,0.,1.));
#9661=DIRECTION('',(0.,0.,1.));
#9662=DIRECTION('',(0.,0.,1.));
#9663=DIRECTION('',(0.,0.,1.));
#9664=DIRECTION('',(0.,0.,1.));
#9665=DIRECTION('',(0.,0.,1.));
#9666=DIRECTION('',(0.,0.,1.));
#9667=DIRECTION('',(0.,0.,1.));
#9668=DIRECTION('',(0.,0.,1.));
#9669=DIRECTION('',(0.,0.,1.));
#9670=DIRECTION('',(0.,0.,1.));
#9671=DIRECTION('',(0.,0.,1.));
#9672=DIRECTION('',(0.,0.,1.));
#9673=DIRECTION('',(0.,0.,1.));
#9674=DIRECTION('',(0.,0.,1.));
#9675=DIRECTION('',(0.,0.,1.));
#9676=DIRECTION('',(0.,0.,1.));
#9677=DIRECTION('',(0.,0.,1.));
#9678=DIRECTION('',(0.,0.,1.));
#9679=DIRECTION('',(0.,0.,1.));
#9680=DIRECTION('',(0.,0.,1.));
#9681=DIRECTION('',(0.,0.,1.));
#9682=DIRECTION('',(0.,0.,1.));
#9683=DIRECTION('',(0.,0.,1.));
#9684=DIRECTION('',(0.,0.,1.));
#9685=DIRECTION('',(0.,0.,1.));
#9686=DIRECTION('',(0.,0.,1.));
#9687=DIRECTION('',(0.,0.,1.));
#9688=DIRECTION('',(0.,0.,1.));
#9689=DIRECTION('',(0.,0.,1.));
#9690=DIRECTION('',(0.,0.,1.));
#9691=DIRECTION('',(0.,0.,1.));
#9692=DIRECTION('',(0.,0.,1.));
#9693=DIRECTION('',(0.,0.,1.));
#9694=DIRECTION('',(0.,0.,1.));
#9695=DIRECTION('',(0.,0.,1.));
#9696=DIRECTION('',(0.,0.,1.));
#9697=DIRECTION('',(0.,0.,1.));
#9698=DIRECTION('',(0.,0.,1.));
#9699=DIRECTION('',(0.,0.,1.));
#9700=DIRECTION('',(0.,0.,1.));
#9701=DIRECTION('',(0.,0.,1.));
#9702=DIRECTION('',(0.,0.,1.));
#9703=DIRECTION('',(0.,0.,1.));
#9704=DIRECTION('',(0.,0.,1.));
#9705=DIRECTION('',(0.,0.,1.));
#9706=DIRECTION('',(0.,0.,1.));
#9707=DIRECTION('',(0.,0.,1.));
#9708=DIRECTION('',(0.,0.,1.));
#9709=DIRECTION('',(0.,0.,1.));
#9710=DIRECTION('',(0.,0.,1.));
#9711=DIRECTION('',(0.,0.,1.));
#9712=DIRECTION('',(0.,0.,1.));
#9713=DIRECTION('',(0.,0.,1.));
#9714=DIRECTION('',(0.,0.,1.));
#9715=DIRECTION('',(0.,0.,1.));
#9716=DIRECTION('',(0.,0.,1.));
#9717=DIRECTION('',(0.,0.,1.));
#9718=DIRECTION('',(0.,0.,1.));
#9719=DIRECTION('',(0.,0.,1.));
#9720=DIRECTION('',(0.,0.,1.));
#9721=DIRECTION('',(0.,0.,1.));
#9722=DIRECTION('',(0.,0.,1.));
#9723=DIRECTION('',(0.,0.,1.));
#9724=DIRECTION('',(0.,0.,1.));
#9725=DIRECTION('',(0.,0.,1.));
#9726=DIRECTION('',(0.,0.,1.));
#9727=DIRECTION('',(0.,0.,1.));
#9728=DIRECTION('',(0.,0.,1.));
#9729=DIRECTION('',(0.,0.,1.));
#9730=DIRECTION('',(0.,0.,1.));
#9731=DIRECTION('',(0.,0.,1.));
#9732=DIRECTION('',(0.,0.,1.));
#9733=DIRECTION('',(0.,0.,1.));
#9734=DIRECTION('',(0.,0.,1.));
#9735=DIRECTION('',(0.,0.,-1.));
#9736=DIRECTION('',(0.,0.,-1.));
#9737=DIRECTION('',(0.,0.,-1.));
#9738=DIRECTION('',(0.,0.,-1.));
#9739=DIRECTION('',(0.,0.,-1.));
#9740=DIRECTION('',(0.,0.,-1.));
#9741=DIRECTION('',(0.,0.,-1.));
#9742=DIRECTION('',(0.,0.,-1.));
#9743=DIRECTION('',(0.,0.,-1.));
#9744=DIRECTION('',(0.,0.,-1.));
#9745=DIRECTION('',(0.,0.,-1.));
#9746=DIRECTION('',(0.,0.,-1.));
#9747=DIRECTION('',(0.,0.,-1.));
#9748=DIRECTION('',(0.,0.,-1.));
#9749=DIRECTION('',(0.,0.,-1.));
#9750=DIRECTION('',(0.,0.,-1.));
#9751=DIRECTION('',(0.,0.,-1.));
#9752=DIRECTION('',(0.,0.,-1.));
#9753=DIRECTION('',(0.,0.,-1.));
#9754=DIRECTION('',(0.,0.,-1.));
#9755=DIRECTION('',(0.,0.,-1.));
#9756=DIRECTION('',(0.,0.,-1.));
#9757=DIRECTION('',(0.,0.,-1.));
#9758=DIRECTION('',(0.,0.,-1.));
#9759=DIRECTION('',(0.,0.,-1.));
#9760=DIRECTION('',(0.,0.,-1.));
#9761=DIRECTION('',(0.,0.,-1.));
#9762=DIRECTION('',(0.,0.,-1.));
#9763=DIRECTION('',(0.,0.,-1.));
#9764=DIRECTION('',(0.,0.,-1.));
#9765=DIRECTION('',(0.,0.,-1.));
#9766=DIRECTION('',(0.,0.,-1.));
#9767=DIRECTION('',(0.,0.,-1.));
#9768=DIRECTION('',(0.,0.,-1.));
#9769=DIRECTION('',(0.,0.,-1.));
#9770=DIRECTION('',(0.,0.,-1.));
#9771=DIRECTION('',(0.,0.,-1.));
#9772=DIRECTION('',(0.,0.,-1.));
#9773=DIRECTION('',(0.,0.,-1.));
#9774=DIRECTION('',(0.,0.,-1.));
#9775=DIRECTION('',(0.,0.,-1.));
#9776=DIRECTION('',(0.,0.,-1.));
#9777=DIRECTION('',(0.,0.,-1.));
#9778=DIRECTION('',(0.,0.,-1.));
#9779=DIRECTION('',(0.,0.,-1.));
#9780=DIRECTION('',(0.,0.,-1.));
#9781=DIRECTION('',(0.,0.,-1.));
#9782=DIRECTION('',(0.,0.,-1.));
#9783=DIRECTION('',(0.,0.,-1.));
#9784=DIRECTION('',(0.,0.,-1.));
#9785=DIRECTION('',(0.,0.,-1.));
#9786=DIRECTION('',(0.,0.,-1.));
#9787=DIRECTION('',(0.,0.,-1.));
#9788=DIRECTION('',(0.,0.,-1.));
#9789=DIRECTION('',(0.,0.,-1.));
#9790=DIRECTION('',(0.,0.,-1.));
#9791=DIRECTION('',(0.,0.,-1.));
#9792=DIRECTION('',(0.,0.,-1.));
#9793=DIRECTION('',(0.,0.,-1.));
#9794=DIRECTION('',(0.,0.,-1.));
#9795=DIRECTION('',(0.,0.,-1.));
#9796=DIRECTION('',(0.,0.,-1.));
#9797=DIRECTION('',(0.,0.,-1.));
#9798=DIRECTION('',(0.,0.,-1.));
#9799=DIRECTION('',(0.,0.,-1.));
#9800=DIRECTION('',(0.,0.,-1.));
#9801=DIRECTION('',(0.,0.,-1.));
#9802=DIRECTION('',(0.,0.,-1.));
#9803=DIRECTION('',(0.,0.,-1.));
#9804=DIRECTION('',(0.,0.,-1.));
#9805=DIRECTION('',(0.,0.,-1.));
#9806=DIRECTION('',(0.,0.,-1.));
#9807=DIRECTION('',(0.,0.,-1.));
#9808=DIRECTION('',(0.,0.,-1.));
#9809=DIRECTION('',(0.,0.,-1.));
#9810=DIRECTION('',(0.,0.,-1.));
#9811=DIRECTION('',(0.,0.,-1.));
#9812=DIRECTION('',(0.,0.,-1.));
#9813=DIRECTION('',(0.,0.,-1.));
#9814=DIRECTION('',(0.,0.,-1.));
#9815=DIRECTION('',(0.,0.,-1.));
#9816=DIRECTION('',(0.,0.,-1.));
#9817=DIRECTION('',(0.,0.,-1.));
#9818=DIRECTION('',(0.,0.,-1.));
#9819=DIRECTION('',(0.,0.,-1.));
#9820=DIRECTION('',(0.,0.,-1.));
#9821=DIRECTION('',(0.,0.,-1.));
#9822=DIRECTION('',(0.,0.,-1.));
#9823=DIRECTION('',(0.,0.,-1.));
#9824=DIRECTION('',(0.,0.,-1.));
#9825=DIRECTION('',(0.,0.,-1.));
#9826=DIRECTION('',(0.,0.,-1.));
#9827=DIRECTION('',(0.,0.,-1.));
#9828=DIRECTION('',(0.,0.,-1.));
#9829=DIRECTION('',(0.,0.,-1.));
#9830=DIRECTION('',(0.,0.,-1.));
#9831=DIRECTION('',(0.,0.,-1.));
#9832=DIRECTION('',(0.,0.,-1.));
#9833=DIRECTION('',(0.,0.,-1.));
#9834=DIRECTION('',(0.,0.,-1.));
#9835=DIRECTION('',(-0.703606974737333,-0.710589350540084,0.));
#9836=DIRECTION('',(-0.965498557892282,-0.260408399841334,0.));
#9837=DIRECTION('',(-0.965498557892282,-0.260408399841334,0.));
#9838=DIRECTION('',(-0.703606974737333,-0.710589350540084,0.));
#9839=DIRECTION('',(-0.965498557892282,-0.260408399841334,5.56639941126676E-16));
#9840=DIRECTION('',(-0.703606974737333,-0.710589350540084,0.));
#9841=DIRECTION('',(0.2699296101561,-0.962880057723171,0.));
#9842=DIRECTION('',(-0.25086176585331,-0.968022920406826,0.));
#9843=DIRECTION('',(-0.25086176585331,-0.968022920406826,0.));
#9844=DIRECTION('',(0.2699296101561,-0.96288005772317,0.));
#9845=DIRECTION('',(-0.25086176585331,-0.968022920406826,0.));
#9846=DIRECTION('',(0.2699296101561,-0.962880057723171,0.));
#9847=DIRECTION('',(0.966772528573883,-0.255638177889886,0.));
#9848=DIRECTION('',(0.714054636552408,-0.700089977087237,0.));
#9849=DIRECTION('',(0.714054636552408,-0.700089977087237,0.));
#9850=DIRECTION('',(0.966772528573883,-0.255638177889886,0.));
#9851=DIRECTION('',(0.714054636552408,-0.700089977087237,0.));
#9852=DIRECTION('',(0.966772528573883,-0.255638177889886,0.));
#9853=DIRECTION('',(0.703606974737333,0.710589350540084,0.));
#9854=DIRECTION('',(0.965498557892282,0.260408399841334,0.));
#9855=DIRECTION('',(0.965498557892282,0.260408399841334,0.));
#9856=DIRECTION('',(0.703606974737333,0.710589350540084,0.));
#9857=DIRECTION('',(0.965498557892282,0.260408399841334,0.));
#9858=DIRECTION('',(0.703606974737333,0.710589350540084,0.));
#9859=DIRECTION('',(-0.2699296101561,0.962880057723171,0.));
#9860=DIRECTION('',(0.25086176585331,0.968022920406826,0.));
#9861=DIRECTION('',(0.25086176585331,0.968022920406826,0.));
#9862=DIRECTION('',(-0.2699296101561,0.96288005772317,0.));
#9863=DIRECTION('',(0.25086176585331,0.968022920406826,0.));
#9864=DIRECTION('',(-0.2699296101561,0.962880057723171,0.));
#9865=DIRECTION('',(-0.966772528573883,0.255638177889886,0.));
#9866=DIRECTION('',(-0.714054636552408,0.700089977087237,0.));
#9867=DIRECTION('',(-0.714054636552408,0.700089977087237,0.));
#9868=DIRECTION('',(-0.966772528573883,0.255638177889886,0.));
#9869=DIRECTION('',(-0.714054636552408,0.700089977087237,0.));
#9870=DIRECTION('',(-0.966772528573883,0.255638177889886,-4.54104625706516E-16));
#9871=DIRECTION('',(-0.99639748787846,-0.0848059322777317,1.60048119480296E-15));
#9872=DIRECTION('',(-0.865453817131219,-0.225346485511307,0.447446814583258));
#9873=DIRECTION('',(-0.828287398414866,-0.559824338629254,-0.023166689566067));
#9874=DIRECTION('',(-0.664155005945316,-0.636541149231931,0.392063124269893));
#9875=DIRECTION('',(-0.910859469313116,-0.41173473447024,0.0284523389785356));
#9876=DIRECTION('',(-0.845422107525334,-0.228022109832838,0.482977615976976));
#9877=DIRECTION('',(-0.593485866511411,-0.802445802735892,0.0620907394282648));
#9878=DIRECTION('',(-0.610725363064884,-0.616786010770633,0.496577836624747));
#9879=DIRECTION('',(-0.275758066888793,-0.90044543186102,0.336385958069563));
#9880=DIRECTION('',(-0.449825038257488,-0.892174510479493,-0.0410131418855788));
#9881=DIRECTION('',(-0.216312624314902,-0.834705032063831,0.506434949435087));
#9882=DIRECTION('',(0.0423802179436132,-0.997665916567333,-0.0535409754012284));
#9883=DIRECTION('',(0.20215747871377,-0.938014012569177,0.281535195000488));
#9884=DIRECTION('',(0.523338245436674,-0.849955495910372,-0.0607678848983384));
#9885=DIRECTION('',(0.643182012079559,-0.730796559394092,0.22858978130058));
#9886=DIRECTION('',(0.368970832338322,-0.918219063589815,0.143994014263821));
#9887=DIRECTION('',(0.23174443556536,-0.826667720392569,0.512752373612688));
#9888=DIRECTION('',(0.767488510510686,-0.619703666485241,0.164099823213913));
#9889=DIRECTION('',(0.617988888063158,-0.605902972037559,0.500970381067099));
#9890=DIRECTION('',(0.922563563108784,-0.325962667353582,0.206457771749485));
#9891=DIRECTION('',(0.968613634294966,-0.166085411692427,0.184941243320293));
#9892=DIRECTION('',(0.836344358773344,-0.221149796509721,0.501618262278909));
#9893=DIRECTION('',(0.871320435890009,-0.486748793148495,-0.0622600222368107));
#9894=DIRECTION('',(-0.126372052662182,-0.986856859672585,0.100715653317199));
#9895=DIRECTION('',(-0.996397487878459,-0.0848059322777309,1.58165049507505E-15));
#9896=DIRECTION('',(-0.865453783331214,-0.225346476710477,-0.447446884391727));
#9897=DIRECTION('',(-0.910859469169277,-0.411734734405221,-0.0284523445242326));
#9898=DIRECTION('',(-0.845422069055739,-0.228022099457053,-0.482977688214178));
#9899=DIRECTION('',(-0.82828739832815,-0.559824338570645,0.0231666940827622));
#9900=DIRECTION('',(-0.449825038109891,-0.89217451018675,0.0410131498725491));
#9901=DIRECTION('',(-0.126372052412127,-0.986856857719873,-0.100715672764491));
#9902=DIRECTION('',(-0.275758060801924,-0.900445411985288,-0.336386016263173));
#9903=DIRECTION('',(-0.593485866065083,-0.802445802132417,-0.0620907514935957));
#9904=DIRECTION('',(-0.216312613492611,-0.834704990302881,-0.506435022887896));
#9905=DIRECTION('',(0.202157475588084,-0.938013998065947,-0.281535245566503));
#9906=DIRECTION('',(0.231744423679937,-0.82666767799545,-0.512752447337762));
#9907=DIRECTION('',(0.0423802179199144,-0.997665916009444,0.0535409858155163));
#9908=DIRECTION('',(0.368970830845972,-0.918219059875957,-0.143994041770298));
#9909=DIRECTION('',(0.523338245059692,-0.849955495298114,0.060767896708541));
#9910=DIRECTION('',(0.871320435231159,-0.48674879278044,0.0622600343347819));
#9911=DIRECTION('',(0.968613627832353,-0.166085410584301,-0.184941278162807));
#9912=DIRECTION('',(0.767488506479079,-0.619703663229947,-0.164099854362814));
#9913=DIRECTION('',(0.998028890954791,0.,-0.0627561377042138));
#9914=DIRECTION('',(0.770589553460512,0.622207583690017,0.138019791682783));
#9915=DIRECTION('',(0.632542715664463,0.718707973164219,0.288701510508701));
#9916=DIRECTION('',(0.871435167862178,0.48681288627278,-0.0601162371725257));
#9917=DIRECTION('',(0.604340121400306,0.610337403962594,0.5121145096461));
#9918=DIRECTION('',(0.523592689077229,0.850368738727183,-0.0521891189848633));
#9919=DIRECTION('',(0.371158374772944,0.923662971318649,0.0953319267124654));
#9920=DIRECTION('',(0.197842652378171,0.917993147695192,0.34372498554025));
#9921=DIRECTION('',(0.0424088734788393,0.998340491928264,-0.0389583062605128));
#9922=DIRECTION('',(0.216473923954993,0.835327453532205,0.505338585131722));
#9923=DIRECTION('',(-0.594456315175841,0.803757935848885,0.0243899550532593));
#9924=DIRECTION('',(-0.654009119231062,0.626817102388565,0.423523779870521));
#9925=DIRECTION('',(-0.450110075018833,0.892739847024578,-0.0204079862081834));
#9926=DIRECTION('',(-0.630194603124808,0.617869981759814,0.470203623797704));
#9927=DIRECTION('',(-0.828462286760121,0.559942542470582,-0.0107046040455466));
#9928=DIRECTION('',(-0.911166017756806,0.411873303202648,0.011699153565274));
#9929=DIRECTION('',(-0.865453817131218,0.225346485511307,0.447446814583259));
#9930=DIRECTION('',(-0.99639748787846,0.0848059322777317,1.84792610604713E-16));
#9931=DIRECTION('',(-0.85683462111478,0.226567920395779,0.463142968754384));
#9932=DIRECTION('',(-0.126808843885067,0.99026782282043,0.0573511656291248));
#9933=DIRECTION('',(0.968613627832353,0.166085410584301,-0.184941278162806));
#9934=DIRECTION('',(0.998028890188055,7.4739784512254E-18,0.0627561498978261));
#9935=DIRECTION('',(0.871435167247838,0.486812885929589,0.0601162488570094));
#9936=DIRECTION('',(0.770589550597021,0.62220758137791,-0.138019818093395));
#9937=DIRECTION('',(0.523592688799038,0.850368738275372,0.052189129137653));
#9938=DIRECTION('',(0.371158374114944,0.923662969681153,-0.095331945139836));
#9939=DIRECTION('',(0.0424088734662838,0.998340491632688,0.0389583138485668));
#9940=DIRECTION('',(-0.126808843803704,0.990267822185059,-0.057351176779805));
#9941=DIRECTION('',(-0.268449309354177,0.876579811504465,-0.399428094117154));
#9942=DIRECTION('',(-0.450110074982264,0.892739846952049,0.0204079901875062));
#9943=DIRECTION('',(-0.234540058602829,0.836640133830774,-0.494999239771342));
#9944=DIRECTION('',(-0.59445631510686,0.803757935755616,-0.024389959808173));
#9945=DIRECTION('',(-0.911166017732478,0.411873303191652,-0.0116991558471107));
#9946=DIRECTION('',(-0.99639748787846,0.0848059322777317,-1.58165049507505E-15));
#9947=DIRECTION('',(-0.828462286741602,0.559942542458066,0.010704606133451));
#9948=DIRECTION('',(0.968613634294966,0.166085411692427,0.184941243320291));
#9949=DIRECTION('',(-0.150448094741705,-0.0704286876140905,-0.98610606465509));
#9950=DIRECTION('',(-0.164351012813669,-0.0241573898701007,-0.986106061791421));
#9951=DIRECTION('',(-0.0887421100802868,-0.140290478788736,-0.986125458275835));
#9952=DIRECTION('',(-0.124277433721564,-0.110053154711614,-0.986125459870905));
#9953=DIRECTION('',(0.00131832631359424,-0.166057724799764,-0.986115152530401));
#9954=DIRECTION('',(-0.0457906471747344,-0.159624954716878,-0.986115150711596));
#9955=DIRECTION('',(0.0912067838572205,-0.138764140766695,-0.986116542714756));
#9956=DIRECTION('',(0.0482603938929904,-0.158887047423328,-0.986116545111373));
#9957=DIRECTION('',(0.151369746520731,-0.0681452910674474,-0.98612545811554));
#9958=DIRECTION('',(0.12642656336209,-0.107577452194033,-0.986125456448566));
#9959=DIRECTION('',(0.164173405111314,0.0251339207047801,-0.986111240724981));
#9960=DIRECTION('',(0.164521631017249,-0.0227431788421685,-0.986111241566375));
#9961=DIRECTION('',(0.124442921492411,0.109911247826061,-0.986120417034224));
#9962=DIRECTION('',(0.150297975162467,0.0705481465300103,-0.986120417435539));
#9963=DIRECTION('',(0.0461958697817667,0.159444409241984,-0.986125459551968));
#9964=DIRECTION('',(0.0887421100802868,0.140290478788736,-0.986125458275835));
#9965=DIRECTION('',(-0.0484360325161108,0.158890971626657,-0.98610730140773));
#9966=DIRECTION('',(-0.000768609090749674,0.166107790503458,-0.986107302059023));
#9967=DIRECTION('',(-0.126398584599044,0.107621303534949,-0.98612425831474));
#9968=DIRECTION('',(-0.0913702152643022,0.138601683333684,-0.986124260496427));
#9969=DIRECTION('',(-0.164354232367186,0.0233294711162637,-0.986125459604623));
#9970=DIRECTION('',(-0.151369746520731,0.0681452910674474,-0.98612545811554));
#9971=DIRECTION('',(-0.164382896015075,-0.0139910476658813,-0.986297376090451));
#9972=DIRECTION('',(-0.158243998000115,-0.0412035028290568,-0.98653996799499));
#9973=DIRECTION('',(-0.135218073826601,-0.0913914287426879,-0.986591951752595));
#9974=DIRECTION('',(-0.119675440613191,-0.114699643638658,-0.986165189338583));
#9975=DIRECTION('',(-0.167994017980171,-0.0246928598132613,-0.985478702254453));
#9976=DIRECTION('',(-0.126635574759303,-0.11214136718912,-0.985590049143322));
#9977=DIRECTION('',(-0.073679298887098,-0.146134133999542,-0.986517194880915));
#9978=DIRECTION('',(0.00705244045622452,-0.166020370191516,-0.986097104632745));
#9979=DIRECTION('',(0.0345709298343921,-0.160409680703032,-0.986444922510698));
#9980=DIRECTION('',(-0.0207287996608633,-0.161874067146678,-0.986593687011027));
#9981=DIRECTION('',(0.0872612420457292,-0.141721291924397,-0.986053016349484));
#9982=DIRECTION('',(0.107809560551127,-0.122495428107226,-0.986596152813602));
#9983=DIRECTION('',(0.143101943189642,-0.0799415407646377,-0.986474117205071));
#9984=DIRECTION('',(0.154634242085656,-0.0546357909958952,-0.986459923928412));
#9985=DIRECTION('',(0.0611332403905029,-0.152135892124143,-0.986467129329177));
#9986=DIRECTION('',(0.163950420214052,-0.028112110003714,-0.986067933249416));
#9987=DIRECTION('',(-0.164351010359578,-0.0241573916239894,-0.986106062157469));
#9988=DIRECTION('',(-0.147358472925605,-0.0689823379392478,-0.986674676633321));
#9989=DIRECTION('',(0.00134377116256905,-0.169260789455672,-0.985570382789532));
#9990=DIRECTION('',(-0.128231642048669,-0.11355480036979,-0.985221778733336));
#9991=DIRECTION('',(-0.17655972518366,-0.0473090275409096,-0.983152337817596));
#9992=DIRECTION('',(-0.128455964267943,-0.128455964267943,-0.98336063094268));
#9993=DIRECTION('',(0.00127873341497428,-0.161072001736045,-0.986941829642253));
#9994=DIRECTION('',(-0.0863717301367754,-0.136543183532826,-0.986861633292075));
#9995=DIRECTION('',(0.0506696182529493,-0.166818824524457,-0.984684756442578));
#9996=DIRECTION('',(0.154583039280517,-0.0695918609904341,-0.985525776857554));
#9997=DIRECTION('',(0.0929041009064325,-0.141346457746125,-0.985591196651731));
#9998=DIRECTION('',(0.0889088994861906,-0.135268100808666,-0.986811911407524));
#9999=DIRECTION('',(0.149180931752351,-0.0671599250485348,-0.986526529835349));
#10000=DIRECTION('',(0.0467243211735745,-0.174377570933279,-0.983569672451463));
#10001=DIRECTION('',(0.049319258359435,-0.162373235345269,-0.985496089895026));
#10002=DIRECTION('',(0.167708402037274,-0.023183723986862,-0.985564004430055));
#10003=DIRECTION('',(0.154290673777591,0.0545144005068346,-0.986520434721267));
#10004=DIRECTION('',(0.128833156342925,0.104025504300322,-0.986195068068069));
#10005=DIRECTION('',(0.107853533701248,0.122545391299931,-0.986585141961555));
#10006=DIRECTION('',(0.143574199877055,0.0802053591753922,-0.986384078079736));
#10007=DIRECTION('',(0.153516100663976,0.0720586934823085,-0.98551527209402));
#10008=DIRECTION('',(0.126910435675826,0.112090609281829,-0.985560468275489));
#10009=DIRECTION('',(0.0609968263856775,0.15179641287865,-0.986527868946463));
#10010=DIRECTION('',(0.163191740436437,0.,-0.986594372502361));
#10011=DIRECTION('',(-0.0207430680961815,0.16198549133402,-0.986575098876529));
#10012=DIRECTION('',(-0.0492146436685593,0.161233209034237,-0.985688475712838));
#10013=DIRECTION('',(0.00702868120463628,0.165461057458761,-0.986191277646052));
#10014=DIRECTION('',(-0.098163787630122,0.132726192499707,-0.986279690870008));
#10015=DIRECTION('',(-0.11903225900147,0.114083203863869,-0.986314525855298));
#10016=DIRECTION('',(-0.153370611408262,0.0691280887983447,-0.985747819117722));
#10017=DIRECTION('',(-0.158091495095815,0.0411637941896888,-0.986566075448715));
#10018=DIRECTION('',(-0.135383663118659,0.091503347523642,-0.986558868569201));
#10019=DIRECTION('',(-0.0735358655489409,0.145849651017553,-0.986569995375912));
#10020=DIRECTION('',(-0.164382896015075,0.0139910476658813,-0.986297376090451));
#10021=DIRECTION('',(0.147401868819961,0.0691887505185366,-0.986653741628778));
#10022=DIRECTION('',(-0.00078483872065298,0.169616853087313,-0.985509770208768));
#10023=DIRECTION('',(0.128226808731424,0.11325328511167,-0.98525711311006));
#10024=DIRECTION('',(0.128455964267943,0.128455964267943,-0.98336063094268));
#10025=DIRECTION('',(0.0863717301367753,0.136543183532826,-0.986861633292074));
#10026=DIRECTION('',(-0.000744863924357124,0.160974958117224,-0.986958209873596));
#10027=DIRECTION('',(-0.0932234767154276,0.141412931886395,-0.98555150351688));
#10028=DIRECTION('',(-0.167694754025118,0.0238036584781357,-0.985551548786522));
#10029=DIRECTION('',(-0.129000521615636,0.10983672463994,-0.985542875446454));
#10030=DIRECTION('',(-0.0891632887934711,0.135253949461195,-0.986790898360276));
#10031=DIRECTION('',(-0.164354243003399,0.0233294631495843,-0.986125458020394));
#10032=DIRECTION('',(-0.176657458364827,0.0473352150633169,-0.983133520850037));
#10033=DIRECTION('',(-0.149180931752351,0.0671599250485348,-0.986526529835349));
#10034=DIRECTION('',(-0.965724774834493,-0.258765128468901,0.0204026360880524));
#10035=DIRECTION('',(-0.705847614425143,-0.705847614425143,0.0596514075330099));
#10036=DIRECTION('',(-0.965724775996672,-0.258765124355676,0.0204026332459435));
#10037=DIRECTION('',(0.96567563243739,-0.258751960805577,-0.0227595187979713));
#10038=DIRECTION('',(-0.670529608256667,-0.741610375365678,0.0201021292687848));
#10039=DIRECTION('',(-0.965724777083158,-0.258765120073023,0.0204026361355597));
#10040=DIRECTION('',(-0.706979933053177,-0.706979933053177,-0.0189406578621503));
#10041=DIRECTION('',(0.963979451853591,-0.258297461684927,0.0634510653273332));
#10042=DIRECTION('',(0.,0.,1.));
#10043=DIRECTION('',(0.,0.,1.));
#10044=DIRECTION('',(0.,0.,1.));
#10045=DIRECTION('',(0.,0.,1.));
#10046=DIRECTION('',(0.,0.,1.));
#10047=DIRECTION('',(0.,0.,1.));
#10048=DIRECTION('',(0.,0.,1.));
#10049=DIRECTION('',(0.,0.,1.));
#10050=DIRECTION('',(0.,0.,1.));
#10051=DIRECTION('',(0.,0.,1.));
#10052=DIRECTION('',(0.,0.,1.));
#10053=DIRECTION('',(0.,0.,1.));
#10054=DIRECTION('',(0.,0.,1.));
#10055=DIRECTION('',(0.,0.,1.));
#10056=DIRECTION('',(0.,0.,1.));
#10057=DIRECTION('',(0.,0.,1.));
#10058=DIRECTION('',(0.,0.,1.));
#10059=DIRECTION('',(0.,0.,1.));
#10060=DIRECTION('',(0.,0.,1.));
#10061=DIRECTION('',(0.,0.,1.));
#10062=DIRECTION('',(0.,0.,1.));
#10063=DIRECTION('',(0.,0.,1.));
#10064=DIRECTION('',(0.,0.,1.));
#10065=DIRECTION('',(0.,0.,1.));
#10066=DIRECTION('',(0.,0.,1.));
#10067=DIRECTION('',(0.,0.,1.));
#10068=DIRECTION('',(0.,0.,1.));
#10069=DIRECTION('',(0.,0.,1.));
#10070=DIRECTION('',(0.,0.,1.));
#10071=DIRECTION('',(0.,0.,1.));
#10072=DIRECTION('',(0.,0.,1.));
#10073=DIRECTION('',(0.,0.,1.));
#10074=DIRECTION('',(0.,0.,1.));
#10075=DIRECTION('',(0.,0.,1.));
#10076=DIRECTION('',(0.,0.,1.));
#10077=DIRECTION('',(0.,0.,1.));
#10078=DIRECTION('',(0.,0.,1.));
#10079=DIRECTION('',(0.,0.,1.));
#10080=DIRECTION('',(0.,0.,1.));
#10081=DIRECTION('',(0.,0.,1.));
#10082=DIRECTION('',(0.,0.,1.));
#10083=DIRECTION('',(0.,0.,1.));
#10084=DIRECTION('',(0.,0.,1.));
#10085=DIRECTION('',(0.,0.,1.));
#10086=DIRECTION('',(0.,0.,1.));
#10087=DIRECTION('',(0.,0.,1.));
#10088=DIRECTION('',(0.,0.,1.));
#10089=DIRECTION('',(0.,0.,1.));
#10090=DIRECTION('',(0.,0.,1.));
#10091=DIRECTION('',(0.,0.,1.));
#10092=DIRECTION('',(0.,0.,1.));
#10093=DIRECTION('',(0.,0.,1.));
#10094=DIRECTION('',(0.,0.,1.));
#10095=DIRECTION('',(0.,0.,1.));
#10096=DIRECTION('',(0.,0.,1.));
#10097=DIRECTION('',(0.,0.,1.));
#10098=DIRECTION('',(0.,0.,1.));
#10099=DIRECTION('',(0.,0.,1.));
#10100=DIRECTION('',(0.,0.,1.));
#10101=DIRECTION('',(0.,0.,1.));
#10102=DIRECTION('',(0.,0.,1.));
#10103=DIRECTION('',(0.,0.,1.));
#10104=DIRECTION('',(0.,0.,1.));
#10105=DIRECTION('',(0.,0.,1.));
#10106=DIRECTION('',(0.,0.,1.));
#10107=DIRECTION('',(0.,0.,1.));
#10108=DIRECTION('',(0.,0.,1.));
#10109=DIRECTION('',(0.,0.,1.));
#10110=DIRECTION('',(0.,0.,1.));
#10111=DIRECTION('',(0.,0.,1.));
#10112=DIRECTION('',(0.,0.,1.));
#10113=DIRECTION('',(0.,0.,1.));
#10114=DIRECTION('',(0.,0.,1.));
#10115=DIRECTION('',(0.,0.,1.));
#10116=DIRECTION('',(0.,0.,1.));
#10117=DIRECTION('',(0.,0.,1.));
#10118=DIRECTION('',(0.,0.,1.));
#10119=DIRECTION('',(0.,0.,1.));
#10120=DIRECTION('',(0.,0.,1.));
#10121=DIRECTION('',(0.,0.,1.));
#10122=DIRECTION('',(0.,0.,1.));
#10123=DIRECTION('',(0.,0.,1.));
#10124=DIRECTION('',(0.,0.,1.));
#10125=DIRECTION('',(0.,0.,1.));
#10126=DIRECTION('',(0.,0.,1.));
#10127=DIRECTION('',(0.,0.,1.));
#10128=DIRECTION('',(0.,0.,1.));
#10129=DIRECTION('',(0.,0.,1.));
#10130=DIRECTION('',(0.,0.,1.));
#10131=DIRECTION('',(0.,0.,1.));
#10132=DIRECTION('',(0.,0.,1.));
#10133=DIRECTION('',(0.,0.,1.));
#10134=DIRECTION('',(0.,0.,1.));
#10135=DIRECTION('',(0.,0.,1.));
#10136=DIRECTION('',(0.,0.,1.));
#10137=DIRECTION('',(0.,0.,1.));
#10138=DIRECTION('',(0.,0.,1.));
#10139=DIRECTION('',(0.,0.,1.));
#10140=DIRECTION('',(0.,0.,1.));
#10141=DIRECTION('',(0.,0.,1.));
#10142=DIRECTION('',(0.,0.,1.));
#10143=DIRECTION('',(0.,0.,1.));
#10144=DIRECTION('',(0.,0.,1.));
#10145=DIRECTION('',(0.,0.,1.));
#10146=DIRECTION('',(0.,0.,1.));
#10147=DIRECTION('',(0.,0.,1.));
#10148=DIRECTION('',(0.,0.,1.));
#10149=DIRECTION('',(0.,0.,1.));
#10150=DIRECTION('',(0.,0.,1.));
#10151=DIRECTION('',(0.,0.,1.));
#10152=DIRECTION('',(0.,0.,1.));
#10153=DIRECTION('',(0.,0.,1.));
#10154=DIRECTION('',(0.,0.,1.));
#10155=DIRECTION('',(0.,0.,1.));
#10156=DIRECTION('',(0.,0.,1.));
#10157=DIRECTION('',(0.,0.,1.));
#10158=DIRECTION('',(0.,0.,1.));
#10159=DIRECTION('',(0.,0.,1.));
#10160=DIRECTION('',(0.,0.,1.));
#10161=DIRECTION('',(0.,0.,1.));
#10162=DIRECTION('',(0.,0.,1.));
#10163=DIRECTION('',(0.,0.,1.));
#10164=DIRECTION('',(0.,0.,1.));
#10165=DIRECTION('',(0.,0.,1.));
#10166=DIRECTION('',(0.,0.,1.));
#10167=DIRECTION('',(0.,0.,1.));
#10168=DIRECTION('',(0.,0.,1.));
#10169=DIRECTION('',(0.,0.,1.));
#10170=DIRECTION('',(0.,0.,1.));
#10171=DIRECTION('',(0.,0.,1.));
#10172=DIRECTION('',(0.,0.,1.));
#10173=DIRECTION('',(0.,0.,1.));
#10174=DIRECTION('',(0.,0.,1.));
#10175=DIRECTION('',(0.,0.,1.));
#10176=DIRECTION('',(0.,0.,1.));
#10177=DIRECTION('',(0.,0.,1.));
#10178=DIRECTION('',(0.,0.,1.));
#10179=DIRECTION('',(0.,0.,1.));
#10180=DIRECTION('',(0.,0.,1.));
#10181=DIRECTION('',(0.,0.,1.));
#10182=DIRECTION('',(0.,0.,1.));
#10183=DIRECTION('',(0.,0.,1.));
#10184=DIRECTION('',(0.,0.,1.));
#10185=DIRECTION('',(0.,0.,1.));
#10186=DIRECTION('',(0.,0.,1.));
#10187=DIRECTION('',(0.,0.,1.));
#10188=DIRECTION('',(0.,0.,1.));
#10189=DIRECTION('',(0.,0.,1.));
#10190=DIRECTION('',(0.,0.,1.));
#10191=DIRECTION('',(0.,0.,1.));
#10192=DIRECTION('',(0.,0.,1.));
#10193=DIRECTION('',(0.,0.,1.));
#10194=DIRECTION('',(0.,0.,1.));
#10195=DIRECTION('',(0.,0.,1.));
#10196=DIRECTION('',(0.,0.,1.));
#10197=DIRECTION('',(0.,0.,1.));
#10198=DIRECTION('',(0.,0.,1.));
#10199=DIRECTION('',(0.,0.,1.));
#10200=DIRECTION('',(0.,0.,1.));
#10201=DIRECTION('',(0.,0.,1.));
#10202=DIRECTION('',(0.,0.,1.));
#10203=DIRECTION('',(0.,0.,1.));
#10204=DIRECTION('',(0.,0.,1.));
#10205=DIRECTION('',(0.,0.,1.));
#10206=DIRECTION('',(0.,0.,1.));
#10207=DIRECTION('',(0.,0.,1.));
#10208=DIRECTION('',(0.,0.,1.));
#10209=DIRECTION('',(0.,0.,1.));
#10210=DIRECTION('',(0.,0.,1.));
#10211=DIRECTION('',(0.,0.,1.));
#10212=DIRECTION('',(0.,0.,1.));
#10213=DIRECTION('',(0.,0.,1.));
#10214=DIRECTION('',(0.,0.,1.));
#10215=DIRECTION('',(0.,0.,1.));
#10216=DIRECTION('',(0.,0.,1.));
#10217=DIRECTION('',(0.,0.,1.));
#10218=DIRECTION('',(0.,0.,1.));
#10219=DIRECTION('',(0.,0.,1.));
#10220=DIRECTION('',(0.,0.,1.));
#10221=DIRECTION('',(0.,0.,1.));
#10222=DIRECTION('',(0.,0.,1.));
#10223=DIRECTION('',(0.,0.,1.));
#10224=DIRECTION('',(0.,0.,1.));
#10225=DIRECTION('',(0.,0.,1.));
#10226=DIRECTION('',(0.,0.,1.));
#10227=DIRECTION('',(0.,0.,1.));
#10228=DIRECTION('',(0.,0.,1.));
#10229=DIRECTION('',(-0.703606953566815,-0.710589371502576,0.));
#10230=DIRECTION('',(-0.96549857438135,-0.260408338705929,0.));
#10231=DIRECTION('',(-0.96549857438135,-0.260408338705929,0.));
#10232=DIRECTION('',(-0.703606953566815,-0.710589371502576,0.));
#10233=DIRECTION('',(-0.96549857438135,-0.260408338705929,5.19369378983709E-16));
#10234=DIRECTION('',(-0.703606953566815,-0.710589371502576,0.));
#10235=DIRECTION('',(0.269929536992105,-0.962880078233644,0.));
#10236=DIRECTION('',(-0.25086167961043,-0.968022942756541,0.));
#10237=DIRECTION('',(-0.25086167961043,-0.968022942756541,0.));
#10238=DIRECTION('',(0.269929536992105,-0.962880078233644,0.));
#10239=DIRECTION('',(-0.25086167961043,-0.968022942756541,0.));
#10240=DIRECTION('',(0.269929536992105,-0.962880078233644,0.));
#10241=DIRECTION('',(0.966772536644477,-0.25563814736851,0.));
#10242=DIRECTION('',(0.714054642986938,-0.700089970524358,0.));
#10243=DIRECTION('',(0.714054642986938,-0.700089970524358,0.));
#10244=DIRECTION('',(0.966772536644477,-0.25563814736851,0.));
#10245=DIRECTION('',(0.714054642986938,-0.700089970524358,0.));
#10246=DIRECTION('',(0.966772536644477,-0.25563814736851,0.));
#10247=DIRECTION('',(0.703606953566815,0.710589371502576,0.));
#10248=DIRECTION('',(0.96549857438135,0.260408338705929,0.));
#10249=DIRECTION('',(0.96549857438135,0.260408338705929,0.));
#10250=DIRECTION('',(0.703606953566815,0.710589371502576,0.));
#10251=DIRECTION('',(0.96549857438135,0.260408338705929,0.));
#10252=DIRECTION('',(0.703606953566815,0.710589371502576,0.));
#10253=DIRECTION('',(-0.269929536992105,0.962880078233644,0.));
#10254=DIRECTION('',(0.25086167961043,0.968022942756541,0.));
#10255=DIRECTION('',(0.25086167961043,0.968022942756541,0.));
#10256=DIRECTION('',(-0.269929536992105,0.962880078233644,0.));
#10257=DIRECTION('',(0.25086167961043,0.968022942756541,0.));
#10258=DIRECTION('',(-0.269929536992105,0.962880078233644,0.));
#10259=DIRECTION('',(-0.966772536644477,0.25563814736851,0.));
#10260=DIRECTION('',(-0.714054642986938,0.700089970524358,0.));
#10261=DIRECTION('',(-0.714054642986938,0.700089970524358,0.));
#10262=DIRECTION('',(-0.966772536644477,0.25563814736851,0.));
#10263=DIRECTION('',(-0.714054642986938,0.700089970524358,0.));
#10264=DIRECTION('',(-0.966772536644477,0.25563814736851,-4.54104571489662E-16));
#10265=DIRECTION('',(-0.996397474111711,-0.0848060940251418,-1.92060335304385E-15));
#10266=DIRECTION('',(-0.876891733869039,-0.22832484442533,0.422999589231833));
#10267=DIRECTION('',(-0.828316021889036,-0.559844011819775,-0.0216159735256688));
#10268=DIRECTION('',(-0.670863363144362,-0.64297050997774,0.369501381986049));
#10269=DIRECTION('',(-0.910907436889741,-0.411755761719088,0.0265487120233153));
#10270=DIRECTION('',(-0.858483679099398,-0.231544939176812,0.457594486266572));
#10271=DIRECTION('',(-0.593634143290274,-0.80264599853431,0.0579474327031255));
#10272=DIRECTION('',(-0.620712821262177,-0.626872618737412,0.470899472709461));
#10273=DIRECTION('',(-0.277800162048659,-0.907113702518083,0.316183175816921));
#10274=DIRECTION('',(-0.449873911504833,-0.892271728466588,-0.0382704367180409));
#10275=DIRECTION('',(-0.219995414145688,-0.848916456769977,0.480565153938543));
#10276=DIRECTION('',(0.0423882135337616,-0.997851072362401,-0.0499647549640972));
#10277=DIRECTION('',(0.203202568253532,-0.942863827072814,0.26403886049742));
#10278=DIRECTION('',(0.523463492561536,-0.850158624119712,-0.056712307219489));
#10279=DIRECTION('',(0.645368478258825,-0.733281042743994,0.214005699975888));
#10280=DIRECTION('',(0.369466815688491,-0.919453903975213,0.13453174558351));
#10281=DIRECTION('',(0.235791707353504,-0.841105201577204,0.486769258091645));
#10282=DIRECTION('',(0.768829867777629,-0.620786620092182,0.153377334464901));
#10283=DIRECTION('',(0.62827923866975,-0.615992064474843,0.475204140092004));
#10284=DIRECTION('',(0.925119460153185,-0.326865773996786,0.193165085446003));
#10285=DIRECTION('',(0.970765054215598,-0.166454355969211,0.172939749313635));
#10286=DIRECTION('',(0.850307416054297,-0.224841939851009,0.475839679185228));
#10287=DIRECTION('',(0.871539071854194,-0.486871033673014,-0.0581054455425773));
#10288=DIRECTION('',(-0.126454874832406,-0.987505470099349,0.0940325005249981));
#10289=DIRECTION('',(-0.996397474111712,-0.0848060940251418,-1.50645885144381E-16));
#10290=DIRECTION('',(-0.876891733869037,-0.228324844425331,-0.422999589231837));
#10291=DIRECTION('',(-0.910907436889741,-0.411755761719088,-0.0265487120233162));
#10292=DIRECTION('',(-0.8584836790994,-0.231544939176813,-0.457594486266568));
#10293=DIRECTION('',(-0.828316021889036,-0.559844011819775,0.0216159735256699));
#10294=DIRECTION('',(-0.449873911504833,-0.892271728466588,0.0382704367180414));
#10295=DIRECTION('',(-0.126454874832406,-0.987505470099349,-0.0940325005249991));
#10296=DIRECTION('',(-0.27780016204866,-0.907113702518084,-0.316183175816918));
#10297=DIRECTION('',(-0.593634143290274,-0.80264599853431,-0.0579474327031261));
#10298=DIRECTION('',(-0.219995414145687,-0.848916456769977,-0.480565153938542));
#10299=DIRECTION('',(0.20320256825353,-0.942863827072816,-0.264038860497413));
#10300=DIRECTION('',(0.235791707353505,-0.841105201577203,-0.486769258091647));
#10301=DIRECTION('',(0.0423882135337617,-0.997851072362401,0.0499647549640984));
#10302=DIRECTION('',(0.369466815688491,-0.919453903975214,-0.134531745583507));
#10303=DIRECTION('',(0.523463492561536,-0.850158624119712,0.0567123072194881));
#10304=DIRECTION('',(0.871539071854194,-0.486871033673013,0.0581054455425779));
#10305=DIRECTION('',(0.970765054215599,-0.166454355969209,-0.172939749313628));
#10306=DIRECTION('',(0.76882986777763,-0.620786620092182,-0.153377334464894));
#10307=DIRECTION('',(0.998283422020405,0.,-0.0585679888610628));
#10308=DIRECTION('',(0.771541586810169,0.622976179789851,0.12893509699414));
#10309=DIRECTION('',(0.635983092205459,0.722617172561901,0.270831918996684));
#10310=DIRECTION('',(0.871639010707113,0.486926862877,-0.0561040570929489));
#10311=DIRECTION('',(0.614867787741841,0.62096958057872,0.486142349105016));
#10312=DIRECTION('',(0.523685138627505,0.85051860015847,-0.0487030426684713));
#10313=DIRECTION('',(0.371376712013967,0.924206865697563,0.0890000402875305));
#10314=DIRECTION('',(0.199373085369117,0.925094952795574,0.323186789863932));
#10315=DIRECTION('',(0.0424131703524577,0.998438575024629,-0.0363529212504529));
#10316=DIRECTION('',(0.220143186098436,0.849486677940388,0.479488645972178));
#10317=DIRECTION('',(-0.594479339159642,0.803788778292169,0.0227577504138384));
#10318=DIRECTION('',(-0.661737225670371,0.634223814915609,0.399829959802879));
#10319=DIRECTION('',(-0.450122098441054,0.892763977918937,-0.0190414344359302));
#10320=DIRECTION('',(-0.639411313170892,0.626906430463389,0.445130879666562));
#10321=DIRECTION('',(-0.828468282476625,0.55994692203272,-0.00998746395811519));
#10322=DIRECTION('',(-0.911174330387635,0.411876405080942,0.0109163446375302));
#10323=DIRECTION('',(-0.876891733869036,0.22832484442533,0.42299958923184));
#10324=DIRECTION('',(-0.996397474111711,0.0848060940251418,1.59892262697218E-16));
#10325=DIRECTION('',(-0.868984739390892,0.229780677924953,0.438253765252614));
#10326=DIRECTION('',(-0.126835617252064,0.990478745922911,0.0535217719368952));
#10327=DIRECTION('',(0.970765054215599,0.166454355969209,-0.17293974931363));
#10328=DIRECTION('',(0.998283422020405,0.,0.0585679888610643));
#10329=DIRECTION('',(0.871639010707113,0.486926862877,0.0561040570929484));
#10330=DIRECTION('',(0.771541586810169,0.622976179789851,-0.128935096994144));
#10331=DIRECTION('',(0.523685138627506,0.850518600158469,0.0487030426684723));
#10332=DIRECTION('',(0.371376712013967,0.924206865697563,-0.0890000402875309));
#10333=DIRECTION('',(0.0424131703524572,0.998438575024629,0.036352921250454));
#10334=DIRECTION('',(-0.126835617252064,0.990478745922911,-0.0535217719368987));
#10335=DIRECTION('',(-0.27126510878881,0.885774491212453,-0.376588358119465));
#10336=DIRECTION('',(-0.450122098441054,0.892763977918937,0.0190414344359293));
#10337=DIRECTION('',(-0.238350522651582,0.85023288838708,-0.469353879132452));
#10338=DIRECTION('',(-0.594479339159642,0.803788778292168,-0.0227577504138372));
#10339=DIRECTION('',(-0.911174330387635,0.411876405080941,-0.0109163446375303));
#10340=DIRECTION('',(-0.996397474111711,0.0848060940251418,1.92060335304385E-15));
#10341=DIRECTION('',(-0.828468282476625,0.55994692203272,0.00998746395811468));
#10342=DIRECTION('',(0.970765054215598,0.166454355969211,0.172939749313634));
#10343=DIRECTION('',(0.,0.,1.));
#10344=DIRECTION('',(1.,0.,0.));
#10345=CARTESIAN_POINT('',(0.,0.,0.));
#10346=CARTESIAN_POINT('',(-6.36211204528809,-15.3594970703125,170.));
#10347=CARTESIAN_POINT('',(-10.0762720108032,-10.0762720108032,170.));
#10348=CARTESIAN_POINT('',(8.7256082621865E-16,-14.25,170.));
#10349=CARTESIAN_POINT('',(-15.3594970703125,-6.36211204528809,170.));
#10350=CARTESIAN_POINT('',(-14.25,-1.7451216524373E-15,170.));
#10351=CARTESIAN_POINT('',(-10.0762720108032,-10.0762720108032,170.));
#10352=CARTESIAN_POINT('',(-11.7556505203247,-11.7556505203247,170.));
#10353=CARTESIAN_POINT('',(-15.3594970703125,-6.36211204528809,170.));
#10354=CARTESIAN_POINT('',(1.0179877011745E-15,-16.625,170.));
#10355=CARTESIAN_POINT('',(-6.36211204528809,-15.3594970703125,170.));
#10356=CARTESIAN_POINT('',(-10.0762720108032,-10.0762720108032,170.));
#10357=CARTESIAN_POINT('',(-9.5,-1.16341447025124E-15,170.));
#10358=CARTESIAN_POINT('',(5.8170723512562E-16,-9.5,170.));
#10359=CARTESIAN_POINT('',(2.9085361756281E-16,-4.75,170.));
#10360=CARTESIAN_POINT('',(0.,0.,170.));
#10361=CARTESIAN_POINT('',(15.3594970703125,-6.36211204528809,170.));
#10362=CARTESIAN_POINT('',(10.0762720108032,-10.0762720108032,170.));
#10363=CARTESIAN_POINT('',(14.25,0.,170.));
#10364=CARTESIAN_POINT('',(6.36211204528809,-15.3594970703125,170.));
#10365=CARTESIAN_POINT('',(8.7256082621865E-16,-14.25,170.));
#10366=CARTESIAN_POINT('',(10.0762720108032,-10.0762720108032,170.));
#10367=CARTESIAN_POINT('',(11.7556505203247,-11.7556505203247,170.));
#10368=CARTESIAN_POINT('',(6.36211204528809,-15.3594970703125,170.));
#10369=CARTESIAN_POINT('',(16.625,0.,170.));
#10370=CARTESIAN_POINT('',(15.3594970703125,-6.36211204528809,170.));
#10371=CARTESIAN_POINT('',(10.0762720108032,-10.0762720108032,170.));
#10372=CARTESIAN_POINT('',(5.8170723512562E-16,-9.5,170.));
#10373=CARTESIAN_POINT('',(9.5,0.,170.));
#10374=CARTESIAN_POINT('',(4.75,0.,170.));
#10375=CARTESIAN_POINT('',(0.,0.,170.));
#10376=CARTESIAN_POINT('',(6.36211204528809,15.3594970703125,170.));
#10377=CARTESIAN_POINT('',(10.0762720108032,10.0762720108032,170.));
#10378=CARTESIAN_POINT('',(-1.17839816545081E-14,14.25,170.));
#10379=CARTESIAN_POINT('',(15.3594970703125,6.36211204528809,170.));
#10380=CARTESIAN_POINT('',(14.25,0.,170.));
#10381=CARTESIAN_POINT('',(10.0762720108032,10.0762720108032,170.));
#10382=CARTESIAN_POINT('',(11.7556505203247,11.7556505203247,170.));
#10383=CARTESIAN_POINT('',(15.3594970703125,6.36211204528809,170.));
#10384=CARTESIAN_POINT('',(-1.37479783145818E-14,16.625,170.));
#10385=CARTESIAN_POINT('',(6.36211204528809,15.3594970703125,170.));
#10386=CARTESIAN_POINT('',(10.0762720108032,10.0762720108032,170.));
#10387=CARTESIAN_POINT('',(9.5,0.,170.));
#10388=CARTESIAN_POINT('',(-7.85598748732777E-15,9.5,170.));
#10389=CARTESIAN_POINT('',(-3.92799374366389E-15,4.75,170.));
#10390=CARTESIAN_POINT('',(0.,0.,170.));
#10391=CARTESIAN_POINT('',(-15.3594970703125,6.36211204528809,170.));
#10392=CARTESIAN_POINT('',(-10.0762720108032,10.0762720108032,170.));
#10393=CARTESIAN_POINT('',(-14.25,-1.7451216524373E-15,170.));
#10394=CARTESIAN_POINT('',(-6.36211204528809,15.3594970703125,170.));
#10395=CARTESIAN_POINT('',(-1.17839816545081E-14,14.25,170.));
#10396=CARTESIAN_POINT('',(-10.0762720108032,10.0762720108032,170.));
#10397=CARTESIAN_POINT('',(-11.7556505203247,11.7556505203247,170.));
#10398=CARTESIAN_POINT('',(-6.36211204528809,15.3594970703125,170.));
#10399=CARTESIAN_POINT('',(-16.625,-2.03597540234901E-15,170.));
#10400=CARTESIAN_POINT('',(-15.3594970703125,6.36211204528809,170.));
#10401=CARTESIAN_POINT('',(-10.0762720108032,10.0762720108032,170.));
#10402=CARTESIAN_POINT('',(-7.85598748732777E-15,9.5,170.));
#10403=CARTESIAN_POINT('',(-9.5,-1.16341447025124E-15,170.));
#10404=CARTESIAN_POINT('',(-4.75,-5.8170723512562E-16,170.));
#10405=CARTESIAN_POINT('',(0.,0.,170.));
#10406=CARTESIAN_POINT('',(-17.8125,-2.18140206554663E-15,170.));
#10407=CARTESIAN_POINT('',(-16.4566040039062,-6.8165488243103,170.));
#10408=CARTESIAN_POINT('',(-12.5953397750854,-12.5953397750854,170.));
#10409=CARTESIAN_POINT('',(-12.5953397750854,-12.5953397750854,170.));
#10410=CARTESIAN_POINT('',(-16.4566040039062,-6.8165488243103,170.));
#10411=CARTESIAN_POINT('',(-6.8165488243103,-16.4566040039062,170.));
#10412=CARTESIAN_POINT('',(-6.8165488243103,-16.4566040039062,170.));
#10413=CARTESIAN_POINT('',(1.09070103277331E-15,-17.8125,170.));
#10414=CARTESIAN_POINT('',(6.8165488243103,-16.4566040039062,170.));
#10415=CARTESIAN_POINT('',(6.8165488243103,-16.4566040039062,170.));
#10416=CARTESIAN_POINT('',(1.09070103277331E-15,-17.8125,170.));
#10417=CARTESIAN_POINT('',(-12.5953397750854,-12.5953397750854,170.));
#10418=CARTESIAN_POINT('',(-17.8125,-2.18140206554663E-15,170.));
#10419=CARTESIAN_POINT('',(6.8165488243103,-16.4566040039062,170.));
#10420=CARTESIAN_POINT('',(-16.4566040039062,-6.8165488243103,170.));
#10421=CARTESIAN_POINT('',(-6.8165488243103,-16.4566040039062,170.));
#10422=CARTESIAN_POINT('',(6.8165488243103,-16.4566040039062,170.));
#10423=CARTESIAN_POINT('',(-6.8165488243103,-16.4566040039062,170.));
#10424=CARTESIAN_POINT('',(6.8165488243103,-16.4566040039062,170.));
#10425=CARTESIAN_POINT('',(12.5953397750854,-12.5953397750854,170.));
#10426=CARTESIAN_POINT('',(16.4566040039062,-6.8165488243103,170.));
#10427=CARTESIAN_POINT('',(16.4566040039062,-6.8165488243103,170.));
#10428=CARTESIAN_POINT('',(17.8125,0.,170.));
#10429=CARTESIAN_POINT('',(16.4566040039062,-6.8165488243103,170.));
#10430=CARTESIAN_POINT('',(11.2980298995972,-15.2759456634521,170.));
#10431=CARTESIAN_POINT('',(17.8125,0.,170.));
#10432=CARTESIAN_POINT('',(16.4566040039062,6.8165488243103,170.));
#10433=CARTESIAN_POINT('',(12.5953397750854,12.5953397750854,170.));
#10434=CARTESIAN_POINT('',(6.8165488243103,16.4566040039062,170.));
#10435=CARTESIAN_POINT('',(12.5953397750854,12.5953397750854,170.));
#10436=CARTESIAN_POINT('',(16.4566040039062,6.8165488243103,170.));
#10437=CARTESIAN_POINT('',(6.8165488243103,16.4566040039062,170.));
#10438=CARTESIAN_POINT('',(-1.47299774916516E-14,17.8125,170.));
#10439=CARTESIAN_POINT('',(-6.8165488243103,16.4566040039062,170.));
#10440=CARTESIAN_POINT('',(-12.5953397750854,12.5953397750854,170.));
#10441=CARTESIAN_POINT('',(-6.8165488243103,16.4566040039062,170.));
#10442=CARTESIAN_POINT('',(-1.47299774916516E-14,17.8125,170.));
#10443=CARTESIAN_POINT('',(6.8165488243103,16.4566040039062,170.));
#10444=CARTESIAN_POINT('',(16.4566040039062,6.8165488243103,170.));
#10445=CARTESIAN_POINT('',(12.5953397750854,12.5953397750854,170.));
#10446=CARTESIAN_POINT('',(-1.47299774916516E-14,17.8125,170.));
#10447=CARTESIAN_POINT('',(-12.5953397750854,12.5953397750854,170.));
#10448=CARTESIAN_POINT('',(-1.47299774916516E-14,17.8125,170.));
#10449=CARTESIAN_POINT('',(12.5953397750854,12.5953397750854,170.));
#10450=CARTESIAN_POINT('',(-16.4566040039062,6.8165488243103,170.));
#10451=CARTESIAN_POINT('',(-16.4566040039062,6.8165488243103,170.));
#10452=CARTESIAN_POINT('',(-17.8125,-2.18140206554663E-15,170.));
#10453=CARTESIAN_POINT('',(-18.7267017364502,3.21101570129395,170.));
#10454=CARTESIAN_POINT('',(-14.7826795578003,11.9361801147461,170.));
#10455=CARTESIAN_POINT('',(18.9315528869629,-1.61131250858307,170.));
#10456=CARTESIAN_POINT('',(4.89858741034067E-16,-8.,0.));
#10457=CARTESIAN_POINT('',(9.79717482068134E-16,-16.,0.));
#10458=CARTESIAN_POINT('',(-16.9705619812012,-16.9705619812012,0.));
#10459=CARTESIAN_POINT('',(9.79717482068134E-16,-16.,0.));
#10460=CARTESIAN_POINT('',(-16.,-1.95943496413627E-15,0.));
#10461=CARTESIAN_POINT('',(-11.4805030822754,-27.7163867950439,0.));
#10462=CARTESIAN_POINT('',(1.83697009358929E-15,-30.,0.));
#10463=CARTESIAN_POINT('',(-27.7163867950439,-11.4805030822754,0.));
#10464=CARTESIAN_POINT('',(-21.2132034301758,-21.2132034301758,0.));
#10465=CARTESIAN_POINT('',(-25.8686275482178,-10.7151365280151,0.));
#10466=CARTESIAN_POINT('',(-16.9705619812012,-16.9705619812012,0.));
#10467=CARTESIAN_POINT('',(-24.,-2.93915223444617E-15,0.));
#10468=CARTESIAN_POINT('',(-10.7151365280151,-25.8686275482178,0.));
#10469=CARTESIAN_POINT('',(1.46957611722308E-15,-24.,0.));
#10470=CARTESIAN_POINT('',(-16.9705619812012,-16.9705619812012,0.));
#10471=CARTESIAN_POINT('',(8.,0.,0.));
#10472=CARTESIAN_POINT('',(16.,0.,0.));
#10473=CARTESIAN_POINT('',(16.9705619812012,-16.9705619812012,0.));
#10474=CARTESIAN_POINT('',(16.,0.,0.));
#10475=CARTESIAN_POINT('',(9.79717482068134E-16,-16.,0.));
#10476=CARTESIAN_POINT('',(27.7163867950439,-11.4805030822754,0.));
#10477=CARTESIAN_POINT('',(30.,0.,0.));
#10478=CARTESIAN_POINT('',(11.4805030822754,-27.7163867950439,0.));
#10479=CARTESIAN_POINT('',(21.2132034301758,-21.2132034301758,0.));
#10480=CARTESIAN_POINT('',(10.7151365280151,-25.8686275482178,0.));
#10481=CARTESIAN_POINT('',(16.9705619812012,-16.9705619812012,0.));
#10482=CARTESIAN_POINT('',(1.46957611722308E-15,-24.,0.));
#10483=CARTESIAN_POINT('',(25.8686275482178,-10.7151365280151,0.));
#10484=CARTESIAN_POINT('',(24.,0.,0.));
#10485=CARTESIAN_POINT('',(16.9705619812012,-16.9705619812012,0.));
#10486=CARTESIAN_POINT('',(-6.61556872244605E-15,8.,0.));
#10487=CARTESIAN_POINT('',(-1.32311374448921E-14,16.,0.));
#10488=CARTESIAN_POINT('',(16.9705619812012,16.9705619812012,0.));
#10489=CARTESIAN_POINT('',(-1.32311374448921E-14,16.,0.));
#10490=CARTESIAN_POINT('',(16.,0.,0.));
#10491=CARTESIAN_POINT('',(11.4805030822754,27.7163867950439,0.));
#10492=CARTESIAN_POINT('',(-2.4808382073898E-14,30.,0.));
#10493=CARTESIAN_POINT('',(27.7163867950439,11.4805030822754,0.));
#10494=CARTESIAN_POINT('',(21.2132034301758,21.2132034301758,0.));
#10495=CARTESIAN_POINT('',(25.8686275482178,10.7151365280151,0.));
#10496=CARTESIAN_POINT('',(16.9705619812012,16.9705619812012,0.));
#10497=CARTESIAN_POINT('',(24.,0.,0.));
#10498=CARTESIAN_POINT('',(10.7151365280151,25.8686275482178,0.));
#10499=CARTESIAN_POINT('',(-1.98467053203052E-14,24.,0.));
#10500=CARTESIAN_POINT('',(16.9705619812012,16.9705619812012,0.));
#10501=CARTESIAN_POINT('',(-8.,-9.79717482068134E-16,0.));
#10502=CARTESIAN_POINT('',(-16.,-1.95943496413627E-15,0.));
#10503=CARTESIAN_POINT('',(-16.9705619812012,16.9705619812012,0.));
#10504=CARTESIAN_POINT('',(-16.,-1.95943496413627E-15,0.));
#10505=CARTESIAN_POINT('',(-1.32311374448921E-14,16.,0.));
#10506=CARTESIAN_POINT('',(-27.7163867950439,11.4805030822754,0.));
#10507=CARTESIAN_POINT('',(-30.,3.67394018717859E-15,0.));
#10508=CARTESIAN_POINT('',(-11.4805030822754,27.7163867950439,0.));
#10509=CARTESIAN_POINT('',(-21.2132034301758,21.2132034301758,0.));
#10510=CARTESIAN_POINT('',(-10.7151365280151,25.8686275482178,0.));
#10511=CARTESIAN_POINT('',(-16.9705619812012,16.9705619812012,0.));
#10512=CARTESIAN_POINT('',(-1.98467053203052E-14,24.,0.));
#10513=CARTESIAN_POINT('',(-25.8686275482178,10.7151365280151,0.));
#10514=CARTESIAN_POINT('',(-24.,-2.93915223444617E-15,0.));
#10515=CARTESIAN_POINT('',(-16.9705619812012,16.9705619812012,0.));
#10516=CARTESIAN_POINT('',(-31.5397090911865,-5.40802621841431,0.));
#10517=CARTESIAN_POINT('',(-30.,3.67394018717859E-15,0.));
#10518=CARTESIAN_POINT('',(-27.7163867950439,-11.4805030822754,0.));
#10519=CARTESIAN_POINT('',(-27.7163867950439,-11.4805030822754,0.));
#10520=CARTESIAN_POINT('',(-21.1415920257568,-24.0215129852295,0.));
#10521=CARTESIAN_POINT('',(-21.2132034301758,-21.2132034301758,0.));
#10522=CARTESIAN_POINT('',(1.83697009358929E-15,-30.,0.));
#10523=CARTESIAN_POINT('',(-11.4805030822754,-27.7163867950439,0.));
#10524=CARTESIAN_POINT('',(11.4805030822754,-27.7163867950439,0.));
#10525=CARTESIAN_POINT('',(21.2132034301758,-21.2132034301758,0.));
#10526=CARTESIAN_POINT('',(-11.4805030822754,-27.7163867950439,0.));
#10527=CARTESIAN_POINT('',(4.06457042694092,-31.7408142089844,0.));
#10528=CARTESIAN_POINT('',(-6.74173641204834,-31.2817668914795,0.));
#10529=CARTESIAN_POINT('',(21.2132034301758,-21.2132034301758,0.));
#10530=CARTESIAN_POINT('',(30.9674549102783,-8.06329822540283,0.));
#10531=CARTESIAN_POINT('',(30.9674549102783,-8.06329822540283,0.));
#10532=CARTESIAN_POINT('',(26.5123081207275,-17.9191932678223,0.));
#10533=CARTESIAN_POINT('',(14.4065198898315,-28.5736274719238,0.));
#10534=CARTESIAN_POINT('',(30.,0.,0.));
#10535=CARTESIAN_POINT('',(30.9674549102783,8.06329822540283,0.));
#10536=CARTESIAN_POINT('',(27.7163867950439,11.4805030822754,0.));
#10537=CARTESIAN_POINT('',(31.8847198486328,-2.71378970146179,0.));
#10538=CARTESIAN_POINT('',(27.7163867950439,11.4805030822754,0.));
#10539=CARTESIAN_POINT('',(26.5123081207275,17.9191932678223,0.));
#10540=CARTESIAN_POINT('',(26.5123081207275,17.9191932678223,0.));
#10541=CARTESIAN_POINT('',(21.2132034301758,21.2132034301758,0.));
#10542=CARTESIAN_POINT('',(19.0282611846924,25.7279090881348,0.));
#10543=CARTESIAN_POINT('',(21.2132034301758,21.2132034301758,0.));
#10544=CARTESIAN_POINT('',(-2.4808382073898E-14,30.,0.));
#10545=CARTESIAN_POINT('',(-21.2132034301758,21.2132034301758,0.));
#10546=CARTESIAN_POINT('',(-11.4805030822754,27.7163867950439,0.));
#10547=CARTESIAN_POINT('',(11.4805030822754,27.7163867950439,0.));
#10548=CARTESIAN_POINT('',(-27.7163867950439,11.4805030822754,0.));
#10549=CARTESIAN_POINT('',(11.4805030822754,27.7163867950439,0.));
#10550=CARTESIAN_POINT('',(-2.4808382073898E-14,30.,0.));
#10551=CARTESIAN_POINT('',(-11.4805030822754,27.7163867950439,0.));
#10552=CARTESIAN_POINT('',(-21.2132034301758,21.2132034301758,0.));
#10553=CARTESIAN_POINT('',(-27.7163867950439,11.4805030822754,0.));
#10554=CARTESIAN_POINT('',(-30.,3.67394018717859E-15,0.));
#10555=CARTESIAN_POINT('',(-16.7778339385986,27.2489318847656,0.));
#10556=CARTESIAN_POINT('',(-15.8172168731689,-27.8175430297852,3.66666674613953));
#10557=CARTESIAN_POINT('',(-27.6599979400635,-16.0911312103271,3.66666674613953));
#10558=CARTESIAN_POINT('',(-27.6599979400635,-16.0911312103271,7.33333349227905));
#10559=CARTESIAN_POINT('',(-27.6599979400635,-16.0911312103271,3.66666674613953));
#10560=CARTESIAN_POINT('',(-27.6599979400635,-16.0911312103271,9.16666698455811));
#10561=CARTESIAN_POINT('',(-15.8172168731689,-27.8175430297852,9.16666698455811));
#10562=CARTESIAN_POINT('',(16.3634777069092,-27.499755859375,3.66666674613953));
#10563=CARTESIAN_POINT('',(0.315986514091492,-31.9984397888184,3.66666674613953));
#10564=CARTESIAN_POINT('',(0.315986514091492,-31.9984397888184,7.33333349227905));
#10565=CARTESIAN_POINT('',(0.315986514091492,-31.9984397888184,3.66666674613953));
#10566=CARTESIAN_POINT('',(0.315986514091492,-31.9984397888184,9.16666698455811));
#10567=CARTESIAN_POINT('',(16.3634777069092,-27.499755859375,9.16666698455811));
#10568=CARTESIAN_POINT('',(32.,0.,3.66666674613953));
#10569=CARTESIAN_POINT('',(27.8175430297852,-15.8172168731689,3.66666674613953));
#10570=CARTESIAN_POINT('',(27.8175430297852,-15.8172168731689,7.33333349227905));
#10571=CARTESIAN_POINT('',(27.8175430297852,-15.8172168731689,3.66666674613953));
#10572=CARTESIAN_POINT('',(27.8175430297852,-15.8172168731689,9.16666698455811));
#10573=CARTESIAN_POINT('',(32.,0.,9.16666698455811));
#10574=CARTESIAN_POINT('',(15.8172168731689,27.8175430297852,3.66666674613953));
#10575=CARTESIAN_POINT('',(27.6599979400635,16.0911312103271,3.66666674613953));
#10576=CARTESIAN_POINT('',(27.6599979400635,16.0911312103271,7.33333349227905));
#10577=CARTESIAN_POINT('',(27.6599979400635,16.0911312103271,3.66666674613953));
#10578=CARTESIAN_POINT('',(27.6599979400635,16.0911312103271,9.16666698455811));
#10579=CARTESIAN_POINT('',(15.8172168731689,27.8175430297852,9.16666698455811));
#10580=CARTESIAN_POINT('',(-16.3634777069092,27.499755859375,3.66666674613953));
#10581=CARTESIAN_POINT('',(-0.315986514091492,31.9984397888184,3.66666674613953));
#10582=CARTESIAN_POINT('',(-0.315986514091492,31.9984397888184,7.33333349227905));
#10583=CARTESIAN_POINT('',(-0.315986514091492,31.9984397888184,3.66666674613953));
#10584=CARTESIAN_POINT('',(-0.315986514091492,31.9984397888184,9.16666698455811));
#10585=CARTESIAN_POINT('',(-16.3634777069092,27.499755859375,9.16666698455811));
#10586=CARTESIAN_POINT('',(-32.,-3.91886992827254E-15,3.66666674613953));
#10587=CARTESIAN_POINT('',(-27.8175430297852,15.8172168731689,3.66666674613953));
#10588=CARTESIAN_POINT('',(-27.8175430297852,15.8172168731689,7.33333349227905));
#10589=CARTESIAN_POINT('',(-27.8175430297852,15.8172168731689,3.66666674613953));
#10590=CARTESIAN_POINT('',(-27.8175430297852,15.8172168731689,9.16666698455811));
#10591=CARTESIAN_POINT('',(-32.,3.91886992827254E-15,9.16666698455811));
#10592=CARTESIAN_POINT('',(-32.,-3.91886992827254E-15,1.83333337306976));
#10593=CARTESIAN_POINT('',(-32.,-3.91886992827254E-15,1.83333337306976));
#10594=CARTESIAN_POINT('',(-27.6599979400635,-16.0911312103271,1.83333337306976));
#10595=CARTESIAN_POINT('',(-27.6599979400635,-16.0911312103271,1.83333337306976));
#10596=CARTESIAN_POINT('',(-27.6599979400635,-16.0911312103271,1.83333337306976));
#10597=CARTESIAN_POINT('',(-32.,-3.91886992827254E-15,1.83333337306976));
#10598=CARTESIAN_POINT('',(-15.8172168731689,-27.8175430297852,1.83333337306976));
#10599=CARTESIAN_POINT('',(-27.6599979400635,-16.0911312103271,1.83333337306976));
#10600=CARTESIAN_POINT('',(-6.74173641204834,-31.2817668914795,0.));
#10601=CARTESIAN_POINT('',(-16.7778339385986,-27.2489318847656,0.));
#10602=CARTESIAN_POINT('',(0.315986514091492,-31.9984397888184,1.83333337306976));
#10603=CARTESIAN_POINT('',(0.315986514091492,-31.9984397888184,1.83333337306976));
#10604=CARTESIAN_POINT('',(0.315986514091492,-31.9984397888184,1.83333337306976));
#10605=CARTESIAN_POINT('',(16.3634777069092,-27.499755859375,1.83333337306976));
#10606=CARTESIAN_POINT('',(16.3634777069092,-27.499755859375,1.83333337306976));
#10607=CARTESIAN_POINT('',(16.3634777069092,-27.499755859375,1.83333337306976));
#10608=CARTESIAN_POINT('',(0.315986514091492,-31.9984397888184,1.83333337306976));
#10609=CARTESIAN_POINT('',(27.8175430297852,-15.8172168731689,1.83333337306976));
#10610=CARTESIAN_POINT('',(16.3634777069092,-27.499755859375,1.83333337306976));
#10611=CARTESIAN_POINT('',(27.8175430297852,-15.8172168731689,1.83333337306976));
#10612=CARTESIAN_POINT('',(31.8847198486328,-2.71378970146179,0.));
#10613=CARTESIAN_POINT('',(27.8175430297852,-15.8172168731689,1.83333337306976));
#10614=CARTESIAN_POINT('',(26.5123081207275,-17.9191932678223,0.));
#10615=CARTESIAN_POINT('',(-6.74173641204834,-31.2817668914795,0.));
#10616=CARTESIAN_POINT('',(-32.,0.,11.));
#10617=CARTESIAN_POINT('',(-30.1720790863037,-10.6604738235474,11.));
#10618=CARTESIAN_POINT('',(-27.6599979400635,-16.0911312103271,9.16666698455811));
#10619=CARTESIAN_POINT('',(-32.,3.91886992827254E-15,9.16666698455811));
#10620=CARTESIAN_POINT('',(-27.6599979400635,-16.0911312103271,9.16666698455811));
#10621=CARTESIAN_POINT('',(-24.897144317627,-20.1030406951904,11.));
#10622=CARTESIAN_POINT('',(-15.8172168731689,-27.8175430297852,9.16666698455811));
#10623=CARTESIAN_POINT('',(-21.1415920257568,-24.0215129852295,11.));
#10624=CARTESIAN_POINT('',(-27.6599979400635,-16.0911312103271,9.16666698455811));
#10625=CARTESIAN_POINT('',(-15.8172168731689,-27.8175430297852,9.16666698455811));
#10626=CARTESIAN_POINT('',(-6.74173641204834,-31.2817668914795,11.));
#10627=CARTESIAN_POINT('',(-6.74173641204834,-31.2817668914795,11.));
#10628=CARTESIAN_POINT('',(-16.7778339385986,-27.2489318847656,11.));
#10629=CARTESIAN_POINT('',(0.315986514091492,-31.9984397888184,9.16666698455811));
#10630=CARTESIAN_POINT('',(4.06457042694092,-31.7408142089844,11.));
#10631=CARTESIAN_POINT('',(16.3634777069092,-27.499755859375,9.16666698455811));
#10632=CARTESIAN_POINT('',(-1.35811853408813,-31.9711666107178,11.));
#10633=CARTESIAN_POINT('',(27.8175430297852,-15.8172168731689,9.16666698455811));
#10634=CARTESIAN_POINT('',(29.1593112945557,-13.1808395385742,11.));
#10635=CARTESIAN_POINT('',(32.,0.,9.16666698455811));
#10636=CARTESIAN_POINT('',(30.9674549102783,-8.06329822540283,11.));
#10637=CARTESIAN_POINT('',(14.4065198898315,-28.5736274719238,11.));
#10638=CARTESIAN_POINT('',(16.3634777069092,-27.499755859375,9.16666698455811));
#10639=CARTESIAN_POINT('',(19.0282611846924,-25.7279090881348,11.));
#10640=CARTESIAN_POINT('',(27.8175430297852,-15.8172168731689,9.16666698455811));
#10641=CARTESIAN_POINT('',(23.1025943756104,-22.1420440673828,11.));
#10642=CARTESIAN_POINT('',(16.3634777069092,-27.499755859375,9.16666698455811));
#10643=CARTESIAN_POINT('',(27.8175430297852,-15.8172168731689,9.16666698455811));
#10644=CARTESIAN_POINT('',(30.9674549102783,-8.06329822540283,11.));
#10645=CARTESIAN_POINT('',(26.5123081207275,-17.9191932678223,11.));
#10646=CARTESIAN_POINT('',(32.,0.,1.83333337306976));
#10647=CARTESIAN_POINT('',(27.6599979400635,16.0911312103271,1.83333337306976));
#10648=CARTESIAN_POINT('',(29.1593112945557,13.1808395385742,0.));
#10649=CARTESIAN_POINT('',(32.,0.,1.83333337306976));
#10650=CARTESIAN_POINT('',(30.9674549102783,8.06329822540283,0.));
#10651=CARTESIAN_POINT('',(27.6599979400635,16.0911312103271,1.83333337306976));
#10652=CARTESIAN_POINT('',(15.8172168731689,27.8175430297852,1.83333337306976));
#10653=CARTESIAN_POINT('',(27.6599979400635,16.0911312103271,1.83333337306976));
#10654=CARTESIAN_POINT('',(27.6599979400635,16.0911312103271,1.83333337306976));
#10655=CARTESIAN_POINT('',(14.4065198898315,28.5736274719238,0.));
#10656=CARTESIAN_POINT('',(9.37032890319824,30.5973358154297,0.));
#10657=CARTESIAN_POINT('',(-0.315986514091492,31.9984397888184,1.83333337306976));
#10658=CARTESIAN_POINT('',(-1.35811853408813,31.9711666107178,0.));
#10659=CARTESIAN_POINT('',(15.8172168731689,27.8175430297852,1.83333337306976));
#10660=CARTESIAN_POINT('',(-16.3634777069092,27.499755859375,1.83333337306976));
#10661=CARTESIAN_POINT('',(-11.9314069747925,29.6924495697021,0.));
#10662=CARTESIAN_POINT('',(-0.315986514091492,31.9984397888184,1.83333337306976));
#10663=CARTESIAN_POINT('',(-6.74173641204834,31.2817668914795,0.));
#10664=CARTESIAN_POINT('',(-16.3634777069092,27.499755859375,1.83333337306976));
#10665=CARTESIAN_POINT('',(-27.8175430297852,15.8172168731689,1.83333337306976));
#10666=CARTESIAN_POINT('',(-16.3634777069092,27.499755859375,1.83333337306976));
#10667=CARTESIAN_POINT('',(-16.3634777069092,27.499755859375,1.83333337306976));
#10668=CARTESIAN_POINT('',(-27.936450958252,15.6062383651733,0.));
#10669=CARTESIAN_POINT('',(-30.1720790863037,10.6604738235474,0.));
#10670=CARTESIAN_POINT('',(-32.,-3.91886992827254E-15,1.83333337306976));
#10671=CARTESIAN_POINT('',(-31.5397090911865,5.40802621841431,0.));
#10672=CARTESIAN_POINT('',(-27.8175430297852,15.8172168731689,1.83333337306976));
#10673=CARTESIAN_POINT('',(-1.35811853408813,31.9711666107178,0.));
#10674=CARTESIAN_POINT('',(31.8847198486328,2.71378970146179,11.));
#10675=CARTESIAN_POINT('',(32.,0.,9.16666698455811));
#10676=CARTESIAN_POINT('',(30.9674549102783,8.06329822540283,11.));
#10677=CARTESIAN_POINT('',(27.6599979400635,16.0911312103271,9.16666698455811));
#10678=CARTESIAN_POINT('',(29.1593112945557,13.1808395385742,11.));
#10679=CARTESIAN_POINT('',(31.8847198486328,-2.71378970146179,11.));
#10680=CARTESIAN_POINT('',(27.6599979400635,16.0911312103271,9.16666698455811));
#10681=CARTESIAN_POINT('',(23.1025943756104,22.1420440673828,11.));
#10682=CARTESIAN_POINT('',(15.8172168731689,27.8175430297852,9.16666698455811));
#10683=CARTESIAN_POINT('',(19.0282611846924,25.7279090881348,11.));
#10684=CARTESIAN_POINT('',(15.8172168731689,27.8175430297852,9.16666698455811));
#10685=CARTESIAN_POINT('',(9.37032890319824,30.5973358154297,11.));
#10686=CARTESIAN_POINT('',(-0.315986514091492,31.9984397888184,9.16666698455811));
#10687=CARTESIAN_POINT('',(4.06457042694092,31.7408142089844,11.));
#10688=CARTESIAN_POINT('',(27.6599979400635,16.0911312103271,9.16666698455811));
#10689=CARTESIAN_POINT('',(27.6599979400635,16.0911312103271,9.16666698455811));
#10690=CARTESIAN_POINT('',(15.8172168731689,27.8175430297852,9.16666698455811));
#10691=CARTESIAN_POINT('',(9.37032890319824,30.5973358154297,11.));
#10692=CARTESIAN_POINT('',(4.06457042694092,31.7408142089844,11.));
#10693=CARTESIAN_POINT('',(-6.74173641204834,31.2817668914795,11.));
#10694=CARTESIAN_POINT('',(-16.3634777069092,27.499755859375,9.16666698455811));
#10695=CARTESIAN_POINT('',(-16.7778339385986,27.2489318847656,11.));
#10696=CARTESIAN_POINT('',(-16.3634777069092,27.499755859375,9.16666698455811));
#10697=CARTESIAN_POINT('',(-21.1415920257568,24.0215129852295,11.));
#10698=CARTESIAN_POINT('',(-27.8175430297852,15.8172168731689,9.16666698455811));
#10699=CARTESIAN_POINT('',(-24.897144317627,20.1030406951904,11.));
#10700=CARTESIAN_POINT('',(-6.74173641204834,31.2817668914795,11.));
#10701=CARTESIAN_POINT('',(-27.8175430297852,15.8172168731689,9.16666698455811));
#10702=CARTESIAN_POINT('',(-30.1720790863037,10.6604738235474,11.));
#10703=CARTESIAN_POINT('',(-32.,3.91886992827254E-15,9.16666698455811));
#10704=CARTESIAN_POINT('',(-31.5397090911865,5.40802621841431,11.));
#10705=CARTESIAN_POINT('',(-16.3634777069092,27.499755859375,9.16666698455811));
#10706=CARTESIAN_POINT('',(-27.8175430297852,15.8172168731689,9.16666698455811));
#10707=CARTESIAN_POINT('',(-32.,3.91886992827254E-15,9.16666698455811));
#10708=CARTESIAN_POINT('',(-27.936450958252,15.6062383651733,11.));
#10709=CARTESIAN_POINT('',(30.9674549102783,8.06329822540283,0.));
#10710=CARTESIAN_POINT('',(-51.7323417663574,-34.1725769042969,16.));
#10711=CARTESIAN_POINT('',(-59.377628326416,-17.840892791748,16.));
#10712=CARTESIAN_POINT('',(-25.4515914916992,-56.5350914001465,16.));
#10713=CARTESIAN_POINT('',(-40.1791038513184,-47.2190589904785,16.));
#10714=CARTESIAN_POINT('',(9.36258220672607,-61.289005279541,16.));
#10715=CARTESIAN_POINT('',(-8.38832378387451,-61.4299278259277,16.));
#10716=CARTESIAN_POINT('',(41.103759765625,-46.4163856506348,16.));
#10717=CARTESIAN_POINT('',(26.3061122894287,-56.1425704956055,16.));
#10718=CARTESIAN_POINT('',(59.5509033203125,-17.2536945343018,16.));
#10719=CARTESIAN_POINT('',(52.3970985412598,-33.1442909240723,16.));
#10720=CARTESIAN_POINT('',(59.293628692627,18.1180992126465,16.));
#10721=CARTESIAN_POINT('',(61.9983596801758,0.450939774513245,16.));
#10722=CARTESIAN_POINT('',(40.1791038513184,47.2190589904785,16.));
#10723=CARTESIAN_POINT('',(51.8210639953613,34.0378837585449,16.));
#10724=CARTESIAN_POINT('',(8.71332359313965,61.3846740722656,16.));
#10725=CARTESIAN_POINT('',(25.4515914916992,56.5350914001465,16.));
#10726=CARTESIAN_POINT('',(-26.4935302734375,56.0543746948242,16.));
#10727=CARTESIAN_POINT('',(-9.28099918365479,61.3014106750488,16.));
#10728=CARTESIAN_POINT('',(-52.3970985412598,33.1442909240723,16.));
#10729=CARTESIAN_POINT('',(-41.0749397277832,46.4418907165527,16.));
#10730=CARTESIAN_POINT('',(-62.,-7.59281011545113E-15,16.));
#10731=CARTESIAN_POINT('',(-59.5509033203125,17.2536945343018,16.));
#10732=CARTESIAN_POINT('',(-47.,-5.75584002186183E-15,13.5));
#10733=CARTESIAN_POINT('',(-45.0120735168457,-13.5245475769043,13.5));
#10734=CARTESIAN_POINT('',(-39.2164497375488,-25.9050178527832,13.5));
#10735=CARTESIAN_POINT('',(-30.4583530426025,-35.795093536377,13.5));
#10736=CARTESIAN_POINT('',(-30.1720790863037,-10.6604738235474,11.));
#10737=CARTESIAN_POINT('',(-45.0120735168457,-13.5245475769043,13.5));
#10738=CARTESIAN_POINT('',(-27.936450958252,-15.6062383651733,11.));
#10739=CARTESIAN_POINT('',(-39.2164497375488,-25.9050178527832,13.5));
#10740=CARTESIAN_POINT('',(-45.0120735168457,-13.5245475769043,13.5));
#10741=CARTESIAN_POINT('',(-19.2939472198486,-42.8572463989258,13.5));
#10742=CARTESIAN_POINT('',(-16.7778339385986,-27.2489318847656,11.));
#10743=CARTESIAN_POINT('',(-30.4583530426025,-35.795093536377,13.5));
#10744=CARTESIAN_POINT('',(-21.1415920257568,-24.0215129852295,11.));
#10745=CARTESIAN_POINT('',(-24.897144317627,-20.1030406951904,11.));
#10746=CARTESIAN_POINT('',(-11.9314069747925,-29.6924495697021,11.));
#10747=CARTESIAN_POINT('',(-11.9314069747925,-29.6924495697021,11.));
#10748=CARTESIAN_POINT('',(-19.2939472198486,-42.8572463989258,13.5));
#10749=CARTESIAN_POINT('',(-6.74173641204834,-31.2817668914795,11.));
#10750=CARTESIAN_POINT('',(-6.35889053344727,-46.5678482055664,13.5));
#10751=CARTESIAN_POINT('',(4.06457042694092,-31.7408142089844,11.));
#10752=CARTESIAN_POINT('',(9.37032890319824,-30.5973358154297,11.));
#10753=CARTESIAN_POINT('',(-1.35811853408813,-31.9711666107178,11.));
#10754=CARTESIAN_POINT('',(19.0282611846924,-25.7279090881348,11.));
#10755=CARTESIAN_POINT('',(23.1025943756104,-22.1420440673828,11.));
#10756=CARTESIAN_POINT('',(29.1593112945557,-13.1808395385742,11.));
#10757=CARTESIAN_POINT('',(30.9674549102783,-8.06329822540283,11.));
#10758=CARTESIAN_POINT('',(23.1025943756104,-22.1420440673828,11.));
#10759=CARTESIAN_POINT('',(31.1593017578125,-35.1866149902344,13.5));
#10760=CARTESIAN_POINT('',(26.5123081207275,-17.9191932678223,11.));
#10761=CARTESIAN_POINT('',(39.7203826904297,-25.1255111694336,13.5));
#10762=CARTESIAN_POINT('',(14.4065198898315,-28.5736274719238,11.));
#10763=CARTESIAN_POINT('',(31.8847198486328,-2.71378970146179,11.));
#10764=CARTESIAN_POINT('',(-92.,0.,21.));
#10765=CARTESIAN_POINT('',(-79.6743392944336,-46.,21.));
#10766=CARTESIAN_POINT('',(-1.35811853408813,-31.9711666107178,11.));
#10767=CARTESIAN_POINT('',(-79.6743392944336,-46.,21.));
#10768=CARTESIAN_POINT('',(-79.6743392944336,-46.,21.));
#10769=CARTESIAN_POINT('',(-46.,-79.6743392944336,21.));
#10770=CARTESIAN_POINT('',(0.,-92.,21.));
#10771=CARTESIAN_POINT('',(-8.38832378387451,-61.4299278259277,16.));
#10772=CARTESIAN_POINT('',(-46.,-79.6743392944336,21.));
#10773=CARTESIAN_POINT('',(-25.4515914916992,-56.5350914001465,16.));
#10774=CARTESIAN_POINT('',(-8.38832378387451,-61.4299278259277,16.));
#10775=CARTESIAN_POINT('',(-40.1791038513184,-47.2190589904785,16.));
#10776=CARTESIAN_POINT('',(46.,-79.6743392944336,21.));
#10777=CARTESIAN_POINT('',(29.1593112945557,-13.1808395385742,11.));
#10778=CARTESIAN_POINT('',(31.1593017578125,-35.1866149902344,13.5));
#10779=CARTESIAN_POINT('',(79.6743392944336,-46.,21.));
#10780=CARTESIAN_POINT('',(52.3970985412598,-33.1442909240723,16.));
#10781=CARTESIAN_POINT('',(46.,-79.6743392944336,21.));
#10782=CARTESIAN_POINT('',(41.103759765625,-46.4163856506348,16.));
#10783=CARTESIAN_POINT('',(26.3061122894287,-56.1425704956055,16.));
#10784=CARTESIAN_POINT('',(92.,0.,21.));
#10785=CARTESIAN_POINT('',(61.9983596801758,0.450939774513245,16.));
#10786=CARTESIAN_POINT('',(79.6743392944336,-46.,21.));
#10787=CARTESIAN_POINT('',(59.5509033203125,-17.2536945343018,16.));
#10788=CARTESIAN_POINT('',(52.3970985412598,-33.1442909240723,16.));
#10789=CARTESIAN_POINT('',(0.,-92.,21.));
#10790=CARTESIAN_POINT('',(19.9417304992676,-42.5596923828125,13.5));
#10791=CARTESIAN_POINT('',(31.8847198486328,-2.71378970146179,11.));
#10792=CARTESIAN_POINT('',(31.8847198486328,2.71378970146179,11.));
#10793=CARTESIAN_POINT('',(46.9987564086914,0.34184142947197,13.5));
#10794=CARTESIAN_POINT('',(30.9674549102783,8.06329822540283,11.));
#10795=CARTESIAN_POINT('',(44.9483947753906,13.7346887588501,13.5));
#10796=CARTESIAN_POINT('',(44.9483947753906,13.7346887588501,13.5));
#10797=CARTESIAN_POINT('',(39.2837104797363,25.8029098510742,13.5));
#10798=CARTESIAN_POINT('',(30.4583530426025,35.795093536377,13.5));
#10799=CARTESIAN_POINT('',(39.2837104797363,25.8029098510742,13.5));
#10800=CARTESIAN_POINT('',(39.2837104797363,25.8029098510742,13.5));
#10801=CARTESIAN_POINT('',(19.2939472198486,42.8572463989258,13.5));
#10802=CARTESIAN_POINT('',(14.4065198898315,28.5736274719238,11.));
#10803=CARTESIAN_POINT('',(30.4583530426025,35.795093536377,13.5));
#10804=CARTESIAN_POINT('',(19.0282611846924,25.7279090881348,11.));
#10805=CARTESIAN_POINT('',(23.1025943756104,22.1420440673828,11.));
#10806=CARTESIAN_POINT('',(9.37032890319824,30.5973358154297,11.));
#10807=CARTESIAN_POINT('',(31.8847198486328,-2.71378970146179,11.));
#10808=CARTESIAN_POINT('',(6.60526132583618,46.5335426330566,13.5));
#10809=CARTESIAN_POINT('',(4.06457042694092,31.7408142089844,11.));
#10810=CARTESIAN_POINT('',(19.2939472198486,42.8572463989258,13.5));
#10811=CARTESIAN_POINT('',(9.37032890319824,30.5973358154297,11.));
#10812=CARTESIAN_POINT('',(-6.74173641204834,31.2817668914795,11.));
#10813=CARTESIAN_POINT('',(-6.74173641204834,31.2817668914795,11.));
#10814=CARTESIAN_POINT('',(-1.35811853408813,31.9711666107178,11.));
#10815=CARTESIAN_POINT('',(-21.1415920257568,24.0215129852295,11.));
#10816=CARTESIAN_POINT('',(-24.897144317627,20.1030406951904,11.));
#10817=CARTESIAN_POINT('',(-27.936450958252,15.6062383651733,11.));
#10818=CARTESIAN_POINT('',(-31.5397090911865,5.40802621841431,11.));
#10819=CARTESIAN_POINT('',(-27.936450958252,15.6062383651733,11.));
#10820=CARTESIAN_POINT('',(-16.7778339385986,27.2489318847656,11.));
#10821=CARTESIAN_POINT('',(-32.,0.,11.));
#10822=CARTESIAN_POINT('',(79.6743392944336,46.,21.));
#10823=CARTESIAN_POINT('',(59.293628692627,18.1180992126465,16.));
#10824=CARTESIAN_POINT('',(92.,0.,21.));
#10825=CARTESIAN_POINT('',(61.9983596801758,0.450939774513245,16.));
#10826=CARTESIAN_POINT('',(79.6743392944336,46.,21.));
#10827=CARTESIAN_POINT('',(-1.35811853408813,31.9711666107178,11.));
#10828=CARTESIAN_POINT('',(79.6743392944336,46.,21.));
#10829=CARTESIAN_POINT('',(79.6743392944336,46.,21.));
#10830=CARTESIAN_POINT('',(25.4515914916992,56.5350914001465,16.));
#10831=CARTESIAN_POINT('',(25.4515914916992,56.5350914001465,16.));
#10832=CARTESIAN_POINT('',(46.,79.6743392944336,21.));
#10833=CARTESIAN_POINT('',(8.71332359313965,61.3846740722656,16.));
#10834=CARTESIAN_POINT('',(-7.6079042425712E-14,92.,21.));
#10835=CARTESIAN_POINT('',(-7.6079042425712E-14,92.,21.));
#10836=CARTESIAN_POINT('',(-46.,79.6743392944336,21.));
#10837=CARTESIAN_POINT('',(-26.4935302734375,56.0543746948242,16.));
#10838=CARTESIAN_POINT('',(-7.6079042425712E-14,92.,21.));
#10839=CARTESIAN_POINT('',(-9.28099918365479,61.3014106750488,16.));
#10840=CARTESIAN_POINT('',(-16.7778339385986,27.2489318847656,11.));
#10841=CARTESIAN_POINT('',(-31.5397090911865,5.40802621841431,11.));
#10842=CARTESIAN_POINT('',(-39.7203826904297,25.1255111694336,13.5));
#10843=CARTESIAN_POINT('',(-79.6743392944336,46.,21.));
#10844=CARTESIAN_POINT('',(-52.3970985412598,33.1442909240723,16.));
#10845=CARTESIAN_POINT('',(-46.,79.6743392944336,21.));
#10846=CARTESIAN_POINT('',(-41.0749397277832,46.4418907165527,16.));
#10847=CARTESIAN_POINT('',(-26.4935302734375,56.0543746948242,16.));
#10848=CARTESIAN_POINT('',(-92.,0.,21.));
#10849=CARTESIAN_POINT('',(-59.5509033203125,17.2536945343018,16.));
#10850=CARTESIAN_POINT('',(-52.3970985412598,33.1442909240723,16.));
#10851=CARTESIAN_POINT('',(-90.5,-1.10830534203257E-14,92.));
#10852=CARTESIAN_POINT('',(-46.,-79.6743392944336,21.));
#10853=CARTESIAN_POINT('',(-77.0762634277344,-44.5,163.));
#10854=CARTESIAN_POINT('',(13.6663503646851,-89.4621734619141,92.));
#10855=CARTESIAN_POINT('',(0.,-92.,21.));
#10856=CARTESIAN_POINT('',(-37.1511116027832,-82.5229949951172,92.));
#10857=CARTESIAN_POINT('',(-46.,-79.6743392944336,21.));
#10858=CARTESIAN_POINT('',(46.,-79.6743392944336,21.));
#10859=CARTESIAN_POINT('',(59.9982299804688,-67.7529525756836,92.));
#10860=CARTESIAN_POINT('',(79.6743392944336,-46.,21.));
#10861=CARTESIAN_POINT('',(86.9251098632812,-25.1848278045654,92.));
#10862=CARTESIAN_POINT('',(0.,-92.,21.));
#10863=CARTESIAN_POINT('',(13.6663503646851,-89.4621734619141,92.));
#10864=CARTESIAN_POINT('',(46.,-79.6743392944336,21.));
#10865=CARTESIAN_POINT('',(59.9982299804688,-67.7529525756836,92.));
#10866=CARTESIAN_POINT('',(92.,0.,21.));
#10867=CARTESIAN_POINT('',(-37.1511116027832,-82.5229949951172,92.));
#10868=CARTESIAN_POINT('',(-77.0762634277344,-44.5,163.));
#10869=CARTESIAN_POINT('',(0.,-89.,163.));
#10870=CARTESIAN_POINT('',(13.6663503646851,-89.4621734619141,92.));
#10871=CARTESIAN_POINT('',(-44.5,-77.0762634277344,163.));
#10872=CARTESIAN_POINT('',(-37.1511116027832,-82.5229949951172,92.));
#10873=CARTESIAN_POINT('',(-77.0762634277344,-44.5,163.));
#10874=CARTESIAN_POINT('',(13.6663503646851,-89.4621734619141,92.));
#10875=CARTESIAN_POINT('',(0.,-89.,163.));
#10876=CARTESIAN_POINT('',(59.9982299804688,-67.7529525756836,92.));
#10877=CARTESIAN_POINT('',(44.5,-77.0762634277344,163.));
#10878=CARTESIAN_POINT('',(77.0762634277344,-44.5,163.));
#10879=CARTESIAN_POINT('',(86.9251098632812,-25.1848278045654,92.));
#10880=CARTESIAN_POINT('',(44.5,-77.0762634277344,163.));
#10881=CARTESIAN_POINT('',(59.9982299804688,-67.7529525756836,92.));
#10882=CARTESIAN_POINT('',(86.9251098632812,-25.1848278045654,92.));
#10883=CARTESIAN_POINT('',(86.5495681762695,26.4465808868408,92.));
#10884=CARTESIAN_POINT('',(79.6743392944336,46.,21.));
#10885=CARTESIAN_POINT('',(86.9251098632812,-25.1848278045654,92.));
#10886=CARTESIAN_POINT('',(92.,0.,21.));
#10887=CARTESIAN_POINT('',(79.6743392944336,46.,21.));
#10888=CARTESIAN_POINT('',(86.5495681762695,26.4465808868408,92.));
#10889=CARTESIAN_POINT('',(46.,79.6743392944336,21.));
#10890=CARTESIAN_POINT('',(58.6485290527344,68.9245986938477,92.));
#10891=CARTESIAN_POINT('',(86.5495681762695,26.4465808868408,92.));
#10892=CARTESIAN_POINT('',(77.0762634277344,44.5,163.));
#10893=CARTESIAN_POINT('',(58.6485290527344,68.9245986938477,92.));
#10894=CARTESIAN_POINT('',(44.5,77.0762634277344,163.));
#10895=CARTESIAN_POINT('',(12.7186412811279,89.6018218994141,92.));
#10896=CARTESIAN_POINT('',(-7.6079042425712E-14,92.,21.));
#10897=CARTESIAN_POINT('',(58.6485290527344,68.9245986938477,92.));
#10898=CARTESIAN_POINT('',(46.,79.6743392944336,21.));
#10899=CARTESIAN_POINT('',(86.9251098632812,-25.1848278045654,92.));
#10900=CARTESIAN_POINT('',(89.,0.,163.));
#10901=CARTESIAN_POINT('',(86.5495681762695,26.4465808868408,92.));
#10902=CARTESIAN_POINT('',(77.0762634277344,44.5,163.));
#10903=CARTESIAN_POINT('',(-38.6720085144043,81.8213043212891,92.));
#10904=CARTESIAN_POINT('',(-46.,79.6743392944336,21.));
#10905=CARTESIAN_POINT('',(12.7186412811279,89.6018218994141,92.));
#10906=CARTESIAN_POINT('',(-7.6079042425712E-14,92.,21.));
#10907=CARTESIAN_POINT('',(-46.,79.6743392944336,21.));
#10908=CARTESIAN_POINT('',(-38.6720085144043,81.8213043212891,92.));
#10909=CARTESIAN_POINT('',(-79.6743392944336,46.,21.));
#10910=CARTESIAN_POINT('',(-76.4828643798828,48.3799743652344,92.));
#10911=CARTESIAN_POINT('',(-79.6743392944336,46.,21.));
#10912=CARTESIAN_POINT('',(-76.4828643798828,48.3799743652344,92.));
#10913=CARTESIAN_POINT('',(-92.,0.,21.));
#10914=CARTESIAN_POINT('',(-90.5,-1.10830534203257E-14,92.));
#10915=CARTESIAN_POINT('',(58.6485290527344,68.9245986938477,92.));
#10916=CARTESIAN_POINT('',(44.5,77.0762634277344,163.));
#10917=CARTESIAN_POINT('',(12.7186412811279,89.6018218994141,92.));
#10918=CARTESIAN_POINT('',(-7.3598198119685E-14,89.,163.));
#10919=CARTESIAN_POINT('',(12.7186412811279,89.6018218994141,92.));
#10920=CARTESIAN_POINT('',(-7.3598198119685E-14,89.,163.));
#10921=CARTESIAN_POINT('',(-38.6720085144043,81.8213043212891,92.));
#10922=CARTESIAN_POINT('',(-44.5,77.0762634277344,163.));
#10923=CARTESIAN_POINT('',(-76.4828643798828,48.3799743652344,92.));
#10924=CARTESIAN_POINT('',(-77.0762634277344,44.5,163.));
#10925=CARTESIAN_POINT('',(-90.5,-1.10830534203257E-14,92.));
#10926=CARTESIAN_POINT('',(-89.,0.,163.));
#10927=CARTESIAN_POINT('',(-77.0762634277344,44.5,163.));
#10928=CARTESIAN_POINT('',(-76.4828643798828,48.3799743652344,92.));
#10929=CARTESIAN_POINT('',(-44.5,77.0762634277344,163.));
#10930=CARTESIAN_POINT('',(-38.6720085144043,81.8213043212891,92.));
#10931=CARTESIAN_POINT('',(-25.1325092315674,-11.7651815414429,163.));
#10932=CARTESIAN_POINT('',(-23.1543941497803,-15.2949838638306,163.));
#10933=CARTESIAN_POINT('',(-27.4550018310547,-4.03551912307739,163.));
#10934=CARTESIAN_POINT('',(-26.5762767791748,-7.98523855209351,163.));
#10935=CARTESIAN_POINT('',(-36.1119842529297,-5.30798006057739,163.));
#10936=CARTESIAN_POINT('',(-51.7159957885742,-15.5388422012329,163.));
#10937=CARTESIAN_POINT('',(-54.,-6.61309284514123E-15,163.));
#10938=CARTESIAN_POINT('',(-33.0571746826172,-15.4749240875244,163.));
#10939=CARTESIAN_POINT('',(-45.0571975708008,-29.7632122039795,163.));
#10940=CARTESIAN_POINT('',(-51.7159957885742,-15.5388422012329,163.));
#10941=CARTESIAN_POINT('',(-14.8347434997559,-23.4519271850586,163.));
#10942=CARTESIAN_POINT('',(-11.3916397094727,-25.304012298584,163.));
#10943=CARTESIAN_POINT('',(-20.7750759124756,-18.3972473144531,163.));
#10944=CARTESIAN_POINT('',(-17.9833889007568,-21.1343383789062,163.));
#10945=CARTESIAN_POINT('',(-27.325777053833,-24.1981811523438,163.));
#10946=CARTESIAN_POINT('',(-34.994701385498,-41.126277923584,163.));
#10947=CARTESIAN_POINT('',(-45.0571975708008,-29.7632122039795,163.));
#10948=CARTESIAN_POINT('',(-19.5123653411865,-30.8466796875,163.));
#10949=CARTESIAN_POINT('',(-22.1675148010254,-49.2402420043945,163.));
#10950=CARTESIAN_POINT('',(-34.994701385498,-41.126277923584,163.));
#10951=CARTESIAN_POINT('',(0.220298826694489,-27.7491264343262,163.));
#10952=CARTESIAN_POINT('',(4.19051074981689,-27.4317722320557,163.));
#10953=CARTESIAN_POINT('',(-7.65185976028442,-26.6741733551025,163.));
#10954=CARTESIAN_POINT('',(-3.75445127487183,-27.4948463439941,163.));
#10955=CARTESIAN_POINT('',(-10.0646076202393,-35.0849494934082,163.));
#10956=CARTESIAN_POINT('',(-7.30595922470093,-53.5034866333008,163.));
#10957=CARTESIAN_POINT('',(-22.1675148010254,-49.2402420043945,163.));
#10958=CARTESIAN_POINT('',(0.289762407541275,-36.4988479614258,163.));
#10959=CARTESIAN_POINT('',(8.15450763702393,-53.380744934082,163.));
#10960=CARTESIAN_POINT('',(-7.30595922470093,-53.5034866333008,163.));
#10961=CARTESIAN_POINT('',(15.2418947219849,-23.1893749237061,163.));
#10962=CARTESIAN_POINT('',(18.3972473144531,-20.7750759124756,163.));
#10963=CARTESIAN_POINT('',(8.06496810913086,-26.552188873291,163.));
#10964=CARTESIAN_POINT('',(11.7741069793701,-25.1283283233643,163.));
#10965=CARTESIAN_POINT('',(10.6079769134521,-34.924503326416,163.));
#10966=CARTESIAN_POINT('',(22.9117755889893,-48.8983688354492,163.));
#10967=CARTESIAN_POINT('',(8.15450763702393,-53.380744934082,163.));
#10968=CARTESIAN_POINT('',(20.0478973388672,-30.5013408660889,163.));
#10969=CARTESIAN_POINT('',(35.800048828125,-40.4271774291992,163.));
#10970=CARTESIAN_POINT('',(22.9117755889893,-48.8983688354492,163.));
#10971=CARTESIAN_POINT('',(25.304012298584,-11.3916397094727,163.));
#10972=CARTESIAN_POINT('',(26.6538314819336,-7.72241926193237,163.));
#10973=CARTESIAN_POINT('',(21.1343383789062,-17.9833889007568,163.));
#10974=CARTESIAN_POINT('',(23.4519271850586,-14.8347434997559,163.));
#10975=CARTESIAN_POINT('',(27.798318862915,-23.6538276672363,163.));
#10976=CARTESIAN_POINT('',(45.6361808776855,-28.8676090240479,163.));
#10977=CARTESIAN_POINT('',(35.800048828125,-40.4271774291992,163.));
#10978=CARTESIAN_POINT('',(33.2827568054199,-14.9835977554321,163.));
#10979=CARTESIAN_POINT('',(51.8669166564941,-15.0274105072021,163.));
#10980=CARTESIAN_POINT('',(45.6361808776855,-28.8676090240479,163.));
#10981=CARTESIAN_POINT('',(27.4304084777832,4.19942283630371,163.));
#10982=CARTESIAN_POINT('',(26.5386810302734,8.1093111038208,163.));
#10983=CARTESIAN_POINT('',(27.4885921478271,-3.79997420310974,163.));
#10984=CARTESIAN_POINT('',(27.7492656707764,0.20183190703392,163.));
#10985=CARTESIAN_POINT('',(36.1561660766602,-4.99816417694092,163.));
#10986=CARTESIAN_POINT('',(53.9985733032227,0.39275398850441,163.));
#10987=CARTESIAN_POINT('',(51.8669166564941,-15.0274105072021,163.));
#10988=CARTESIAN_POINT('',(36.0796356201172,5.5235652923584,163.));
#10989=CARTESIAN_POINT('',(51.6428375244141,15.7802801132202,163.));
#10990=CARTESIAN_POINT('',(53.9985733032227,0.39275398850441,163.));
#10991=CARTESIAN_POINT('',(20.7989883422852,18.3702087402344,163.));
#10992=CARTESIAN_POINT('',(17.9833889007568,21.1343383789062,163.));
#10993=CARTESIAN_POINT('',(25.1203155517578,11.7911930084229,163.));
#10994=CARTESIAN_POINT('',(23.1941051483154,15.2346973419189,163.));
#10995=CARTESIAN_POINT('',(33.0411376953125,15.5091361999512,163.));
#10996=CARTESIAN_POINT('',(45.1344757080078,29.6458969116211,163.));
#10997=CARTESIAN_POINT('',(51.6428375244141,15.7802801132202,163.));
#10998=CARTESIAN_POINT('',(27.3572292327881,24.1626167297363,163.));
#10999=CARTESIAN_POINT('',(34.994701385498,41.126277923584,163.));
#11000=CARTESIAN_POINT('',(45.1344757080078,29.6458969116211,163.));
#11001=CARTESIAN_POINT('',(7.72241926193237,26.6538314819336,163.));
#11002=CARTESIAN_POINT('',(3.89991497993469,27.4745903015137,163.));
#11003=CARTESIAN_POINT('',(14.8347434997559,23.4519271850586,163.));
#11004=CARTESIAN_POINT('',(11.3916397094727,25.304012298584,163.));
#11005=CARTESIAN_POINT('',(19.5123653411865,30.8466796875,163.));
#11006=CARTESIAN_POINT('',(22.1675148010254,49.2402420043945,163.));
#11007=CARTESIAN_POINT('',(34.994701385498,41.126277923584,163.));
#11008=CARTESIAN_POINT('',(10.157416343689,35.0581932067871,163.));
#11009=CARTESIAN_POINT('',(7.58902359008789,53.4640693664551,163.));
#11010=CARTESIAN_POINT('',(22.1675148010254,49.2402420043945,163.));
#11011=CARTESIAN_POINT('',(-8.09164714813232,26.5440711975098,163.));
#11012=CARTESIAN_POINT('',(-11.8579912185669,25.0888538360596,163.));
#11013=CARTESIAN_POINT('',(-0.128399521112442,27.7497024536133,163.));
#11014=CARTESIAN_POINT('',(-4.15399551391602,27.4373245239258,163.));
#11015=CARTESIAN_POINT('',(-0.168885856866837,36.4996109008789,163.));
#11016=CARTESIAN_POINT('',(-8.08345127105713,53.3915519714355,163.));
#11017=CARTESIAN_POINT('',(7.58902359008789,53.4640693664551,163.));
#11018=CARTESIAN_POINT('',(-10.6430683135986,34.9138221740723,163.));
#11019=CARTESIAN_POINT('',(-23.0750102996826,48.8215522766113,163.));
#11020=CARTESIAN_POINT('',(-8.08345127105713,53.3915519714355,163.));
#11021=CARTESIAN_POINT('',(-21.128755569458,17.9899463653564,163.));
#11022=CARTESIAN_POINT('',(-23.4519271850586,14.8347434997559,163.));
#11023=CARTESIAN_POINT('',(-15.273419380188,23.1686248779297,163.));
#11024=CARTESIAN_POINT('',(-18.3843479156494,20.786491394043,163.));
#11025=CARTESIAN_POINT('',(-20.0893630981445,30.4740467071533,163.));
#11026=CARTESIAN_POINT('',(-35.7749481201172,40.449390411377,163.));
#11027=CARTESIAN_POINT('',(-23.0750102996826,48.8215522766113,163.));
#11028=CARTESIAN_POINT('',(-27.7909755706787,23.6624526977539,163.));
#11029=CARTESIAN_POINT('',(-45.6361808776855,28.8676090240479,163.));
#11030=CARTESIAN_POINT('',(-35.7749481201172,40.449390411377,163.));
#11031=CARTESIAN_POINT('',(-27.4745903015137,3.89991497993469,163.));
#11032=CARTESIAN_POINT('',(-27.75,3.39839486372261E-15,163.));
#11033=CARTESIAN_POINT('',(-25.304012298584,11.3916397094727,163.));
#11034=CARTESIAN_POINT('',(-26.6538314819336,7.72241926193237,163.));
#11035=CARTESIAN_POINT('',(-33.2827568054199,14.9835977554321,163.));
#11036=CARTESIAN_POINT('',(-51.8669166564941,15.0274105072021,163.));
#11037=CARTESIAN_POINT('',(-45.6361808776855,28.8676090240479,163.));
#11038=CARTESIAN_POINT('',(-36.1377487182617,5.12961769104004,163.));
#11039=CARTESIAN_POINT('',(-54.,-6.61309284514123E-15,163.));
#11040=CARTESIAN_POINT('',(-51.8669166564941,15.0274105072021,163.));
#11041=CARTESIAN_POINT('',(-51.7159957885742,-15.5388422012329,163.));
#11042=CARTESIAN_POINT('',(-45.0571975708008,-29.7632122039795,163.));
#11043=CARTESIAN_POINT('',(-89.,0.,163.));
#11044=CARTESIAN_POINT('',(-77.0762634277344,-44.5,163.));
#11045=CARTESIAN_POINT('',(-34.994701385498,-41.126277923584,163.));
#11046=CARTESIAN_POINT('',(-27.4550018310547,-4.03551912307739,163.));
#11047=CARTESIAN_POINT('',(-26.5762767791748,-7.98523855209351,163.));
#11048=CARTESIAN_POINT('',(-14.7826795578003,-11.9361801147461,163.));
#11049=CARTESIAN_POINT('',(-17.9833889007568,-21.1343383789062,163.));
#11050=CARTESIAN_POINT('',(-20.7750759124756,-18.3972473144531,163.));
#11051=CARTESIAN_POINT('',(-16.5872688293457,-9.26620388031006,163.));
#11052=CARTESIAN_POINT('',(-27.75,3.39839486372261E-15,163.));
#11053=CARTESIAN_POINT('',(-7.30595922470093,-53.5034866333008,163.));
#11054=CARTESIAN_POINT('',(8.15450763702393,-53.380744934082,163.));
#11055=CARTESIAN_POINT('',(44.5,-77.0762634277344,163.));
#11056=CARTESIAN_POINT('',(0.,-89.,163.));
#11057=CARTESIAN_POINT('',(77.0762634277344,-44.5,163.));
#11058=CARTESIAN_POINT('',(-4.00290632247925,-18.5735492706299,163.));
#11059=CARTESIAN_POINT('',(-11.3916397094727,-25.304012298584,163.));
#11060=CARTESIAN_POINT('',(44.5,-77.0762634277344,163.));
#11061=CARTESIAN_POINT('',(77.0762634277344,-44.5,163.));
#11062=CARTESIAN_POINT('',(-44.5,-77.0762634277344,163.));
#11063=CARTESIAN_POINT('',(-14.8347434997559,-23.4519271850586,163.));
#11064=CARTESIAN_POINT('',(-16.5872688293457,-9.26620388031006,163.));
#11065=CARTESIAN_POINT('',(4.19051074981689,-27.4317722320557,163.));
#11066=CARTESIAN_POINT('',(0.220298826694489,-27.7491264343262,163.));
#11067=CARTESIAN_POINT('',(0.220298826694489,-27.7491264343262,163.));
#11068=CARTESIAN_POINT('',(-0.806382834911346,-18.9828796386719,163.));
#11069=CARTESIAN_POINT('',(8.06496810913086,-26.552188873291,163.));
#11070=CARTESIAN_POINT('',(11.7741069793701,-25.1283283233643,163.));
#11071=CARTESIAN_POINT('',(11.2980298995972,-15.2759456634521,163.));
#11072=CARTESIAN_POINT('',(21.1343383789062,-17.9833889007568,163.));
#11073=CARTESIAN_POINT('',(25.304012298584,-11.3916397094727,163.));
#11074=CARTESIAN_POINT('',(23.4519271850586,-14.8347434997559,163.));
#11075=CARTESIAN_POINT('',(13.7171659469604,-13.1468381881714,163.));
#11076=CARTESIAN_POINT('',(11.2980298995972,-15.2759456634521,163.));
#11077=CARTESIAN_POINT('',(18.9315528869629,-1.61131250858307,163.));
#11078=CARTESIAN_POINT('',(27.7492656707764,0.20183190703392,163.));
#11079=CARTESIAN_POINT('',(53.9985733032227,0.39275398850441,163.));
#11080=CARTESIAN_POINT('',(77.0762634277344,44.5,163.));
#11081=CARTESIAN_POINT('',(45.1344757080078,29.6458969116211,163.));
#11082=CARTESIAN_POINT('',(45.1344757080078,29.6458969116211,163.));
#11083=CARTESIAN_POINT('',(44.5,77.0762634277344,163.));
#11084=CARTESIAN_POINT('',(44.5,77.0762634277344,163.));
#11085=CARTESIAN_POINT('',(7.58902359008789,53.4640693664551,163.));
#11086=CARTESIAN_POINT('',(18.9315528869629,1.61131250858307,163.));
#11087=CARTESIAN_POINT('',(26.5386810302734,8.1093111038208,163.));
#11088=CARTESIAN_POINT('',(27.4304084777832,4.19942283630371,163.));
#11089=CARTESIAN_POINT('',(23.1941051483154,15.2346973419189,163.));
#11090=CARTESIAN_POINT('',(11.2980298995972,15.2759456634521,163.));
#11091=CARTESIAN_POINT('',(20.7989883422852,18.3702087402344,163.));
#11092=CARTESIAN_POINT('',(25.1203155517578,11.7911930084229,163.));
#11093=CARTESIAN_POINT('',(-8.08345127105713,53.3915519714355,163.));
#11094=CARTESIAN_POINT('',(-7.3598198119685E-14,89.,163.));
#11095=CARTESIAN_POINT('',(-35.7749481201172,40.449390411377,163.));
#11096=CARTESIAN_POINT('',(-77.0762634277344,44.5,163.));
#11097=CARTESIAN_POINT('',(-44.5,77.0762634277344,163.));
#11098=CARTESIAN_POINT('',(11.3916397094727,25.304012298584,163.));
#11099=CARTESIAN_POINT('',(3.89991497993469,27.4745903015137,163.));
#11100=CARTESIAN_POINT('',(7.72241926193237,26.6538314819336,163.));
#11101=CARTESIAN_POINT('',(-51.8669166564941,15.0274105072021,163.));
#11102=CARTESIAN_POINT('',(8.55387115478516,16.9655914306641,163.));
#11103=CARTESIAN_POINT('',(-11.8579912185669,25.0888538360596,163.));
#11104=CARTESIAN_POINT('',(-4.00290632247925,18.5735492706299,163.));
#11105=CARTESIAN_POINT('',(-0.128399521112442,27.7497024536133,163.));
#11106=CARTESIAN_POINT('',(11.2980298995972,15.2759456634521,163.));
#11107=CARTESIAN_POINT('',(-8.09164714813232,26.5440711975098,163.));
#11108=CARTESIAN_POINT('',(-9.961838722229,16.1790542602539,163.));
#11109=CARTESIAN_POINT('',(-15.273419380188,23.1686248779297,163.));
#11110=CARTESIAN_POINT('',(-18.3843479156494,20.786491394043,163.));
#11111=CARTESIAN_POINT('',(-16.5872688293457,9.26620388031006,163.));
#11112=CARTESIAN_POINT('',(-26.6538314819336,7.72241926193237,163.));
#11113=CARTESIAN_POINT('',(-17.9146709442139,6.32965612411499,163.));
#11114=CARTESIAN_POINT('',(-21.128755569458,17.9899463653564,163.));
#11115=CARTESIAN_POINT('',(-25.304012298584,11.3916397094727,163.));
#11116=CARTESIAN_POINT('',(-19.,0.,163.));
#11117=CARTESIAN_POINT('',(18.9315528869629,-1.61131250858307,163.));
#11118=CARTESIAN_POINT('',(-9.39147281646729,-16.5166664123535,165.33332824707));
#11119=CARTESIAN_POINT('',(-16.4231243133545,-9.55410957336426,165.33332824707));
#11120=CARTESIAN_POINT('',(-16.4231243133545,-9.55410957336426,167.66667175293));
#11121=CARTESIAN_POINT('',(-16.4231243133545,-9.55410957336426,165.33332824707));
#11122=CARTESIAN_POINT('',(-16.4231243133545,-9.55410957336426,168.83332824707));
#11123=CARTESIAN_POINT('',(-9.39147281646729,-16.5166664123535,168.83332824707));
#11124=CARTESIAN_POINT('',(9.71581554412842,-16.3279800415039,165.33332824707));
#11125=CARTESIAN_POINT('',(0.187616989016533,-18.9990730285645,165.33332824707));
#11126=CARTESIAN_POINT('',(0.187616989016533,-18.9990730285645,167.66667175293));
#11127=CARTESIAN_POINT('',(0.187616989016533,-18.9990730285645,165.33332824707));
#11128=CARTESIAN_POINT('',(0.187616989016533,-18.9990730285645,168.83332824707));
#11129=CARTESIAN_POINT('',(9.71581554412842,-16.3279800415039,168.83332824707));
#11130=CARTESIAN_POINT('',(19.,0.,165.33332824707));
#11131=CARTESIAN_POINT('',(16.5166664123535,-9.39147281646729,165.33332824707));
#11132=CARTESIAN_POINT('',(16.5166664123535,-9.39147281646729,167.66667175293));
#11133=CARTESIAN_POINT('',(16.5166664123535,-9.39147281646729,165.33332824707));
#11134=CARTESIAN_POINT('',(16.5166664123535,-9.39147281646729,168.83332824707));
#11135=CARTESIAN_POINT('',(19.,0.,168.83332824707));
#11136=CARTESIAN_POINT('',(9.39147281646729,16.5166664123535,165.33332824707));
#11137=CARTESIAN_POINT('',(16.4231243133545,9.55410957336426,165.33332824707));
#11138=CARTESIAN_POINT('',(16.4231243133545,9.55410957336426,167.66667175293));
#11139=CARTESIAN_POINT('',(16.4231243133545,9.55410957336426,165.33332824707));
#11140=CARTESIAN_POINT('',(16.4231243133545,9.55410957336426,168.83332824707));
#11141=CARTESIAN_POINT('',(9.39147281646729,16.5166664123535,168.83332824707));
#11142=CARTESIAN_POINT('',(-9.71581554412842,16.3279800415039,165.33332824707));
#11143=CARTESIAN_POINT('',(-0.187616989016533,18.9990730285645,165.33332824707));
#11144=CARTESIAN_POINT('',(-0.187616989016533,18.9990730285645,167.66667175293));
#11145=CARTESIAN_POINT('',(-0.187616989016533,18.9990730285645,165.33332824707));
#11146=CARTESIAN_POINT('',(-0.187616989016533,18.9990730285645,168.83332824707));
#11147=CARTESIAN_POINT('',(-9.71581554412842,16.3279800415039,168.83332824707));
#11148=CARTESIAN_POINT('',(-19.,-2.32682894050248E-15,165.33332824707));
#11149=CARTESIAN_POINT('',(-16.5166664123535,9.39147281646729,165.33332824707));
#11150=CARTESIAN_POINT('',(-16.5166664123535,9.39147281646729,167.66667175293));
#11151=CARTESIAN_POINT('',(-16.5166664123535,9.39147281646729,165.33332824707));
#11152=CARTESIAN_POINT('',(-16.5166664123535,9.39147281646729,168.83332824707));
#11153=CARTESIAN_POINT('',(-19.,2.32682894050248E-15,168.83332824707));
#11154=CARTESIAN_POINT('',(-19.,-2.32682894050248E-15,164.16667175293));
#11155=CARTESIAN_POINT('',(-19.,-2.32682894050248E-15,164.16667175293));
#11156=CARTESIAN_POINT('',(-16.4231243133545,-9.55410957336426,164.16667175293));
#11157=CARTESIAN_POINT('',(-16.4231243133545,-9.55410957336426,164.16667175293));
#11158=CARTESIAN_POINT('',(-16.4231243133545,-9.55410957336426,164.16667175293));
#11159=CARTESIAN_POINT('',(-19.,-2.32682894050248E-15,164.16667175293));
#11160=CARTESIAN_POINT('',(-9.39147281646729,-16.5166664123535,164.16667175293));
#11161=CARTESIAN_POINT('',(-16.4231243133545,-9.55410957336426,164.16667175293));
#11162=CARTESIAN_POINT('',(-4.00290632247925,-18.5735492706299,163.));
#11163=CARTESIAN_POINT('',(-9.961838722229,-16.1790542602539,163.));
#11164=CARTESIAN_POINT('',(0.187616989016533,-18.9990730285645,164.16667175293));
#11165=CARTESIAN_POINT('',(0.187616989016533,-18.9990730285645,164.16667175293));
#11166=CARTESIAN_POINT('',(0.187616989016533,-18.9990730285645,164.16667175293));
#11167=CARTESIAN_POINT('',(9.71581554412842,-16.3279800415039,164.16667175293));
#11168=CARTESIAN_POINT('',(9.71581554412842,-16.3279800415039,164.16667175293));
#11169=CARTESIAN_POINT('',(9.71581554412842,-16.3279800415039,164.16667175293));
#11170=CARTESIAN_POINT('',(0.187616989016533,-18.9990730285645,164.16667175293));
#11171=CARTESIAN_POINT('',(16.5166664123535,-9.39147281646729,164.16667175293));
#11172=CARTESIAN_POINT('',(9.71581554412842,-16.3279800415039,164.16667175293));
#11173=CARTESIAN_POINT('',(16.5166664123535,-9.39147281646729,164.16667175293));
#11174=CARTESIAN_POINT('',(18.9315528869629,-1.61131250858307,163.));
#11175=CARTESIAN_POINT('',(16.5166664123535,-9.39147281646729,164.16667175293));
#11176=CARTESIAN_POINT('',(15.7416830062866,-10.6395206451416,163.));
#11177=CARTESIAN_POINT('',(-4.00290632247925,-18.5735492706299,163.));
#11178=CARTESIAN_POINT('',(-19.,0.,170.));
#11179=CARTESIAN_POINT('',(-17.9146709442139,-6.32965612411499,170.));
#11180=CARTESIAN_POINT('',(-16.4231243133545,-9.55410957336426,168.83332824707));
#11181=CARTESIAN_POINT('',(-19.,2.32682894050248E-15,168.83332824707));
#11182=CARTESIAN_POINT('',(-16.4231243133545,-9.55410957336426,168.83332824707));
#11183=CARTESIAN_POINT('',(-14.7826795578003,-11.9361801147461,170.));
#11184=CARTESIAN_POINT('',(-9.39147281646729,-16.5166664123535,168.83332824707));
#11185=CARTESIAN_POINT('',(-12.5528202056885,-14.2627735137939,170.));
#11186=CARTESIAN_POINT('',(-16.4231243133545,-9.55410957336426,168.83332824707));
#11187=CARTESIAN_POINT('',(-9.39147281646729,-16.5166664123535,168.83332824707));
#11188=CARTESIAN_POINT('',(-4.00290632247925,-18.5735492706299,170.));
#11189=CARTESIAN_POINT('',(-4.00290632247925,-18.5735492706299,170.));
#11190=CARTESIAN_POINT('',(-9.961838722229,-16.1790542602539,170.));
#11191=CARTESIAN_POINT('',(0.187616989016533,-18.9990730285645,168.83332824707));
#11192=CARTESIAN_POINT('',(2.41333866119385,-18.8461074829102,170.));
#11193=CARTESIAN_POINT('',(9.71581554412842,-16.3279800415039,168.83332824707));
#11194=CARTESIAN_POINT('',(-0.806382834911346,-18.9828796386719,170.));
#11195=CARTESIAN_POINT('',(16.5166664123535,-9.39147281646729,168.83332824707));
#11196=CARTESIAN_POINT('',(17.3133411407471,-7.82612371444702,170.));
#11197=CARTESIAN_POINT('',(19.,0.,168.83332824707));
#11198=CARTESIAN_POINT('',(18.386926651001,-4.78758335113525,170.));
#11199=CARTESIAN_POINT('',(8.55387115478516,-16.9655914306641,170.));
#11200=CARTESIAN_POINT('',(9.71581554412842,-16.3279800415039,168.83332824707));
#11201=CARTESIAN_POINT('',(11.2980298995972,-15.2759456634521,170.));
#11202=CARTESIAN_POINT('',(16.5166664123535,-9.39147281646729,168.83332824707));
#11203=CARTESIAN_POINT('',(13.7171659469604,-13.1468381881714,170.));
#11204=CARTESIAN_POINT('',(9.71581554412842,-16.3279800415039,168.83332824707));
#11205=CARTESIAN_POINT('',(16.5166664123535,-9.39147281646729,168.83332824707));
#11206=CARTESIAN_POINT('',(18.386926651001,-4.78758335113525,170.));
#11207=CARTESIAN_POINT('',(15.7416830062866,-10.6395206451416,170.));
#11208=CARTESIAN_POINT('',(19.,0.,164.16667175293));
#11209=CARTESIAN_POINT('',(16.4231243133545,9.55410957336426,164.16667175293));
#11210=CARTESIAN_POINT('',(17.3133411407471,7.82612371444702,163.));
#11211=CARTESIAN_POINT('',(19.,0.,164.16667175293));
#11212=CARTESIAN_POINT('',(18.386926651001,4.78758335113525,163.));
#11213=CARTESIAN_POINT('',(16.4231243133545,9.55410957336426,164.16667175293));
#11214=CARTESIAN_POINT('',(9.39147281646729,16.5166664123535,164.16667175293));
#11215=CARTESIAN_POINT('',(16.4231243133545,9.55410957336426,164.16667175293));
#11216=CARTESIAN_POINT('',(16.4231243133545,9.55410957336426,164.16667175293));
#11217=CARTESIAN_POINT('',(8.55387115478516,16.9655914306641,163.));
#11218=CARTESIAN_POINT('',(5.56363248825073,18.1671676635742,163.));
#11219=CARTESIAN_POINT('',(-0.187616989016533,18.9990730285645,164.16667175293));
#11220=CARTESIAN_POINT('',(-0.806382834911346,18.9828796386719,163.));
#11221=CARTESIAN_POINT('',(9.39147281646729,16.5166664123535,164.16667175293));
#11222=CARTESIAN_POINT('',(-9.71581554412842,16.3279800415039,164.16667175293));
#11223=CARTESIAN_POINT('',(-7.08427286148071,17.6298923492432,163.));
#11224=CARTESIAN_POINT('',(-0.187616989016533,18.9990730285645,164.16667175293));
#11225=CARTESIAN_POINT('',(-4.00290632247925,18.5735492706299,163.));
#11226=CARTESIAN_POINT('',(-9.71581554412842,16.3279800415039,164.16667175293));
#11227=CARTESIAN_POINT('',(-16.5166664123535,9.39147281646729,164.16667175293));
#11228=CARTESIAN_POINT('',(-9.71581554412842,16.3279800415039,164.16667175293));
#11229=CARTESIAN_POINT('',(-9.71581554412842,16.3279800415039,164.16667175293));
#11230=CARTESIAN_POINT('',(-16.5872688293457,9.26620388031006,163.));
#11231=CARTESIAN_POINT('',(-17.9146709442139,6.32965612411499,163.));
#11232=CARTESIAN_POINT('',(-19.,-2.32682894050248E-15,164.16667175293));
#11233=CARTESIAN_POINT('',(-18.7267017364502,3.21101570129395,163.));
#11234=CARTESIAN_POINT('',(-16.5166664123535,9.39147281646729,164.16667175293));
#11235=CARTESIAN_POINT('',(-0.806382834911346,18.9828796386719,163.));
#11236=CARTESIAN_POINT('',(18.9315528869629,1.61131250858307,170.));
#11237=CARTESIAN_POINT('',(19.,0.,168.83332824707));
#11238=CARTESIAN_POINT('',(18.386926651001,4.78758335113525,170.));
#11239=CARTESIAN_POINT('',(16.4231243133545,9.55410957336426,168.83332824707));
#11240=CARTESIAN_POINT('',(17.3133411407471,7.82612371444702,170.));
#11241=CARTESIAN_POINT('',(18.9315528869629,-1.61131250858307,170.));
#11242=CARTESIAN_POINT('',(16.4231243133545,9.55410957336426,168.83332824707));
#11243=CARTESIAN_POINT('',(13.7171659469604,13.1468381881714,170.));
#11244=CARTESIAN_POINT('',(9.39147281646729,16.5166664123535,168.83332824707));
#11245=CARTESIAN_POINT('',(11.2980298995972,15.2759456634521,170.));
#11246=CARTESIAN_POINT('',(9.39147281646729,16.5166664123535,168.83332824707));
#11247=CARTESIAN_POINT('',(5.56363248825073,18.1671676635742,170.));
#11248=CARTESIAN_POINT('',(-0.187616989016533,18.9990730285645,168.83332824707));
#11249=CARTESIAN_POINT('',(2.41333866119385,18.8461074829102,170.));
#11250=CARTESIAN_POINT('',(16.4231243133545,9.55410957336426,168.83332824707));
#11251=CARTESIAN_POINT('',(16.4231243133545,9.55410957336426,168.83332824707));
#11252=CARTESIAN_POINT('',(9.39147281646729,16.5166664123535,168.83332824707));
#11253=CARTESIAN_POINT('',(5.56363248825073,18.1671676635742,170.));
#11254=CARTESIAN_POINT('',(2.41333866119385,18.8461074829102,170.));
#11255=CARTESIAN_POINT('',(-4.00290632247925,18.5735492706299,170.));
#11256=CARTESIAN_POINT('',(-9.71581554412842,16.3279800415039,168.83332824707));
#11257=CARTESIAN_POINT('',(-9.961838722229,16.1790542602539,170.));
#11258=CARTESIAN_POINT('',(-9.71581554412842,16.3279800415039,168.83332824707));
#11259=CARTESIAN_POINT('',(-12.5528202056885,14.2627735137939,170.));
#11260=CARTESIAN_POINT('',(-16.5166664123535,9.39147281646729,168.83332824707));
#11261=CARTESIAN_POINT('',(-14.7826795578003,11.9361801147461,170.));
#11262=CARTESIAN_POINT('',(-4.00290632247925,18.5735492706299,170.));
#11263=CARTESIAN_POINT('',(-16.5166664123535,9.39147281646729,168.83332824707));
#11264=CARTESIAN_POINT('',(-17.9146709442139,6.32965612411499,170.));
#11265=CARTESIAN_POINT('',(-19.,2.32682894050248E-15,168.83332824707));
#11266=CARTESIAN_POINT('',(-18.7267017364502,3.21101570129395,170.));
#11267=CARTESIAN_POINT('',(-9.71581554412842,16.3279800415039,168.83332824707));
#11268=CARTESIAN_POINT('',(-16.5166664123535,9.39147281646729,168.83332824707));
#11269=CARTESIAN_POINT('',(-19.,2.32682894050248E-15,168.83332824707));
#11270=CARTESIAN_POINT('',(-16.5872688293457,9.26620388031006,170.));
#11271=CARTESIAN_POINT('',(18.386926651001,4.78758335113525,163.));
#11272=CARTESIAN_POINT('',(-6.36211204528809,-15.3594970703125,170.));
#11273=CARTESIAN_POINT('',(1.0179877011745E-15,-16.625,170.));
#11274=CARTESIAN_POINT('',(8.7256082621865E-16,-14.25,170.));
#11275=CARTESIAN_POINT('',(-10.0762720108032,-10.0762720108032,170.));
#11276=CARTESIAN_POINT('',(-11.7556505203247,-11.7556505203247,170.));
#11277=CARTESIAN_POINT('',(-15.3594970703125,-6.36211204528809,170.));
#11278=CARTESIAN_POINT('',(-14.25,-1.7451216524373E-15,170.));
#11279=CARTESIAN_POINT('',(-16.625,-2.03597540234901E-15,170.));
#11280=CARTESIAN_POINT('',(-16.4566040039062,-6.8165488243103,170.));
#11281=CARTESIAN_POINT('',(-12.5953397750854,-12.5953397750854,170.));
#11282=CARTESIAN_POINT('',(-17.8125,-2.18140206554663E-15,170.));
#11283=CARTESIAN_POINT('',(-6.8165488243103,-16.4566040039062,170.));
#11284=CARTESIAN_POINT('',(1.09070103277331E-15,-17.8125,170.));
#11285=CARTESIAN_POINT('',(5.8170723512562E-16,-9.5,170.));
#11286=CARTESIAN_POINT('',(-9.5,-1.16341447025124E-15,170.));
#11287=CARTESIAN_POINT('',(2.9085361756281E-16,-4.75,170.));
#11288=CARTESIAN_POINT('',(-4.75,-5.8170723512562E-16,170.));
#11289=CARTESIAN_POINT('',(0.,0.,170.));
#11290=CARTESIAN_POINT('',(15.3594970703125,-6.36211204528809,170.));
#11291=CARTESIAN_POINT('',(16.625,0.,170.));
#11292=CARTESIAN_POINT('',(14.25,0.,170.));
#11293=CARTESIAN_POINT('',(10.0762720108032,-10.0762720108032,170.));
#11294=CARTESIAN_POINT('',(11.7556505203247,-11.7556505203247,170.));
#11295=CARTESIAN_POINT('',(6.36211204528809,-15.3594970703125,170.));
#11296=CARTESIAN_POINT('',(6.8165488243103,-16.4566040039062,170.));
#11297=CARTESIAN_POINT('',(12.5953397750854,-12.5953397750854,170.));
#11298=CARTESIAN_POINT('',(16.4566040039062,-6.8165488243103,170.));
#11299=CARTESIAN_POINT('',(17.8125,0.,170.));
#11300=CARTESIAN_POINT('',(9.5,0.,170.));
#11301=CARTESIAN_POINT('',(4.75,0.,170.));
#11302=CARTESIAN_POINT('',(6.36211204528809,15.3594970703125,170.));
#11303=CARTESIAN_POINT('',(-1.37479783145818E-14,16.625,170.));
#11304=CARTESIAN_POINT('',(-1.17839816545081E-14,14.25,170.));
#11305=CARTESIAN_POINT('',(10.0762720108032,10.0762720108032,170.));
#11306=CARTESIAN_POINT('',(11.7556505203247,11.7556505203247,170.));
#11307=CARTESIAN_POINT('',(15.3594970703125,6.36211204528809,170.));
#11308=CARTESIAN_POINT('',(16.4566040039062,6.8165488243103,170.));
#11309=CARTESIAN_POINT('',(12.5953397750854,12.5953397750854,170.));
#11310=CARTESIAN_POINT('',(6.8165488243103,16.4566040039062,170.));
#11311=CARTESIAN_POINT('',(-1.47299774916516E-14,17.8125,170.));
#11312=CARTESIAN_POINT('',(-7.85598748732777E-15,9.5,170.));
#11313=CARTESIAN_POINT('',(-3.92799374366389E-15,4.75,170.));
#11314=CARTESIAN_POINT('',(-15.3594970703125,6.36211204528809,170.));
#11315=CARTESIAN_POINT('',(-10.0762720108032,10.0762720108032,170.));
#11316=CARTESIAN_POINT('',(-11.7556505203247,11.7556505203247,170.));
#11317=CARTESIAN_POINT('',(-6.36211204528809,15.3594970703125,170.));
#11318=CARTESIAN_POINT('',(-6.8165488243103,16.4566040039062,170.));
#11319=CARTESIAN_POINT('',(-12.5953397750854,12.5953397750854,170.));
#11320=CARTESIAN_POINT('',(-16.4566040039062,6.8165488243103,170.));
#11321=CARTESIAN_POINT('',(-19.,0.,170.));
#11322=CARTESIAN_POINT('',(-18.7267017364502,-3.21101570129395,170.));
#11323=CARTESIAN_POINT('',(-17.9146709442139,-6.32965612411499,170.));
#11324=CARTESIAN_POINT('',(-16.5872688293457,-9.26620388031006,170.));
#11325=CARTESIAN_POINT('',(-14.7826795578003,-11.9361801147461,170.));
#11326=CARTESIAN_POINT('',(-12.5528202056885,-14.2627735137939,170.));
#11327=CARTESIAN_POINT('',(-9.961838722229,-16.1790542602539,170.));
#11328=CARTESIAN_POINT('',(-7.08427286148071,-17.6298923492432,170.));
#11329=CARTESIAN_POINT('',(-4.00290632247925,-18.5735492706299,170.));
#11330=CARTESIAN_POINT('',(-0.806382834911346,-18.9828796386719,170.));
#11331=CARTESIAN_POINT('',(2.41333866119385,-18.8461074829102,170.));
#11332=CARTESIAN_POINT('',(5.56363248825073,-18.1671676635742,170.));
#11333=CARTESIAN_POINT('',(8.55387115478516,-16.9655914306641,170.));
#11334=CARTESIAN_POINT('',(11.2980298995972,-15.2759456634521,170.));
#11335=CARTESIAN_POINT('',(13.7171659469604,-13.1468381881714,170.));
#11336=CARTESIAN_POINT('',(15.7416830062866,-10.6395206451416,170.));
#11337=CARTESIAN_POINT('',(17.3133411407471,-7.82612371444702,170.));
#11338=CARTESIAN_POINT('',(18.386926651001,-4.78758335113525,170.));
#11339=CARTESIAN_POINT('',(18.9315528869629,-1.61131250858307,170.));
#11340=CARTESIAN_POINT('',(18.9315528869629,1.61131250858307,170.));
#11341=CARTESIAN_POINT('',(18.386926651001,4.78758335113525,170.));
#11342=CARTESIAN_POINT('',(17.3133411407471,7.82612371444702,170.));
#11343=CARTESIAN_POINT('',(15.7416830062866,10.6395206451416,170.));
#11344=CARTESIAN_POINT('',(13.7171659469604,13.1468381881714,170.));
#11345=CARTESIAN_POINT('',(11.2980298995972,15.2759456634521,170.));
#11346=CARTESIAN_POINT('',(8.55387115478516,16.9655914306641,170.));
#11347=CARTESIAN_POINT('',(5.56363248825073,18.1671676635742,170.));
#11348=CARTESIAN_POINT('',(2.41333866119385,18.8461074829102,170.));
#11349=CARTESIAN_POINT('',(-0.806382834911346,18.9828796386719,170.));
#11350=CARTESIAN_POINT('',(-4.00290632247925,18.5735492706299,170.));
#11351=CARTESIAN_POINT('',(-7.08427286148071,17.6298923492432,170.));
#11352=CARTESIAN_POINT('',(-9.961838722229,16.1790542602539,170.));
#11353=CARTESIAN_POINT('',(-12.5528202056885,14.2627735137939,170.));
#11354=CARTESIAN_POINT('',(-14.7826795578003,11.9361801147461,170.));
#11355=CARTESIAN_POINT('',(-16.5872688293457,9.26620388031006,170.));
#11356=CARTESIAN_POINT('',(-17.9146709442139,6.32965612411499,170.));
#11357=CARTESIAN_POINT('',(-18.7267017364502,3.21101570129395,170.));
#11358=CARTESIAN_POINT('',(4.89858741034067E-16,-8.,0.));
#11359=CARTESIAN_POINT('',(-8.,-9.79717482068134E-16,0.));
#11360=CARTESIAN_POINT('',(0.,0.,0.));
#11361=CARTESIAN_POINT('',(9.79717482068134E-16,-16.,0.));
#11362=CARTESIAN_POINT('',(-16.,-1.95943496413627E-15,0.));
#11363=CARTESIAN_POINT('',(-16.9705619812012,-16.9705619812012,0.));
#11364=CARTESIAN_POINT('',(-24.,-2.93915223444617E-15,0.));
#11365=CARTESIAN_POINT('',(1.46957611722308E-15,-24.,0.));
#11366=CARTESIAN_POINT('',(-11.4805030822754,-27.7163867950439,0.));
#11367=CARTESIAN_POINT('',(-21.2132034301758,-21.2132034301758,0.));
#11368=CARTESIAN_POINT('',(-19.7989902496338,-19.7989902496338,0.));
#11369=CARTESIAN_POINT('',(-10.7151365280151,-25.8686275482178,0.));
#11370=CARTESIAN_POINT('',(1.83697009358929E-15,-30.,0.));
#11371=CARTESIAN_POINT('',(1.71450554067968E-15,-28.,0.));
#11372=CARTESIAN_POINT('',(-27.7163867950439,-11.4805030822754,0.));
#11373=CARTESIAN_POINT('',(-30.,3.67394018717859E-15,0.));
#11374=CARTESIAN_POINT('',(-28.,3.42901108135935E-15,0.));
#11375=CARTESIAN_POINT('',(-25.8686275482178,-10.7151365280151,0.));
#11376=CARTESIAN_POINT('',(8.,0.,0.));
#11377=CARTESIAN_POINT('',(16.,0.,0.));
#11378=CARTESIAN_POINT('',(16.9705619812012,-16.9705619812012,0.));
#11379=CARTESIAN_POINT('',(24.,0.,0.));
#11380=CARTESIAN_POINT('',(27.7163867950439,-11.4805030822754,0.));
#11381=CARTESIAN_POINT('',(21.2132034301758,-21.2132034301758,0.));
#11382=CARTESIAN_POINT('',(19.7989902496338,-19.7989902496338,0.));
#11383=CARTESIAN_POINT('',(25.8686275482178,-10.7151365280151,0.));
#11384=CARTESIAN_POINT('',(30.,0.,0.));
#11385=CARTESIAN_POINT('',(28.,0.,0.));
#11386=CARTESIAN_POINT('',(11.4805030822754,-27.7163867950439,0.));
#11387=CARTESIAN_POINT('',(10.7151365280151,-25.8686275482178,0.));
#11388=CARTESIAN_POINT('',(-6.61556872244605E-15,8.,0.));
#11389=CARTESIAN_POINT('',(-1.32311374448921E-14,16.,0.));
#11390=CARTESIAN_POINT('',(16.9705619812012,16.9705619812012,0.));
#11391=CARTESIAN_POINT('',(-1.98467053203052E-14,24.,0.));
#11392=CARTESIAN_POINT('',(11.4805030822754,27.7163867950439,0.));
#11393=CARTESIAN_POINT('',(21.2132034301758,21.2132034301758,0.));
#11394=CARTESIAN_POINT('',(19.7989902496338,19.7989902496338,0.));
#11395=CARTESIAN_POINT('',(10.7151365280151,25.8686275482178,0.));
#11396=CARTESIAN_POINT('',(-2.4808382073898E-14,30.,0.));
#11397=CARTESIAN_POINT('',(-2.31544909520777E-14,28.,0.));
#11398=CARTESIAN_POINT('',(27.7163867950439,11.4805030822754,0.));
#11399=CARTESIAN_POINT('',(25.8686275482178,10.7151365280151,0.));
#11400=CARTESIAN_POINT('',(-16.9705619812012,16.9705619812012,0.));
#11401=CARTESIAN_POINT('',(-27.7163867950439,11.4805030822754,0.));
#11402=CARTESIAN_POINT('',(-21.2132034301758,21.2132034301758,0.));
#11403=CARTESIAN_POINT('',(-19.7989902496338,19.7989902496338,0.));
#11404=CARTESIAN_POINT('',(-25.8686275482178,10.7151365280151,0.));
#11405=CARTESIAN_POINT('',(-11.4805030822754,27.7163867950439,0.));
#11406=CARTESIAN_POINT('',(-10.7151365280151,25.8686275482178,0.));
#11407=CARTESIAN_POINT('',(-31.5397090911865,-5.40802621841431,0.));
#11408=CARTESIAN_POINT('',(-32.,0.,0.));
#11409=CARTESIAN_POINT('',(-30.1720790863037,-10.6604738235474,0.));
#11410=CARTESIAN_POINT('',(-27.936450958252,-15.6062383651733,0.));
#11411=CARTESIAN_POINT('',(-24.897144317627,-20.1030406951904,0.));
#11412=CARTESIAN_POINT('',(-21.1415920257568,-24.0215129852295,0.));
#11413=CARTESIAN_POINT('',(-16.7778339385986,-27.2489318847656,0.));
#11414=CARTESIAN_POINT('',(9.37032890319824,-30.5973358154297,0.));
#11415=CARTESIAN_POINT('',(4.06457042694092,-31.7408142089844,0.));
#11416=CARTESIAN_POINT('',(-1.35811853408813,-31.9711666107178,0.));
#11417=CARTESIAN_POINT('',(-6.74173641204834,-31.2817668914795,0.));
#11418=CARTESIAN_POINT('',(19.0282611846924,-25.7279090881348,0.));
#11419=CARTESIAN_POINT('',(14.4065198898315,-28.5736274719238,0.));
#11420=CARTESIAN_POINT('',(29.1593112945557,-13.1808395385742,0.));
#11421=CARTESIAN_POINT('',(26.5123081207275,-17.9191932678223,0.));
#11422=CARTESIAN_POINT('',(-11.9314069747925,-29.6924495697021,0.));
#11423=CARTESIAN_POINT('',(23.1025943756104,-22.1420440673828,0.));
#11424=CARTESIAN_POINT('',(30.9674549102783,-8.06329822540283,0.));
#11425=CARTESIAN_POINT('',(31.8847198486328,-2.71378970146179,0.));
#11426=CARTESIAN_POINT('',(30.9674549102783,8.06329822540283,0.));
#11427=CARTESIAN_POINT('',(31.8847198486328,2.71378970146179,0.));
#11428=CARTESIAN_POINT('',(29.1593112945557,13.1808395385742,0.));
#11429=CARTESIAN_POINT('',(26.5123081207275,17.9191932678223,0.));
#11430=CARTESIAN_POINT('',(23.1025943756104,22.1420440673828,0.));
#11431=CARTESIAN_POINT('',(19.0282611846924,25.7279090881348,0.));
#11432=CARTESIAN_POINT('',(14.4065198898315,28.5736274719238,0.));
#11433=CARTESIAN_POINT('',(-6.74173641204834,31.2817668914795,0.));
#11434=CARTESIAN_POINT('',(-1.35811853408813,31.9711666107178,0.));
#11435=CARTESIAN_POINT('',(-27.936450958252,15.6062383651733,0.));
#11436=CARTESIAN_POINT('',(-24.897144317627,20.1030406951904,0.));
#11437=CARTESIAN_POINT('',(-21.1415920257568,24.0215129852295,0.));
#11438=CARTESIAN_POINT('',(-16.7778339385986,27.2489318847656,0.));
#11439=CARTESIAN_POINT('',(4.06457042694092,31.7408142089844,0.));
#11440=CARTESIAN_POINT('',(9.37032890319824,30.5973358154297,0.));
#11441=CARTESIAN_POINT('',(-31.5397090911865,5.40802621841431,0.));
#11442=CARTESIAN_POINT('',(-30.1720790863037,10.6604738235474,0.));
#11443=CARTESIAN_POINT('',(-11.9314069747925,29.6924495697021,0.));
#11444=CARTESIAN_POINT('',(-15.8172168731689,-27.8175430297852,3.66666674613953));
#11445=CARTESIAN_POINT('',(-27.6599979400635,-16.0911312103271,3.66666674613953));
#11446=CARTESIAN_POINT('',(-27.6599979400635,-16.0911312103271,1.83333337306976));
#11447=CARTESIAN_POINT('',(-15.8172168731689,-27.8175430297852,1.83333337306976));
#11448=CARTESIAN_POINT('',(-32.,-3.91886992827254E-15,3.66666674613953));
#11449=CARTESIAN_POINT('',(-32.,-3.91886992827254E-15,1.83333337306976));
#11450=CARTESIAN_POINT('',(-27.6599979400635,-16.0911312103271,7.33333349227905));
#11451=CARTESIAN_POINT('',(-32.,-3.91886992827254E-15,7.33333349227905));
#11452=CARTESIAN_POINT('',(-15.8172168731689,-27.8175430297852,7.33333349227905));
#11453=CARTESIAN_POINT('',(-27.6599979400635,-16.0911312103271,9.16666698455811));
#11454=CARTESIAN_POINT('',(-32.,3.91886992827254E-15,9.16666698455811));
#11455=CARTESIAN_POINT('',(-15.8172168731689,-27.8175430297852,9.16666698455811));
#11456=CARTESIAN_POINT('',(16.3634777069092,-27.499755859375,3.66666674613953));
#11457=CARTESIAN_POINT('',(0.315986514091492,-31.9984397888184,3.66666674613953));
#11458=CARTESIAN_POINT('',(0.315986514091492,-31.9984397888184,1.83333337306976));
#11459=CARTESIAN_POINT('',(16.3634777069092,-27.499755859375,1.83333337306976));
#11460=CARTESIAN_POINT('',(0.315986514091492,-31.9984397888184,7.33333349227905));
#11461=CARTESIAN_POINT('',(16.3634777069092,-27.499755859375,7.33333349227905));
#11462=CARTESIAN_POINT('',(0.315986514091492,-31.9984397888184,9.16666698455811));
#11463=CARTESIAN_POINT('',(16.3634777069092,-27.499755859375,9.16666698455811));
#11464=CARTESIAN_POINT('',(32.,0.,3.66666674613953));
#11465=CARTESIAN_POINT('',(27.8175430297852,-15.8172168731689,3.66666674613953));
#11466=CARTESIAN_POINT('',(27.8175430297852,-15.8172168731689,1.83333337306976));
#11467=CARTESIAN_POINT('',(32.,0.,1.83333337306976));
#11468=CARTESIAN_POINT('',(27.8175430297852,-15.8172168731689,7.33333349227905));
#11469=CARTESIAN_POINT('',(32.,0.,7.33333349227905));
#11470=CARTESIAN_POINT('',(27.8175430297852,-15.8172168731689,9.16666698455811));
#11471=CARTESIAN_POINT('',(32.,0.,9.16666698455811));
#11472=CARTESIAN_POINT('',(15.8172168731689,27.8175430297852,3.66666674613953));
#11473=CARTESIAN_POINT('',(27.6599979400635,16.0911312103271,3.66666674613953));
#11474=CARTESIAN_POINT('',(27.6599979400635,16.0911312103271,1.83333337306976));
#11475=CARTESIAN_POINT('',(15.8172168731689,27.8175430297852,1.83333337306976));
#11476=CARTESIAN_POINT('',(27.6599979400635,16.0911312103271,7.33333349227905));
#11477=CARTESIAN_POINT('',(15.8172168731689,27.8175430297852,7.33333349227905));
#11478=CARTESIAN_POINT('',(27.6599979400635,16.0911312103271,9.16666698455811));
#11479=CARTESIAN_POINT('',(15.8172168731689,27.8175430297852,9.16666698455811));
#11480=CARTESIAN_POINT('',(-16.3634777069092,27.499755859375,3.66666674613953));
#11481=CARTESIAN_POINT('',(-0.315986514091492,31.9984397888184,3.66666674613953));
#11482=CARTESIAN_POINT('',(-0.315986514091492,31.9984397888184,1.83333337306976));
#11483=CARTESIAN_POINT('',(-16.3634777069092,27.499755859375,1.83333337306976));
#11484=CARTESIAN_POINT('',(-0.315986514091492,31.9984397888184,7.33333349227905));
#11485=CARTESIAN_POINT('',(-16.3634777069092,27.499755859375,7.33333349227905));
#11486=CARTESIAN_POINT('',(-0.315986514091492,31.9984397888184,9.16666698455811));
#11487=CARTESIAN_POINT('',(-16.3634777069092,27.499755859375,9.16666698455811));
#11488=CARTESIAN_POINT('',(-27.8175430297852,15.8172168731689,3.66666674613953));
#11489=CARTESIAN_POINT('',(-27.8175430297852,15.8172168731689,1.83333337306976));
#11490=CARTESIAN_POINT('',(-27.8175430297852,15.8172168731689,7.33333349227905));
#11491=CARTESIAN_POINT('',(-27.8175430297852,15.8172168731689,9.16666698455811));
#11492=CARTESIAN_POINT('',(-32.,0.,11.));
#11493=CARTESIAN_POINT('',(-31.5397090911865,-5.40802621841431,11.));
#11494=CARTESIAN_POINT('',(-30.1720790863037,-10.6604738235474,11.));
#11495=CARTESIAN_POINT('',(-27.936450958252,-15.6062383651733,11.));
#11496=CARTESIAN_POINT('',(-21.1415920257568,-24.0215129852295,11.));
#11497=CARTESIAN_POINT('',(-24.897144317627,-20.1030406951904,11.));
#11498=CARTESIAN_POINT('',(-11.9314069747925,-29.6924495697021,11.));
#11499=CARTESIAN_POINT('',(-16.7778339385986,-27.2489318847656,11.));
#11500=CARTESIAN_POINT('',(-6.74173641204834,-31.2817668914795,11.));
#11501=CARTESIAN_POINT('',(-1.35811853408813,-31.9711666107178,11.));
#11502=CARTESIAN_POINT('',(4.06457042694092,-31.7408142089844,11.));
#11503=CARTESIAN_POINT('',(9.37032890319824,-30.5973358154297,11.));
#11504=CARTESIAN_POINT('',(30.9674549102783,-8.06329822540283,11.));
#11505=CARTESIAN_POINT('',(29.1593112945557,-13.1808395385742,11.));
#11506=CARTESIAN_POINT('',(14.4065198898315,-28.5736274719238,11.));
#11507=CARTESIAN_POINT('',(23.1025943756104,-22.1420440673828,11.));
#11508=CARTESIAN_POINT('',(19.0282611846924,-25.7279090881348,11.));
#11509=CARTESIAN_POINT('',(26.5123081207275,-17.9191932678223,11.));
#11510=CARTESIAN_POINT('',(31.8847198486328,-2.71378970146179,11.));
#11511=CARTESIAN_POINT('',(31.8847198486328,2.71378970146179,11.));
#11512=CARTESIAN_POINT('',(30.9674549102783,8.06329822540283,11.));
#11513=CARTESIAN_POINT('',(29.1593112945557,13.1808395385742,11.));
#11514=CARTESIAN_POINT('',(19.0282611846924,25.7279090881348,11.));
#11515=CARTESIAN_POINT('',(23.1025943756104,22.1420440673828,11.));
#11516=CARTESIAN_POINT('',(4.06457042694092,31.7408142089844,11.));
#11517=CARTESIAN_POINT('',(9.37032890319824,30.5973358154297,11.));
#11518=CARTESIAN_POINT('',(26.5123081207275,17.9191932678223,11.));
#11519=CARTESIAN_POINT('',(14.4065198898315,28.5736274719238,11.));
#11520=CARTESIAN_POINT('',(-1.35811853408813,31.9711666107178,11.));
#11521=CARTESIAN_POINT('',(-6.74173641204834,31.2817668914795,11.));
#11522=CARTESIAN_POINT('',(-11.9314069747925,29.6924495697021,11.));
#11523=CARTESIAN_POINT('',(-16.7778339385986,27.2489318847656,11.));
#11524=CARTESIAN_POINT('',(-24.897144317627,20.1030406951904,11.));
#11525=CARTESIAN_POINT('',(-21.1415920257568,24.0215129852295,11.));
#11526=CARTESIAN_POINT('',(-31.5397090911865,5.40802621841431,11.));
#11527=CARTESIAN_POINT('',(-30.1720790863037,10.6604738235474,11.));
#11528=CARTESIAN_POINT('',(-27.936450958252,15.6062383651733,11.));
#11529=CARTESIAN_POINT('',(-51.7323417663574,-34.1725769042969,16.));
#11530=CARTESIAN_POINT('',(-59.377628326416,-17.840892791748,16.));
#11531=CARTESIAN_POINT('',(-45.0120735168457,-13.5245475769043,13.5));
#11532=CARTESIAN_POINT('',(-39.2164497375488,-25.9050178527832,13.5));
#11533=CARTESIAN_POINT('',(-62.,-7.59281011545113E-15,16.));
#11534=CARTESIAN_POINT('',(-47.,-5.75584002186183E-15,13.5));
#11535=CARTESIAN_POINT('',(-25.4515914916992,-56.5350914001465,16.));
#11536=CARTESIAN_POINT('',(-40.1791038513184,-47.2190589904785,16.));
#11537=CARTESIAN_POINT('',(-30.4583530426025,-35.795093536377,13.5));
#11538=CARTESIAN_POINT('',(-19.2939472198486,-42.8572463989258,13.5));
#11539=CARTESIAN_POINT('',(9.36258220672607,-61.289005279541,16.));
#11540=CARTESIAN_POINT('',(-8.38832378387451,-61.4299278259277,16.));
#11541=CARTESIAN_POINT('',(-6.35889053344727,-46.5678482055664,13.5));
#11542=CARTESIAN_POINT('',(7.09744167327881,-46.4610176086426,13.5));
#11543=CARTESIAN_POINT('',(41.103759765625,-46.4163856506348,16.));
#11544=CARTESIAN_POINT('',(26.3061122894287,-56.1425704956055,16.));
#11545=CARTESIAN_POINT('',(19.9417304992676,-42.5596923828125,13.5));
#11546=CARTESIAN_POINT('',(31.1593017578125,-35.1866149902344,13.5));
#11547=CARTESIAN_POINT('',(59.5509033203125,-17.2536945343018,16.));
#11548=CARTESIAN_POINT('',(52.3970985412598,-33.1442909240723,16.));
#11549=CARTESIAN_POINT('',(39.7203826904297,-25.1255111694336,13.5));
#11550=CARTESIAN_POINT('',(45.143424987793,-13.0794134140015,13.5));
#11551=CARTESIAN_POINT('',(59.293628692627,18.1180992126465,16.));
#11552=CARTESIAN_POINT('',(61.9983596801758,0.450939774513245,16.));
#11553=CARTESIAN_POINT('',(46.9987564086914,0.34184142947197,13.5));
#11554=CARTESIAN_POINT('',(44.9483947753906,13.7346887588501,13.5));
#11555=CARTESIAN_POINT('',(40.1791038513184,47.2190589904785,16.));
#11556=CARTESIAN_POINT('',(51.8210639953613,34.0378837585449,16.));
#11557=CARTESIAN_POINT('',(39.2837104797363,25.8029098510742,13.5));
#11558=CARTESIAN_POINT('',(30.4583530426025,35.795093536377,13.5));
#11559=CARTESIAN_POINT('',(8.71332359313965,61.3846740722656,16.));
#11560=CARTESIAN_POINT('',(25.4515914916992,56.5350914001465,16.));
#11561=CARTESIAN_POINT('',(19.2939472198486,42.8572463989258,13.5));
#11562=CARTESIAN_POINT('',(6.60526132583618,46.5335426330566,13.5));
#11563=CARTESIAN_POINT('',(-26.4935302734375,56.0543746948242,16.));
#11564=CARTESIAN_POINT('',(-9.28099918365479,61.3014106750488,16.));
#11565=CARTESIAN_POINT('',(-7.03559637069702,46.4704246520996,13.5));
#11566=CARTESIAN_POINT('',(-20.0838050842285,42.4928321838379,13.5));
#11567=CARTESIAN_POINT('',(-52.3970985412598,33.1442909240723,16.));
#11568=CARTESIAN_POINT('',(-41.0749397277832,46.4418907165527,16.));
#11569=CARTESIAN_POINT('',(-31.1374549865723,35.2059478759766,13.5));
#11570=CARTESIAN_POINT('',(-39.7203826904297,25.1255111694336,13.5));
#11571=CARTESIAN_POINT('',(-59.5509033203125,17.2536945343018,16.));
#11572=CARTESIAN_POINT('',(-45.143424987793,13.0794134140015,13.5));
#11573=CARTESIAN_POINT('',(-92.,0.,21.));
#11574=CARTESIAN_POINT('',(-79.6743392944336,-46.,21.));
#11575=CARTESIAN_POINT('',(-46.,-79.6743392944336,21.));
#11576=CARTESIAN_POINT('',(0.,-92.,21.));
#11577=CARTESIAN_POINT('',(46.,-79.6743392944336,21.));
#11578=CARTESIAN_POINT('',(79.6743392944336,-46.,21.));
#11579=CARTESIAN_POINT('',(92.,0.,21.));
#11580=CARTESIAN_POINT('',(79.6743392944336,46.,21.));
#11581=CARTESIAN_POINT('',(46.,79.6743392944336,21.));
#11582=CARTESIAN_POINT('',(-7.6079042425712E-14,92.,21.));
#11583=CARTESIAN_POINT('',(-46.,79.6743392944336,21.));
#11584=CARTESIAN_POINT('',(-79.6743392944336,46.,21.));
#11585=CARTESIAN_POINT('',(-90.5,-1.10830534203257E-14,92.));
#11586=CARTESIAN_POINT('',(-37.1511116027832,-82.5229949951172,92.));
#11587=CARTESIAN_POINT('',(-77.0762634277344,-44.5,163.));
#11588=CARTESIAN_POINT('',(13.6663503646851,-89.4621734619141,92.));
#11589=CARTESIAN_POINT('',(86.9251098632812,-25.1848278045654,92.));
#11590=CARTESIAN_POINT('',(59.9982299804688,-67.7529525756836,92.));
#11591=CARTESIAN_POINT('',(-89.,0.,163.));
#11592=CARTESIAN_POINT('',(0.,-89.,163.));
#11593=CARTESIAN_POINT('',(-44.5,-77.0762634277344,163.));
#11594=CARTESIAN_POINT('',(44.5,-77.0762634277344,163.));
#11595=CARTESIAN_POINT('',(77.0762634277344,-44.5,163.));
#11596=CARTESIAN_POINT('',(89.,0.,163.));
#11597=CARTESIAN_POINT('',(86.5495681762695,26.4465808868408,92.));
#11598=CARTESIAN_POINT('',(58.6485290527344,68.9245986938477,92.));
#11599=CARTESIAN_POINT('',(44.5,77.0762634277344,163.));
#11600=CARTESIAN_POINT('',(77.0762634277344,44.5,163.));
#11601=CARTESIAN_POINT('',(12.7186412811279,89.6018218994141,92.));
#11602=CARTESIAN_POINT('',(-38.6720085144043,81.8213043212891,92.));
#11603=CARTESIAN_POINT('',(-76.4828643798828,48.3799743652344,92.));
#11604=CARTESIAN_POINT('',(-7.3598198119685E-14,89.,163.));
#11605=CARTESIAN_POINT('',(-44.5,77.0762634277344,163.));
#11606=CARTESIAN_POINT('',(-77.0762634277344,44.5,163.));
#11607=CARTESIAN_POINT('',(-25.1325092315674,-11.7651815414429,163.));
#11608=CARTESIAN_POINT('',(-26.5762767791748,-7.98523855209351,163.));
#11609=CARTESIAN_POINT('',(-34.956184387207,-10.5031061172485,163.));
#11610=CARTESIAN_POINT('',(-33.0571746826172,-15.4749240875244,163.));
#11611=CARTESIAN_POINT('',(-23.1543941497803,-15.2949838638306,163.));
#11612=CARTESIAN_POINT('',(-30.4553298950195,-20.1177272796631,163.));
#11613=CARTESIAN_POINT('',(-27.4550018310547,-4.03551912307739,163.));
#11614=CARTESIAN_POINT('',(-27.75,3.39839486372261E-15,163.));
#11615=CARTESIAN_POINT('',(-36.5,4.46996099870097E-15,163.));
#11616=CARTESIAN_POINT('',(-36.1119842529297,-5.30798006057739,163.));
#11617=CARTESIAN_POINT('',(-54.,-6.61309284514123E-15,163.));
#11618=CARTESIAN_POINT('',(-51.7159957885742,-15.5388422012329,163.));
#11619=CARTESIAN_POINT('',(-45.0571975708008,-29.7632122039795,163.));
#11620=CARTESIAN_POINT('',(-14.8347434997559,-23.4519271850586,163.));
#11621=CARTESIAN_POINT('',(-17.9833889007568,-21.1343383789062,163.));
#11622=CARTESIAN_POINT('',(-23.6538276672363,-27.798318862915,163.));
#11623=CARTESIAN_POINT('',(-19.5123653411865,-30.8466796875,163.));
#11624=CARTESIAN_POINT('',(-11.3916397094727,-25.304012298584,163.));
#11625=CARTESIAN_POINT('',(-14.9835977554321,-33.2827568054199,163.));
#11626=CARTESIAN_POINT('',(-20.7750759124756,-18.3972473144531,163.));
#11627=CARTESIAN_POINT('',(-27.325777053833,-24.1981811523438,163.));
#11628=CARTESIAN_POINT('',(-34.994701385498,-41.126277923584,163.));
#11629=CARTESIAN_POINT('',(-22.1675148010254,-49.2402420043945,163.));
#11630=CARTESIAN_POINT('',(0.220298826694489,-27.7491264343262,163.));
#11631=CARTESIAN_POINT('',(-3.75445127487183,-27.4948463439941,163.));
#11632=CARTESIAN_POINT('',(-4.93828725814819,-36.1643943786621,163.));
#11633=CARTESIAN_POINT('',(0.289762407541275,-36.4988479614258,163.));
#11634=CARTESIAN_POINT('',(4.19051074981689,-27.4317722320557,163.));
#11635=CARTESIAN_POINT('',(5.51184272766113,-36.081428527832,163.));
#11636=CARTESIAN_POINT('',(-7.65185976028442,-26.6741733551025,163.));
#11637=CARTESIAN_POINT('',(-10.0646076202393,-35.0849494934082,163.));
#11638=CARTESIAN_POINT('',(-7.30595922470093,-53.5034866333008,163.));
#11639=CARTESIAN_POINT('',(8.15450763702393,-53.380744934082,163.));
#11640=CARTESIAN_POINT('',(15.2418947219849,-23.1893749237061,163.));
#11641=CARTESIAN_POINT('',(11.7741069793701,-25.1283283233643,163.));
#11642=CARTESIAN_POINT('',(15.4866628646851,-33.0516738891602,163.));
#11643=CARTESIAN_POINT('',(20.0478973388672,-30.5013408660889,163.));
#11644=CARTESIAN_POINT('',(18.3972473144531,-20.7750759124756,163.));
#11645=CARTESIAN_POINT('',(24.1981811523438,-27.325777053833,163.));
#11646=CARTESIAN_POINT('',(8.06496810913086,-26.552188873291,163.));
#11647=CARTESIAN_POINT('',(10.6079769134521,-34.924503326416,163.));
#11648=CARTESIAN_POINT('',(22.9117755889893,-48.8983688354492,163.));
#11649=CARTESIAN_POINT('',(35.800048828125,-40.4271774291992,163.));
#11650=CARTESIAN_POINT('',(25.304012298584,-11.3916397094727,163.));
#11651=CARTESIAN_POINT('',(23.4519271850586,-14.8347434997559,163.));
#11652=CARTESIAN_POINT('',(30.8466796875,-19.5123653411865,163.));
#11653=CARTESIAN_POINT('',(33.2827568054199,-14.9835977554321,163.));
#11654=CARTESIAN_POINT('',(26.6538314819336,-7.72241926193237,163.));
#11655=CARTESIAN_POINT('',(35.0581932067871,-10.157416343689,163.));
#11656=CARTESIAN_POINT('',(21.1343383789062,-17.9833889007568,163.));
#11657=CARTESIAN_POINT('',(27.798318862915,-23.6538276672363,163.));
#11658=CARTESIAN_POINT('',(45.6361808776855,-28.8676090240479,163.));
#11659=CARTESIAN_POINT('',(51.8669166564941,-15.0274105072021,163.));
#11660=CARTESIAN_POINT('',(27.4304084777832,4.19942283630371,163.));
#11661=CARTESIAN_POINT('',(27.7492656707764,0.20183190703392,163.));
#11662=CARTESIAN_POINT('',(36.4990348815918,0.265472620725632,163.));
#11663=CARTESIAN_POINT('',(36.0796356201172,5.5235652923584,163.));
#11664=CARTESIAN_POINT('',(26.5386810302734,8.1093111038208,163.));
#11665=CARTESIAN_POINT('',(34.9067344665527,10.6663007736206,163.));
#11666=CARTESIAN_POINT('',(27.4885921478271,-3.79997420310974,163.));
#11667=CARTESIAN_POINT('',(36.1561660766602,-4.99816417694092,163.));
#11668=CARTESIAN_POINT('',(53.9985733032227,0.39275398850441,163.));
#11669=CARTESIAN_POINT('',(51.6428375244141,15.7802801132202,163.));
#11670=CARTESIAN_POINT('',(20.7989883422852,18.3702087402344,163.));
#11671=CARTESIAN_POINT('',(23.1941051483154,15.2346973419189,163.));
#11672=CARTESIAN_POINT('',(30.5075607299805,20.0384311676025,163.));
#11673=CARTESIAN_POINT('',(27.3572292327881,24.1626167297363,163.));
#11674=CARTESIAN_POINT('',(17.9833889007568,21.1343383789062,163.));
#11675=CARTESIAN_POINT('',(23.6538276672363,27.798318862915,163.));
#11676=CARTESIAN_POINT('',(25.1203155517578,11.7911930084229,163.));
#11677=CARTESIAN_POINT('',(33.0411376953125,15.5091361999512,163.));
#11678=CARTESIAN_POINT('',(45.1344757080078,29.6458969116211,163.));
#11679=CARTESIAN_POINT('',(34.994701385498,41.126277923584,163.));
#11680=CARTESIAN_POINT('',(7.72241926193237,26.6538314819336,163.));
#11681=CARTESIAN_POINT('',(11.3916397094727,25.304012298584,163.));
#11682=CARTESIAN_POINT('',(14.9835977554321,33.2827568054199,163.));
#11683=CARTESIAN_POINT('',(10.157416343689,35.0581932067871,163.));
#11684=CARTESIAN_POINT('',(3.89991497993469,27.4745903015137,163.));
#11685=CARTESIAN_POINT('',(5.12961769104004,36.1377487182617,163.));
#11686=CARTESIAN_POINT('',(14.8347434997559,23.4519271850586,163.));
#11687=CARTESIAN_POINT('',(19.5123653411865,30.8466796875,163.));
#11688=CARTESIAN_POINT('',(22.1675148010254,49.2402420043945,163.));
#11689=CARTESIAN_POINT('',(7.58902359008789,53.4640693664551,163.));
#11690=CARTESIAN_POINT('',(-8.09164714813232,26.5440711975098,163.));
#11691=CARTESIAN_POINT('',(-4.15399551391602,27.4373245239258,163.));
#11692=CARTESIAN_POINT('',(-5.46381425857544,36.0887336730957,163.));
#11693=CARTESIAN_POINT('',(-10.6430683135986,34.9138221740723,163.));
#11694=CARTESIAN_POINT('',(-11.8579912185669,25.0888538360596,163.));
#11695=CARTESIAN_POINT('',(-15.5969972610474,32.9997520446777,163.));
#11696=CARTESIAN_POINT('',(-0.128399521112442,27.7497024536133,163.));
#11697=CARTESIAN_POINT('',(-0.168885856866837,36.4996109008789,163.));
#11698=CARTESIAN_POINT('',(-8.08345127105713,53.3915519714355,163.));
#11699=CARTESIAN_POINT('',(-23.0750102996826,48.8215522766113,163.));
#11700=CARTESIAN_POINT('',(-21.128755569458,17.9899463653564,163.));
#11701=CARTESIAN_POINT('',(-18.3843479156494,20.786491394043,163.));
#11702=CARTESIAN_POINT('',(-24.1812152862549,27.3407897949219,163.));
#11703=CARTESIAN_POINT('',(-27.7909755706787,23.6624526977539,163.));
#11704=CARTESIAN_POINT('',(-23.4519271850586,14.8347434997559,163.));
#11705=CARTESIAN_POINT('',(-30.8466796875,19.5123653411865,163.));
#11706=CARTESIAN_POINT('',(-15.273419380188,23.1686248779297,163.));
#11707=CARTESIAN_POINT('',(-20.0893630981445,30.4740467071533,163.));
#11708=CARTESIAN_POINT('',(-35.7749481201172,40.449390411377,163.));
#11709=CARTESIAN_POINT('',(-45.6361808776855,28.8676090240479,163.));
#11710=CARTESIAN_POINT('',(-27.4745903015137,3.89991497993469,163.));
#11711=CARTESIAN_POINT('',(-26.6538314819336,7.72241926193237,163.));
#11712=CARTESIAN_POINT('',(-35.0581932067871,10.157416343689,163.));
#11713=CARTESIAN_POINT('',(-36.1377487182617,5.12961769104004,163.));
#11714=CARTESIAN_POINT('',(-25.304012298584,11.3916397094727,163.));
#11715=CARTESIAN_POINT('',(-33.2827568054199,14.9835977554321,163.));
#11716=CARTESIAN_POINT('',(-51.8669166564941,15.0274105072021,163.));
#11717=CARTESIAN_POINT('',(-17.9146709442139,-6.32965612411499,163.));
#11718=CARTESIAN_POINT('',(-18.7267017364502,-3.21101570129395,163.));
#11719=CARTESIAN_POINT('',(-16.5872688293457,-9.26620388031006,163.));
#11720=CARTESIAN_POINT('',(-14.7826795578003,-11.9361801147461,163.));
#11721=CARTESIAN_POINT('',(-9.961838722229,-16.1790542602539,163.));
#11722=CARTESIAN_POINT('',(-12.5528202056885,-14.2627735137939,163.));
#11723=CARTESIAN_POINT('',(-19.,0.,163.));
#11724=CARTESIAN_POINT('',(-4.00290632247925,-18.5735492706299,163.));
#11725=CARTESIAN_POINT('',(-7.08427286148071,-17.6298923492432,163.));
#11726=CARTESIAN_POINT('',(5.56363248825073,-18.1671676635742,163.));
#11727=CARTESIAN_POINT('',(2.41333866119385,-18.8461074829102,163.));
#11728=CARTESIAN_POINT('',(-0.806382834911346,-18.9828796386719,163.));
#11729=CARTESIAN_POINT('',(8.55387115478516,-16.9655914306641,163.));
#11730=CARTESIAN_POINT('',(11.2980298995972,-15.2759456634521,163.));
#11731=CARTESIAN_POINT('',(15.7416830062866,-10.6395206451416,163.));
#11732=CARTESIAN_POINT('',(13.7171659469604,-13.1468381881714,163.));
#11733=CARTESIAN_POINT('',(18.386926651001,-4.78758335113525,163.));
#11734=CARTESIAN_POINT('',(17.3133411407471,-7.82612371444702,163.));
#11735=CARTESIAN_POINT('',(18.9315528869629,-1.61131250858307,163.));
#11736=CARTESIAN_POINT('',(18.9315528869629,1.61131250858307,163.));
#11737=CARTESIAN_POINT('',(17.3133411407471,7.82612371444702,163.));
#11738=CARTESIAN_POINT('',(18.386926651001,4.78758335113525,163.));
#11739=CARTESIAN_POINT('',(13.7171659469604,13.1468381881714,163.));
#11740=CARTESIAN_POINT('',(15.7416830062866,10.6395206451416,163.));
#11741=CARTESIAN_POINT('',(11.2980298995972,15.2759456634521,163.));
#11742=CARTESIAN_POINT('',(5.56363248825073,18.1671676635742,163.));
#11743=CARTESIAN_POINT('',(8.55387115478516,16.9655914306641,163.));
#11744=CARTESIAN_POINT('',(-0.806382834911346,18.9828796386719,163.));
#11745=CARTESIAN_POINT('',(2.41333866119385,18.8461074829102,163.));
#11746=CARTESIAN_POINT('',(-7.08427286148071,17.6298923492432,163.));
#11747=CARTESIAN_POINT('',(-4.00290632247925,18.5735492706299,163.));
#11748=CARTESIAN_POINT('',(-9.961838722229,16.1790542602539,163.));
#11749=CARTESIAN_POINT('',(-12.5528202056885,14.2627735137939,163.));
#11750=CARTESIAN_POINT('',(-14.7826795578003,11.9361801147461,163.));
#11751=CARTESIAN_POINT('',(-16.5872688293457,9.26620388031006,163.));
#11752=CARTESIAN_POINT('',(-18.7267017364502,3.21101570129395,163.));
#11753=CARTESIAN_POINT('',(-17.9146709442139,6.32965612411499,163.));
#11754=CARTESIAN_POINT('',(-9.39147281646729,-16.5166664123535,165.33332824707));
#11755=CARTESIAN_POINT('',(-16.4231243133545,-9.55410957336426,165.33332824707));
#11756=CARTESIAN_POINT('',(-16.4231243133545,-9.55410957336426,164.16667175293));
#11757=CARTESIAN_POINT('',(-9.39147281646729,-16.5166664123535,164.16667175293));
#11758=CARTESIAN_POINT('',(-19.,-2.32682894050248E-15,165.33332824707));
#11759=CARTESIAN_POINT('',(-19.,-2.32682894050248E-15,164.16667175293));
#11760=CARTESIAN_POINT('',(-16.4231243133545,-9.55410957336426,167.66667175293));
#11761=CARTESIAN_POINT('',(-19.,-2.32682894050248E-15,167.66667175293));
#11762=CARTESIAN_POINT('',(-9.39147281646729,-16.5166664123535,167.66667175293));
#11763=CARTESIAN_POINT('',(-16.4231243133545,-9.55410957336426,168.83332824707));
#11764=CARTESIAN_POINT('',(-19.,2.32682894050248E-15,168.83332824707));
#11765=CARTESIAN_POINT('',(-9.39147281646729,-16.5166664123535,168.83332824707));
#11766=CARTESIAN_POINT('',(9.71581554412842,-16.3279800415039,165.33332824707));
#11767=CARTESIAN_POINT('',(0.187616989016533,-18.9990730285645,165.33332824707));
#11768=CARTESIAN_POINT('',(0.187616989016533,-18.9990730285645,164.16667175293));
#11769=CARTESIAN_POINT('',(9.71581554412842,-16.3279800415039,164.16667175293));
#11770=CARTESIAN_POINT('',(0.187616989016533,-18.9990730285645,167.66667175293));
#11771=CARTESIAN_POINT('',(9.71581554412842,-16.3279800415039,167.66667175293));
#11772=CARTESIAN_POINT('',(0.187616989016533,-18.9990730285645,168.83332824707));
#11773=CARTESIAN_POINT('',(9.71581554412842,-16.3279800415039,168.83332824707));
#11774=CARTESIAN_POINT('',(19.,0.,165.33332824707));
#11775=CARTESIAN_POINT('',(16.5166664123535,-9.39147281646729,165.33332824707));
#11776=CARTESIAN_POINT('',(16.5166664123535,-9.39147281646729,164.16667175293));
#11777=CARTESIAN_POINT('',(19.,0.,164.16667175293));
#11778=CARTESIAN_POINT('',(16.5166664123535,-9.39147281646729,167.66667175293));
#11779=CARTESIAN_POINT('',(19.,0.,167.66667175293));
#11780=CARTESIAN_POINT('',(16.5166664123535,-9.39147281646729,168.83332824707));
#11781=CARTESIAN_POINT('',(19.,0.,168.83332824707));
#11782=CARTESIAN_POINT('',(9.39147281646729,16.5166664123535,165.33332824707));
#11783=CARTESIAN_POINT('',(16.4231243133545,9.55410957336426,165.33332824707));
#11784=CARTESIAN_POINT('',(16.4231243133545,9.55410957336426,164.16667175293));
#11785=CARTESIAN_POINT('',(9.39147281646729,16.5166664123535,164.16667175293));
#11786=CARTESIAN_POINT('',(16.4231243133545,9.55410957336426,167.66667175293));
#11787=CARTESIAN_POINT('',(9.39147281646729,16.5166664123535,167.66667175293));
#11788=CARTESIAN_POINT('',(16.4231243133545,9.55410957336426,168.83332824707));
#11789=CARTESIAN_POINT('',(9.39147281646729,16.5166664123535,168.83332824707));
#11790=CARTESIAN_POINT('',(-9.71581554412842,16.3279800415039,165.33332824707));
#11791=CARTESIAN_POINT('',(-0.187616989016533,18.9990730285645,165.33332824707));
#11792=CARTESIAN_POINT('',(-0.187616989016533,18.9990730285645,164.16667175293));
#11793=CARTESIAN_POINT('',(-9.71581554412842,16.3279800415039,164.16667175293));
#11794=CARTESIAN_POINT('',(-0.187616989016533,18.9990730285645,167.66667175293));
#11795=CARTESIAN_POINT('',(-9.71581554412842,16.3279800415039,167.66667175293));
#11796=CARTESIAN_POINT('',(-0.187616989016533,18.9990730285645,168.83332824707));
#11797=CARTESIAN_POINT('',(-9.71581554412842,16.3279800415039,168.83332824707));
#11798=CARTESIAN_POINT('',(-16.5166664123535,9.39147281646729,165.33332824707));
#11799=CARTESIAN_POINT('',(-16.5166664123535,9.39147281646729,164.16667175293));
#11800=CARTESIAN_POINT('',(-16.5166664123535,9.39147281646729,167.66667175293));
#11801=CARTESIAN_POINT('',(-16.5166664123535,9.39147281646729,168.83332824707));
#11802=CARTESIAN_POINT('',(-6.36211204528809,-15.3594970703125,170.));
#11803=CARTESIAN_POINT('',(1.0179877011745E-15,-16.625,170.));
#11804=CARTESIAN_POINT('',(-6.36211204528809,-15.3594970703125,170.));
#11805=CARTESIAN_POINT('',(8.7256082621865E-16,-14.25,170.));
#11806=CARTESIAN_POINT('',(-6.36211204528809,-15.3594970703125,170.));
#11807=CARTESIAN_POINT('',(-10.0762720108032,-10.0762720108032,170.));
#11808=CARTESIAN_POINT('',(-6.36211204528809,-15.3594970703125,170.));
#11809=CARTESIAN_POINT('',(-11.7556505203247,-11.7556505203247,170.));
#11810=CARTESIAN_POINT('',(-6.36211204528809,-15.3594970703125,170.));
#11811=CARTESIAN_POINT('',(-6.8165488243103,-16.4566040039062,170.));
#11812=CARTESIAN_POINT('',(1.0179877011745E-15,-16.625,170.));
#11813=CARTESIAN_POINT('',(8.7256082621865E-16,-14.25,170.));
#11814=CARTESIAN_POINT('',(1.0179877011745E-15,-16.625,170.));
#11815=CARTESIAN_POINT('',(1.09070103277331E-15,-17.8125,170.));
#11816=CARTESIAN_POINT('',(1.0179877011745E-15,-16.625,170.));
#11817=CARTESIAN_POINT('',(6.36211204528809,-15.3594970703125,170.));
#11818=CARTESIAN_POINT('',(8.7256082621865E-16,-14.25,170.));
#11819=CARTESIAN_POINT('',(-10.0762720108032,-10.0762720108032,170.));
#11820=CARTESIAN_POINT('',(8.7256082621865E-16,-14.25,170.));
#11821=CARTESIAN_POINT('',(5.8170723512562E-16,-9.5,170.));
#11822=CARTESIAN_POINT('',(8.7256082621865E-16,-14.25,170.));
#11823=CARTESIAN_POINT('',(10.0762720108032,-10.0762720108032,170.));
#11824=CARTESIAN_POINT('',(8.7256082621865E-16,-14.25,170.));
#11825=CARTESIAN_POINT('',(6.36211204528809,-15.3594970703125,170.));
#11826=CARTESIAN_POINT('',(-10.0762720108032,-10.0762720108032,170.));
#11827=CARTESIAN_POINT('',(-11.7556505203247,-11.7556505203247,170.));
#11828=CARTESIAN_POINT('',(-10.0762720108032,-10.0762720108032,170.));
#11829=CARTESIAN_POINT('',(-15.3594970703125,-6.36211204528809,170.));
#11830=CARTESIAN_POINT('',(-10.0762720108032,-10.0762720108032,170.));
#11831=CARTESIAN_POINT('',(-14.25,-1.7451216524373E-15,170.));
#11832=CARTESIAN_POINT('',(-10.0762720108032,-10.0762720108032,170.));
#11833=CARTESIAN_POINT('',(5.8170723512562E-16,-9.5,170.));
#11834=CARTESIAN_POINT('',(-10.0762720108032,-10.0762720108032,170.));
#11835=CARTESIAN_POINT('',(-9.5,-1.16341447025124E-15,170.));
#11836=CARTESIAN_POINT('',(-11.7556505203247,-11.7556505203247,170.));
#11837=CARTESIAN_POINT('',(-15.3594970703125,-6.36211204528809,170.));
#11838=CARTESIAN_POINT('',(-11.7556505203247,-11.7556505203247,170.));
#11839=CARTESIAN_POINT('',(-12.5953397750854,-12.5953397750854,170.));
#11840=CARTESIAN_POINT('',(-15.3594970703125,-6.36211204528809,170.));
#11841=CARTESIAN_POINT('',(-14.25,-1.7451216524373E-15,170.));
#11842=CARTESIAN_POINT('',(-15.3594970703125,-6.36211204528809,170.));
#11843=CARTESIAN_POINT('',(-16.625,-2.03597540234901E-15,170.));
#11844=CARTESIAN_POINT('',(-15.3594970703125,-6.36211204528809,170.));
#11845=CARTESIAN_POINT('',(-16.4566040039062,-6.8165488243103,170.));
#11846=CARTESIAN_POINT('',(-14.25,-1.7451216524373E-15,170.));
#11847=CARTESIAN_POINT('',(-16.625,-2.03597540234901E-15,170.));
#11848=CARTESIAN_POINT('',(-14.25,-1.7451216524373E-15,170.));
#11849=CARTESIAN_POINT('',(-9.5,-1.16341447025124E-15,170.));
#11850=CARTESIAN_POINT('',(-14.25,-1.7451216524373E-15,170.));
#11851=CARTESIAN_POINT('',(-15.3594970703125,6.36211204528809,170.));
#11852=CARTESIAN_POINT('',(-14.25,-1.7451216524373E-15,170.));
#11853=CARTESIAN_POINT('',(-10.0762720108032,10.0762720108032,170.));
#11854=CARTESIAN_POINT('',(-16.625,-2.03597540234901E-15,170.));
#11855=CARTESIAN_POINT('',(-17.8125,-2.18140206554663E-15,170.));
#11856=CARTESIAN_POINT('',(-16.625,-2.03597540234901E-15,170.));
#11857=CARTESIAN_POINT('',(-15.3594970703125,6.36211204528809,170.));
#11858=CARTESIAN_POINT('',(-16.4566040039062,-6.8165488243103,170.));
#11859=CARTESIAN_POINT('',(-12.5953397750854,-12.5953397750854,170.));
#11860=CARTESIAN_POINT('',(-16.4566040039062,-6.8165488243103,170.));
#11861=CARTESIAN_POINT('',(-17.8125,-2.18140206554663E-15,170.));
#11862=CARTESIAN_POINT('',(-16.4566040039062,-6.8165488243103,170.));
#11863=CARTESIAN_POINT('',(-18.7267017364502,-3.21101570129395,170.));
#11864=CARTESIAN_POINT('',(-16.4566040039062,-6.8165488243103,170.));
#11865=CARTESIAN_POINT('',(-17.9146709442139,-6.32965612411499,170.));
#11866=CARTESIAN_POINT('',(-16.4566040039062,-6.8165488243103,170.));
#11867=CARTESIAN_POINT('',(-16.5872688293457,-9.26620388031006,170.));
#11868=CARTESIAN_POINT('',(-12.5953397750854,-12.5953397750854,170.));
#11869=CARTESIAN_POINT('',(-6.8165488243103,-16.4566040039062,170.));
#11870=CARTESIAN_POINT('',(-12.5953397750854,-12.5953397750854,170.));
#11871=CARTESIAN_POINT('',(-16.5872688293457,-9.26620388031006,170.));
#11872=CARTESIAN_POINT('',(-12.5953397750854,-12.5953397750854,170.));
#11873=CARTESIAN_POINT('',(-14.7826795578003,-11.9361801147461,170.));
#11874=CARTESIAN_POINT('',(-12.5953397750854,-12.5953397750854,170.));
#11875=CARTESIAN_POINT('',(-12.5528202056885,-14.2627735137939,170.));
#11876=CARTESIAN_POINT('',(-12.5953397750854,-12.5953397750854,170.));
#11877=CARTESIAN_POINT('',(-9.961838722229,-16.1790542602539,170.));
#11878=CARTESIAN_POINT('',(-17.8125,-2.18140206554663E-15,170.));
#11879=CARTESIAN_POINT('',(-16.4566040039062,6.8165488243103,170.));
#11880=CARTESIAN_POINT('',(-17.8125,-2.18140206554663E-15,170.));
#11881=CARTESIAN_POINT('',(-19.,0.,170.));
#11882=CARTESIAN_POINT('',(-17.8125,-2.18140206554663E-15,170.));
#11883=CARTESIAN_POINT('',(-18.7267017364502,-3.21101570129395,170.));
#11884=CARTESIAN_POINT('',(-17.8125,-2.18140206554663E-15,170.));
#11885=CARTESIAN_POINT('',(-18.7267017364502,3.21101570129395,170.));
#11886=CARTESIAN_POINT('',(-6.8165488243103,-16.4566040039062,170.));
#11887=CARTESIAN_POINT('',(1.09070103277331E-15,-17.8125,170.));
#11888=CARTESIAN_POINT('',(-6.8165488243103,-16.4566040039062,170.));
#11889=CARTESIAN_POINT('',(-9.961838722229,-16.1790542602539,170.));
#11890=CARTESIAN_POINT('',(-6.8165488243103,-16.4566040039062,170.));
#11891=CARTESIAN_POINT('',(-7.08427286148071,-17.6298923492432,170.));
#11892=CARTESIAN_POINT('',(-6.8165488243103,-16.4566040039062,170.));
#11893=CARTESIAN_POINT('',(-4.00290632247925,-18.5735492706299,170.));
#11894=CARTESIAN_POINT('',(1.09070103277331E-15,-17.8125,170.));
#11895=CARTESIAN_POINT('',(6.8165488243103,-16.4566040039062,170.));
#11896=CARTESIAN_POINT('',(1.09070103277331E-15,-17.8125,170.));
#11897=CARTESIAN_POINT('',(-4.00290632247925,-18.5735492706299,170.));
#11898=CARTESIAN_POINT('',(1.09070103277331E-15,-17.8125,170.));
#11899=CARTESIAN_POINT('',(-0.806382834911346,-18.9828796386719,170.));
#11900=CARTESIAN_POINT('',(1.09070103277331E-15,-17.8125,170.));
#11901=CARTESIAN_POINT('',(2.41333866119385,-18.8461074829102,170.));
#11902=CARTESIAN_POINT('',(5.8170723512562E-16,-9.5,170.));
#11903=CARTESIAN_POINT('',(-9.5,-1.16341447025124E-15,170.));
#11904=CARTESIAN_POINT('',(5.8170723512562E-16,-9.5,170.));
#11905=CARTESIAN_POINT('',(2.9085361756281E-16,-4.75,170.));
#11906=CARTESIAN_POINT('',(5.8170723512562E-16,-9.5,170.));
#11907=CARTESIAN_POINT('',(10.0762720108032,-10.0762720108032,170.));
#11908=CARTESIAN_POINT('',(5.8170723512562E-16,-9.5,170.));
#11909=CARTESIAN_POINT('',(9.5,0.,170.));
#11910=CARTESIAN_POINT('',(-9.5,-1.16341447025124E-15,170.));
#11911=CARTESIAN_POINT('',(-4.75,-5.8170723512562E-16,170.));
#11912=CARTESIAN_POINT('',(-9.5,-1.16341447025124E-15,170.));
#11913=CARTESIAN_POINT('',(-7.85598748732777E-15,9.5,170.));
#11914=CARTESIAN_POINT('',(-9.5,-1.16341447025124E-15,170.));
#11915=CARTESIAN_POINT('',(-10.0762720108032,10.0762720108032,170.));
#11916=CARTESIAN_POINT('',(2.9085361756281E-16,-4.75,170.));
#11917=CARTESIAN_POINT('',(-4.75,-5.8170723512562E-16,170.));
#11918=CARTESIAN_POINT('',(2.9085361756281E-16,-4.75,170.));
#11919=CARTESIAN_POINT('',(0.,0.,170.));
#11920=CARTESIAN_POINT('',(2.9085361756281E-16,-4.75,170.));
#11921=CARTESIAN_POINT('',(4.75,0.,170.));
#11922=CARTESIAN_POINT('',(-4.75,-5.8170723512562E-16,170.));
#11923=CARTESIAN_POINT('',(0.,0.,170.));
#11924=CARTESIAN_POINT('',(-4.75,-5.8170723512562E-16,170.));
#11925=CARTESIAN_POINT('',(-3.92799374366389E-15,4.75,170.));
#11926=CARTESIAN_POINT('',(0.,0.,170.));
#11927=CARTESIAN_POINT('',(4.75,0.,170.));
#11928=CARTESIAN_POINT('',(0.,0.,170.));
#11929=CARTESIAN_POINT('',(-3.92799374366389E-15,4.75,170.));
#11930=CARTESIAN_POINT('',(15.3594970703125,-6.36211204528809,170.));
#11931=CARTESIAN_POINT('',(16.625,0.,170.));
#11932=CARTESIAN_POINT('',(15.3594970703125,-6.36211204528809,170.));
#11933=CARTESIAN_POINT('',(14.25,0.,170.));
#11934=CARTESIAN_POINT('',(15.3594970703125,-6.36211204528809,170.));
#11935=CARTESIAN_POINT('',(10.0762720108032,-10.0762720108032,170.));
#11936=CARTESIAN_POINT('',(15.3594970703125,-6.36211204528809,170.));
#11937=CARTESIAN_POINT('',(11.7556505203247,-11.7556505203247,170.));
#11938=CARTESIAN_POINT('',(15.3594970703125,-6.36211204528809,170.));
#11939=CARTESIAN_POINT('',(16.4566040039062,-6.8165488243103,170.));
#11940=CARTESIAN_POINT('',(16.625,0.,170.));
#11941=CARTESIAN_POINT('',(14.25,0.,170.));
#11942=CARTESIAN_POINT('',(16.625,0.,170.));
#11943=CARTESIAN_POINT('',(17.8125,0.,170.));
#11944=CARTESIAN_POINT('',(16.625,0.,170.));
#11945=CARTESIAN_POINT('',(15.3594970703125,6.36211204528809,170.));
#11946=CARTESIAN_POINT('',(14.25,0.,170.));
#11947=CARTESIAN_POINT('',(10.0762720108032,-10.0762720108032,170.));
#11948=CARTESIAN_POINT('',(14.25,0.,170.));
#11949=CARTESIAN_POINT('',(9.5,0.,170.));
#11950=CARTESIAN_POINT('',(14.25,0.,170.));
#11951=CARTESIAN_POINT('',(10.0762720108032,10.0762720108032,170.));
#11952=CARTESIAN_POINT('',(14.25,0.,170.));
#11953=CARTESIAN_POINT('',(15.3594970703125,6.36211204528809,170.));
#11954=CARTESIAN_POINT('',(10.0762720108032,-10.0762720108032,170.));
#11955=CARTESIAN_POINT('',(11.7556505203247,-11.7556505203247,170.));
#11956=CARTESIAN_POINT('',(10.0762720108032,-10.0762720108032,170.));
#11957=CARTESIAN_POINT('',(6.36211204528809,-15.3594970703125,170.));
#11958=CARTESIAN_POINT('',(10.0762720108032,-10.0762720108032,170.));
#11959=CARTESIAN_POINT('',(9.5,0.,170.));
#11960=CARTESIAN_POINT('',(11.7556505203247,-11.7556505203247,170.));
#11961=CARTESIAN_POINT('',(6.36211204528809,-15.3594970703125,170.));
#11962=CARTESIAN_POINT('',(11.7556505203247,-11.7556505203247,170.));
#11963=CARTESIAN_POINT('',(12.5953397750854,-12.5953397750854,170.));
#11964=CARTESIAN_POINT('',(6.36211204528809,-15.3594970703125,170.));
#11965=CARTESIAN_POINT('',(6.8165488243103,-16.4566040039062,170.));
#11966=CARTESIAN_POINT('',(6.8165488243103,-16.4566040039062,170.));
#11967=CARTESIAN_POINT('',(12.5953397750854,-12.5953397750854,170.));
#11968=CARTESIAN_POINT('',(6.8165488243103,-16.4566040039062,170.));
#11969=CARTESIAN_POINT('',(2.41333866119385,-18.8461074829102,170.));
#11970=CARTESIAN_POINT('',(6.8165488243103,-16.4566040039062,170.));
#11971=CARTESIAN_POINT('',(5.56363248825073,-18.1671676635742,170.));
#11972=CARTESIAN_POINT('',(6.8165488243103,-16.4566040039062,170.));
#11973=CARTESIAN_POINT('',(8.55387115478516,-16.9655914306641,170.));
#11974=CARTESIAN_POINT('',(6.8165488243103,-16.4566040039062,170.));
#11975=CARTESIAN_POINT('',(11.2980298995972,-15.2759456634521,170.));
#11976=CARTESIAN_POINT('',(12.5953397750854,-12.5953397750854,170.));
#11977=CARTESIAN_POINT('',(16.4566040039062,-6.8165488243103,170.));
#11978=CARTESIAN_POINT('',(12.5953397750854,-12.5953397750854,170.));
#11979=CARTESIAN_POINT('',(11.2980298995972,-15.2759456634521,170.));
#11980=CARTESIAN_POINT('',(12.5953397750854,-12.5953397750854,170.));
#11981=CARTESIAN_POINT('',(13.7171659469604,-13.1468381881714,170.));
#11982=CARTESIAN_POINT('',(12.5953397750854,-12.5953397750854,170.));
#11983=CARTESIAN_POINT('',(15.7416830062866,-10.6395206451416,170.));
#11984=CARTESIAN_POINT('',(16.4566040039062,-6.8165488243103,170.));
#11985=CARTESIAN_POINT('',(17.8125,0.,170.));
#11986=CARTESIAN_POINT('',(16.4566040039062,-6.8165488243103,170.));
#11987=CARTESIAN_POINT('',(15.7416830062866,-10.6395206451416,170.));
#11988=CARTESIAN_POINT('',(16.4566040039062,-6.8165488243103,170.));
#11989=CARTESIAN_POINT('',(17.3133411407471,-7.82612371444702,170.));
#11990=CARTESIAN_POINT('',(16.4566040039062,-6.8165488243103,170.));
#11991=CARTESIAN_POINT('',(18.386926651001,-4.78758335113525,170.));
#11992=CARTESIAN_POINT('',(17.8125,0.,170.));
#11993=CARTESIAN_POINT('',(16.4566040039062,6.8165488243103,170.));
#11994=CARTESIAN_POINT('',(17.8125,0.,170.));
#11995=CARTESIAN_POINT('',(18.9315528869629,-1.61131250858307,170.));
#11996=CARTESIAN_POINT('',(17.8125,0.,170.));
#11997=CARTESIAN_POINT('',(18.9315528869629,1.61131250858307,170.));
#11998=CARTESIAN_POINT('',(17.8125,0.,170.));
#11999=CARTESIAN_POINT('',(18.386926651001,4.78758335113525,170.));
#12000=CARTESIAN_POINT('',(9.5,0.,170.));
#12001=CARTESIAN_POINT('',(4.75,0.,170.));
#12002=CARTESIAN_POINT('',(9.5,0.,170.));
#12003=CARTESIAN_POINT('',(10.0762720108032,10.0762720108032,170.));
#12004=CARTESIAN_POINT('',(9.5,0.,170.));
#12005=CARTESIAN_POINT('',(-7.85598748732777E-15,9.5,170.));
#12006=CARTESIAN_POINT('',(4.75,0.,170.));
#12007=CARTESIAN_POINT('',(-3.92799374366389E-15,4.75,170.));
#12008=CARTESIAN_POINT('',(6.36211204528809,15.3594970703125,170.));
#12009=CARTESIAN_POINT('',(-1.37479783145818E-14,16.625,170.));
#12010=CARTESIAN_POINT('',(6.36211204528809,15.3594970703125,170.));
#12011=CARTESIAN_POINT('',(-1.17839816545081E-14,14.25,170.));
#12012=CARTESIAN_POINT('',(6.36211204528809,15.3594970703125,170.));
#12013=CARTESIAN_POINT('',(10.0762720108032,10.0762720108032,170.));
#12014=CARTESIAN_POINT('',(6.36211204528809,15.3594970703125,170.));
#12015=CARTESIAN_POINT('',(11.7556505203247,11.7556505203247,170.));
#12016=CARTESIAN_POINT('',(6.36211204528809,15.3594970703125,170.));
#12017=CARTESIAN_POINT('',(6.8165488243103,16.4566040039062,170.));
#12018=CARTESIAN_POINT('',(-1.37479783145818E-14,16.625,170.));
#12019=CARTESIAN_POINT('',(-1.17839816545081E-14,14.25,170.));
#12020=CARTESIAN_POINT('',(-1.37479783145818E-14,16.625,170.));
#12021=CARTESIAN_POINT('',(-1.47299774916516E-14,17.8125,170.));
#12022=CARTESIAN_POINT('',(-1.37479783145818E-14,16.625,170.));
#12023=CARTESIAN_POINT('',(-6.36211204528809,15.3594970703125,170.));
#12024=CARTESIAN_POINT('',(-1.17839816545081E-14,14.25,170.));
#12025=CARTESIAN_POINT('',(10.0762720108032,10.0762720108032,170.));
#12026=CARTESIAN_POINT('',(-1.17839816545081E-14,14.25,170.));
#12027=CARTESIAN_POINT('',(-7.85598748732777E-15,9.5,170.));
#12028=CARTESIAN_POINT('',(-1.17839816545081E-14,14.25,170.));
#12029=CARTESIAN_POINT('',(-10.0762720108032,10.0762720108032,170.));
#12030=CARTESIAN_POINT('',(-1.17839816545081E-14,14.25,170.));
#12031=CARTESIAN_POINT('',(-6.36211204528809,15.3594970703125,170.));
#12032=CARTESIAN_POINT('',(10.0762720108032,10.0762720108032,170.));
#12033=CARTESIAN_POINT('',(11.7556505203247,11.7556505203247,170.));
#12034=CARTESIAN_POINT('',(10.0762720108032,10.0762720108032,170.));
#12035=CARTESIAN_POINT('',(15.3594970703125,6.36211204528809,170.));
#12036=CARTESIAN_POINT('',(10.0762720108032,10.0762720108032,170.));
#12037=CARTESIAN_POINT('',(-7.85598748732777E-15,9.5,170.));
#12038=CARTESIAN_POINT('',(11.7556505203247,11.7556505203247,170.));
#12039=CARTESIAN_POINT('',(15.3594970703125,6.36211204528809,170.));
#12040=CARTESIAN_POINT('',(11.7556505203247,11.7556505203247,170.));
#12041=CARTESIAN_POINT('',(12.5953397750854,12.5953397750854,170.));
#12042=CARTESIAN_POINT('',(15.3594970703125,6.36211204528809,170.));
#12043=CARTESIAN_POINT('',(16.4566040039062,6.8165488243103,170.));
#12044=CARTESIAN_POINT('',(16.4566040039062,6.8165488243103,170.));
#12045=CARTESIAN_POINT('',(12.5953397750854,12.5953397750854,170.));
#12046=CARTESIAN_POINT('',(16.4566040039062,6.8165488243103,170.));
#12047=CARTESIAN_POINT('',(18.386926651001,4.78758335113525,170.));
#12048=CARTESIAN_POINT('',(16.4566040039062,6.8165488243103,170.));
#12049=CARTESIAN_POINT('',(17.3133411407471,7.82612371444702,170.));
#12050=CARTESIAN_POINT('',(16.4566040039062,6.8165488243103,170.));
#12051=CARTESIAN_POINT('',(15.7416830062866,10.6395206451416,170.));
#12052=CARTESIAN_POINT('',(12.5953397750854,12.5953397750854,170.));
#12053=CARTESIAN_POINT('',(6.8165488243103,16.4566040039062,170.));
#12054=CARTESIAN_POINT('',(12.5953397750854,12.5953397750854,170.));
#12055=CARTESIAN_POINT('',(15.7416830062866,10.6395206451416,170.));
#12056=CARTESIAN_POINT('',(12.5953397750854,12.5953397750854,170.));
#12057=CARTESIAN_POINT('',(13.7171659469604,13.1468381881714,170.));
#12058=CARTESIAN_POINT('',(12.5953397750854,12.5953397750854,170.));
#12059=CARTESIAN_POINT('',(11.2980298995972,15.2759456634521,170.));
#12060=CARTESIAN_POINT('',(6.8165488243103,16.4566040039062,170.));
#12061=CARTESIAN_POINT('',(-1.47299774916516E-14,17.8125,170.));
#12062=CARTESIAN_POINT('',(6.8165488243103,16.4566040039062,170.));
#12063=CARTESIAN_POINT('',(11.2980298995972,15.2759456634521,170.));
#12064=CARTESIAN_POINT('',(6.8165488243103,16.4566040039062,170.));
#12065=CARTESIAN_POINT('',(8.55387115478516,16.9655914306641,170.));
#12066=CARTESIAN_POINT('',(6.8165488243103,16.4566040039062,170.));
#12067=CARTESIAN_POINT('',(5.56363248825073,18.1671676635742,170.));
#12068=CARTESIAN_POINT('',(6.8165488243103,16.4566040039062,170.));
#12069=CARTESIAN_POINT('',(2.41333866119385,18.8461074829102,170.));
#12070=CARTESIAN_POINT('',(-1.47299774916516E-14,17.8125,170.));
#12071=CARTESIAN_POINT('',(-6.8165488243103,16.4566040039062,170.));
#12072=CARTESIAN_POINT('',(-1.47299774916516E-14,17.8125,170.));
#12073=CARTESIAN_POINT('',(2.41333866119385,18.8461074829102,170.));
#12074=CARTESIAN_POINT('',(-1.47299774916516E-14,17.8125,170.));
#12075=CARTESIAN_POINT('',(-0.806382834911346,18.9828796386719,170.));
#12076=CARTESIAN_POINT('',(-1.47299774916516E-14,17.8125,170.));
#12077=CARTESIAN_POINT('',(-4.00290632247925,18.5735492706299,170.));
#12078=CARTESIAN_POINT('',(-7.85598748732777E-15,9.5,170.));
#12079=CARTESIAN_POINT('',(-3.92799374366389E-15,4.75,170.));
#12080=CARTESIAN_POINT('',(-7.85598748732777E-15,9.5,170.));
#12081=CARTESIAN_POINT('',(-10.0762720108032,10.0762720108032,170.));
#12082=CARTESIAN_POINT('',(-15.3594970703125,6.36211204528809,170.));
#12083=CARTESIAN_POINT('',(-10.0762720108032,10.0762720108032,170.));
#12084=CARTESIAN_POINT('',(-15.3594970703125,6.36211204528809,170.));
#12085=CARTESIAN_POINT('',(-11.7556505203247,11.7556505203247,170.));
#12086=CARTESIAN_POINT('',(-15.3594970703125,6.36211204528809,170.));
#12087=CARTESIAN_POINT('',(-16.4566040039062,6.8165488243103,170.));
#12088=CARTESIAN_POINT('',(-10.0762720108032,10.0762720108032,170.));
#12089=CARTESIAN_POINT('',(-11.7556505203247,11.7556505203247,170.));
#12090=CARTESIAN_POINT('',(-10.0762720108032,10.0762720108032,170.));
#12091=CARTESIAN_POINT('',(-6.36211204528809,15.3594970703125,170.));
#12092=CARTESIAN_POINT('',(-11.7556505203247,11.7556505203247,170.));
#12093=CARTESIAN_POINT('',(-6.36211204528809,15.3594970703125,170.));
#12094=CARTESIAN_POINT('',(-11.7556505203247,11.7556505203247,170.));
#12095=CARTESIAN_POINT('',(-12.5953397750854,12.5953397750854,170.));
#12096=CARTESIAN_POINT('',(-6.36211204528809,15.3594970703125,170.));
#12097=CARTESIAN_POINT('',(-6.8165488243103,16.4566040039062,170.));
#12098=CARTESIAN_POINT('',(-6.8165488243103,16.4566040039062,170.));
#12099=CARTESIAN_POINT('',(-12.5953397750854,12.5953397750854,170.));
#12100=CARTESIAN_POINT('',(-6.8165488243103,16.4566040039062,170.));
#12101=CARTESIAN_POINT('',(-4.00290632247925,18.5735492706299,170.));
#12102=CARTESIAN_POINT('',(-6.8165488243103,16.4566040039062,170.));
#12103=CARTESIAN_POINT('',(-7.08427286148071,17.6298923492432,170.));
#12104=CARTESIAN_POINT('',(-6.8165488243103,16.4566040039062,170.));
#12105=CARTESIAN_POINT('',(-9.961838722229,16.1790542602539,170.));
#12106=CARTESIAN_POINT('',(-12.5953397750854,12.5953397750854,170.));
#12107=CARTESIAN_POINT('',(-16.4566040039062,6.8165488243103,170.));
#12108=CARTESIAN_POINT('',(-12.5953397750854,12.5953397750854,170.));
#12109=CARTESIAN_POINT('',(-9.961838722229,16.1790542602539,170.));
#12110=CARTESIAN_POINT('',(-12.5953397750854,12.5953397750854,170.));
#12111=CARTESIAN_POINT('',(-12.5528202056885,14.2627735137939,170.));
#12112=CARTESIAN_POINT('',(-12.5953397750854,12.5953397750854,170.));
#12113=CARTESIAN_POINT('',(-14.7826795578003,11.9361801147461,170.));
#12114=CARTESIAN_POINT('',(-16.4566040039062,6.8165488243103,170.));
#12115=CARTESIAN_POINT('',(-16.5872688293457,9.26620388031006,170.));
#12116=CARTESIAN_POINT('',(-16.4566040039062,6.8165488243103,170.));
#12117=CARTESIAN_POINT('',(-17.9146709442139,6.32965612411499,170.));
#12118=CARTESIAN_POINT('',(-19.,0.,170.));
#12119=CARTESIAN_POINT('',(-18.7267017364502,-3.21101570129395,170.));
#12120=CARTESIAN_POINT('',(-19.,0.,170.));
#12121=CARTESIAN_POINT('',(-18.7267017364502,3.21101570129395,170.));
#12122=CARTESIAN_POINT('',(-19.,0.,170.));
#12123=CARTESIAN_POINT('',(-19.,2.32682894050248E-15,168.83332824707));
#12124=CARTESIAN_POINT('',(-18.7267017364502,-3.21101570129395,170.));
#12125=CARTESIAN_POINT('',(-17.9146709442139,-6.32965612411499,170.));
#12126=CARTESIAN_POINT('',(-18.7267017364502,-3.21101570129395,170.));
#12127=CARTESIAN_POINT('',(-19.,2.32682894050248E-15,168.83332824707));
#12128=CARTESIAN_POINT('',(-17.9146709442139,-6.32965612411499,170.));
#12129=CARTESIAN_POINT('',(-16.5872688293457,-9.26620388031006,170.));
#12130=CARTESIAN_POINT('',(-17.9146709442139,-6.32965612411499,170.));
#12131=CARTESIAN_POINT('',(-16.4231243133545,-9.55410957336426,168.83332824707));
#12132=CARTESIAN_POINT('',(-17.9146709442139,-6.32965612411499,170.));
#12133=CARTESIAN_POINT('',(-19.,2.32682894050248E-15,168.83332824707));
#12134=CARTESIAN_POINT('',(-16.5872688293457,-9.26620388031006,170.));
#12135=CARTESIAN_POINT('',(-14.7826795578003,-11.9361801147461,170.));
#12136=CARTESIAN_POINT('',(-16.5872688293457,-9.26620388031006,170.));
#12137=CARTESIAN_POINT('',(-16.4231243133545,-9.55410957336426,168.83332824707));
#12138=CARTESIAN_POINT('',(-14.7826795578003,-11.9361801147461,170.));
#12139=CARTESIAN_POINT('',(-12.5528202056885,-14.2627735137939,170.));
#12140=CARTESIAN_POINT('',(-14.7826795578003,-11.9361801147461,170.));
#12141=CARTESIAN_POINT('',(-16.4231243133545,-9.55410957336426,168.83332824707));
#12142=CARTESIAN_POINT('',(-12.5528202056885,-14.2627735137939,170.));
#12143=CARTESIAN_POINT('',(-9.961838722229,-16.1790542602539,170.));
#12144=CARTESIAN_POINT('',(-12.5528202056885,-14.2627735137939,170.));
#12145=CARTESIAN_POINT('',(-9.39147281646729,-16.5166664123535,168.83332824707));
#12146=CARTESIAN_POINT('',(-9.961838722229,-16.1790542602539,170.));
#12147=CARTESIAN_POINT('',(-7.08427286148071,-17.6298923492432,170.));
#12148=CARTESIAN_POINT('',(-9.961838722229,-16.1790542602539,170.));
#12149=CARTESIAN_POINT('',(-9.39147281646729,-16.5166664123535,168.83332824707));
#12150=CARTESIAN_POINT('',(-7.08427286148071,-17.6298923492432,170.));
#12151=CARTESIAN_POINT('',(-4.00290632247925,-18.5735492706299,170.));
#12152=CARTESIAN_POINT('',(-7.08427286148071,-17.6298923492432,170.));
#12153=CARTESIAN_POINT('',(-9.39147281646729,-16.5166664123535,168.83332824707));
#12154=CARTESIAN_POINT('',(-4.00290632247925,-18.5735492706299,170.));
#12155=CARTESIAN_POINT('',(-0.806382834911346,-18.9828796386719,170.));
#12156=CARTESIAN_POINT('',(-4.00290632247925,-18.5735492706299,170.));
#12157=CARTESIAN_POINT('',(-9.39147281646729,-16.5166664123535,168.83332824707));
#12158=CARTESIAN_POINT('',(-4.00290632247925,-18.5735492706299,170.));
#12159=CARTESIAN_POINT('',(0.187616989016533,-18.9990730285645,168.83332824707));
#12160=CARTESIAN_POINT('',(-0.806382834911346,-18.9828796386719,170.));
#12161=CARTESIAN_POINT('',(2.41333866119385,-18.8461074829102,170.));
#12162=CARTESIAN_POINT('',(-0.806382834911346,-18.9828796386719,170.));
#12163=CARTESIAN_POINT('',(0.187616989016533,-18.9990730285645,168.83332824707));
#12164=CARTESIAN_POINT('',(2.41333866119385,-18.8461074829102,170.));
#12165=CARTESIAN_POINT('',(5.56363248825073,-18.1671676635742,170.));
#12166=CARTESIAN_POINT('',(2.41333866119385,-18.8461074829102,170.));
#12167=CARTESIAN_POINT('',(0.187616989016533,-18.9990730285645,168.83332824707));
#12168=CARTESIAN_POINT('',(5.56363248825073,-18.1671676635742,170.));
#12169=CARTESIAN_POINT('',(8.55387115478516,-16.9655914306641,170.));
#12170=CARTESIAN_POINT('',(5.56363248825073,-18.1671676635742,170.));
#12171=CARTESIAN_POINT('',(0.187616989016533,-18.9990730285645,168.83332824707));
#12172=CARTESIAN_POINT('',(5.56363248825073,-18.1671676635742,170.));
#12173=CARTESIAN_POINT('',(9.71581554412842,-16.3279800415039,168.83332824707));
#12174=CARTESIAN_POINT('',(8.55387115478516,-16.9655914306641,170.));
#12175=CARTESIAN_POINT('',(11.2980298995972,-15.2759456634521,170.));
#12176=CARTESIAN_POINT('',(8.55387115478516,-16.9655914306641,170.));
#12177=CARTESIAN_POINT('',(9.71581554412842,-16.3279800415039,168.83332824707));
#12178=CARTESIAN_POINT('',(11.2980298995972,-15.2759456634521,170.));
#12179=CARTESIAN_POINT('',(13.7171659469604,-13.1468381881714,170.));
#12180=CARTESIAN_POINT('',(11.2980298995972,-15.2759456634521,170.));
#12181=CARTESIAN_POINT('',(9.71581554412842,-16.3279800415039,168.83332824707));
#12182=CARTESIAN_POINT('',(13.7171659469604,-13.1468381881714,170.));
#12183=CARTESIAN_POINT('',(15.7416830062866,-10.6395206451416,170.));
#12184=CARTESIAN_POINT('',(13.7171659469604,-13.1468381881714,170.));
#12185=CARTESIAN_POINT('',(16.5166664123535,-9.39147281646729,168.83332824707));
#12186=CARTESIAN_POINT('',(15.7416830062866,-10.6395206451416,170.));
#12187=CARTESIAN_POINT('',(17.3133411407471,-7.82612371444702,170.));
#12188=CARTESIAN_POINT('',(15.7416830062866,-10.6395206451416,170.));
#12189=CARTESIAN_POINT('',(16.5166664123535,-9.39147281646729,168.83332824707));
#12190=CARTESIAN_POINT('',(17.3133411407471,-7.82612371444702,170.));
#12191=CARTESIAN_POINT('',(18.386926651001,-4.78758335113525,170.));
#12192=CARTESIAN_POINT('',(17.3133411407471,-7.82612371444702,170.));
#12193=CARTESIAN_POINT('',(16.5166664123535,-9.39147281646729,168.83332824707));
#12194=CARTESIAN_POINT('',(18.386926651001,-4.78758335113525,170.));
#12195=CARTESIAN_POINT('',(18.9315528869629,-1.61131250858307,170.));
#12196=CARTESIAN_POINT('',(18.386926651001,-4.78758335113525,170.));
#12197=CARTESIAN_POINT('',(19.,0.,168.83332824707));
#12198=CARTESIAN_POINT('',(18.9315528869629,-1.61131250858307,170.));
#12199=CARTESIAN_POINT('',(18.9315528869629,1.61131250858307,170.));
#12200=CARTESIAN_POINT('',(18.9315528869629,-1.61131250858307,170.));
#12201=CARTESIAN_POINT('',(19.,0.,168.83332824707));
#12202=CARTESIAN_POINT('',(18.9315528869629,1.61131250858307,170.));
#12203=CARTESIAN_POINT('',(18.386926651001,4.78758335113525,170.));
#12204=CARTESIAN_POINT('',(18.9315528869629,1.61131250858307,170.));
#12205=CARTESIAN_POINT('',(19.,0.,168.83332824707));
#12206=CARTESIAN_POINT('',(18.386926651001,4.78758335113525,170.));
#12207=CARTESIAN_POINT('',(17.3133411407471,7.82612371444702,170.));
#12208=CARTESIAN_POINT('',(18.386926651001,4.78758335113525,170.));
#12209=CARTESIAN_POINT('',(19.,0.,168.83332824707));
#12210=CARTESIAN_POINT('',(17.3133411407471,7.82612371444702,170.));
#12211=CARTESIAN_POINT('',(15.7416830062866,10.6395206451416,170.));
#12212=CARTESIAN_POINT('',(17.3133411407471,7.82612371444702,170.));
#12213=CARTESIAN_POINT('',(16.4231243133545,9.55410957336426,168.83332824707));
#12214=CARTESIAN_POINT('',(15.7416830062866,10.6395206451416,170.));
#12215=CARTESIAN_POINT('',(13.7171659469604,13.1468381881714,170.));
#12216=CARTESIAN_POINT('',(15.7416830062866,10.6395206451416,170.));
#12217=CARTESIAN_POINT('',(16.4231243133545,9.55410957336426,168.83332824707));
#12218=CARTESIAN_POINT('',(13.7171659469604,13.1468381881714,170.));
#12219=CARTESIAN_POINT('',(11.2980298995972,15.2759456634521,170.));
#12220=CARTESIAN_POINT('',(13.7171659469604,13.1468381881714,170.));
#12221=CARTESIAN_POINT('',(16.4231243133545,9.55410957336426,168.83332824707));
#12222=CARTESIAN_POINT('',(11.2980298995972,15.2759456634521,170.));
#12223=CARTESIAN_POINT('',(8.55387115478516,16.9655914306641,170.));
#12224=CARTESIAN_POINT('',(11.2980298995972,15.2759456634521,170.));
#12225=CARTESIAN_POINT('',(9.39147281646729,16.5166664123535,168.83332824707));
#12226=CARTESIAN_POINT('',(8.55387115478516,16.9655914306641,170.));
#12227=CARTESIAN_POINT('',(5.56363248825073,18.1671676635742,170.));
#12228=CARTESIAN_POINT('',(8.55387115478516,16.9655914306641,170.));
#12229=CARTESIAN_POINT('',(9.39147281646729,16.5166664123535,168.83332824707));
#12230=CARTESIAN_POINT('',(5.56363248825073,18.1671676635742,170.));
#12231=CARTESIAN_POINT('',(2.41333866119385,18.8461074829102,170.));
#12232=CARTESIAN_POINT('',(5.56363248825073,18.1671676635742,170.));
#12233=CARTESIAN_POINT('',(9.39147281646729,16.5166664123535,168.83332824707));
#12234=CARTESIAN_POINT('',(2.41333866119385,18.8461074829102,170.));
#12235=CARTESIAN_POINT('',(-0.806382834911346,18.9828796386719,170.));
#12236=CARTESIAN_POINT('',(2.41333866119385,18.8461074829102,170.));
#12237=CARTESIAN_POINT('',(-0.187616989016533,18.9990730285645,168.83332824707));
#12238=CARTESIAN_POINT('',(-0.806382834911346,18.9828796386719,170.));
#12239=CARTESIAN_POINT('',(-4.00290632247925,18.5735492706299,170.));
#12240=CARTESIAN_POINT('',(-0.806382834911346,18.9828796386719,170.));
#12241=CARTESIAN_POINT('',(-0.187616989016533,18.9990730285645,168.83332824707));
#12242=CARTESIAN_POINT('',(-4.00290632247925,18.5735492706299,170.));
#12243=CARTESIAN_POINT('',(-7.08427286148071,17.6298923492432,170.));
#12244=CARTESIAN_POINT('',(-4.00290632247925,18.5735492706299,170.));
#12245=CARTESIAN_POINT('',(-0.187616989016533,18.9990730285645,168.83332824707));
#12246=CARTESIAN_POINT('',(-4.00290632247925,18.5735492706299,170.));
#12247=CARTESIAN_POINT('',(-9.71581554412842,16.3279800415039,168.83332824707));
#12248=CARTESIAN_POINT('',(-7.08427286148071,17.6298923492432,170.));
#12249=CARTESIAN_POINT('',(-9.961838722229,16.1790542602539,170.));
#12250=CARTESIAN_POINT('',(-7.08427286148071,17.6298923492432,170.));
#12251=CARTESIAN_POINT('',(-9.71581554412842,16.3279800415039,168.83332824707));
#12252=CARTESIAN_POINT('',(-9.961838722229,16.1790542602539,170.));
#12253=CARTESIAN_POINT('',(-12.5528202056885,14.2627735137939,170.));
#12254=CARTESIAN_POINT('',(-9.961838722229,16.1790542602539,170.));
#12255=CARTESIAN_POINT('',(-9.71581554412842,16.3279800415039,168.83332824707));
#12256=CARTESIAN_POINT('',(-12.5528202056885,14.2627735137939,170.));
#12257=CARTESIAN_POINT('',(-14.7826795578003,11.9361801147461,170.));
#12258=CARTESIAN_POINT('',(-12.5528202056885,14.2627735137939,170.));
#12259=CARTESIAN_POINT('',(-9.71581554412842,16.3279800415039,168.83332824707));
#12260=CARTESIAN_POINT('',(-14.7826795578003,11.9361801147461,170.));
#12261=CARTESIAN_POINT('',(-16.5872688293457,9.26620388031006,170.));
#12262=CARTESIAN_POINT('',(-14.7826795578003,11.9361801147461,170.));
#12263=CARTESIAN_POINT('',(-16.5166664123535,9.39147281646729,168.83332824707));
#12264=CARTESIAN_POINT('',(-16.5872688293457,9.26620388031006,170.));
#12265=CARTESIAN_POINT('',(-17.9146709442139,6.32965612411499,170.));
#12266=CARTESIAN_POINT('',(-16.5872688293457,9.26620388031006,170.));
#12267=CARTESIAN_POINT('',(-16.5166664123535,9.39147281646729,168.83332824707));
#12268=CARTESIAN_POINT('',(-17.9146709442139,6.32965612411499,170.));
#12269=CARTESIAN_POINT('',(-18.7267017364502,3.21101570129395,170.));
#12270=CARTESIAN_POINT('',(-17.9146709442139,6.32965612411499,170.));
#12271=CARTESIAN_POINT('',(-16.5166664123535,9.39147281646729,168.83332824707));
#12272=CARTESIAN_POINT('',(-18.7267017364502,3.21101570129395,170.));
#12273=CARTESIAN_POINT('',(-19.,2.32682894050248E-15,168.83332824707));
#12274=CARTESIAN_POINT('',(4.89858741034067E-16,-8.,0.));
#12275=CARTESIAN_POINT('',(-8.,-9.79717482068134E-16,0.));
#12276=CARTESIAN_POINT('',(4.89858741034067E-16,-8.,0.));
#12277=CARTESIAN_POINT('',(0.,0.,0.));
#12278=CARTESIAN_POINT('',(4.89858741034067E-16,-8.,0.));
#12279=CARTESIAN_POINT('',(9.79717482068134E-16,-16.,0.));
#12280=CARTESIAN_POINT('',(4.89858741034067E-16,-8.,0.));
#12281=CARTESIAN_POINT('',(8.,0.,0.));
#12282=CARTESIAN_POINT('',(-8.,-9.79717482068134E-16,0.));
#12283=CARTESIAN_POINT('',(0.,0.,0.));
#12284=CARTESIAN_POINT('',(-8.,-9.79717482068134E-16,0.));
#12285=CARTESIAN_POINT('',(-16.,-1.95943496413627E-15,0.));
#12286=CARTESIAN_POINT('',(-8.,-9.79717482068134E-16,0.));
#12287=CARTESIAN_POINT('',(-6.61556872244605E-15,8.,0.));
#12288=CARTESIAN_POINT('',(0.,0.,0.));
#12289=CARTESIAN_POINT('',(8.,0.,0.));
#12290=CARTESIAN_POINT('',(0.,0.,0.));
#12291=CARTESIAN_POINT('',(-6.61556872244605E-15,8.,0.));
#12292=CARTESIAN_POINT('',(9.79717482068134E-16,-16.,0.));
#12293=CARTESIAN_POINT('',(-16.,-1.95943496413627E-15,0.));
#12294=CARTESIAN_POINT('',(9.79717482068134E-16,-16.,0.));
#12295=CARTESIAN_POINT('',(-16.9705619812012,-16.9705619812012,0.));
#12296=CARTESIAN_POINT('',(9.79717482068134E-16,-16.,0.));
#12297=CARTESIAN_POINT('',(1.46957611722308E-15,-24.,0.));
#12298=CARTESIAN_POINT('',(9.79717482068134E-16,-16.,0.));
#12299=CARTESIAN_POINT('',(16.,0.,0.));
#12300=CARTESIAN_POINT('',(9.79717482068134E-16,-16.,0.));
#12301=CARTESIAN_POINT('',(16.9705619812012,-16.9705619812012,0.));
#12302=CARTESIAN_POINT('',(-16.,-1.95943496413627E-15,0.));
#12303=CARTESIAN_POINT('',(-16.9705619812012,-16.9705619812012,0.));
#12304=CARTESIAN_POINT('',(-16.,-1.95943496413627E-15,0.));
#12305=CARTESIAN_POINT('',(-24.,-2.93915223444617E-15,0.));
#12306=CARTESIAN_POINT('',(-16.,-1.95943496413627E-15,0.));
#12307=CARTESIAN_POINT('',(-1.32311374448921E-14,16.,0.));
#12308=CARTESIAN_POINT('',(-16.,-1.95943496413627E-15,0.));
#12309=CARTESIAN_POINT('',(-16.9705619812012,16.9705619812012,0.));
#12310=CARTESIAN_POINT('',(-16.9705619812012,-16.9705619812012,0.));
#12311=CARTESIAN_POINT('',(-24.,-2.93915223444617E-15,0.));
#12312=CARTESIAN_POINT('',(-16.9705619812012,-16.9705619812012,0.));
#12313=CARTESIAN_POINT('',(1.46957611722308E-15,-24.,0.));
#12314=CARTESIAN_POINT('',(-16.9705619812012,-16.9705619812012,0.));
#12315=CARTESIAN_POINT('',(-19.7989902496338,-19.7989902496338,0.));
#12316=CARTESIAN_POINT('',(-16.9705619812012,-16.9705619812012,0.));
#12317=CARTESIAN_POINT('',(-10.7151365280151,-25.8686275482178,0.));
#12318=CARTESIAN_POINT('',(-16.9705619812012,-16.9705619812012,0.));
#12319=CARTESIAN_POINT('',(-25.8686275482178,-10.7151365280151,0.));
#12320=CARTESIAN_POINT('',(-24.,-2.93915223444617E-15,0.));
#12321=CARTESIAN_POINT('',(-28.,3.42901108135935E-15,0.));
#12322=CARTESIAN_POINT('',(-24.,-2.93915223444617E-15,0.));
#12323=CARTESIAN_POINT('',(-25.8686275482178,-10.7151365280151,0.));
#12324=CARTESIAN_POINT('',(-24.,-2.93915223444617E-15,0.));
#12325=CARTESIAN_POINT('',(-16.9705619812012,16.9705619812012,0.));
#12326=CARTESIAN_POINT('',(-24.,-2.93915223444617E-15,0.));
#12327=CARTESIAN_POINT('',(-25.8686275482178,10.7151365280151,0.));
#12328=CARTESIAN_POINT('',(1.46957611722308E-15,-24.,0.));
#12329=CARTESIAN_POINT('',(-10.7151365280151,-25.8686275482178,0.));
#12330=CARTESIAN_POINT('',(1.46957611722308E-15,-24.,0.));
#12331=CARTESIAN_POINT('',(1.71450554067968E-15,-28.,0.));
#12332=CARTESIAN_POINT('',(1.46957611722308E-15,-24.,0.));
#12333=CARTESIAN_POINT('',(16.9705619812012,-16.9705619812012,0.));
#12334=CARTESIAN_POINT('',(1.46957611722308E-15,-24.,0.));
#12335=CARTESIAN_POINT('',(10.7151365280151,-25.8686275482178,0.));
#12336=CARTESIAN_POINT('',(-11.4805030822754,-27.7163867950439,0.));
#12337=CARTESIAN_POINT('',(-21.2132034301758,-21.2132034301758,0.));
#12338=CARTESIAN_POINT('',(-11.4805030822754,-27.7163867950439,0.));
#12339=CARTESIAN_POINT('',(-10.7151365280151,-25.8686275482178,0.));
#12340=CARTESIAN_POINT('',(-11.4805030822754,-27.7163867950439,0.));
#12341=CARTESIAN_POINT('',(1.83697009358929E-15,-30.,0.));
#12342=CARTESIAN_POINT('',(-11.4805030822754,-27.7163867950439,0.));
#12343=CARTESIAN_POINT('',(-16.7778339385986,-27.2489318847656,0.));
#12344=CARTESIAN_POINT('',(-11.4805030822754,-27.7163867950439,0.));
#12345=CARTESIAN_POINT('',(-6.74173641204834,-31.2817668914795,0.));
#12346=CARTESIAN_POINT('',(-11.4805030822754,-27.7163867950439,0.));
#12347=CARTESIAN_POINT('',(-11.9314069747925,-29.6924495697021,0.));
#12348=CARTESIAN_POINT('',(-21.2132034301758,-21.2132034301758,0.));
#12349=CARTESIAN_POINT('',(-19.7989902496338,-19.7989902496338,0.));
#12350=CARTESIAN_POINT('',(-21.2132034301758,-21.2132034301758,0.));
#12351=CARTESIAN_POINT('',(-27.7163867950439,-11.4805030822754,0.));
#12352=CARTESIAN_POINT('',(-21.2132034301758,-21.2132034301758,0.));
#12353=CARTESIAN_POINT('',(-24.897144317627,-20.1030406951904,0.));
#12354=CARTESIAN_POINT('',(-21.2132034301758,-21.2132034301758,0.));
#12355=CARTESIAN_POINT('',(-21.1415920257568,-24.0215129852295,0.));
#12356=CARTESIAN_POINT('',(-19.7989902496338,-19.7989902496338,0.));
#12357=CARTESIAN_POINT('',(-10.7151365280151,-25.8686275482178,0.));
#12358=CARTESIAN_POINT('',(-19.7989902496338,-19.7989902496338,0.));
#12359=CARTESIAN_POINT('',(-25.8686275482178,-10.7151365280151,0.));
#12360=CARTESIAN_POINT('',(-10.7151365280151,-25.8686275482178,0.));
#12361=CARTESIAN_POINT('',(1.71450554067968E-15,-28.,0.));
#12362=CARTESIAN_POINT('',(1.83697009358929E-15,-30.,0.));
#12363=CARTESIAN_POINT('',(1.71450554067968E-15,-28.,0.));
#12364=CARTESIAN_POINT('',(1.83697009358929E-15,-30.,0.));
#12365=CARTESIAN_POINT('',(11.4805030822754,-27.7163867950439,0.));
#12366=CARTESIAN_POINT('',(1.83697009358929E-15,-30.,0.));
#12367=CARTESIAN_POINT('',(4.06457042694092,-31.7408142089844,0.));
#12368=CARTESIAN_POINT('',(1.83697009358929E-15,-30.,0.));
#12369=CARTESIAN_POINT('',(-1.35811853408813,-31.9711666107178,0.));
#12370=CARTESIAN_POINT('',(1.71450554067968E-15,-28.,0.));
#12371=CARTESIAN_POINT('',(10.7151365280151,-25.8686275482178,0.));
#12372=CARTESIAN_POINT('',(-27.7163867950439,-11.4805030822754,0.));
#12373=CARTESIAN_POINT('',(-30.,3.67394018717859E-15,0.));
#12374=CARTESIAN_POINT('',(-27.7163867950439,-11.4805030822754,0.));
#12375=CARTESIAN_POINT('',(-25.8686275482178,-10.7151365280151,0.));
#12376=CARTESIAN_POINT('',(-27.7163867950439,-11.4805030822754,0.));
#12377=CARTESIAN_POINT('',(-30.1720790863037,-10.6604738235474,0.));
#12378=CARTESIAN_POINT('',(-27.7163867950439,-11.4805030822754,0.));
#12379=CARTESIAN_POINT('',(-27.936450958252,-15.6062383651733,0.));
#12380=CARTESIAN_POINT('',(-30.,3.67394018717859E-15,0.));
#12381=CARTESIAN_POINT('',(-28.,3.42901108135935E-15,0.));
#12382=CARTESIAN_POINT('',(-30.,3.67394018717859E-15,0.));
#12383=CARTESIAN_POINT('',(-27.7163867950439,11.4805030822754,0.));
#12384=CARTESIAN_POINT('',(-30.,3.67394018717859E-15,0.));
#12385=CARTESIAN_POINT('',(-31.5397090911865,-5.40802621841431,0.));
#12386=CARTESIAN_POINT('',(-30.,3.67394018717859E-15,0.));
#12387=CARTESIAN_POINT('',(-32.,0.,0.));
#12388=CARTESIAN_POINT('',(-30.,3.67394018717859E-15,0.));
#12389=CARTESIAN_POINT('',(-31.5397090911865,5.40802621841431,0.));
#12390=CARTESIAN_POINT('',(-28.,3.42901108135935E-15,0.));
#12391=CARTESIAN_POINT('',(-25.8686275482178,-10.7151365280151,0.));
#12392=CARTESIAN_POINT('',(-28.,3.42901108135935E-15,0.));
#12393=CARTESIAN_POINT('',(-25.8686275482178,10.7151365280151,0.));
#12394=CARTESIAN_POINT('',(8.,0.,0.));
#12395=CARTESIAN_POINT('',(16.,0.,0.));
#12396=CARTESIAN_POINT('',(8.,0.,0.));
#12397=CARTESIAN_POINT('',(-6.61556872244605E-15,8.,0.));
#12398=CARTESIAN_POINT('',(16.,0.,0.));
#12399=CARTESIAN_POINT('',(16.9705619812012,-16.9705619812012,0.));
#12400=CARTESIAN_POINT('',(16.,0.,0.));
#12401=CARTESIAN_POINT('',(24.,0.,0.));
#12402=CARTESIAN_POINT('',(16.,0.,0.));
#12403=CARTESIAN_POINT('',(-1.32311374448921E-14,16.,0.));
#12404=CARTESIAN_POINT('',(16.,0.,0.));
#12405=CARTESIAN_POINT('',(16.9705619812012,16.9705619812012,0.));
#12406=CARTESIAN_POINT('',(16.9705619812012,-16.9705619812012,0.));
#12407=CARTESIAN_POINT('',(24.,0.,0.));
#12408=CARTESIAN_POINT('',(16.9705619812012,-16.9705619812012,0.));
#12409=CARTESIAN_POINT('',(19.7989902496338,-19.7989902496338,0.));
#12410=CARTESIAN_POINT('',(16.9705619812012,-16.9705619812012,0.));
#12411=CARTESIAN_POINT('',(25.8686275482178,-10.7151365280151,0.));
#12412=CARTESIAN_POINT('',(16.9705619812012,-16.9705619812012,0.));
#12413=CARTESIAN_POINT('',(10.7151365280151,-25.8686275482178,0.));
#12414=CARTESIAN_POINT('',(24.,0.,0.));
#12415=CARTESIAN_POINT('',(25.8686275482178,-10.7151365280151,0.));
#12416=CARTESIAN_POINT('',(24.,0.,0.));
#12417=CARTESIAN_POINT('',(28.,0.,0.));
#12418=CARTESIAN_POINT('',(24.,0.,0.));
#12419=CARTESIAN_POINT('',(16.9705619812012,16.9705619812012,0.));
#12420=CARTESIAN_POINT('',(24.,0.,0.));
#12421=CARTESIAN_POINT('',(25.8686275482178,10.7151365280151,0.));
#12422=CARTESIAN_POINT('',(27.7163867950439,-11.4805030822754,0.));
#12423=CARTESIAN_POINT('',(21.2132034301758,-21.2132034301758,0.));
#12424=CARTESIAN_POINT('',(27.7163867950439,-11.4805030822754,0.));
#12425=CARTESIAN_POINT('',(25.8686275482178,-10.7151365280151,0.));
#12426=CARTESIAN_POINT('',(27.7163867950439,-11.4805030822754,0.));
#12427=CARTESIAN_POINT('',(30.,0.,0.));
#12428=CARTESIAN_POINT('',(27.7163867950439,-11.4805030822754,0.));
#12429=CARTESIAN_POINT('',(29.1593112945557,-13.1808395385742,0.));
#12430=CARTESIAN_POINT('',(27.7163867950439,-11.4805030822754,0.));
#12431=CARTESIAN_POINT('',(30.9674549102783,-8.06329822540283,0.));
#12432=CARTESIAN_POINT('',(21.2132034301758,-21.2132034301758,0.));
#12433=CARTESIAN_POINT('',(19.7989902496338,-19.7989902496338,0.));
#12434=CARTESIAN_POINT('',(21.2132034301758,-21.2132034301758,0.));
#12435=CARTESIAN_POINT('',(11.4805030822754,-27.7163867950439,0.));
#12436=CARTESIAN_POINT('',(21.2132034301758,-21.2132034301758,0.));
#12437=CARTESIAN_POINT('',(19.0282611846924,-25.7279090881348,0.));
#12438=CARTESIAN_POINT('',(21.2132034301758,-21.2132034301758,0.));
#12439=CARTESIAN_POINT('',(26.5123081207275,-17.9191932678223,0.));
#12440=CARTESIAN_POINT('',(21.2132034301758,-21.2132034301758,0.));
#12441=CARTESIAN_POINT('',(23.1025943756104,-22.1420440673828,0.));
#12442=CARTESIAN_POINT('',(19.7989902496338,-19.7989902496338,0.));
#12443=CARTESIAN_POINT('',(25.8686275482178,-10.7151365280151,0.));
#12444=CARTESIAN_POINT('',(19.7989902496338,-19.7989902496338,0.));
#12445=CARTESIAN_POINT('',(10.7151365280151,-25.8686275482178,0.));
#12446=CARTESIAN_POINT('',(25.8686275482178,-10.7151365280151,0.));
#12447=CARTESIAN_POINT('',(28.,0.,0.));
#12448=CARTESIAN_POINT('',(30.,0.,0.));
#12449=CARTESIAN_POINT('',(28.,0.,0.));
#12450=CARTESIAN_POINT('',(30.,0.,0.));
#12451=CARTESIAN_POINT('',(27.7163867950439,11.4805030822754,0.));
#12452=CARTESIAN_POINT('',(30.,0.,0.));
#12453=CARTESIAN_POINT('',(30.9674549102783,-8.06329822540283,0.));
#12454=CARTESIAN_POINT('',(30.,0.,0.));
#12455=CARTESIAN_POINT('',(31.8847198486328,-2.71378970146179,0.));
#12456=CARTESIAN_POINT('',(30.,0.,0.));
#12457=CARTESIAN_POINT('',(30.9674549102783,8.06329822540283,0.));
#12458=CARTESIAN_POINT('',(30.,0.,0.));
#12459=CARTESIAN_POINT('',(31.8847198486328,2.71378970146179,0.));
#12460=CARTESIAN_POINT('',(28.,0.,0.));
#12461=CARTESIAN_POINT('',(25.8686275482178,10.7151365280151,0.));
#12462=CARTESIAN_POINT('',(11.4805030822754,-27.7163867950439,0.));
#12463=CARTESIAN_POINT('',(10.7151365280151,-25.8686275482178,0.));
#12464=CARTESIAN_POINT('',(11.4805030822754,-27.7163867950439,0.));
#12465=CARTESIAN_POINT('',(9.37032890319824,-30.5973358154297,0.));
#12466=CARTESIAN_POINT('',(11.4805030822754,-27.7163867950439,0.));
#12467=CARTESIAN_POINT('',(14.4065198898315,-28.5736274719238,0.));
#12468=CARTESIAN_POINT('',(-6.61556872244605E-15,8.,0.));
#12469=CARTESIAN_POINT('',(-1.32311374448921E-14,16.,0.));
#12470=CARTESIAN_POINT('',(-1.32311374448921E-14,16.,0.));
#12471=CARTESIAN_POINT('',(16.9705619812012,16.9705619812012,0.));
#12472=CARTESIAN_POINT('',(-1.32311374448921E-14,16.,0.));
#12473=CARTESIAN_POINT('',(-1.98467053203052E-14,24.,0.));
#12474=CARTESIAN_POINT('',(-1.32311374448921E-14,16.,0.));
#12475=CARTESIAN_POINT('',(-16.9705619812012,16.9705619812012,0.));
#12476=CARTESIAN_POINT('',(16.9705619812012,16.9705619812012,0.));
#12477=CARTESIAN_POINT('',(-1.98467053203052E-14,24.,0.));
#12478=CARTESIAN_POINT('',(16.9705619812012,16.9705619812012,0.));
#12479=CARTESIAN_POINT('',(19.7989902496338,19.7989902496338,0.));
#12480=CARTESIAN_POINT('',(16.9705619812012,16.9705619812012,0.));
#12481=CARTESIAN_POINT('',(10.7151365280151,25.8686275482178,0.));
#12482=CARTESIAN_POINT('',(16.9705619812012,16.9705619812012,0.));
#12483=CARTESIAN_POINT('',(25.8686275482178,10.7151365280151,0.));
#12484=CARTESIAN_POINT('',(-1.98467053203052E-14,24.,0.));
#12485=CARTESIAN_POINT('',(10.7151365280151,25.8686275482178,0.));
#12486=CARTESIAN_POINT('',(-1.98467053203052E-14,24.,0.));
#12487=CARTESIAN_POINT('',(-2.31544909520777E-14,28.,0.));
#12488=CARTESIAN_POINT('',(-1.98467053203052E-14,24.,0.));
#12489=CARTESIAN_POINT('',(-16.9705619812012,16.9705619812012,0.));
#12490=CARTESIAN_POINT('',(-1.98467053203052E-14,24.,0.));
#12491=CARTESIAN_POINT('',(-10.7151365280151,25.8686275482178,0.));
#12492=CARTESIAN_POINT('',(11.4805030822754,27.7163867950439,0.));
#12493=CARTESIAN_POINT('',(21.2132034301758,21.2132034301758,0.));
#12494=CARTESIAN_POINT('',(11.4805030822754,27.7163867950439,0.));
#12495=CARTESIAN_POINT('',(10.7151365280151,25.8686275482178,0.));
#12496=CARTESIAN_POINT('',(11.4805030822754,27.7163867950439,0.));
#12497=CARTESIAN_POINT('',(-2.4808382073898E-14,30.,0.));
#12498=CARTESIAN_POINT('',(11.4805030822754,27.7163867950439,0.));
#12499=CARTESIAN_POINT('',(14.4065198898315,28.5736274719238,0.));
#12500=CARTESIAN_POINT('',(11.4805030822754,27.7163867950439,0.));
#12501=CARTESIAN_POINT('',(9.37032890319824,30.5973358154297,0.));
#12502=CARTESIAN_POINT('',(21.2132034301758,21.2132034301758,0.));
#12503=CARTESIAN_POINT('',(19.7989902496338,19.7989902496338,0.));
#12504=CARTESIAN_POINT('',(21.2132034301758,21.2132034301758,0.));
#12505=CARTESIAN_POINT('',(27.7163867950439,11.4805030822754,0.));
#12506=CARTESIAN_POINT('',(21.2132034301758,21.2132034301758,0.));
#12507=CARTESIAN_POINT('',(26.5123081207275,17.9191932678223,0.));
#12508=CARTESIAN_POINT('',(21.2132034301758,21.2132034301758,0.));
#12509=CARTESIAN_POINT('',(23.1025943756104,22.1420440673828,0.));
#12510=CARTESIAN_POINT('',(21.2132034301758,21.2132034301758,0.));
#12511=CARTESIAN_POINT('',(19.0282611846924,25.7279090881348,0.));
#12512=CARTESIAN_POINT('',(19.7989902496338,19.7989902496338,0.));
#12513=CARTESIAN_POINT('',(10.7151365280151,25.8686275482178,0.));
#12514=CARTESIAN_POINT('',(19.7989902496338,19.7989902496338,0.));
#12515=CARTESIAN_POINT('',(25.8686275482178,10.7151365280151,0.));
#12516=CARTESIAN_POINT('',(10.7151365280151,25.8686275482178,0.));
#12517=CARTESIAN_POINT('',(-2.31544909520777E-14,28.,0.));
#12518=CARTESIAN_POINT('',(-2.4808382073898E-14,30.,0.));
#12519=CARTESIAN_POINT('',(-2.31544909520777E-14,28.,0.));
#12520=CARTESIAN_POINT('',(-2.4808382073898E-14,30.,0.));
#12521=CARTESIAN_POINT('',(-11.4805030822754,27.7163867950439,0.));
#12522=CARTESIAN_POINT('',(-2.4808382073898E-14,30.,0.));
#12523=CARTESIAN_POINT('',(-1.35811853408813,31.9711666107178,0.));
#12524=CARTESIAN_POINT('',(-2.4808382073898E-14,30.,0.));
#12525=CARTESIAN_POINT('',(4.06457042694092,31.7408142089844,0.));
#12526=CARTESIAN_POINT('',(-2.31544909520777E-14,28.,0.));
#12527=CARTESIAN_POINT('',(-10.7151365280151,25.8686275482178,0.));
#12528=CARTESIAN_POINT('',(27.7163867950439,11.4805030822754,0.));
#12529=CARTESIAN_POINT('',(25.8686275482178,10.7151365280151,0.));
#12530=CARTESIAN_POINT('',(27.7163867950439,11.4805030822754,0.));
#12531=CARTESIAN_POINT('',(30.9674549102783,8.06329822540283,0.));
#12532=CARTESIAN_POINT('',(27.7163867950439,11.4805030822754,0.));
#12533=CARTESIAN_POINT('',(29.1593112945557,13.1808395385742,0.));
#12534=CARTESIAN_POINT('',(27.7163867950439,11.4805030822754,0.));
#12535=CARTESIAN_POINT('',(26.5123081207275,17.9191932678223,0.));
#12536=CARTESIAN_POINT('',(-16.9705619812012,16.9705619812012,0.));
#12537=CARTESIAN_POINT('',(-19.7989902496338,19.7989902496338,0.));
#12538=CARTESIAN_POINT('',(-16.9705619812012,16.9705619812012,0.));
#12539=CARTESIAN_POINT('',(-25.8686275482178,10.7151365280151,0.));
#12540=CARTESIAN_POINT('',(-16.9705619812012,16.9705619812012,0.));
#12541=CARTESIAN_POINT('',(-10.7151365280151,25.8686275482178,0.));
#12542=CARTESIAN_POINT('',(-27.7163867950439,11.4805030822754,0.));
#12543=CARTESIAN_POINT('',(-21.2132034301758,21.2132034301758,0.));
#12544=CARTESIAN_POINT('',(-27.7163867950439,11.4805030822754,0.));
#12545=CARTESIAN_POINT('',(-25.8686275482178,10.7151365280151,0.));
#12546=CARTESIAN_POINT('',(-27.7163867950439,11.4805030822754,0.));
#12547=CARTESIAN_POINT('',(-27.936450958252,15.6062383651733,0.));
#12548=CARTESIAN_POINT('',(-27.7163867950439,11.4805030822754,0.));
#12549=CARTESIAN_POINT('',(-30.1720790863037,10.6604738235474,0.));
#12550=CARTESIAN_POINT('',(-21.2132034301758,21.2132034301758,0.));
#12551=CARTESIAN_POINT('',(-19.7989902496338,19.7989902496338,0.));
#12552=CARTESIAN_POINT('',(-21.2132034301758,21.2132034301758,0.));
#12553=CARTESIAN_POINT('',(-11.4805030822754,27.7163867950439,0.));
#12554=CARTESIAN_POINT('',(-21.2132034301758,21.2132034301758,0.));
#12555=CARTESIAN_POINT('',(-24.897144317627,20.1030406951904,0.));
#12556=CARTESIAN_POINT('',(-21.2132034301758,21.2132034301758,0.));
#12557=CARTESIAN_POINT('',(-21.1415920257568,24.0215129852295,0.));
#12558=CARTESIAN_POINT('',(-19.7989902496338,19.7989902496338,0.));
#12559=CARTESIAN_POINT('',(-25.8686275482178,10.7151365280151,0.));
#12560=CARTESIAN_POINT('',(-19.7989902496338,19.7989902496338,0.));
#12561=CARTESIAN_POINT('',(-10.7151365280151,25.8686275482178,0.));
#12562=CARTESIAN_POINT('',(-11.4805030822754,27.7163867950439,0.));
#12563=CARTESIAN_POINT('',(-10.7151365280151,25.8686275482178,0.));
#12564=CARTESIAN_POINT('',(-11.4805030822754,27.7163867950439,0.));
#12565=CARTESIAN_POINT('',(-6.74173641204834,31.2817668914795,0.));
#12566=CARTESIAN_POINT('',(-11.4805030822754,27.7163867950439,0.));
#12567=CARTESIAN_POINT('',(-16.7778339385986,27.2489318847656,0.));
#12568=CARTESIAN_POINT('',(-11.4805030822754,27.7163867950439,0.));
#12569=CARTESIAN_POINT('',(-11.9314069747925,29.6924495697021,0.));
#12570=CARTESIAN_POINT('',(-31.5397090911865,-5.40802621841431,0.));
#12571=CARTESIAN_POINT('',(-32.,0.,0.));
#12572=CARTESIAN_POINT('',(-31.5397090911865,-5.40802621841431,0.));
#12573=CARTESIAN_POINT('',(-30.1720790863037,-10.6604738235474,0.));
#12574=CARTESIAN_POINT('',(-31.5397090911865,-5.40802621841431,0.));
#12575=CARTESIAN_POINT('',(-32.,-3.91886992827254E-15,1.83333337306976));
#12576=CARTESIAN_POINT('',(-32.,0.,0.));
#12577=CARTESIAN_POINT('',(-31.5397090911865,5.40802621841431,0.));
#12578=CARTESIAN_POINT('',(-32.,0.,0.));
#12579=CARTESIAN_POINT('',(-32.,-3.91886992827254E-15,1.83333337306976));
#12580=CARTESIAN_POINT('',(-30.1720790863037,-10.6604738235474,0.));
#12581=CARTESIAN_POINT('',(-27.936450958252,-15.6062383651733,0.));
#12582=CARTESIAN_POINT('',(-30.1720790863037,-10.6604738235474,0.));
#12583=CARTESIAN_POINT('',(-27.6599979400635,-16.0911312103271,1.83333337306976));
#12584=CARTESIAN_POINT('',(-30.1720790863037,-10.6604738235474,0.));
#12585=CARTESIAN_POINT('',(-32.,-3.91886992827254E-15,1.83333337306976));
#12586=CARTESIAN_POINT('',(-27.936450958252,-15.6062383651733,0.));
#12587=CARTESIAN_POINT('',(-24.897144317627,-20.1030406951904,0.));
#12588=CARTESIAN_POINT('',(-27.936450958252,-15.6062383651733,0.));
#12589=CARTESIAN_POINT('',(-27.6599979400635,-16.0911312103271,1.83333337306976));
#12590=CARTESIAN_POINT('',(-24.897144317627,-20.1030406951904,0.));
#12591=CARTESIAN_POINT('',(-21.1415920257568,-24.0215129852295,0.));
#12592=CARTESIAN_POINT('',(-24.897144317627,-20.1030406951904,0.));
#12593=CARTESIAN_POINT('',(-27.6599979400635,-16.0911312103271,1.83333337306976));
#12594=CARTESIAN_POINT('',(-21.1415920257568,-24.0215129852295,0.));
#12595=CARTESIAN_POINT('',(-16.7778339385986,-27.2489318847656,0.));
#12596=CARTESIAN_POINT('',(-21.1415920257568,-24.0215129852295,0.));
#12597=CARTESIAN_POINT('',(-27.6599979400635,-16.0911312103271,1.83333337306976));
#12598=CARTESIAN_POINT('',(-21.1415920257568,-24.0215129852295,0.));
#12599=CARTESIAN_POINT('',(-15.8172168731689,-27.8175430297852,1.83333337306976));
#12600=CARTESIAN_POINT('',(-16.7778339385986,-27.2489318847656,0.));
#12601=CARTESIAN_POINT('',(-11.9314069747925,-29.6924495697021,0.));
#12602=CARTESIAN_POINT('',(-16.7778339385986,-27.2489318847656,0.));
#12603=CARTESIAN_POINT('',(-15.8172168731689,-27.8175430297852,1.83333337306976));
#12604=CARTESIAN_POINT('',(9.37032890319824,-30.5973358154297,0.));
#12605=CARTESIAN_POINT('',(4.06457042694092,-31.7408142089844,0.));
#12606=CARTESIAN_POINT('',(9.37032890319824,-30.5973358154297,0.));
#12607=CARTESIAN_POINT('',(14.4065198898315,-28.5736274719238,0.));
#12608=CARTESIAN_POINT('',(9.37032890319824,-30.5973358154297,0.));
#12609=CARTESIAN_POINT('',(0.315986514091492,-31.9984397888184,1.83333337306976));
#12610=CARTESIAN_POINT('',(9.37032890319824,-30.5973358154297,0.));
#12611=CARTESIAN_POINT('',(16.3634777069092,-27.499755859375,1.83333337306976));
#12612=CARTESIAN_POINT('',(4.06457042694092,-31.7408142089844,0.));
#12613=CARTESIAN_POINT('',(-1.35811853408813,-31.9711666107178,0.));
#12614=CARTESIAN_POINT('',(4.06457042694092,-31.7408142089844,0.));
#12615=CARTESIAN_POINT('',(0.315986514091492,-31.9984397888184,1.83333337306976));
#12616=CARTESIAN_POINT('',(-1.35811853408813,-31.9711666107178,0.));
#12617=CARTESIAN_POINT('',(-6.74173641204834,-31.2817668914795,0.));
#12618=CARTESIAN_POINT('',(-1.35811853408813,-31.9711666107178,0.));
#12619=CARTESIAN_POINT('',(0.315986514091492,-31.9984397888184,1.83333337306976));
#12620=CARTESIAN_POINT('',(-6.74173641204834,-31.2817668914795,0.));
#12621=CARTESIAN_POINT('',(-11.9314069747925,-29.6924495697021,0.));
#12622=CARTESIAN_POINT('',(-6.74173641204834,-31.2817668914795,0.));
#12623=CARTESIAN_POINT('',(-15.8172168731689,-27.8175430297852,1.83333337306976));
#12624=CARTESIAN_POINT('',(-6.74173641204834,-31.2817668914795,0.));
#12625=CARTESIAN_POINT('',(0.315986514091492,-31.9984397888184,1.83333337306976));
#12626=CARTESIAN_POINT('',(19.0282611846924,-25.7279090881348,0.));
#12627=CARTESIAN_POINT('',(14.4065198898315,-28.5736274719238,0.));
#12628=CARTESIAN_POINT('',(19.0282611846924,-25.7279090881348,0.));
#12629=CARTESIAN_POINT('',(23.1025943756104,-22.1420440673828,0.));
#12630=CARTESIAN_POINT('',(19.0282611846924,-25.7279090881348,0.));
#12631=CARTESIAN_POINT('',(16.3634777069092,-27.499755859375,1.83333337306976));
#12632=CARTESIAN_POINT('',(14.4065198898315,-28.5736274719238,0.));
#12633=CARTESIAN_POINT('',(16.3634777069092,-27.499755859375,1.83333337306976));
#12634=CARTESIAN_POINT('',(29.1593112945557,-13.1808395385742,0.));
#12635=CARTESIAN_POINT('',(26.5123081207275,-17.9191932678223,0.));
#12636=CARTESIAN_POINT('',(29.1593112945557,-13.1808395385742,0.));
#12637=CARTESIAN_POINT('',(30.9674549102783,-8.06329822540283,0.));
#12638=CARTESIAN_POINT('',(29.1593112945557,-13.1808395385742,0.));
#12639=CARTESIAN_POINT('',(27.8175430297852,-15.8172168731689,1.83333337306976));
#12640=CARTESIAN_POINT('',(26.5123081207275,-17.9191932678223,0.));
#12641=CARTESIAN_POINT('',(23.1025943756104,-22.1420440673828,0.));
#12642=CARTESIAN_POINT('',(26.5123081207275,-17.9191932678223,0.));
#12643=CARTESIAN_POINT('',(27.8175430297852,-15.8172168731689,1.83333337306976));
#12644=CARTESIAN_POINT('',(-11.9314069747925,-29.6924495697021,0.));
#12645=CARTESIAN_POINT('',(-15.8172168731689,-27.8175430297852,1.83333337306976));
#12646=CARTESIAN_POINT('',(23.1025943756104,-22.1420440673828,0.));
#12647=CARTESIAN_POINT('',(16.3634777069092,-27.499755859375,1.83333337306976));
#12648=CARTESIAN_POINT('',(23.1025943756104,-22.1420440673828,0.));
#12649=CARTESIAN_POINT('',(27.8175430297852,-15.8172168731689,1.83333337306976));
#12650=CARTESIAN_POINT('',(30.9674549102783,-8.06329822540283,0.));
#12651=CARTESIAN_POINT('',(31.8847198486328,-2.71378970146179,0.));
#12652=CARTESIAN_POINT('',(30.9674549102783,-8.06329822540283,0.));
#12653=CARTESIAN_POINT('',(27.8175430297852,-15.8172168731689,1.83333337306976));
#12654=CARTESIAN_POINT('',(30.9674549102783,-8.06329822540283,0.));
#12655=CARTESIAN_POINT('',(32.,0.,1.83333337306976));
#12656=CARTESIAN_POINT('',(31.8847198486328,-2.71378970146179,0.));
#12657=CARTESIAN_POINT('',(31.8847198486328,2.71378970146179,0.));
#12658=CARTESIAN_POINT('',(31.8847198486328,-2.71378970146179,0.));
#12659=CARTESIAN_POINT('',(32.,0.,1.83333337306976));
#12660=CARTESIAN_POINT('',(30.9674549102783,8.06329822540283,0.));
#12661=CARTESIAN_POINT('',(31.8847198486328,2.71378970146179,0.));
#12662=CARTESIAN_POINT('',(30.9674549102783,8.06329822540283,0.));
#12663=CARTESIAN_POINT('',(29.1593112945557,13.1808395385742,0.));
#12664=CARTESIAN_POINT('',(30.9674549102783,8.06329822540283,0.));
#12665=CARTESIAN_POINT('',(32.,0.,1.83333337306976));
#12666=CARTESIAN_POINT('',(31.8847198486328,2.71378970146179,0.));
#12667=CARTESIAN_POINT('',(32.,0.,1.83333337306976));
#12668=CARTESIAN_POINT('',(29.1593112945557,13.1808395385742,0.));
#12669=CARTESIAN_POINT('',(26.5123081207275,17.9191932678223,0.));
#12670=CARTESIAN_POINT('',(29.1593112945557,13.1808395385742,0.));
#12671=CARTESIAN_POINT('',(27.6599979400635,16.0911312103271,1.83333337306976));
#12672=CARTESIAN_POINT('',(26.5123081207275,17.9191932678223,0.));
#12673=CARTESIAN_POINT('',(23.1025943756104,22.1420440673828,0.));
#12674=CARTESIAN_POINT('',(26.5123081207275,17.9191932678223,0.));
#12675=CARTESIAN_POINT('',(27.6599979400635,16.0911312103271,1.83333337306976));
#12676=CARTESIAN_POINT('',(23.1025943756104,22.1420440673828,0.));
#12677=CARTESIAN_POINT('',(19.0282611846924,25.7279090881348,0.));
#12678=CARTESIAN_POINT('',(23.1025943756104,22.1420440673828,0.));
#12679=CARTESIAN_POINT('',(27.6599979400635,16.0911312103271,1.83333337306976));
#12680=CARTESIAN_POINT('',(23.1025943756104,22.1420440673828,0.));
#12681=CARTESIAN_POINT('',(15.8172168731689,27.8175430297852,1.83333337306976));
#12682=CARTESIAN_POINT('',(19.0282611846924,25.7279090881348,0.));
#12683=CARTESIAN_POINT('',(14.4065198898315,28.5736274719238,0.));
#12684=CARTESIAN_POINT('',(19.0282611846924,25.7279090881348,0.));
#12685=CARTESIAN_POINT('',(15.8172168731689,27.8175430297852,1.83333337306976));
#12686=CARTESIAN_POINT('',(14.4065198898315,28.5736274719238,0.));
#12687=CARTESIAN_POINT('',(9.37032890319824,30.5973358154297,0.));
#12688=CARTESIAN_POINT('',(14.4065198898315,28.5736274719238,0.));
#12689=CARTESIAN_POINT('',(15.8172168731689,27.8175430297852,1.83333337306976));
#12690=CARTESIAN_POINT('',(-6.74173641204834,31.2817668914795,0.));
#12691=CARTESIAN_POINT('',(-1.35811853408813,31.9711666107178,0.));
#12692=CARTESIAN_POINT('',(-6.74173641204834,31.2817668914795,0.));
#12693=CARTESIAN_POINT('',(-11.9314069747925,29.6924495697021,0.));
#12694=CARTESIAN_POINT('',(-6.74173641204834,31.2817668914795,0.));
#12695=CARTESIAN_POINT('',(-0.315986514091492,31.9984397888184,1.83333337306976));
#12696=CARTESIAN_POINT('',(-1.35811853408813,31.9711666107178,0.));
#12697=CARTESIAN_POINT('',(4.06457042694092,31.7408142089844,0.));
#12698=CARTESIAN_POINT('',(-1.35811853408813,31.9711666107178,0.));
#12699=CARTESIAN_POINT('',(-0.315986514091492,31.9984397888184,1.83333337306976));
#12700=CARTESIAN_POINT('',(-27.936450958252,15.6062383651733,0.));
#12701=CARTESIAN_POINT('',(-24.897144317627,20.1030406951904,0.));
#12702=CARTESIAN_POINT('',(-27.936450958252,15.6062383651733,0.));
#12703=CARTESIAN_POINT('',(-30.1720790863037,10.6604738235474,0.));
#12704=CARTESIAN_POINT('',(-27.936450958252,15.6062383651733,0.));
#12705=CARTESIAN_POINT('',(-27.8175430297852,15.8172168731689,1.83333337306976));
#12706=CARTESIAN_POINT('',(-24.897144317627,20.1030406951904,0.));
#12707=CARTESIAN_POINT('',(-21.1415920257568,24.0215129852295,0.));
#12708=CARTESIAN_POINT('',(-24.897144317627,20.1030406951904,0.));
#12709=CARTESIAN_POINT('',(-27.8175430297852,15.8172168731689,1.83333337306976));
#12710=CARTESIAN_POINT('',(-21.1415920257568,24.0215129852295,0.));
#12711=CARTESIAN_POINT('',(-16.7778339385986,27.2489318847656,0.));
#12712=CARTESIAN_POINT('',(-21.1415920257568,24.0215129852295,0.));
#12713=CARTESIAN_POINT('',(-16.3634777069092,27.499755859375,1.83333337306976));
#12714=CARTESIAN_POINT('',(-21.1415920257568,24.0215129852295,0.));
#12715=CARTESIAN_POINT('',(-27.8175430297852,15.8172168731689,1.83333337306976));
#12716=CARTESIAN_POINT('',(-16.7778339385986,27.2489318847656,0.));
#12717=CARTESIAN_POINT('',(-11.9314069747925,29.6924495697021,0.));
#12718=CARTESIAN_POINT('',(-16.7778339385986,27.2489318847656,0.));
#12719=CARTESIAN_POINT('',(-16.3634777069092,27.499755859375,1.83333337306976));
#12720=CARTESIAN_POINT('',(4.06457042694092,31.7408142089844,0.));
#12721=CARTESIAN_POINT('',(9.37032890319824,30.5973358154297,0.));
#12722=CARTESIAN_POINT('',(4.06457042694092,31.7408142089844,0.));
#12723=CARTESIAN_POINT('',(-0.315986514091492,31.9984397888184,1.83333337306976));
#12724=CARTESIAN_POINT('',(9.37032890319824,30.5973358154297,0.));
#12725=CARTESIAN_POINT('',(15.8172168731689,27.8175430297852,1.83333337306976));
#12726=CARTESIAN_POINT('',(9.37032890319824,30.5973358154297,0.));
#12727=CARTESIAN_POINT('',(-0.315986514091492,31.9984397888184,1.83333337306976));
#12728=CARTESIAN_POINT('',(-31.5397090911865,5.40802621841431,0.));
#12729=CARTESIAN_POINT('',(-30.1720790863037,10.6604738235474,0.));
#12730=CARTESIAN_POINT('',(-31.5397090911865,5.40802621841431,0.));
#12731=CARTESIAN_POINT('',(-32.,-3.91886992827254E-15,1.83333337306976));
#12732=CARTESIAN_POINT('',(-30.1720790863037,10.6604738235474,0.));
#12733=CARTESIAN_POINT('',(-32.,-3.91886992827254E-15,1.83333337306976));
#12734=CARTESIAN_POINT('',(-30.1720790863037,10.6604738235474,0.));
#12735=CARTESIAN_POINT('',(-27.8175430297852,15.8172168731689,1.83333337306976));
#12736=CARTESIAN_POINT('',(-11.9314069747925,29.6924495697021,0.));
#12737=CARTESIAN_POINT('',(-16.3634777069092,27.499755859375,1.83333337306976));
#12738=CARTESIAN_POINT('',(-15.8172168731689,-27.8175430297852,3.66666674613953));
#12739=CARTESIAN_POINT('',(-27.6599979400635,-16.0911312103271,3.66666674613953));
#12740=CARTESIAN_POINT('',(-15.8172168731689,-27.8175430297852,3.66666674613953));
#12741=CARTESIAN_POINT('',(-15.8172168731689,-27.8175430297852,1.83333337306976));
#12742=CARTESIAN_POINT('',(-15.8172168731689,-27.8175430297852,3.66666674613953));
#12743=CARTESIAN_POINT('',(-15.8172168731689,-27.8175430297852,7.33333349227905));
#12744=CARTESIAN_POINT('',(-15.8172168731689,-27.8175430297852,3.66666674613953));
#12745=CARTESIAN_POINT('',(0.315986514091492,-31.9984397888184,3.66666674613953));
#12746=CARTESIAN_POINT('',(-27.6599979400635,-16.0911312103271,3.66666674613953));
#12747=CARTESIAN_POINT('',(-27.6599979400635,-16.0911312103271,1.83333337306976));
#12748=CARTESIAN_POINT('',(-27.6599979400635,-16.0911312103271,3.66666674613953));
#12749=CARTESIAN_POINT('',(-32.,-3.91886992827254E-15,3.66666674613953));
#12750=CARTESIAN_POINT('',(-27.6599979400635,-16.0911312103271,3.66666674613953));
#12751=CARTESIAN_POINT('',(-27.6599979400635,-16.0911312103271,7.33333349227905));
#12752=CARTESIAN_POINT('',(-27.6599979400635,-16.0911312103271,1.83333337306976));
#12753=CARTESIAN_POINT('',(-15.8172168731689,-27.8175430297852,1.83333337306976));
#12754=CARTESIAN_POINT('',(-27.6599979400635,-16.0911312103271,1.83333337306976));
#12755=CARTESIAN_POINT('',(-32.,-3.91886992827254E-15,1.83333337306976));
#12756=CARTESIAN_POINT('',(-15.8172168731689,-27.8175430297852,1.83333337306976));
#12757=CARTESIAN_POINT('',(0.315986514091492,-31.9984397888184,1.83333337306976));
#12758=CARTESIAN_POINT('',(-32.,-3.91886992827254E-15,3.66666674613953));
#12759=CARTESIAN_POINT('',(-32.,-3.91886992827254E-15,1.83333337306976));
#12760=CARTESIAN_POINT('',(-32.,-3.91886992827254E-15,3.66666674613953));
#12761=CARTESIAN_POINT('',(-32.,-3.91886992827254E-15,7.33333349227905));
#12762=CARTESIAN_POINT('',(-32.,-3.91886992827254E-15,3.66666674613953));
#12763=CARTESIAN_POINT('',(-27.8175430297852,15.8172168731689,3.66666674613953));
#12764=CARTESIAN_POINT('',(-32.,-3.91886992827254E-15,1.83333337306976));
#12765=CARTESIAN_POINT('',(-27.8175430297852,15.8172168731689,1.83333337306976));
#12766=CARTESIAN_POINT('',(-27.6599979400635,-16.0911312103271,7.33333349227905));
#12767=CARTESIAN_POINT('',(-32.,-3.91886992827254E-15,7.33333349227905));
#12768=CARTESIAN_POINT('',(-27.6599979400635,-16.0911312103271,7.33333349227905));
#12769=CARTESIAN_POINT('',(-15.8172168731689,-27.8175430297852,7.33333349227905));
#12770=CARTESIAN_POINT('',(-27.6599979400635,-16.0911312103271,7.33333349227905));
#12771=CARTESIAN_POINT('',(-27.6599979400635,-16.0911312103271,9.16666698455811));
#12772=CARTESIAN_POINT('',(-32.,-3.91886992827254E-15,7.33333349227905));
#12773=CARTESIAN_POINT('',(-32.,3.91886992827254E-15,9.16666698455811));
#12774=CARTESIAN_POINT('',(-32.,-3.91886992827254E-15,7.33333349227905));
#12775=CARTESIAN_POINT('',(-27.8175430297852,15.8172168731689,7.33333349227905));
#12776=CARTESIAN_POINT('',(-15.8172168731689,-27.8175430297852,7.33333349227905));
#12777=CARTESIAN_POINT('',(-15.8172168731689,-27.8175430297852,9.16666698455811));
#12778=CARTESIAN_POINT('',(-15.8172168731689,-27.8175430297852,7.33333349227905));
#12779=CARTESIAN_POINT('',(0.315986514091492,-31.9984397888184,7.33333349227905));
#12780=CARTESIAN_POINT('',(-27.6599979400635,-16.0911312103271,9.16666698455811));
#12781=CARTESIAN_POINT('',(-32.,3.91886992827254E-15,9.16666698455811));
#12782=CARTESIAN_POINT('',(-27.6599979400635,-16.0911312103271,9.16666698455811));
#12783=CARTESIAN_POINT('',(-15.8172168731689,-27.8175430297852,9.16666698455811));
#12784=CARTESIAN_POINT('',(-27.6599979400635,-16.0911312103271,9.16666698455811));
#12785=CARTESIAN_POINT('',(-30.1720790863037,-10.6604738235474,11.));
#12786=CARTESIAN_POINT('',(-27.6599979400635,-16.0911312103271,9.16666698455811));
#12787=CARTESIAN_POINT('',(-27.936450958252,-15.6062383651733,11.));
#12788=CARTESIAN_POINT('',(-27.6599979400635,-16.0911312103271,9.16666698455811));
#12789=CARTESIAN_POINT('',(-24.897144317627,-20.1030406951904,11.));
#12790=CARTESIAN_POINT('',(-32.,3.91886992827254E-15,9.16666698455811));
#12791=CARTESIAN_POINT('',(-27.8175430297852,15.8172168731689,9.16666698455811));
#12792=CARTESIAN_POINT('',(-32.,3.91886992827254E-15,9.16666698455811));
#12793=CARTESIAN_POINT('',(-32.,0.,11.));
#12794=CARTESIAN_POINT('',(-32.,3.91886992827254E-15,9.16666698455811));
#12795=CARTESIAN_POINT('',(-31.5397090911865,-5.40802621841431,11.));
#12796=CARTESIAN_POINT('',(-32.,3.91886992827254E-15,9.16666698455811));
#12797=CARTESIAN_POINT('',(-30.1720790863037,-10.6604738235474,11.));
#12798=CARTESIAN_POINT('',(-32.,3.91886992827254E-15,9.16666698455811));
#12799=CARTESIAN_POINT('',(-31.5397090911865,5.40802621841431,11.));
#12800=CARTESIAN_POINT('',(-15.8172168731689,-27.8175430297852,9.16666698455811));
#12801=CARTESIAN_POINT('',(0.315986514091492,-31.9984397888184,9.16666698455811));
#12802=CARTESIAN_POINT('',(-15.8172168731689,-27.8175430297852,9.16666698455811));
#12803=CARTESIAN_POINT('',(-21.1415920257568,-24.0215129852295,11.));
#12804=CARTESIAN_POINT('',(-15.8172168731689,-27.8175430297852,9.16666698455811));
#12805=CARTESIAN_POINT('',(-11.9314069747925,-29.6924495697021,11.));
#12806=CARTESIAN_POINT('',(-15.8172168731689,-27.8175430297852,9.16666698455811));
#12807=CARTESIAN_POINT('',(-16.7778339385986,-27.2489318847656,11.));
#12808=CARTESIAN_POINT('',(-15.8172168731689,-27.8175430297852,9.16666698455811));
#12809=CARTESIAN_POINT('',(-6.74173641204834,-31.2817668914795,11.));
#12810=CARTESIAN_POINT('',(16.3634777069092,-27.499755859375,3.66666674613953));
#12811=CARTESIAN_POINT('',(0.315986514091492,-31.9984397888184,3.66666674613953));
#12812=CARTESIAN_POINT('',(16.3634777069092,-27.499755859375,3.66666674613953));
#12813=CARTESIAN_POINT('',(16.3634777069092,-27.499755859375,1.83333337306976));
#12814=CARTESIAN_POINT('',(16.3634777069092,-27.499755859375,3.66666674613953));
#12815=CARTESIAN_POINT('',(16.3634777069092,-27.499755859375,7.33333349227905));
#12816=CARTESIAN_POINT('',(16.3634777069092,-27.499755859375,3.66666674613953));
#12817=CARTESIAN_POINT('',(27.8175430297852,-15.8172168731689,3.66666674613953));
#12818=CARTESIAN_POINT('',(0.315986514091492,-31.9984397888184,3.66666674613953));
#12819=CARTESIAN_POINT('',(0.315986514091492,-31.9984397888184,1.83333337306976));
#12820=CARTESIAN_POINT('',(0.315986514091492,-31.9984397888184,3.66666674613953));
#12821=CARTESIAN_POINT('',(0.315986514091492,-31.9984397888184,7.33333349227905));
#12822=CARTESIAN_POINT('',(0.315986514091492,-31.9984397888184,1.83333337306976));
#12823=CARTESIAN_POINT('',(16.3634777069092,-27.499755859375,1.83333337306976));
#12824=CARTESIAN_POINT('',(16.3634777069092,-27.499755859375,1.83333337306976));
#12825=CARTESIAN_POINT('',(27.8175430297852,-15.8172168731689,1.83333337306976));
#12826=CARTESIAN_POINT('',(0.315986514091492,-31.9984397888184,7.33333349227905));
#12827=CARTESIAN_POINT('',(16.3634777069092,-27.499755859375,7.33333349227905));
#12828=CARTESIAN_POINT('',(0.315986514091492,-31.9984397888184,7.33333349227905));
#12829=CARTESIAN_POINT('',(0.315986514091492,-31.9984397888184,9.16666698455811));
#12830=CARTESIAN_POINT('',(16.3634777069092,-27.499755859375,7.33333349227905));
#12831=CARTESIAN_POINT('',(16.3634777069092,-27.499755859375,9.16666698455811));
#12832=CARTESIAN_POINT('',(16.3634777069092,-27.499755859375,7.33333349227905));
#12833=CARTESIAN_POINT('',(27.8175430297852,-15.8172168731689,7.33333349227905));
#12834=CARTESIAN_POINT('',(0.315986514091492,-31.9984397888184,9.16666698455811));
#12835=CARTESIAN_POINT('',(16.3634777069092,-27.499755859375,9.16666698455811));
#12836=CARTESIAN_POINT('',(0.315986514091492,-31.9984397888184,9.16666698455811));
#12837=CARTESIAN_POINT('',(-6.74173641204834,-31.2817668914795,11.));
#12838=CARTESIAN_POINT('',(0.315986514091492,-31.9984397888184,9.16666698455811));
#12839=CARTESIAN_POINT('',(-1.35811853408813,-31.9711666107178,11.));
#12840=CARTESIAN_POINT('',(0.315986514091492,-31.9984397888184,9.16666698455811));
#12841=CARTESIAN_POINT('',(4.06457042694092,-31.7408142089844,11.));
#12842=CARTESIAN_POINT('',(0.315986514091492,-31.9984397888184,9.16666698455811));
#12843=CARTESIAN_POINT('',(9.37032890319824,-30.5973358154297,11.));
#12844=CARTESIAN_POINT('',(16.3634777069092,-27.499755859375,9.16666698455811));
#12845=CARTESIAN_POINT('',(27.8175430297852,-15.8172168731689,9.16666698455811));
#12846=CARTESIAN_POINT('',(16.3634777069092,-27.499755859375,9.16666698455811));
#12847=CARTESIAN_POINT('',(9.37032890319824,-30.5973358154297,11.));
#12848=CARTESIAN_POINT('',(16.3634777069092,-27.499755859375,9.16666698455811));
#12849=CARTESIAN_POINT('',(14.4065198898315,-28.5736274719238,11.));
#12850=CARTESIAN_POINT('',(16.3634777069092,-27.499755859375,9.16666698455811));
#12851=CARTESIAN_POINT('',(19.0282611846924,-25.7279090881348,11.));
#12852=CARTESIAN_POINT('',(32.,0.,3.66666674613953));
#12853=CARTESIAN_POINT('',(27.8175430297852,-15.8172168731689,3.66666674613953));
#12854=CARTESIAN_POINT('',(32.,0.,3.66666674613953));
#12855=CARTESIAN_POINT('',(32.,0.,1.83333337306976));
#12856=CARTESIAN_POINT('',(32.,0.,3.66666674613953));
#12857=CARTESIAN_POINT('',(32.,0.,7.33333349227905));
#12858=CARTESIAN_POINT('',(32.,0.,3.66666674613953));
#12859=CARTESIAN_POINT('',(27.6599979400635,16.0911312103271,3.66666674613953));
#12860=CARTESIAN_POINT('',(27.8175430297852,-15.8172168731689,3.66666674613953));
#12861=CARTESIAN_POINT('',(27.8175430297852,-15.8172168731689,1.83333337306976));
#12862=CARTESIAN_POINT('',(27.8175430297852,-15.8172168731689,3.66666674613953));
#12863=CARTESIAN_POINT('',(27.8175430297852,-15.8172168731689,7.33333349227905));
#12864=CARTESIAN_POINT('',(27.8175430297852,-15.8172168731689,1.83333337306976));
#12865=CARTESIAN_POINT('',(32.,0.,1.83333337306976));
#12866=CARTESIAN_POINT('',(32.,0.,1.83333337306976));
#12867=CARTESIAN_POINT('',(27.6599979400635,16.0911312103271,1.83333337306976));
#12868=CARTESIAN_POINT('',(27.8175430297852,-15.8172168731689,7.33333349227905));
#12869=CARTESIAN_POINT('',(32.,0.,7.33333349227905));
#12870=CARTESIAN_POINT('',(27.8175430297852,-15.8172168731689,7.33333349227905));
#12871=CARTESIAN_POINT('',(27.8175430297852,-15.8172168731689,9.16666698455811));
#12872=CARTESIAN_POINT('',(32.,0.,7.33333349227905));
#12873=CARTESIAN_POINT('',(32.,0.,9.16666698455811));
#12874=CARTESIAN_POINT('',(32.,0.,7.33333349227905));
#12875=CARTESIAN_POINT('',(27.6599979400635,16.0911312103271,7.33333349227905));
#12876=CARTESIAN_POINT('',(27.8175430297852,-15.8172168731689,9.16666698455811));
#12877=CARTESIAN_POINT('',(32.,0.,9.16666698455811));
#12878=CARTESIAN_POINT('',(27.8175430297852,-15.8172168731689,9.16666698455811));
#12879=CARTESIAN_POINT('',(29.1593112945557,-13.1808395385742,11.));
#12880=CARTESIAN_POINT('',(27.8175430297852,-15.8172168731689,9.16666698455811));
#12881=CARTESIAN_POINT('',(23.1025943756104,-22.1420440673828,11.));
#12882=CARTESIAN_POINT('',(27.8175430297852,-15.8172168731689,9.16666698455811));
#12883=CARTESIAN_POINT('',(26.5123081207275,-17.9191932678223,11.));
#12884=CARTESIAN_POINT('',(32.,0.,9.16666698455811));
#12885=CARTESIAN_POINT('',(27.6599979400635,16.0911312103271,9.16666698455811));
#12886=CARTESIAN_POINT('',(32.,0.,9.16666698455811));
#12887=CARTESIAN_POINT('',(30.9674549102783,-8.06329822540283,11.));
#12888=CARTESIAN_POINT('',(32.,0.,9.16666698455811));
#12889=CARTESIAN_POINT('',(31.8847198486328,-2.71378970146179,11.));
#12890=CARTESIAN_POINT('',(32.,0.,9.16666698455811));
#12891=CARTESIAN_POINT('',(31.8847198486328,2.71378970146179,11.));
#12892=CARTESIAN_POINT('',(32.,0.,9.16666698455811));
#12893=CARTESIAN_POINT('',(30.9674549102783,8.06329822540283,11.));
#12894=CARTESIAN_POINT('',(15.8172168731689,27.8175430297852,3.66666674613953));
#12895=CARTESIAN_POINT('',(27.6599979400635,16.0911312103271,3.66666674613953));
#12896=CARTESIAN_POINT('',(15.8172168731689,27.8175430297852,3.66666674613953));
#12897=CARTESIAN_POINT('',(15.8172168731689,27.8175430297852,1.83333337306976));
#12898=CARTESIAN_POINT('',(15.8172168731689,27.8175430297852,3.66666674613953));
#12899=CARTESIAN_POINT('',(15.8172168731689,27.8175430297852,7.33333349227905));
#12900=CARTESIAN_POINT('',(15.8172168731689,27.8175430297852,3.66666674613953));
#12901=CARTESIAN_POINT('',(-0.315986514091492,31.9984397888184,3.66666674613953));
#12902=CARTESIAN_POINT('',(27.6599979400635,16.0911312103271,3.66666674613953));
#12903=CARTESIAN_POINT('',(27.6599979400635,16.0911312103271,1.83333337306976));
#12904=CARTESIAN_POINT('',(27.6599979400635,16.0911312103271,3.66666674613953));
#12905=CARTESIAN_POINT('',(27.6599979400635,16.0911312103271,7.33333349227905));
#12906=CARTESIAN_POINT('',(27.6599979400635,16.0911312103271,1.83333337306976));
#12907=CARTESIAN_POINT('',(15.8172168731689,27.8175430297852,1.83333337306976));
#12908=CARTESIAN_POINT('',(15.8172168731689,27.8175430297852,1.83333337306976));
#12909=CARTESIAN_POINT('',(-0.315986514091492,31.9984397888184,1.83333337306976));
#12910=CARTESIAN_POINT('',(27.6599979400635,16.0911312103271,7.33333349227905));
#12911=CARTESIAN_POINT('',(15.8172168731689,27.8175430297852,7.33333349227905));
#12912=CARTESIAN_POINT('',(27.6599979400635,16.0911312103271,7.33333349227905));
#12913=CARTESIAN_POINT('',(27.6599979400635,16.0911312103271,9.16666698455811));
#12914=CARTESIAN_POINT('',(15.8172168731689,27.8175430297852,7.33333349227905));
#12915=CARTESIAN_POINT('',(15.8172168731689,27.8175430297852,9.16666698455811));
#12916=CARTESIAN_POINT('',(15.8172168731689,27.8175430297852,7.33333349227905));
#12917=CARTESIAN_POINT('',(-0.315986514091492,31.9984397888184,7.33333349227905));
#12918=CARTESIAN_POINT('',(27.6599979400635,16.0911312103271,9.16666698455811));
#12919=CARTESIAN_POINT('',(15.8172168731689,27.8175430297852,9.16666698455811));
#12920=CARTESIAN_POINT('',(27.6599979400635,16.0911312103271,9.16666698455811));
#12921=CARTESIAN_POINT('',(29.1593112945557,13.1808395385742,11.));
#12922=CARTESIAN_POINT('',(27.6599979400635,16.0911312103271,9.16666698455811));
#12923=CARTESIAN_POINT('',(23.1025943756104,22.1420440673828,11.));
#12924=CARTESIAN_POINT('',(27.6599979400635,16.0911312103271,9.16666698455811));
#12925=CARTESIAN_POINT('',(26.5123081207275,17.9191932678223,11.));
#12926=CARTESIAN_POINT('',(15.8172168731689,27.8175430297852,9.16666698455811));
#12927=CARTESIAN_POINT('',(-0.315986514091492,31.9984397888184,9.16666698455811));
#12928=CARTESIAN_POINT('',(15.8172168731689,27.8175430297852,9.16666698455811));
#12929=CARTESIAN_POINT('',(19.0282611846924,25.7279090881348,11.));
#12930=CARTESIAN_POINT('',(15.8172168731689,27.8175430297852,9.16666698455811));
#12931=CARTESIAN_POINT('',(9.37032890319824,30.5973358154297,11.));
#12932=CARTESIAN_POINT('',(15.8172168731689,27.8175430297852,9.16666698455811));
#12933=CARTESIAN_POINT('',(14.4065198898315,28.5736274719238,11.));
#12934=CARTESIAN_POINT('',(-16.3634777069092,27.499755859375,3.66666674613953));
#12935=CARTESIAN_POINT('',(-0.315986514091492,31.9984397888184,3.66666674613953));
#12936=CARTESIAN_POINT('',(-16.3634777069092,27.499755859375,3.66666674613953));
#12937=CARTESIAN_POINT('',(-16.3634777069092,27.499755859375,1.83333337306976));
#12938=CARTESIAN_POINT('',(-16.3634777069092,27.499755859375,3.66666674613953));
#12939=CARTESIAN_POINT('',(-16.3634777069092,27.499755859375,7.33333349227905));
#12940=CARTESIAN_POINT('',(-16.3634777069092,27.499755859375,3.66666674613953));
#12941=CARTESIAN_POINT('',(-27.8175430297852,15.8172168731689,3.66666674613953));
#12942=CARTESIAN_POINT('',(-0.315986514091492,31.9984397888184,3.66666674613953));
#12943=CARTESIAN_POINT('',(-0.315986514091492,31.9984397888184,1.83333337306976));
#12944=CARTESIAN_POINT('',(-0.315986514091492,31.9984397888184,3.66666674613953));
#12945=CARTESIAN_POINT('',(-0.315986514091492,31.9984397888184,7.33333349227905));
#12946=CARTESIAN_POINT('',(-0.315986514091492,31.9984397888184,1.83333337306976));
#12947=CARTESIAN_POINT('',(-16.3634777069092,27.499755859375,1.83333337306976));
#12948=CARTESIAN_POINT('',(-16.3634777069092,27.499755859375,1.83333337306976));
#12949=CARTESIAN_POINT('',(-27.8175430297852,15.8172168731689,1.83333337306976));
#12950=CARTESIAN_POINT('',(-0.315986514091492,31.9984397888184,7.33333349227905));
#12951=CARTESIAN_POINT('',(-16.3634777069092,27.499755859375,7.33333349227905));
#12952=CARTESIAN_POINT('',(-0.315986514091492,31.9984397888184,7.33333349227905));
#12953=CARTESIAN_POINT('',(-0.315986514091492,31.9984397888184,9.16666698455811));
#12954=CARTESIAN_POINT('',(-16.3634777069092,27.499755859375,7.33333349227905));
#12955=CARTESIAN_POINT('',(-16.3634777069092,27.499755859375,9.16666698455811));
#12956=CARTESIAN_POINT('',(-16.3634777069092,27.499755859375,7.33333349227905));
#12957=CARTESIAN_POINT('',(-27.8175430297852,15.8172168731689,7.33333349227905));
#12958=CARTESIAN_POINT('',(-0.315986514091492,31.9984397888184,9.16666698455811));
#12959=CARTESIAN_POINT('',(-16.3634777069092,27.499755859375,9.16666698455811));
#12960=CARTESIAN_POINT('',(-0.315986514091492,31.9984397888184,9.16666698455811));
#12961=CARTESIAN_POINT('',(4.06457042694092,31.7408142089844,11.));
#12962=CARTESIAN_POINT('',(-0.315986514091492,31.9984397888184,9.16666698455811));
#12963=CARTESIAN_POINT('',(-1.35811853408813,31.9711666107178,11.));
#12964=CARTESIAN_POINT('',(-0.315986514091492,31.9984397888184,9.16666698455811));
#12965=CARTESIAN_POINT('',(-6.74173641204834,31.2817668914795,11.));
#12966=CARTESIAN_POINT('',(-16.3634777069092,27.499755859375,9.16666698455811));
#12967=CARTESIAN_POINT('',(-27.8175430297852,15.8172168731689,9.16666698455811));
#12968=CARTESIAN_POINT('',(-16.3634777069092,27.499755859375,9.16666698455811));
#12969=CARTESIAN_POINT('',(-6.74173641204834,31.2817668914795,11.));
#12970=CARTESIAN_POINT('',(-16.3634777069092,27.499755859375,9.16666698455811));
#12971=CARTESIAN_POINT('',(-11.9314069747925,29.6924495697021,11.));
#12972=CARTESIAN_POINT('',(-16.3634777069092,27.499755859375,9.16666698455811));
#12973=CARTESIAN_POINT('',(-16.7778339385986,27.2489318847656,11.));
#12974=CARTESIAN_POINT('',(-16.3634777069092,27.499755859375,9.16666698455811));
#12975=CARTESIAN_POINT('',(-21.1415920257568,24.0215129852295,11.));
#12976=CARTESIAN_POINT('',(-27.8175430297852,15.8172168731689,3.66666674613953));
#12977=CARTESIAN_POINT('',(-27.8175430297852,15.8172168731689,1.83333337306976));
#12978=CARTESIAN_POINT('',(-27.8175430297852,15.8172168731689,3.66666674613953));
#12979=CARTESIAN_POINT('',(-27.8175430297852,15.8172168731689,7.33333349227905));
#12980=CARTESIAN_POINT('',(-27.8175430297852,15.8172168731689,7.33333349227905));
#12981=CARTESIAN_POINT('',(-27.8175430297852,15.8172168731689,9.16666698455811));
#12982=CARTESIAN_POINT('',(-27.8175430297852,15.8172168731689,9.16666698455811));
#12983=CARTESIAN_POINT('',(-24.897144317627,20.1030406951904,11.));
#12984=CARTESIAN_POINT('',(-27.8175430297852,15.8172168731689,9.16666698455811));
#12985=CARTESIAN_POINT('',(-30.1720790863037,10.6604738235474,11.));
#12986=CARTESIAN_POINT('',(-27.8175430297852,15.8172168731689,9.16666698455811));
#12987=CARTESIAN_POINT('',(-27.936450958252,15.6062383651733,11.));
#12988=CARTESIAN_POINT('',(-32.,0.,11.));
#12989=CARTESIAN_POINT('',(-31.5397090911865,-5.40802621841431,11.));
#12990=CARTESIAN_POINT('',(-32.,0.,11.));
#12991=CARTESIAN_POINT('',(-31.5397090911865,5.40802621841431,11.));
#12992=CARTESIAN_POINT('',(-32.,0.,11.));
#12993=CARTESIAN_POINT('',(-47.,-5.75584002186183E-15,13.5));
#12994=CARTESIAN_POINT('',(-31.5397090911865,-5.40802621841431,11.));
#12995=CARTESIAN_POINT('',(-30.1720790863037,-10.6604738235474,11.));
#12996=CARTESIAN_POINT('',(-31.5397090911865,-5.40802621841431,11.));
#12997=CARTESIAN_POINT('',(-45.0120735168457,-13.5245475769043,13.5));
#12998=CARTESIAN_POINT('',(-31.5397090911865,-5.40802621841431,11.));
#12999=CARTESIAN_POINT('',(-47.,-5.75584002186183E-15,13.5));
#13000=CARTESIAN_POINT('',(-30.1720790863037,-10.6604738235474,11.));
#13001=CARTESIAN_POINT('',(-27.936450958252,-15.6062383651733,11.));
#13002=CARTESIAN_POINT('',(-30.1720790863037,-10.6604738235474,11.));
#13003=CARTESIAN_POINT('',(-45.0120735168457,-13.5245475769043,13.5));
#13004=CARTESIAN_POINT('',(-27.936450958252,-15.6062383651733,11.));
#13005=CARTESIAN_POINT('',(-24.897144317627,-20.1030406951904,11.));
#13006=CARTESIAN_POINT('',(-27.936450958252,-15.6062383651733,11.));
#13007=CARTESIAN_POINT('',(-39.2164497375488,-25.9050178527832,13.5));
#13008=CARTESIAN_POINT('',(-21.1415920257568,-24.0215129852295,11.));
#13009=CARTESIAN_POINT('',(-24.897144317627,-20.1030406951904,11.));
#13010=CARTESIAN_POINT('',(-21.1415920257568,-24.0215129852295,11.));
#13011=CARTESIAN_POINT('',(-16.7778339385986,-27.2489318847656,11.));
#13012=CARTESIAN_POINT('',(-21.1415920257568,-24.0215129852295,11.));
#13013=CARTESIAN_POINT('',(-30.4583530426025,-35.795093536377,13.5));
#13014=CARTESIAN_POINT('',(-24.897144317627,-20.1030406951904,11.));
#13015=CARTESIAN_POINT('',(-39.2164497375488,-25.9050178527832,13.5));
#13016=CARTESIAN_POINT('',(-24.897144317627,-20.1030406951904,11.));
#13017=CARTESIAN_POINT('',(-30.4583530426025,-35.795093536377,13.5));
#13018=CARTESIAN_POINT('',(-11.9314069747925,-29.6924495697021,11.));
#13019=CARTESIAN_POINT('',(-16.7778339385986,-27.2489318847656,11.));
#13020=CARTESIAN_POINT('',(-11.9314069747925,-29.6924495697021,11.));
#13021=CARTESIAN_POINT('',(-6.74173641204834,-31.2817668914795,11.));
#13022=CARTESIAN_POINT('',(-11.9314069747925,-29.6924495697021,11.));
#13023=CARTESIAN_POINT('',(-19.2939472198486,-42.8572463989258,13.5));
#13024=CARTESIAN_POINT('',(-16.7778339385986,-27.2489318847656,11.));
#13025=CARTESIAN_POINT('',(-19.2939472198486,-42.8572463989258,13.5));
#13026=CARTESIAN_POINT('',(-6.74173641204834,-31.2817668914795,11.));
#13027=CARTESIAN_POINT('',(-1.35811853408813,-31.9711666107178,11.));
#13028=CARTESIAN_POINT('',(-6.74173641204834,-31.2817668914795,11.));
#13029=CARTESIAN_POINT('',(-6.35889053344727,-46.5678482055664,13.5));
#13030=CARTESIAN_POINT('',(-1.35811853408813,-31.9711666107178,11.));
#13031=CARTESIAN_POINT('',(4.06457042694092,-31.7408142089844,11.));
#13032=CARTESIAN_POINT('',(-1.35811853408813,-31.9711666107178,11.));
#13033=CARTESIAN_POINT('',(-6.35889053344727,-46.5678482055664,13.5));
#13034=CARTESIAN_POINT('',(-1.35811853408813,-31.9711666107178,11.));
#13035=CARTESIAN_POINT('',(7.09744167327881,-46.4610176086426,13.5));
#13036=CARTESIAN_POINT('',(4.06457042694092,-31.7408142089844,11.));
#13037=CARTESIAN_POINT('',(9.37032890319824,-30.5973358154297,11.));
#13038=CARTESIAN_POINT('',(4.06457042694092,-31.7408142089844,11.));
#13039=CARTESIAN_POINT('',(7.09744167327881,-46.4610176086426,13.5));
#13040=CARTESIAN_POINT('',(9.37032890319824,-30.5973358154297,11.));
#13041=CARTESIAN_POINT('',(14.4065198898315,-28.5736274719238,11.));
#13042=CARTESIAN_POINT('',(9.37032890319824,-30.5973358154297,11.));
#13043=CARTESIAN_POINT('',(7.09744167327881,-46.4610176086426,13.5));
#13044=CARTESIAN_POINT('',(9.37032890319824,-30.5973358154297,11.));
#13045=CARTESIAN_POINT('',(19.9417304992676,-42.5596923828125,13.5));
#13046=CARTESIAN_POINT('',(30.9674549102783,-8.06329822540283,11.));
#13047=CARTESIAN_POINT('',(29.1593112945557,-13.1808395385742,11.));
#13048=CARTESIAN_POINT('',(30.9674549102783,-8.06329822540283,11.));
#13049=CARTESIAN_POINT('',(31.8847198486328,-2.71378970146179,11.));
#13050=CARTESIAN_POINT('',(30.9674549102783,-8.06329822540283,11.));
#13051=CARTESIAN_POINT('',(45.143424987793,-13.0794134140015,13.5));
#13052=CARTESIAN_POINT('',(29.1593112945557,-13.1808395385742,11.));
#13053=CARTESIAN_POINT('',(26.5123081207275,-17.9191932678223,11.));
#13054=CARTESIAN_POINT('',(29.1593112945557,-13.1808395385742,11.));
#13055=CARTESIAN_POINT('',(39.7203826904297,-25.1255111694336,13.5));
#13056=CARTESIAN_POINT('',(29.1593112945557,-13.1808395385742,11.));
#13057=CARTESIAN_POINT('',(45.143424987793,-13.0794134140015,13.5));
#13058=CARTESIAN_POINT('',(14.4065198898315,-28.5736274719238,11.));
#13059=CARTESIAN_POINT('',(19.0282611846924,-25.7279090881348,11.));
#13060=CARTESIAN_POINT('',(14.4065198898315,-28.5736274719238,11.));
#13061=CARTESIAN_POINT('',(19.9417304992676,-42.5596923828125,13.5));
#13062=CARTESIAN_POINT('',(23.1025943756104,-22.1420440673828,11.));
#13063=CARTESIAN_POINT('',(19.0282611846924,-25.7279090881348,11.));
#13064=CARTESIAN_POINT('',(23.1025943756104,-22.1420440673828,11.));
#13065=CARTESIAN_POINT('',(26.5123081207275,-17.9191932678223,11.));
#13066=CARTESIAN_POINT('',(23.1025943756104,-22.1420440673828,11.));
#13067=CARTESIAN_POINT('',(31.1593017578125,-35.1866149902344,13.5));
#13068=CARTESIAN_POINT('',(19.0282611846924,-25.7279090881348,11.));
#13069=CARTESIAN_POINT('',(19.9417304992676,-42.5596923828125,13.5));
#13070=CARTESIAN_POINT('',(19.0282611846924,-25.7279090881348,11.));
#13071=CARTESIAN_POINT('',(31.1593017578125,-35.1866149902344,13.5));
#13072=CARTESIAN_POINT('',(26.5123081207275,-17.9191932678223,11.));
#13073=CARTESIAN_POINT('',(39.7203826904297,-25.1255111694336,13.5));
#13074=CARTESIAN_POINT('',(31.8847198486328,-2.71378970146179,11.));
#13075=CARTESIAN_POINT('',(31.8847198486328,2.71378970146179,11.));
#13076=CARTESIAN_POINT('',(31.8847198486328,-2.71378970146179,11.));
#13077=CARTESIAN_POINT('',(45.143424987793,-13.0794134140015,13.5));
#13078=CARTESIAN_POINT('',(31.8847198486328,-2.71378970146179,11.));
#13079=CARTESIAN_POINT('',(46.9987564086914,0.34184142947197,13.5));
#13080=CARTESIAN_POINT('',(31.8847198486328,2.71378970146179,11.));
#13081=CARTESIAN_POINT('',(30.9674549102783,8.06329822540283,11.));
#13082=CARTESIAN_POINT('',(31.8847198486328,2.71378970146179,11.));
#13083=CARTESIAN_POINT('',(46.9987564086914,0.34184142947197,13.5));
#13084=CARTESIAN_POINT('',(30.9674549102783,8.06329822540283,11.));
#13085=CARTESIAN_POINT('',(29.1593112945557,13.1808395385742,11.));
#13086=CARTESIAN_POINT('',(30.9674549102783,8.06329822540283,11.));
#13087=CARTESIAN_POINT('',(44.9483947753906,13.7346887588501,13.5));
#13088=CARTESIAN_POINT('',(29.1593112945557,13.1808395385742,11.));
#13089=CARTESIAN_POINT('',(26.5123081207275,17.9191932678223,11.));
#13090=CARTESIAN_POINT('',(29.1593112945557,13.1808395385742,11.));
#13091=CARTESIAN_POINT('',(44.9483947753906,13.7346887588501,13.5));
#13092=CARTESIAN_POINT('',(29.1593112945557,13.1808395385742,11.));
#13093=CARTESIAN_POINT('',(39.2837104797363,25.8029098510742,13.5));
#13094=CARTESIAN_POINT('',(19.0282611846924,25.7279090881348,11.));
#13095=CARTESIAN_POINT('',(23.1025943756104,22.1420440673828,11.));
#13096=CARTESIAN_POINT('',(19.0282611846924,25.7279090881348,11.));
#13097=CARTESIAN_POINT('',(14.4065198898315,28.5736274719238,11.));
#13098=CARTESIAN_POINT('',(19.0282611846924,25.7279090881348,11.));
#13099=CARTESIAN_POINT('',(30.4583530426025,35.795093536377,13.5));
#13100=CARTESIAN_POINT('',(23.1025943756104,22.1420440673828,11.));
#13101=CARTESIAN_POINT('',(26.5123081207275,17.9191932678223,11.));
#13102=CARTESIAN_POINT('',(23.1025943756104,22.1420440673828,11.));
#13103=CARTESIAN_POINT('',(39.2837104797363,25.8029098510742,13.5));
#13104=CARTESIAN_POINT('',(23.1025943756104,22.1420440673828,11.));
#13105=CARTESIAN_POINT('',(30.4583530426025,35.795093536377,13.5));
#13106=CARTESIAN_POINT('',(4.06457042694092,31.7408142089844,11.));
#13107=CARTESIAN_POINT('',(9.37032890319824,30.5973358154297,11.));
#13108=CARTESIAN_POINT('',(4.06457042694092,31.7408142089844,11.));
#13109=CARTESIAN_POINT('',(-1.35811853408813,31.9711666107178,11.));
#13110=CARTESIAN_POINT('',(4.06457042694092,31.7408142089844,11.));
#13111=CARTESIAN_POINT('',(6.60526132583618,46.5335426330566,13.5));
#13112=CARTESIAN_POINT('',(9.37032890319824,30.5973358154297,11.));
#13113=CARTESIAN_POINT('',(14.4065198898315,28.5736274719238,11.));
#13114=CARTESIAN_POINT('',(9.37032890319824,30.5973358154297,11.));
#13115=CARTESIAN_POINT('',(19.2939472198486,42.8572463989258,13.5));
#13116=CARTESIAN_POINT('',(26.5123081207275,17.9191932678223,11.));
#13117=CARTESIAN_POINT('',(39.2837104797363,25.8029098510742,13.5));
#13118=CARTESIAN_POINT('',(14.4065198898315,28.5736274719238,11.));
#13119=CARTESIAN_POINT('',(19.2939472198486,42.8572463989258,13.5));
#13120=CARTESIAN_POINT('',(-1.35811853408813,31.9711666107178,11.));
#13121=CARTESIAN_POINT('',(-6.74173641204834,31.2817668914795,11.));
#13122=CARTESIAN_POINT('',(-1.35811853408813,31.9711666107178,11.));
#13123=CARTESIAN_POINT('',(6.60526132583618,46.5335426330566,13.5));
#13124=CARTESIAN_POINT('',(-1.35811853408813,31.9711666107178,11.));
#13125=CARTESIAN_POINT('',(-7.03559637069702,46.4704246520996,13.5));
#13126=CARTESIAN_POINT('',(-6.74173641204834,31.2817668914795,11.));
#13127=CARTESIAN_POINT('',(-11.9314069747925,29.6924495697021,11.));
#13128=CARTESIAN_POINT('',(-6.74173641204834,31.2817668914795,11.));
#13129=CARTESIAN_POINT('',(-7.03559637069702,46.4704246520996,13.5));
#13130=CARTESIAN_POINT('',(-11.9314069747925,29.6924495697021,11.));
#13131=CARTESIAN_POINT('',(-16.7778339385986,27.2489318847656,11.));
#13132=CARTESIAN_POINT('',(-11.9314069747925,29.6924495697021,11.));
#13133=CARTESIAN_POINT('',(-20.0838050842285,42.4928321838379,13.5));
#13134=CARTESIAN_POINT('',(-16.7778339385986,27.2489318847656,11.));
#13135=CARTESIAN_POINT('',(-21.1415920257568,24.0215129852295,11.));
#13136=CARTESIAN_POINT('',(-16.7778339385986,27.2489318847656,11.));
#13137=CARTESIAN_POINT('',(-20.0838050842285,42.4928321838379,13.5));
#13138=CARTESIAN_POINT('',(-16.7778339385986,27.2489318847656,11.));
#13139=CARTESIAN_POINT('',(-31.1374549865723,35.2059478759766,13.5));
#13140=CARTESIAN_POINT('',(-24.897144317627,20.1030406951904,11.));
#13141=CARTESIAN_POINT('',(-21.1415920257568,24.0215129852295,11.));
#13142=CARTESIAN_POINT('',(-24.897144317627,20.1030406951904,11.));
#13143=CARTESIAN_POINT('',(-27.936450958252,15.6062383651733,11.));
#13144=CARTESIAN_POINT('',(-24.897144317627,20.1030406951904,11.));
#13145=CARTESIAN_POINT('',(-31.1374549865723,35.2059478759766,13.5));
#13146=CARTESIAN_POINT('',(-24.897144317627,20.1030406951904,11.));
#13147=CARTESIAN_POINT('',(-39.7203826904297,25.1255111694336,13.5));
#13148=CARTESIAN_POINT('',(-21.1415920257568,24.0215129852295,11.));
#13149=CARTESIAN_POINT('',(-31.1374549865723,35.2059478759766,13.5));
#13150=CARTESIAN_POINT('',(-31.5397090911865,5.40802621841431,11.));
#13151=CARTESIAN_POINT('',(-30.1720790863037,10.6604738235474,11.));
#13152=CARTESIAN_POINT('',(-31.5397090911865,5.40802621841431,11.));
#13153=CARTESIAN_POINT('',(-47.,-5.75584002186183E-15,13.5));
#13154=CARTESIAN_POINT('',(-31.5397090911865,5.40802621841431,11.));
#13155=CARTESIAN_POINT('',(-45.143424987793,13.0794134140015,13.5));
#13156=CARTESIAN_POINT('',(-30.1720790863037,10.6604738235474,11.));
#13157=CARTESIAN_POINT('',(-27.936450958252,15.6062383651733,11.));
#13158=CARTESIAN_POINT('',(-30.1720790863037,10.6604738235474,11.));
#13159=CARTESIAN_POINT('',(-45.143424987793,13.0794134140015,13.5));
#13160=CARTESIAN_POINT('',(-27.936450958252,15.6062383651733,11.));
#13161=CARTESIAN_POINT('',(-39.7203826904297,25.1255111694336,13.5));
#13162=CARTESIAN_POINT('',(-51.7323417663574,-34.1725769042969,16.));
#13163=CARTESIAN_POINT('',(-59.377628326416,-17.840892791748,16.));
#13164=CARTESIAN_POINT('',(-51.7323417663574,-34.1725769042969,16.));
#13165=CARTESIAN_POINT('',(-39.2164497375488,-25.9050178527832,13.5));
#13166=CARTESIAN_POINT('',(-51.7323417663574,-34.1725769042969,16.));
#13167=CARTESIAN_POINT('',(-40.1791038513184,-47.2190589904785,16.));
#13168=CARTESIAN_POINT('',(-51.7323417663574,-34.1725769042969,16.));
#13169=CARTESIAN_POINT('',(-79.6743392944336,-46.,21.));
#13170=CARTESIAN_POINT('',(-59.377628326416,-17.840892791748,16.));
#13171=CARTESIAN_POINT('',(-45.0120735168457,-13.5245475769043,13.5));
#13172=CARTESIAN_POINT('',(-59.377628326416,-17.840892791748,16.));
#13173=CARTESIAN_POINT('',(-62.,-7.59281011545113E-15,16.));
#13174=CARTESIAN_POINT('',(-59.377628326416,-17.840892791748,16.));
#13175=CARTESIAN_POINT('',(-92.,0.,21.));
#13176=CARTESIAN_POINT('',(-59.377628326416,-17.840892791748,16.));
#13177=CARTESIAN_POINT('',(-79.6743392944336,-46.,21.));
#13178=CARTESIAN_POINT('',(-45.0120735168457,-13.5245475769043,13.5));
#13179=CARTESIAN_POINT('',(-39.2164497375488,-25.9050178527832,13.5));
#13180=CARTESIAN_POINT('',(-45.0120735168457,-13.5245475769043,13.5));
#13181=CARTESIAN_POINT('',(-47.,-5.75584002186183E-15,13.5));
#13182=CARTESIAN_POINT('',(-39.2164497375488,-25.9050178527832,13.5));
#13183=CARTESIAN_POINT('',(-30.4583530426025,-35.795093536377,13.5));
#13184=CARTESIAN_POINT('',(-62.,-7.59281011545113E-15,16.));
#13185=CARTESIAN_POINT('',(-47.,-5.75584002186183E-15,13.5));
#13186=CARTESIAN_POINT('',(-62.,-7.59281011545113E-15,16.));
#13187=CARTESIAN_POINT('',(-59.5509033203125,17.2536945343018,16.));
#13188=CARTESIAN_POINT('',(-62.,-7.59281011545113E-15,16.));
#13189=CARTESIAN_POINT('',(-92.,0.,21.));
#13190=CARTESIAN_POINT('',(-47.,-5.75584002186183E-15,13.5));
#13191=CARTESIAN_POINT('',(-45.143424987793,13.0794134140015,13.5));
#13192=CARTESIAN_POINT('',(-25.4515914916992,-56.5350914001465,16.));
#13193=CARTESIAN_POINT('',(-40.1791038513184,-47.2190589904785,16.));
#13194=CARTESIAN_POINT('',(-25.4515914916992,-56.5350914001465,16.));
#13195=CARTESIAN_POINT('',(-19.2939472198486,-42.8572463989258,13.5));
#13196=CARTESIAN_POINT('',(-25.4515914916992,-56.5350914001465,16.));
#13197=CARTESIAN_POINT('',(-8.38832378387451,-61.4299278259277,16.));
#13198=CARTESIAN_POINT('',(-25.4515914916992,-56.5350914001465,16.));
#13199=CARTESIAN_POINT('',(-46.,-79.6743392944336,21.));
#13200=CARTESIAN_POINT('',(-40.1791038513184,-47.2190589904785,16.));
#13201=CARTESIAN_POINT('',(-30.4583530426025,-35.795093536377,13.5));
#13202=CARTESIAN_POINT('',(-40.1791038513184,-47.2190589904785,16.));
#13203=CARTESIAN_POINT('',(-79.6743392944336,-46.,21.));
#13204=CARTESIAN_POINT('',(-40.1791038513184,-47.2190589904785,16.));
#13205=CARTESIAN_POINT('',(-46.,-79.6743392944336,21.));
#13206=CARTESIAN_POINT('',(-30.4583530426025,-35.795093536377,13.5));
#13207=CARTESIAN_POINT('',(-19.2939472198486,-42.8572463989258,13.5));
#13208=CARTESIAN_POINT('',(-19.2939472198486,-42.8572463989258,13.5));
#13209=CARTESIAN_POINT('',(-6.35889053344727,-46.5678482055664,13.5));
#13210=CARTESIAN_POINT('',(9.36258220672607,-61.289005279541,16.));
#13211=CARTESIAN_POINT('',(-8.38832378387451,-61.4299278259277,16.));
#13212=CARTESIAN_POINT('',(9.36258220672607,-61.289005279541,16.));
#13213=CARTESIAN_POINT('',(7.09744167327881,-46.4610176086426,13.5));
#13214=CARTESIAN_POINT('',(9.36258220672607,-61.289005279541,16.));
#13215=CARTESIAN_POINT('',(26.3061122894287,-56.1425704956055,16.));
#13216=CARTESIAN_POINT('',(9.36258220672607,-61.289005279541,16.));
#13217=CARTESIAN_POINT('',(0.,-92.,21.));
#13218=CARTESIAN_POINT('',(9.36258220672607,-61.289005279541,16.));
#13219=CARTESIAN_POINT('',(46.,-79.6743392944336,21.));
#13220=CARTESIAN_POINT('',(-8.38832378387451,-61.4299278259277,16.));
#13221=CARTESIAN_POINT('',(-6.35889053344727,-46.5678482055664,13.5));
#13222=CARTESIAN_POINT('',(-8.38832378387451,-61.4299278259277,16.));
#13223=CARTESIAN_POINT('',(0.,-92.,21.));
#13224=CARTESIAN_POINT('',(-6.35889053344727,-46.5678482055664,13.5));
#13225=CARTESIAN_POINT('',(7.09744167327881,-46.4610176086426,13.5));
#13226=CARTESIAN_POINT('',(7.09744167327881,-46.4610176086426,13.5));
#13227=CARTESIAN_POINT('',(19.9417304992676,-42.5596923828125,13.5));
#13228=CARTESIAN_POINT('',(41.103759765625,-46.4163856506348,16.));
#13229=CARTESIAN_POINT('',(26.3061122894287,-56.1425704956055,16.));
#13230=CARTESIAN_POINT('',(41.103759765625,-46.4163856506348,16.));
#13231=CARTESIAN_POINT('',(31.1593017578125,-35.1866149902344,13.5));
#13232=CARTESIAN_POINT('',(41.103759765625,-46.4163856506348,16.));
#13233=CARTESIAN_POINT('',(52.3970985412598,-33.1442909240723,16.));
#13234=CARTESIAN_POINT('',(41.103759765625,-46.4163856506348,16.));
#13235=CARTESIAN_POINT('',(46.,-79.6743392944336,21.));
#13236=CARTESIAN_POINT('',(26.3061122894287,-56.1425704956055,16.));
#13237=CARTESIAN_POINT('',(19.9417304992676,-42.5596923828125,13.5));
#13238=CARTESIAN_POINT('',(26.3061122894287,-56.1425704956055,16.));
#13239=CARTESIAN_POINT('',(46.,-79.6743392944336,21.));
#13240=CARTESIAN_POINT('',(19.9417304992676,-42.5596923828125,13.5));
#13241=CARTESIAN_POINT('',(31.1593017578125,-35.1866149902344,13.5));
#13242=CARTESIAN_POINT('',(31.1593017578125,-35.1866149902344,13.5));
#13243=CARTESIAN_POINT('',(39.7203826904297,-25.1255111694336,13.5));
#13244=CARTESIAN_POINT('',(59.5509033203125,-17.2536945343018,16.));
#13245=CARTESIAN_POINT('',(52.3970985412598,-33.1442909240723,16.));
#13246=CARTESIAN_POINT('',(59.5509033203125,-17.2536945343018,16.));
#13247=CARTESIAN_POINT('',(45.143424987793,-13.0794134140015,13.5));
#13248=CARTESIAN_POINT('',(59.5509033203125,-17.2536945343018,16.));
#13249=CARTESIAN_POINT('',(61.9983596801758,0.450939774513245,16.));
#13250=CARTESIAN_POINT('',(59.5509033203125,-17.2536945343018,16.));
#13251=CARTESIAN_POINT('',(79.6743392944336,-46.,21.));
#13252=CARTESIAN_POINT('',(52.3970985412598,-33.1442909240723,16.));
#13253=CARTESIAN_POINT('',(39.7203826904297,-25.1255111694336,13.5));
#13254=CARTESIAN_POINT('',(52.3970985412598,-33.1442909240723,16.));
#13255=CARTESIAN_POINT('',(79.6743392944336,-46.,21.));
#13256=CARTESIAN_POINT('',(39.7203826904297,-25.1255111694336,13.5));
#13257=CARTESIAN_POINT('',(45.143424987793,-13.0794134140015,13.5));
#13258=CARTESIAN_POINT('',(45.143424987793,-13.0794134140015,13.5));
#13259=CARTESIAN_POINT('',(46.9987564086914,0.34184142947197,13.5));
#13260=CARTESIAN_POINT('',(59.293628692627,18.1180992126465,16.));
#13261=CARTESIAN_POINT('',(61.9983596801758,0.450939774513245,16.));
#13262=CARTESIAN_POINT('',(59.293628692627,18.1180992126465,16.));
#13263=CARTESIAN_POINT('',(44.9483947753906,13.7346887588501,13.5));
#13264=CARTESIAN_POINT('',(59.293628692627,18.1180992126465,16.));
#13265=CARTESIAN_POINT('',(51.8210639953613,34.0378837585449,16.));
#13266=CARTESIAN_POINT('',(59.293628692627,18.1180992126465,16.));
#13267=CARTESIAN_POINT('',(79.6743392944336,46.,21.));
#13268=CARTESIAN_POINT('',(61.9983596801758,0.450939774513245,16.));
#13269=CARTESIAN_POINT('',(46.9987564086914,0.34184142947197,13.5));
#13270=CARTESIAN_POINT('',(61.9983596801758,0.450939774513245,16.));
#13271=CARTESIAN_POINT('',(92.,0.,21.));
#13272=CARTESIAN_POINT('',(46.9987564086914,0.34184142947197,13.5));
#13273=CARTESIAN_POINT('',(44.9483947753906,13.7346887588501,13.5));
#13274=CARTESIAN_POINT('',(44.9483947753906,13.7346887588501,13.5));
#13275=CARTESIAN_POINT('',(39.2837104797363,25.8029098510742,13.5));
#13276=CARTESIAN_POINT('',(40.1791038513184,47.2190589904785,16.));
#13277=CARTESIAN_POINT('',(51.8210639953613,34.0378837585449,16.));
#13278=CARTESIAN_POINT('',(40.1791038513184,47.2190589904785,16.));
#13279=CARTESIAN_POINT('',(30.4583530426025,35.795093536377,13.5));
#13280=CARTESIAN_POINT('',(40.1791038513184,47.2190589904785,16.));
#13281=CARTESIAN_POINT('',(25.4515914916992,56.5350914001465,16.));
#13282=CARTESIAN_POINT('',(40.1791038513184,47.2190589904785,16.));
#13283=CARTESIAN_POINT('',(79.6743392944336,46.,21.));
#13284=CARTESIAN_POINT('',(40.1791038513184,47.2190589904785,16.));
#13285=CARTESIAN_POINT('',(46.,79.6743392944336,21.));
#13286=CARTESIAN_POINT('',(51.8210639953613,34.0378837585449,16.));
#13287=CARTESIAN_POINT('',(39.2837104797363,25.8029098510742,13.5));
#13288=CARTESIAN_POINT('',(51.8210639953613,34.0378837585449,16.));
#13289=CARTESIAN_POINT('',(79.6743392944336,46.,21.));
#13290=CARTESIAN_POINT('',(39.2837104797363,25.8029098510742,13.5));
#13291=CARTESIAN_POINT('',(30.4583530426025,35.795093536377,13.5));
#13292=CARTESIAN_POINT('',(30.4583530426025,35.795093536377,13.5));
#13293=CARTESIAN_POINT('',(19.2939472198486,42.8572463989258,13.5));
#13294=CARTESIAN_POINT('',(8.71332359313965,61.3846740722656,16.));
#13295=CARTESIAN_POINT('',(25.4515914916992,56.5350914001465,16.));
#13296=CARTESIAN_POINT('',(8.71332359313965,61.3846740722656,16.));
#13297=CARTESIAN_POINT('',(6.60526132583618,46.5335426330566,13.5));
#13298=CARTESIAN_POINT('',(8.71332359313965,61.3846740722656,16.));
#13299=CARTESIAN_POINT('',(-9.28099918365479,61.3014106750488,16.));
#13300=CARTESIAN_POINT('',(8.71332359313965,61.3846740722656,16.));
#13301=CARTESIAN_POINT('',(-7.6079042425712E-14,92.,21.));
#13302=CARTESIAN_POINT('',(25.4515914916992,56.5350914001465,16.));
#13303=CARTESIAN_POINT('',(19.2939472198486,42.8572463989258,13.5));
#13304=CARTESIAN_POINT('',(25.4515914916992,56.5350914001465,16.));
#13305=CARTESIAN_POINT('',(46.,79.6743392944336,21.));
#13306=CARTESIAN_POINT('',(19.2939472198486,42.8572463989258,13.5));
#13307=CARTESIAN_POINT('',(6.60526132583618,46.5335426330566,13.5));
#13308=CARTESIAN_POINT('',(6.60526132583618,46.5335426330566,13.5));
#13309=CARTESIAN_POINT('',(-7.03559637069702,46.4704246520996,13.5));
#13310=CARTESIAN_POINT('',(-26.4935302734375,56.0543746948242,16.));
#13311=CARTESIAN_POINT('',(-9.28099918365479,61.3014106750488,16.));
#13312=CARTESIAN_POINT('',(-26.4935302734375,56.0543746948242,16.));
#13313=CARTESIAN_POINT('',(-20.0838050842285,42.4928321838379,13.5));
#13314=CARTESIAN_POINT('',(-26.4935302734375,56.0543746948242,16.));
#13315=CARTESIAN_POINT('',(-41.0749397277832,46.4418907165527,16.));
#13316=CARTESIAN_POINT('',(-26.4935302734375,56.0543746948242,16.));
#13317=CARTESIAN_POINT('',(-46.,79.6743392944336,21.));
#13318=CARTESIAN_POINT('',(-9.28099918365479,61.3014106750488,16.));
#13319=CARTESIAN_POINT('',(-7.03559637069702,46.4704246520996,13.5));
#13320=CARTESIAN_POINT('',(-9.28099918365479,61.3014106750488,16.));
#13321=CARTESIAN_POINT('',(-7.6079042425712E-14,92.,21.));
#13322=CARTESIAN_POINT('',(-7.03559637069702,46.4704246520996,13.5));
#13323=CARTESIAN_POINT('',(-20.0838050842285,42.4928321838379,13.5));
#13324=CARTESIAN_POINT('',(-20.0838050842285,42.4928321838379,13.5));
#13325=CARTESIAN_POINT('',(-31.1374549865723,35.2059478759766,13.5));
#13326=CARTESIAN_POINT('',(-52.3970985412598,33.1442909240723,16.));
#13327=CARTESIAN_POINT('',(-41.0749397277832,46.4418907165527,16.));
#13328=CARTESIAN_POINT('',(-52.3970985412598,33.1442909240723,16.));
#13329=CARTESIAN_POINT('',(-39.7203826904297,25.1255111694336,13.5));
#13330=CARTESIAN_POINT('',(-52.3970985412598,33.1442909240723,16.));
#13331=CARTESIAN_POINT('',(-59.5509033203125,17.2536945343018,16.));
#13332=CARTESIAN_POINT('',(-52.3970985412598,33.1442909240723,16.));
#13333=CARTESIAN_POINT('',(-79.6743392944336,46.,21.));
#13334=CARTESIAN_POINT('',(-41.0749397277832,46.4418907165527,16.));
#13335=CARTESIAN_POINT('',(-31.1374549865723,35.2059478759766,13.5));
#13336=CARTESIAN_POINT('',(-41.0749397277832,46.4418907165527,16.));
#13337=CARTESIAN_POINT('',(-46.,79.6743392944336,21.));
#13338=CARTESIAN_POINT('',(-31.1374549865723,35.2059478759766,13.5));
#13339=CARTESIAN_POINT('',(-39.7203826904297,25.1255111694336,13.5));
#13340=CARTESIAN_POINT('',(-39.7203826904297,25.1255111694336,13.5));
#13341=CARTESIAN_POINT('',(-45.143424987793,13.0794134140015,13.5));
#13342=CARTESIAN_POINT('',(-59.5509033203125,17.2536945343018,16.));
#13343=CARTESIAN_POINT('',(-45.143424987793,13.0794134140015,13.5));
#13344=CARTESIAN_POINT('',(-59.5509033203125,17.2536945343018,16.));
#13345=CARTESIAN_POINT('',(-92.,0.,21.));
#13346=CARTESIAN_POINT('',(-59.5509033203125,17.2536945343018,16.));
#13347=CARTESIAN_POINT('',(-79.6743392944336,46.,21.));
#13348=CARTESIAN_POINT('',(-92.,0.,21.));
#13349=CARTESIAN_POINT('',(-79.6743392944336,-46.,21.));
#13350=CARTESIAN_POINT('',(-92.,0.,21.));
#13351=CARTESIAN_POINT('',(-79.6743392944336,46.,21.));
#13352=CARTESIAN_POINT('',(-92.,0.,21.));
#13353=CARTESIAN_POINT('',(-90.5,-1.10830534203257E-14,92.));
#13354=CARTESIAN_POINT('',(-79.6743392944336,-46.,21.));
#13355=CARTESIAN_POINT('',(-46.,-79.6743392944336,21.));
#13356=CARTESIAN_POINT('',(-79.6743392944336,-46.,21.));
#13357=CARTESIAN_POINT('',(-90.5,-1.10830534203257E-14,92.));
#13358=CARTESIAN_POINT('',(-79.6743392944336,-46.,21.));
#13359=CARTESIAN_POINT('',(-37.1511116027832,-82.5229949951172,92.));
#13360=CARTESIAN_POINT('',(-79.6743392944336,-46.,21.));
#13361=CARTESIAN_POINT('',(-77.0762634277344,-44.5,163.));
#13362=CARTESIAN_POINT('',(-46.,-79.6743392944336,21.));
#13363=CARTESIAN_POINT('',(0.,-92.,21.));
#13364=CARTESIAN_POINT('',(-46.,-79.6743392944336,21.));
#13365=CARTESIAN_POINT('',(-37.1511116027832,-82.5229949951172,92.));
#13366=CARTESIAN_POINT('',(0.,-92.,21.));
#13367=CARTESIAN_POINT('',(46.,-79.6743392944336,21.));
#13368=CARTESIAN_POINT('',(0.,-92.,21.));
#13369=CARTESIAN_POINT('',(13.6663503646851,-89.4621734619141,92.));
#13370=CARTESIAN_POINT('',(46.,-79.6743392944336,21.));
#13371=CARTESIAN_POINT('',(79.6743392944336,-46.,21.));
#13372=CARTESIAN_POINT('',(46.,-79.6743392944336,21.));
#13373=CARTESIAN_POINT('',(59.9982299804688,-67.7529525756836,92.));
#13374=CARTESIAN_POINT('',(79.6743392944336,-46.,21.));
#13375=CARTESIAN_POINT('',(92.,0.,21.));
#13376=CARTESIAN_POINT('',(79.6743392944336,-46.,21.));
#13377=CARTESIAN_POINT('',(86.9251098632812,-25.1848278045654,92.));
#13378=CARTESIAN_POINT('',(92.,0.,21.));
#13379=CARTESIAN_POINT('',(79.6743392944336,46.,21.));
#13380=CARTESIAN_POINT('',(92.,0.,21.));
#13381=CARTESIAN_POINT('',(86.9251098632812,-25.1848278045654,92.));
#13382=CARTESIAN_POINT('',(79.6743392944336,46.,21.));
#13383=CARTESIAN_POINT('',(46.,79.6743392944336,21.));
#13384=CARTESIAN_POINT('',(79.6743392944336,46.,21.));
#13385=CARTESIAN_POINT('',(86.5495681762695,26.4465808868408,92.));
#13386=CARTESIAN_POINT('',(46.,79.6743392944336,21.));
#13387=CARTESIAN_POINT('',(-7.6079042425712E-14,92.,21.));
#13388=CARTESIAN_POINT('',(46.,79.6743392944336,21.));
#13389=CARTESIAN_POINT('',(58.6485290527344,68.9245986938477,92.));
#13390=CARTESIAN_POINT('',(-7.6079042425712E-14,92.,21.));
#13391=CARTESIAN_POINT('',(-46.,79.6743392944336,21.));
#13392=CARTESIAN_POINT('',(-7.6079042425712E-14,92.,21.));
#13393=CARTESIAN_POINT('',(12.7186412811279,89.6018218994141,92.));
#13394=CARTESIAN_POINT('',(-46.,79.6743392944336,21.));
#13395=CARTESIAN_POINT('',(-79.6743392944336,46.,21.));
#13396=CARTESIAN_POINT('',(-46.,79.6743392944336,21.));
#13397=CARTESIAN_POINT('',(-38.6720085144043,81.8213043212891,92.));
#13398=CARTESIAN_POINT('',(-79.6743392944336,46.,21.));
#13399=CARTESIAN_POINT('',(-76.4828643798828,48.3799743652344,92.));
#13400=CARTESIAN_POINT('',(-90.5,-1.10830534203257E-14,92.));
#13401=CARTESIAN_POINT('',(-77.0762634277344,-44.5,163.));
#13402=CARTESIAN_POINT('',(-90.5,-1.10830534203257E-14,92.));
#13403=CARTESIAN_POINT('',(-89.,0.,163.));
#13404=CARTESIAN_POINT('',(-90.5,-1.10830534203257E-14,92.));
#13405=CARTESIAN_POINT('',(-76.4828643798828,48.3799743652344,92.));
#13406=CARTESIAN_POINT('',(-37.1511116027832,-82.5229949951172,92.));
#13407=CARTESIAN_POINT('',(-77.0762634277344,-44.5,163.));
#13408=CARTESIAN_POINT('',(-37.1511116027832,-82.5229949951172,92.));
#13409=CARTESIAN_POINT('',(13.6663503646851,-89.4621734619141,92.));
#13410=CARTESIAN_POINT('',(-37.1511116027832,-82.5229949951172,92.));
#13411=CARTESIAN_POINT('',(-44.5,-77.0762634277344,163.));
#13412=CARTESIAN_POINT('',(-77.0762634277344,-44.5,163.));
#13413=CARTESIAN_POINT('',(-89.,0.,163.));
#13414=CARTESIAN_POINT('',(-77.0762634277344,-44.5,163.));
#13415=CARTESIAN_POINT('',(-44.5,-77.0762634277344,163.));
#13416=CARTESIAN_POINT('',(-77.0762634277344,-44.5,163.));
#13417=CARTESIAN_POINT('',(-51.7159957885742,-15.5388422012329,163.));
#13418=CARTESIAN_POINT('',(-77.0762634277344,-44.5,163.));
#13419=CARTESIAN_POINT('',(-45.0571975708008,-29.7632122039795,163.));
#13420=CARTESIAN_POINT('',(-77.0762634277344,-44.5,163.));
#13421=CARTESIAN_POINT('',(-34.994701385498,-41.126277923584,163.));
#13422=CARTESIAN_POINT('',(13.6663503646851,-89.4621734619141,92.));
#13423=CARTESIAN_POINT('',(59.9982299804688,-67.7529525756836,92.));
#13424=CARTESIAN_POINT('',(13.6663503646851,-89.4621734619141,92.));
#13425=CARTESIAN_POINT('',(0.,-89.,163.));
#13426=CARTESIAN_POINT('',(86.9251098632812,-25.1848278045654,92.));
#13427=CARTESIAN_POINT('',(59.9982299804688,-67.7529525756836,92.));
#13428=CARTESIAN_POINT('',(86.9251098632812,-25.1848278045654,92.));
#13429=CARTESIAN_POINT('',(77.0762634277344,-44.5,163.));
#13430=CARTESIAN_POINT('',(86.9251098632812,-25.1848278045654,92.));
#13431=CARTESIAN_POINT('',(89.,0.,163.));
#13432=CARTESIAN_POINT('',(86.9251098632812,-25.1848278045654,92.));
#13433=CARTESIAN_POINT('',(86.5495681762695,26.4465808868408,92.));
#13434=CARTESIAN_POINT('',(59.9982299804688,-67.7529525756836,92.));
#13435=CARTESIAN_POINT('',(44.5,-77.0762634277344,163.));
#13436=CARTESIAN_POINT('',(-89.,0.,163.));
#13437=CARTESIAN_POINT('',(-77.0762634277344,44.5,163.));
#13438=CARTESIAN_POINT('',(-89.,0.,163.));
#13439=CARTESIAN_POINT('',(-54.,-6.61309284514123E-15,163.));
#13440=CARTESIAN_POINT('',(-89.,0.,163.));
#13441=CARTESIAN_POINT('',(-51.7159957885742,-15.5388422012329,163.));
#13442=CARTESIAN_POINT('',(0.,-89.,163.));
#13443=CARTESIAN_POINT('',(-44.5,-77.0762634277344,163.));
#13444=CARTESIAN_POINT('',(0.,-89.,163.));
#13445=CARTESIAN_POINT('',(44.5,-77.0762634277344,163.));
#13446=CARTESIAN_POINT('',(0.,-89.,163.));
#13447=CARTESIAN_POINT('',(-7.30595922470093,-53.5034866333008,163.));
#13448=CARTESIAN_POINT('',(0.,-89.,163.));
#13449=CARTESIAN_POINT('',(8.15450763702393,-53.380744934082,163.));
#13450=CARTESIAN_POINT('',(-44.5,-77.0762634277344,163.));
#13451=CARTESIAN_POINT('',(-34.994701385498,-41.126277923584,163.));
#13452=CARTESIAN_POINT('',(-44.5,-77.0762634277344,163.));
#13453=CARTESIAN_POINT('',(-22.1675148010254,-49.2402420043945,163.));
#13454=CARTESIAN_POINT('',(44.5,-77.0762634277344,163.));
#13455=CARTESIAN_POINT('',(77.0762634277344,-44.5,163.));
#13456=CARTESIAN_POINT('',(44.5,-77.0762634277344,163.));
#13457=CARTESIAN_POINT('',(22.9117755889893,-48.8983688354492,163.));
#13458=CARTESIAN_POINT('',(44.5,-77.0762634277344,163.));
#13459=CARTESIAN_POINT('',(35.800048828125,-40.4271774291992,163.));
#13460=CARTESIAN_POINT('',(77.0762634277344,-44.5,163.));
#13461=CARTESIAN_POINT('',(89.,0.,163.));
#13462=CARTESIAN_POINT('',(77.0762634277344,-44.5,163.));
#13463=CARTESIAN_POINT('',(45.6361808776855,-28.8676090240479,163.));
#13464=CARTESIAN_POINT('',(77.0762634277344,-44.5,163.));
#13465=CARTESIAN_POINT('',(51.8669166564941,-15.0274105072021,163.));
#13466=CARTESIAN_POINT('',(89.,0.,163.));
#13467=CARTESIAN_POINT('',(77.0762634277344,44.5,163.));
#13468=CARTESIAN_POINT('',(89.,0.,163.));
#13469=CARTESIAN_POINT('',(53.9985733032227,0.39275398850441,163.));
#13470=CARTESIAN_POINT('',(89.,0.,163.));
#13471=CARTESIAN_POINT('',(51.6428375244141,15.7802801132202,163.));
#13472=CARTESIAN_POINT('',(86.5495681762695,26.4465808868408,92.));
#13473=CARTESIAN_POINT('',(58.6485290527344,68.9245986938477,92.));
#13474=CARTESIAN_POINT('',(86.5495681762695,26.4465808868408,92.));
#13475=CARTESIAN_POINT('',(77.0762634277344,44.5,163.));
#13476=CARTESIAN_POINT('',(58.6485290527344,68.9245986938477,92.));
#13477=CARTESIAN_POINT('',(44.5,77.0762634277344,163.));
#13478=CARTESIAN_POINT('',(58.6485290527344,68.9245986938477,92.));
#13479=CARTESIAN_POINT('',(12.7186412811279,89.6018218994141,92.));
#13480=CARTESIAN_POINT('',(44.5,77.0762634277344,163.));
#13481=CARTESIAN_POINT('',(77.0762634277344,44.5,163.));
#13482=CARTESIAN_POINT('',(44.5,77.0762634277344,163.));
#13483=CARTESIAN_POINT('',(-7.3598198119685E-14,89.,163.));
#13484=CARTESIAN_POINT('',(44.5,77.0762634277344,163.));
#13485=CARTESIAN_POINT('',(34.994701385498,41.126277923584,163.));
#13486=CARTESIAN_POINT('',(44.5,77.0762634277344,163.));
#13487=CARTESIAN_POINT('',(22.1675148010254,49.2402420043945,163.));
#13488=CARTESIAN_POINT('',(77.0762634277344,44.5,163.));
#13489=CARTESIAN_POINT('',(51.6428375244141,15.7802801132202,163.));
#13490=CARTESIAN_POINT('',(77.0762634277344,44.5,163.));
#13491=CARTESIAN_POINT('',(45.1344757080078,29.6458969116211,163.));
#13492=CARTESIAN_POINT('',(77.0762634277344,44.5,163.));
#13493=CARTESIAN_POINT('',(34.994701385498,41.126277923584,163.));
#13494=CARTESIAN_POINT('',(12.7186412811279,89.6018218994141,92.));
#13495=CARTESIAN_POINT('',(-38.6720085144043,81.8213043212891,92.));
#13496=CARTESIAN_POINT('',(12.7186412811279,89.6018218994141,92.));
#13497=CARTESIAN_POINT('',(-7.3598198119685E-14,89.,163.));
#13498=CARTESIAN_POINT('',(-38.6720085144043,81.8213043212891,92.));
#13499=CARTESIAN_POINT('',(-76.4828643798828,48.3799743652344,92.));
#13500=CARTESIAN_POINT('',(-38.6720085144043,81.8213043212891,92.));
#13501=CARTESIAN_POINT('',(-44.5,77.0762634277344,163.));
#13502=CARTESIAN_POINT('',(-76.4828643798828,48.3799743652344,92.));
#13503=CARTESIAN_POINT('',(-77.0762634277344,44.5,163.));
#13504=CARTESIAN_POINT('',(-7.3598198119685E-14,89.,163.));
#13505=CARTESIAN_POINT('',(-44.5,77.0762634277344,163.));
#13506=CARTESIAN_POINT('',(-7.3598198119685E-14,89.,163.));
#13507=CARTESIAN_POINT('',(7.58902359008789,53.4640693664551,163.));
#13508=CARTESIAN_POINT('',(-7.3598198119685E-14,89.,163.));
#13509=CARTESIAN_POINT('',(-8.08345127105713,53.3915519714355,163.));
#13510=CARTESIAN_POINT('',(-44.5,77.0762634277344,163.));
#13511=CARTESIAN_POINT('',(-77.0762634277344,44.5,163.));
#13512=CARTESIAN_POINT('',(-44.5,77.0762634277344,163.));
#13513=CARTESIAN_POINT('',(-23.0750102996826,48.8215522766113,163.));
#13514=CARTESIAN_POINT('',(-44.5,77.0762634277344,163.));
#13515=CARTESIAN_POINT('',(-35.7749481201172,40.449390411377,163.));
#13516=CARTESIAN_POINT('',(-77.0762634277344,44.5,163.));
#13517=CARTESIAN_POINT('',(-45.6361808776855,28.8676090240479,163.));
#13518=CARTESIAN_POINT('',(-77.0762634277344,44.5,163.));
#13519=CARTESIAN_POINT('',(-51.8669166564941,15.0274105072021,163.));
#13520=CARTESIAN_POINT('',(-25.1325092315674,-11.7651815414429,163.));
#13521=CARTESIAN_POINT('',(-26.5762767791748,-7.98523855209351,163.));
#13522=CARTESIAN_POINT('',(-25.1325092315674,-11.7651815414429,163.));
#13523=CARTESIAN_POINT('',(-33.0571746826172,-15.4749240875244,163.));
#13524=CARTESIAN_POINT('',(-25.1325092315674,-11.7651815414429,163.));
#13525=CARTESIAN_POINT('',(-23.1543941497803,-15.2949838638306,163.));
#13526=CARTESIAN_POINT('',(-25.1325092315674,-11.7651815414429,163.));
#13527=CARTESIAN_POINT('',(-16.5872688293457,-9.26620388031006,163.));
#13528=CARTESIAN_POINT('',(-26.5762767791748,-7.98523855209351,163.));
#13529=CARTESIAN_POINT('',(-34.956184387207,-10.5031061172485,163.));
#13530=CARTESIAN_POINT('',(-26.5762767791748,-7.98523855209351,163.));
#13531=CARTESIAN_POINT('',(-27.4550018310547,-4.03551912307739,163.));
#13532=CARTESIAN_POINT('',(-26.5762767791748,-7.98523855209351,163.));
#13533=CARTESIAN_POINT('',(-17.9146709442139,-6.32965612411499,163.));
#13534=CARTESIAN_POINT('',(-34.956184387207,-10.5031061172485,163.));
#13535=CARTESIAN_POINT('',(-33.0571746826172,-15.4749240875244,163.));
#13536=CARTESIAN_POINT('',(-34.956184387207,-10.5031061172485,163.));
#13537=CARTESIAN_POINT('',(-36.1119842529297,-5.30798006057739,163.));
#13538=CARTESIAN_POINT('',(-34.956184387207,-10.5031061172485,163.));
#13539=CARTESIAN_POINT('',(-51.7159957885742,-15.5388422012329,163.));
#13540=CARTESIAN_POINT('',(-33.0571746826172,-15.4749240875244,163.));
#13541=CARTESIAN_POINT('',(-30.4553298950195,-20.1177272796631,163.));
#13542=CARTESIAN_POINT('',(-33.0571746826172,-15.4749240875244,163.));
#13543=CARTESIAN_POINT('',(-51.7159957885742,-15.5388422012329,163.));
#13544=CARTESIAN_POINT('',(-33.0571746826172,-15.4749240875244,163.));
#13545=CARTESIAN_POINT('',(-45.0571975708008,-29.7632122039795,163.));
#13546=CARTESIAN_POINT('',(-23.1543941497803,-15.2949838638306,163.));
#13547=CARTESIAN_POINT('',(-30.4553298950195,-20.1177272796631,163.));
#13548=CARTESIAN_POINT('',(-23.1543941497803,-15.2949838638306,163.));
#13549=CARTESIAN_POINT('',(-20.7750759124756,-18.3972473144531,163.));
#13550=CARTESIAN_POINT('',(-23.1543941497803,-15.2949838638306,163.));
#13551=CARTESIAN_POINT('',(-16.5872688293457,-9.26620388031006,163.));
#13552=CARTESIAN_POINT('',(-23.1543941497803,-15.2949838638306,163.));
#13553=CARTESIAN_POINT('',(-14.7826795578003,-11.9361801147461,163.));
#13554=CARTESIAN_POINT('',(-30.4553298950195,-20.1177272796631,163.));
#13555=CARTESIAN_POINT('',(-45.0571975708008,-29.7632122039795,163.));
#13556=CARTESIAN_POINT('',(-30.4553298950195,-20.1177272796631,163.));
#13557=CARTESIAN_POINT('',(-27.325777053833,-24.1981811523438,163.));
#13558=CARTESIAN_POINT('',(-27.4550018310547,-4.03551912307739,163.));
#13559=CARTESIAN_POINT('',(-27.75,3.39839486372261E-15,163.));
#13560=CARTESIAN_POINT('',(-27.4550018310547,-4.03551912307739,163.));
#13561=CARTESIAN_POINT('',(-36.1119842529297,-5.30798006057739,163.));
#13562=CARTESIAN_POINT('',(-27.4550018310547,-4.03551912307739,163.));
#13563=CARTESIAN_POINT('',(-18.7267017364502,-3.21101570129395,163.));
#13564=CARTESIAN_POINT('',(-27.75,3.39839486372261E-15,163.));
#13565=CARTESIAN_POINT('',(-36.5,4.46996099870097E-15,163.));
#13566=CARTESIAN_POINT('',(-27.75,3.39839486372261E-15,163.));
#13567=CARTESIAN_POINT('',(-27.4745903015137,3.89991497993469,163.));
#13568=CARTESIAN_POINT('',(-27.75,3.39839486372261E-15,163.));
#13569=CARTESIAN_POINT('',(-19.,0.,163.));
#13570=CARTESIAN_POINT('',(-36.5,4.46996099870097E-15,163.));
#13571=CARTESIAN_POINT('',(-36.1119842529297,-5.30798006057739,163.));
#13572=CARTESIAN_POINT('',(-36.5,4.46996099870097E-15,163.));
#13573=CARTESIAN_POINT('',(-54.,-6.61309284514123E-15,163.));
#13574=CARTESIAN_POINT('',(-36.5,4.46996099870097E-15,163.));
#13575=CARTESIAN_POINT('',(-36.1377487182617,5.12961769104004,163.));
#13576=CARTESIAN_POINT('',(-36.1119842529297,-5.30798006057739,163.));
#13577=CARTESIAN_POINT('',(-54.,-6.61309284514123E-15,163.));
#13578=CARTESIAN_POINT('',(-36.1119842529297,-5.30798006057739,163.));
#13579=CARTESIAN_POINT('',(-51.7159957885742,-15.5388422012329,163.));
#13580=CARTESIAN_POINT('',(-54.,-6.61309284514123E-15,163.));
#13581=CARTESIAN_POINT('',(-51.7159957885742,-15.5388422012329,163.));
#13582=CARTESIAN_POINT('',(-54.,-6.61309284514123E-15,163.));
#13583=CARTESIAN_POINT('',(-36.1377487182617,5.12961769104004,163.));
#13584=CARTESIAN_POINT('',(-54.,-6.61309284514123E-15,163.));
#13585=CARTESIAN_POINT('',(-51.8669166564941,15.0274105072021,163.));
#13586=CARTESIAN_POINT('',(-51.7159957885742,-15.5388422012329,163.));
#13587=CARTESIAN_POINT('',(-45.0571975708008,-29.7632122039795,163.));
#13588=CARTESIAN_POINT('',(-45.0571975708008,-29.7632122039795,163.));
#13589=CARTESIAN_POINT('',(-27.325777053833,-24.1981811523438,163.));
#13590=CARTESIAN_POINT('',(-45.0571975708008,-29.7632122039795,163.));
#13591=CARTESIAN_POINT('',(-34.994701385498,-41.126277923584,163.));
#13592=CARTESIAN_POINT('',(-14.8347434997559,-23.4519271850586,163.));
#13593=CARTESIAN_POINT('',(-17.9833889007568,-21.1343383789062,163.));
#13594=CARTESIAN_POINT('',(-14.8347434997559,-23.4519271850586,163.));
#13595=CARTESIAN_POINT('',(-19.5123653411865,-30.8466796875,163.));
#13596=CARTESIAN_POINT('',(-14.8347434997559,-23.4519271850586,163.));
#13597=CARTESIAN_POINT('',(-11.3916397094727,-25.304012298584,163.));
#13598=CARTESIAN_POINT('',(-14.8347434997559,-23.4519271850586,163.));
#13599=CARTESIAN_POINT('',(-9.961838722229,-16.1790542602539,163.));
#13600=CARTESIAN_POINT('',(-17.9833889007568,-21.1343383789062,163.));
#13601=CARTESIAN_POINT('',(-23.6538276672363,-27.798318862915,163.));
#13602=CARTESIAN_POINT('',(-17.9833889007568,-21.1343383789062,163.));
#13603=CARTESIAN_POINT('',(-20.7750759124756,-18.3972473144531,163.));
#13604=CARTESIAN_POINT('',(-17.9833889007568,-21.1343383789062,163.));
#13605=CARTESIAN_POINT('',(-12.5528202056885,-14.2627735137939,163.));
#13606=CARTESIAN_POINT('',(-23.6538276672363,-27.798318862915,163.));
#13607=CARTESIAN_POINT('',(-19.5123653411865,-30.8466796875,163.));
#13608=CARTESIAN_POINT('',(-23.6538276672363,-27.798318862915,163.));
#13609=CARTESIAN_POINT('',(-27.325777053833,-24.1981811523438,163.));
#13610=CARTESIAN_POINT('',(-23.6538276672363,-27.798318862915,163.));
#13611=CARTESIAN_POINT('',(-34.994701385498,-41.126277923584,163.));
#13612=CARTESIAN_POINT('',(-19.5123653411865,-30.8466796875,163.));
#13613=CARTESIAN_POINT('',(-14.9835977554321,-33.2827568054199,163.));
#13614=CARTESIAN_POINT('',(-19.5123653411865,-30.8466796875,163.));
#13615=CARTESIAN_POINT('',(-34.994701385498,-41.126277923584,163.));
#13616=CARTESIAN_POINT('',(-19.5123653411865,-30.8466796875,163.));
#13617=CARTESIAN_POINT('',(-22.1675148010254,-49.2402420043945,163.));
#13618=CARTESIAN_POINT('',(-11.3916397094727,-25.304012298584,163.));
#13619=CARTESIAN_POINT('',(-14.9835977554321,-33.2827568054199,163.));
#13620=CARTESIAN_POINT('',(-11.3916397094727,-25.304012298584,163.));
#13621=CARTESIAN_POINT('',(-7.65185976028442,-26.6741733551025,163.));
#13622=CARTESIAN_POINT('',(-11.3916397094727,-25.304012298584,163.));
#13623=CARTESIAN_POINT('',(-7.08427286148071,-17.6298923492432,163.));
#13624=CARTESIAN_POINT('',(-14.9835977554321,-33.2827568054199,163.));
#13625=CARTESIAN_POINT('',(-22.1675148010254,-49.2402420043945,163.));
#13626=CARTESIAN_POINT('',(-14.9835977554321,-33.2827568054199,163.));
#13627=CARTESIAN_POINT('',(-10.0646076202393,-35.0849494934082,163.));
#13628=CARTESIAN_POINT('',(-20.7750759124756,-18.3972473144531,163.));
#13629=CARTESIAN_POINT('',(-27.325777053833,-24.1981811523438,163.));
#13630=CARTESIAN_POINT('',(-20.7750759124756,-18.3972473144531,163.));
#13631=CARTESIAN_POINT('',(-14.7826795578003,-11.9361801147461,163.));
#13632=CARTESIAN_POINT('',(-27.325777053833,-24.1981811523438,163.));
#13633=CARTESIAN_POINT('',(-34.994701385498,-41.126277923584,163.));
#13634=CARTESIAN_POINT('',(-34.994701385498,-41.126277923584,163.));
#13635=CARTESIAN_POINT('',(-22.1675148010254,-49.2402420043945,163.));
#13636=CARTESIAN_POINT('',(-22.1675148010254,-49.2402420043945,163.));
#13637=CARTESIAN_POINT('',(-10.0646076202393,-35.0849494934082,163.));
#13638=CARTESIAN_POINT('',(-22.1675148010254,-49.2402420043945,163.));
#13639=CARTESIAN_POINT('',(-7.30595922470093,-53.5034866333008,163.));
#13640=CARTESIAN_POINT('',(0.220298826694489,-27.7491264343262,163.));
#13641=CARTESIAN_POINT('',(-3.75445127487183,-27.4948463439941,163.));
#13642=CARTESIAN_POINT('',(0.220298826694489,-27.7491264343262,163.));
#13643=CARTESIAN_POINT('',(0.289762407541275,-36.4988479614258,163.));
#13644=CARTESIAN_POINT('',(0.220298826694489,-27.7491264343262,163.));
#13645=CARTESIAN_POINT('',(4.19051074981689,-27.4317722320557,163.));
#13646=CARTESIAN_POINT('',(0.220298826694489,-27.7491264343262,163.));
#13647=CARTESIAN_POINT('',(-0.806382834911346,-18.9828796386719,163.));
#13648=CARTESIAN_POINT('',(-3.75445127487183,-27.4948463439941,163.));
#13649=CARTESIAN_POINT('',(-4.93828725814819,-36.1643943786621,163.));
#13650=CARTESIAN_POINT('',(-3.75445127487183,-27.4948463439941,163.));
#13651=CARTESIAN_POINT('',(-7.65185976028442,-26.6741733551025,163.));
#13652=CARTESIAN_POINT('',(-3.75445127487183,-27.4948463439941,163.));
#13653=CARTESIAN_POINT('',(-4.00290632247925,-18.5735492706299,163.));
#13654=CARTESIAN_POINT('',(-3.75445127487183,-27.4948463439941,163.));
#13655=CARTESIAN_POINT('',(-0.806382834911346,-18.9828796386719,163.));
#13656=CARTESIAN_POINT('',(-4.93828725814819,-36.1643943786621,163.));
#13657=CARTESIAN_POINT('',(0.289762407541275,-36.4988479614258,163.));
#13658=CARTESIAN_POINT('',(-4.93828725814819,-36.1643943786621,163.));
#13659=CARTESIAN_POINT('',(-10.0646076202393,-35.0849494934082,163.));
#13660=CARTESIAN_POINT('',(-4.93828725814819,-36.1643943786621,163.));
#13661=CARTESIAN_POINT('',(-7.30595922470093,-53.5034866333008,163.));
#13662=CARTESIAN_POINT('',(0.289762407541275,-36.4988479614258,163.));
#13663=CARTESIAN_POINT('',(5.51184272766113,-36.081428527832,163.));
#13664=CARTESIAN_POINT('',(0.289762407541275,-36.4988479614258,163.));
#13665=CARTESIAN_POINT('',(-7.30595922470093,-53.5034866333008,163.));
#13666=CARTESIAN_POINT('',(0.289762407541275,-36.4988479614258,163.));
#13667=CARTESIAN_POINT('',(8.15450763702393,-53.380744934082,163.));
#13668=CARTESIAN_POINT('',(4.19051074981689,-27.4317722320557,163.));
#13669=CARTESIAN_POINT('',(5.51184272766113,-36.081428527832,163.));
#13670=CARTESIAN_POINT('',(4.19051074981689,-27.4317722320557,163.));
#13671=CARTESIAN_POINT('',(8.06496810913086,-26.552188873291,163.));
#13672=CARTESIAN_POINT('',(4.19051074981689,-27.4317722320557,163.));
#13673=CARTESIAN_POINT('',(2.41333866119385,-18.8461074829102,163.));
#13674=CARTESIAN_POINT('',(5.51184272766113,-36.081428527832,163.));
#13675=CARTESIAN_POINT('',(8.15450763702393,-53.380744934082,163.));
#13676=CARTESIAN_POINT('',(5.51184272766113,-36.081428527832,163.));
#13677=CARTESIAN_POINT('',(10.6079769134521,-34.924503326416,163.));
#13678=CARTESIAN_POINT('',(-7.65185976028442,-26.6741733551025,163.));
#13679=CARTESIAN_POINT('',(-10.0646076202393,-35.0849494934082,163.));
#13680=CARTESIAN_POINT('',(-7.65185976028442,-26.6741733551025,163.));
#13681=CARTESIAN_POINT('',(-4.00290632247925,-18.5735492706299,163.));
#13682=CARTESIAN_POINT('',(-10.0646076202393,-35.0849494934082,163.));
#13683=CARTESIAN_POINT('',(-7.30595922470093,-53.5034866333008,163.));
#13684=CARTESIAN_POINT('',(-7.30595922470093,-53.5034866333008,163.));
#13685=CARTESIAN_POINT('',(8.15450763702393,-53.380744934082,163.));
#13686=CARTESIAN_POINT('',(8.15450763702393,-53.380744934082,163.));
#13687=CARTESIAN_POINT('',(10.6079769134521,-34.924503326416,163.));
#13688=CARTESIAN_POINT('',(8.15450763702393,-53.380744934082,163.));
#13689=CARTESIAN_POINT('',(22.9117755889893,-48.8983688354492,163.));
#13690=CARTESIAN_POINT('',(15.2418947219849,-23.1893749237061,163.));
#13691=CARTESIAN_POINT('',(11.7741069793701,-25.1283283233643,163.));
#13692=CARTESIAN_POINT('',(15.2418947219849,-23.1893749237061,163.));
#13693=CARTESIAN_POINT('',(20.0478973388672,-30.5013408660889,163.));
#13694=CARTESIAN_POINT('',(15.2418947219849,-23.1893749237061,163.));
#13695=CARTESIAN_POINT('',(18.3972473144531,-20.7750759124756,163.));
#13696=CARTESIAN_POINT('',(15.2418947219849,-23.1893749237061,163.));
#13697=CARTESIAN_POINT('',(11.2980298995972,-15.2759456634521,163.));
#13698=CARTESIAN_POINT('',(11.7741069793701,-25.1283283233643,163.));
#13699=CARTESIAN_POINT('',(15.4866628646851,-33.0516738891602,163.));
#13700=CARTESIAN_POINT('',(11.7741069793701,-25.1283283233643,163.));
#13701=CARTESIAN_POINT('',(8.06496810913086,-26.552188873291,163.));
#13702=CARTESIAN_POINT('',(11.7741069793701,-25.1283283233643,163.));
#13703=CARTESIAN_POINT('',(8.55387115478516,-16.9655914306641,163.));
#13704=CARTESIAN_POINT('',(15.4866628646851,-33.0516738891602,163.));
#13705=CARTESIAN_POINT('',(20.0478973388672,-30.5013408660889,163.));
#13706=CARTESIAN_POINT('',(15.4866628646851,-33.0516738891602,163.));
#13707=CARTESIAN_POINT('',(10.6079769134521,-34.924503326416,163.));
#13708=CARTESIAN_POINT('',(15.4866628646851,-33.0516738891602,163.));
#13709=CARTESIAN_POINT('',(22.9117755889893,-48.8983688354492,163.));
#13710=CARTESIAN_POINT('',(20.0478973388672,-30.5013408660889,163.));
#13711=CARTESIAN_POINT('',(24.1981811523438,-27.325777053833,163.));
#13712=CARTESIAN_POINT('',(20.0478973388672,-30.5013408660889,163.));
#13713=CARTESIAN_POINT('',(22.9117755889893,-48.8983688354492,163.));
#13714=CARTESIAN_POINT('',(20.0478973388672,-30.5013408660889,163.));
#13715=CARTESIAN_POINT('',(35.800048828125,-40.4271774291992,163.));
#13716=CARTESIAN_POINT('',(18.3972473144531,-20.7750759124756,163.));
#13717=CARTESIAN_POINT('',(24.1981811523438,-27.325777053833,163.));
#13718=CARTESIAN_POINT('',(18.3972473144531,-20.7750759124756,163.));
#13719=CARTESIAN_POINT('',(21.1343383789062,-17.9833889007568,163.));
#13720=CARTESIAN_POINT('',(18.3972473144531,-20.7750759124756,163.));
#13721=CARTESIAN_POINT('',(11.2980298995972,-15.2759456634521,163.));
#13722=CARTESIAN_POINT('',(18.3972473144531,-20.7750759124756,163.));
#13723=CARTESIAN_POINT('',(13.7171659469604,-13.1468381881714,163.));
#13724=CARTESIAN_POINT('',(24.1981811523438,-27.325777053833,163.));
#13725=CARTESIAN_POINT('',(35.800048828125,-40.4271774291992,163.));
#13726=CARTESIAN_POINT('',(24.1981811523438,-27.325777053833,163.));
#13727=CARTESIAN_POINT('',(27.798318862915,-23.6538276672363,163.));
#13728=CARTESIAN_POINT('',(8.06496810913086,-26.552188873291,163.));
#13729=CARTESIAN_POINT('',(10.6079769134521,-34.924503326416,163.));
#13730=CARTESIAN_POINT('',(8.06496810913086,-26.552188873291,163.));
#13731=CARTESIAN_POINT('',(5.56363248825073,-18.1671676635742,163.));
#13732=CARTESIAN_POINT('',(10.6079769134521,-34.924503326416,163.));
#13733=CARTESIAN_POINT('',(22.9117755889893,-48.8983688354492,163.));
#13734=CARTESIAN_POINT('',(22.9117755889893,-48.8983688354492,163.));
#13735=CARTESIAN_POINT('',(35.800048828125,-40.4271774291992,163.));
#13736=CARTESIAN_POINT('',(35.800048828125,-40.4271774291992,163.));
#13737=CARTESIAN_POINT('',(27.798318862915,-23.6538276672363,163.));
#13738=CARTESIAN_POINT('',(35.800048828125,-40.4271774291992,163.));
#13739=CARTESIAN_POINT('',(45.6361808776855,-28.8676090240479,163.));
#13740=CARTESIAN_POINT('',(25.304012298584,-11.3916397094727,163.));
#13741=CARTESIAN_POINT('',(23.4519271850586,-14.8347434997559,163.));
#13742=CARTESIAN_POINT('',(25.304012298584,-11.3916397094727,163.));
#13743=CARTESIAN_POINT('',(33.2827568054199,-14.9835977554321,163.));
#13744=CARTESIAN_POINT('',(25.304012298584,-11.3916397094727,163.));
#13745=CARTESIAN_POINT('',(26.6538314819336,-7.72241926193237,163.));
#13746=CARTESIAN_POINT('',(25.304012298584,-11.3916397094727,163.));
#13747=CARTESIAN_POINT('',(17.3133411407471,-7.82612371444702,163.));
#13748=CARTESIAN_POINT('',(23.4519271850586,-14.8347434997559,163.));
#13749=CARTESIAN_POINT('',(30.8466796875,-19.5123653411865,163.));
#13750=CARTESIAN_POINT('',(23.4519271850586,-14.8347434997559,163.));
#13751=CARTESIAN_POINT('',(21.1343383789062,-17.9833889007568,163.));
#13752=CARTESIAN_POINT('',(23.4519271850586,-14.8347434997559,163.));
#13753=CARTESIAN_POINT('',(15.7416830062866,-10.6395206451416,163.));
#13754=CARTESIAN_POINT('',(30.8466796875,-19.5123653411865,163.));
#13755=CARTESIAN_POINT('',(33.2827568054199,-14.9835977554321,163.));
#13756=CARTESIAN_POINT('',(30.8466796875,-19.5123653411865,163.));
#13757=CARTESIAN_POINT('',(27.798318862915,-23.6538276672363,163.));
#13758=CARTESIAN_POINT('',(30.8466796875,-19.5123653411865,163.));
#13759=CARTESIAN_POINT('',(45.6361808776855,-28.8676090240479,163.));
#13760=CARTESIAN_POINT('',(33.2827568054199,-14.9835977554321,163.));
#13761=CARTESIAN_POINT('',(35.0581932067871,-10.157416343689,163.));
#13762=CARTESIAN_POINT('',(33.2827568054199,-14.9835977554321,163.));
#13763=CARTESIAN_POINT('',(45.6361808776855,-28.8676090240479,163.));
#13764=CARTESIAN_POINT('',(33.2827568054199,-14.9835977554321,163.));
#13765=CARTESIAN_POINT('',(51.8669166564941,-15.0274105072021,163.));
#13766=CARTESIAN_POINT('',(26.6538314819336,-7.72241926193237,163.));
#13767=CARTESIAN_POINT('',(35.0581932067871,-10.157416343689,163.));
#13768=CARTESIAN_POINT('',(26.6538314819336,-7.72241926193237,163.));
#13769=CARTESIAN_POINT('',(27.4885921478271,-3.79997420310974,163.));
#13770=CARTESIAN_POINT('',(26.6538314819336,-7.72241926193237,163.));
#13771=CARTESIAN_POINT('',(18.386926651001,-4.78758335113525,163.));
#13772=CARTESIAN_POINT('',(35.0581932067871,-10.157416343689,163.));
#13773=CARTESIAN_POINT('',(51.8669166564941,-15.0274105072021,163.));
#13774=CARTESIAN_POINT('',(35.0581932067871,-10.157416343689,163.));
#13775=CARTESIAN_POINT('',(36.1561660766602,-4.99816417694092,163.));
#13776=CARTESIAN_POINT('',(21.1343383789062,-17.9833889007568,163.));
#13777=CARTESIAN_POINT('',(27.798318862915,-23.6538276672363,163.));
#13778=CARTESIAN_POINT('',(21.1343383789062,-17.9833889007568,163.));
#13779=CARTESIAN_POINT('',(13.7171659469604,-13.1468381881714,163.));
#13780=CARTESIAN_POINT('',(27.798318862915,-23.6538276672363,163.));
#13781=CARTESIAN_POINT('',(45.6361808776855,-28.8676090240479,163.));
#13782=CARTESIAN_POINT('',(45.6361808776855,-28.8676090240479,163.));
#13783=CARTESIAN_POINT('',(51.8669166564941,-15.0274105072021,163.));
#13784=CARTESIAN_POINT('',(51.8669166564941,-15.0274105072021,163.));
#13785=CARTESIAN_POINT('',(36.1561660766602,-4.99816417694092,163.));
#13786=CARTESIAN_POINT('',(51.8669166564941,-15.0274105072021,163.));
#13787=CARTESIAN_POINT('',(53.9985733032227,0.39275398850441,163.));
#13788=CARTESIAN_POINT('',(27.4304084777832,4.19942283630371,163.));
#13789=CARTESIAN_POINT('',(27.7492656707764,0.20183190703392,163.));
#13790=CARTESIAN_POINT('',(27.4304084777832,4.19942283630371,163.));
#13791=CARTESIAN_POINT('',(36.0796356201172,5.5235652923584,163.));
#13792=CARTESIAN_POINT('',(27.4304084777832,4.19942283630371,163.));
#13793=CARTESIAN_POINT('',(26.5386810302734,8.1093111038208,163.));
#13794=CARTESIAN_POINT('',(27.4304084777832,4.19942283630371,163.));
#13795=CARTESIAN_POINT('',(18.9315528869629,1.61131250858307,163.));
#13796=CARTESIAN_POINT('',(27.7492656707764,0.20183190703392,163.));
#13797=CARTESIAN_POINT('',(36.4990348815918,0.265472620725632,163.));
#13798=CARTESIAN_POINT('',(27.7492656707764,0.20183190703392,163.));
#13799=CARTESIAN_POINT('',(27.4885921478271,-3.79997420310974,163.));
#13800=CARTESIAN_POINT('',(27.7492656707764,0.20183190703392,163.));
#13801=CARTESIAN_POINT('',(18.9315528869629,-1.61131250858307,163.));
#13802=CARTESIAN_POINT('',(27.7492656707764,0.20183190703392,163.));
#13803=CARTESIAN_POINT('',(18.9315528869629,1.61131250858307,163.));
#13804=CARTESIAN_POINT('',(36.4990348815918,0.265472620725632,163.));
#13805=CARTESIAN_POINT('',(36.0796356201172,5.5235652923584,163.));
#13806=CARTESIAN_POINT('',(36.4990348815918,0.265472620725632,163.));
#13807=CARTESIAN_POINT('',(36.1561660766602,-4.99816417694092,163.));
#13808=CARTESIAN_POINT('',(36.4990348815918,0.265472620725632,163.));
#13809=CARTESIAN_POINT('',(53.9985733032227,0.39275398850441,163.));
#13810=CARTESIAN_POINT('',(36.0796356201172,5.5235652923584,163.));
#13811=CARTESIAN_POINT('',(34.9067344665527,10.6663007736206,163.));
#13812=CARTESIAN_POINT('',(36.0796356201172,5.5235652923584,163.));
#13813=CARTESIAN_POINT('',(53.9985733032227,0.39275398850441,163.));
#13814=CARTESIAN_POINT('',(36.0796356201172,5.5235652923584,163.));
#13815=CARTESIAN_POINT('',(51.6428375244141,15.7802801132202,163.));
#13816=CARTESIAN_POINT('',(26.5386810302734,8.1093111038208,163.));
#13817=CARTESIAN_POINT('',(34.9067344665527,10.6663007736206,163.));
#13818=CARTESIAN_POINT('',(26.5386810302734,8.1093111038208,163.));
#13819=CARTESIAN_POINT('',(25.1203155517578,11.7911930084229,163.));
#13820=CARTESIAN_POINT('',(26.5386810302734,8.1093111038208,163.));
#13821=CARTESIAN_POINT('',(18.386926651001,4.78758335113525,163.));
#13822=CARTESIAN_POINT('',(34.9067344665527,10.6663007736206,163.));
#13823=CARTESIAN_POINT('',(51.6428375244141,15.7802801132202,163.));
#13824=CARTESIAN_POINT('',(34.9067344665527,10.6663007736206,163.));
#13825=CARTESIAN_POINT('',(33.0411376953125,15.5091361999512,163.));
#13826=CARTESIAN_POINT('',(27.4885921478271,-3.79997420310974,163.));
#13827=CARTESIAN_POINT('',(36.1561660766602,-4.99816417694092,163.));
#13828=CARTESIAN_POINT('',(27.4885921478271,-3.79997420310974,163.));
#13829=CARTESIAN_POINT('',(18.9315528869629,-1.61131250858307,163.));
#13830=CARTESIAN_POINT('',(36.1561660766602,-4.99816417694092,163.));
#13831=CARTESIAN_POINT('',(53.9985733032227,0.39275398850441,163.));
#13832=CARTESIAN_POINT('',(53.9985733032227,0.39275398850441,163.));
#13833=CARTESIAN_POINT('',(51.6428375244141,15.7802801132202,163.));
#13834=CARTESIAN_POINT('',(51.6428375244141,15.7802801132202,163.));
#13835=CARTESIAN_POINT('',(33.0411376953125,15.5091361999512,163.));
#13836=CARTESIAN_POINT('',(51.6428375244141,15.7802801132202,163.));
#13837=CARTESIAN_POINT('',(45.1344757080078,29.6458969116211,163.));
#13838=CARTESIAN_POINT('',(20.7989883422852,18.3702087402344,163.));
#13839=CARTESIAN_POINT('',(23.1941051483154,15.2346973419189,163.));
#13840=CARTESIAN_POINT('',(20.7989883422852,18.3702087402344,163.));
#13841=CARTESIAN_POINT('',(27.3572292327881,24.1626167297363,163.));
#13842=CARTESIAN_POINT('',(20.7989883422852,18.3702087402344,163.));
#13843=CARTESIAN_POINT('',(17.9833889007568,21.1343383789062,163.));
#13844=CARTESIAN_POINT('',(20.7989883422852,18.3702087402344,163.));
#13845=CARTESIAN_POINT('',(13.7171659469604,13.1468381881714,163.));
#13846=CARTESIAN_POINT('',(23.1941051483154,15.2346973419189,163.));
#13847=CARTESIAN_POINT('',(30.5075607299805,20.0384311676025,163.));
#13848=CARTESIAN_POINT('',(23.1941051483154,15.2346973419189,163.));
#13849=CARTESIAN_POINT('',(25.1203155517578,11.7911930084229,163.));
#13850=CARTESIAN_POINT('',(23.1941051483154,15.2346973419189,163.));
#13851=CARTESIAN_POINT('',(15.7416830062866,10.6395206451416,163.));
#13852=CARTESIAN_POINT('',(30.5075607299805,20.0384311676025,163.));
#13853=CARTESIAN_POINT('',(27.3572292327881,24.1626167297363,163.));
#13854=CARTESIAN_POINT('',(30.5075607299805,20.0384311676025,163.));
#13855=CARTESIAN_POINT('',(33.0411376953125,15.5091361999512,163.));
#13856=CARTESIAN_POINT('',(30.5075607299805,20.0384311676025,163.));
#13857=CARTESIAN_POINT('',(45.1344757080078,29.6458969116211,163.));
#13858=CARTESIAN_POINT('',(27.3572292327881,24.1626167297363,163.));
#13859=CARTESIAN_POINT('',(23.6538276672363,27.798318862915,163.));
#13860=CARTESIAN_POINT('',(27.3572292327881,24.1626167297363,163.));
#13861=CARTESIAN_POINT('',(45.1344757080078,29.6458969116211,163.));
#13862=CARTESIAN_POINT('',(27.3572292327881,24.1626167297363,163.));
#13863=CARTESIAN_POINT('',(34.994701385498,41.126277923584,163.));
#13864=CARTESIAN_POINT('',(17.9833889007568,21.1343383789062,163.));
#13865=CARTESIAN_POINT('',(23.6538276672363,27.798318862915,163.));
#13866=CARTESIAN_POINT('',(17.9833889007568,21.1343383789062,163.));
#13867=CARTESIAN_POINT('',(14.8347434997559,23.4519271850586,163.));
#13868=CARTESIAN_POINT('',(17.9833889007568,21.1343383789062,163.));
#13869=CARTESIAN_POINT('',(11.2980298995972,15.2759456634521,163.));
#13870=CARTESIAN_POINT('',(23.6538276672363,27.798318862915,163.));
#13871=CARTESIAN_POINT('',(34.994701385498,41.126277923584,163.));
#13872=CARTESIAN_POINT('',(23.6538276672363,27.798318862915,163.));
#13873=CARTESIAN_POINT('',(19.5123653411865,30.8466796875,163.));
#13874=CARTESIAN_POINT('',(25.1203155517578,11.7911930084229,163.));
#13875=CARTESIAN_POINT('',(33.0411376953125,15.5091361999512,163.));
#13876=CARTESIAN_POINT('',(25.1203155517578,11.7911930084229,163.));
#13877=CARTESIAN_POINT('',(17.3133411407471,7.82612371444702,163.));
#13878=CARTESIAN_POINT('',(33.0411376953125,15.5091361999512,163.));
#13879=CARTESIAN_POINT('',(45.1344757080078,29.6458969116211,163.));
#13880=CARTESIAN_POINT('',(45.1344757080078,29.6458969116211,163.));
#13881=CARTESIAN_POINT('',(34.994701385498,41.126277923584,163.));
#13882=CARTESIAN_POINT('',(34.994701385498,41.126277923584,163.));
#13883=CARTESIAN_POINT('',(19.5123653411865,30.8466796875,163.));
#13884=CARTESIAN_POINT('',(34.994701385498,41.126277923584,163.));
#13885=CARTESIAN_POINT('',(22.1675148010254,49.2402420043945,163.));
#13886=CARTESIAN_POINT('',(7.72241926193237,26.6538314819336,163.));
#13887=CARTESIAN_POINT('',(11.3916397094727,25.304012298584,163.));
#13888=CARTESIAN_POINT('',(7.72241926193237,26.6538314819336,163.));
#13889=CARTESIAN_POINT('',(10.157416343689,35.0581932067871,163.));
#13890=CARTESIAN_POINT('',(7.72241926193237,26.6538314819336,163.));
#13891=CARTESIAN_POINT('',(3.89991497993469,27.4745903015137,163.));
#13892=CARTESIAN_POINT('',(7.72241926193237,26.6538314819336,163.));
#13893=CARTESIAN_POINT('',(5.56363248825073,18.1671676635742,163.));
#13894=CARTESIAN_POINT('',(11.3916397094727,25.304012298584,163.));
#13895=CARTESIAN_POINT('',(14.9835977554321,33.2827568054199,163.));
#13896=CARTESIAN_POINT('',(11.3916397094727,25.304012298584,163.));
#13897=CARTESIAN_POINT('',(14.8347434997559,23.4519271850586,163.));
#13898=CARTESIAN_POINT('',(11.3916397094727,25.304012298584,163.));
#13899=CARTESIAN_POINT('',(8.55387115478516,16.9655914306641,163.));
#13900=CARTESIAN_POINT('',(14.9835977554321,33.2827568054199,163.));
#13901=CARTESIAN_POINT('',(10.157416343689,35.0581932067871,163.));
#13902=CARTESIAN_POINT('',(14.9835977554321,33.2827568054199,163.));
#13903=CARTESIAN_POINT('',(19.5123653411865,30.8466796875,163.));
#13904=CARTESIAN_POINT('',(14.9835977554321,33.2827568054199,163.));
#13905=CARTESIAN_POINT('',(22.1675148010254,49.2402420043945,163.));
#13906=CARTESIAN_POINT('',(10.157416343689,35.0581932067871,163.));
#13907=CARTESIAN_POINT('',(5.12961769104004,36.1377487182617,163.));
#13908=CARTESIAN_POINT('',(10.157416343689,35.0581932067871,163.));
#13909=CARTESIAN_POINT('',(22.1675148010254,49.2402420043945,163.));
#13910=CARTESIAN_POINT('',(10.157416343689,35.0581932067871,163.));
#13911=CARTESIAN_POINT('',(7.58902359008789,53.4640693664551,163.));
#13912=CARTESIAN_POINT('',(3.89991497993469,27.4745903015137,163.));
#13913=CARTESIAN_POINT('',(5.12961769104004,36.1377487182617,163.));
#13914=CARTESIAN_POINT('',(3.89991497993469,27.4745903015137,163.));
#13915=CARTESIAN_POINT('',(-0.128399521112442,27.7497024536133,163.));
#13916=CARTESIAN_POINT('',(3.89991497993469,27.4745903015137,163.));
#13917=CARTESIAN_POINT('',(2.41333866119385,18.8461074829102,163.));
#13918=CARTESIAN_POINT('',(5.12961769104004,36.1377487182617,163.));
#13919=CARTESIAN_POINT('',(7.58902359008789,53.4640693664551,163.));
#13920=CARTESIAN_POINT('',(5.12961769104004,36.1377487182617,163.));
#13921=CARTESIAN_POINT('',(-0.168885856866837,36.4996109008789,163.));
#13922=CARTESIAN_POINT('',(14.8347434997559,23.4519271850586,163.));
#13923=CARTESIAN_POINT('',(19.5123653411865,30.8466796875,163.));
#13924=CARTESIAN_POINT('',(14.8347434997559,23.4519271850586,163.));
#13925=CARTESIAN_POINT('',(11.2980298995972,15.2759456634521,163.));
#13926=CARTESIAN_POINT('',(14.8347434997559,23.4519271850586,163.));
#13927=CARTESIAN_POINT('',(8.55387115478516,16.9655914306641,163.));
#13928=CARTESIAN_POINT('',(19.5123653411865,30.8466796875,163.));
#13929=CARTESIAN_POINT('',(22.1675148010254,49.2402420043945,163.));
#13930=CARTESIAN_POINT('',(22.1675148010254,49.2402420043945,163.));
#13931=CARTESIAN_POINT('',(7.58902359008789,53.4640693664551,163.));
#13932=CARTESIAN_POINT('',(7.58902359008789,53.4640693664551,163.));
#13933=CARTESIAN_POINT('',(-0.168885856866837,36.4996109008789,163.));
#13934=CARTESIAN_POINT('',(7.58902359008789,53.4640693664551,163.));
#13935=CARTESIAN_POINT('',(-8.08345127105713,53.3915519714355,163.));
#13936=CARTESIAN_POINT('',(-8.09164714813232,26.5440711975098,163.));
#13937=CARTESIAN_POINT('',(-4.15399551391602,27.4373245239258,163.));
#13938=CARTESIAN_POINT('',(-8.09164714813232,26.5440711975098,163.));
#13939=CARTESIAN_POINT('',(-10.6430683135986,34.9138221740723,163.));
#13940=CARTESIAN_POINT('',(-8.09164714813232,26.5440711975098,163.));
#13941=CARTESIAN_POINT('',(-11.8579912185669,25.0888538360596,163.));
#13942=CARTESIAN_POINT('',(-8.09164714813232,26.5440711975098,163.));
#13943=CARTESIAN_POINT('',(-7.08427286148071,17.6298923492432,163.));
#13944=CARTESIAN_POINT('',(-8.09164714813232,26.5440711975098,163.));
#13945=CARTESIAN_POINT('',(-4.00290632247925,18.5735492706299,163.));
#13946=CARTESIAN_POINT('',(-4.15399551391602,27.4373245239258,163.));
#13947=CARTESIAN_POINT('',(-5.46381425857544,36.0887336730957,163.));
#13948=CARTESIAN_POINT('',(-4.15399551391602,27.4373245239258,163.));
#13949=CARTESIAN_POINT('',(-0.128399521112442,27.7497024536133,163.));
#13950=CARTESIAN_POINT('',(-4.15399551391602,27.4373245239258,163.));
#13951=CARTESIAN_POINT('',(-4.00290632247925,18.5735492706299,163.));
#13952=CARTESIAN_POINT('',(-5.46381425857544,36.0887336730957,163.));
#13953=CARTESIAN_POINT('',(-10.6430683135986,34.9138221740723,163.));
#13954=CARTESIAN_POINT('',(-5.46381425857544,36.0887336730957,163.));
#13955=CARTESIAN_POINT('',(-0.168885856866837,36.4996109008789,163.));
#13956=CARTESIAN_POINT('',(-5.46381425857544,36.0887336730957,163.));
#13957=CARTESIAN_POINT('',(-8.08345127105713,53.3915519714355,163.));
#13958=CARTESIAN_POINT('',(-10.6430683135986,34.9138221740723,163.));
#13959=CARTESIAN_POINT('',(-15.5969972610474,32.9997520446777,163.));
#13960=CARTESIAN_POINT('',(-10.6430683135986,34.9138221740723,163.));
#13961=CARTESIAN_POINT('',(-8.08345127105713,53.3915519714355,163.));
#13962=CARTESIAN_POINT('',(-10.6430683135986,34.9138221740723,163.));
#13963=CARTESIAN_POINT('',(-23.0750102996826,48.8215522766113,163.));
#13964=CARTESIAN_POINT('',(-11.8579912185669,25.0888538360596,163.));
#13965=CARTESIAN_POINT('',(-15.5969972610474,32.9997520446777,163.));
#13966=CARTESIAN_POINT('',(-11.8579912185669,25.0888538360596,163.));
#13967=CARTESIAN_POINT('',(-15.273419380188,23.1686248779297,163.));
#13968=CARTESIAN_POINT('',(-11.8579912185669,25.0888538360596,163.));
#13969=CARTESIAN_POINT('',(-7.08427286148071,17.6298923492432,163.));
#13970=CARTESIAN_POINT('',(-15.5969972610474,32.9997520446777,163.));
#13971=CARTESIAN_POINT('',(-23.0750102996826,48.8215522766113,163.));
#13972=CARTESIAN_POINT('',(-15.5969972610474,32.9997520446777,163.));
#13973=CARTESIAN_POINT('',(-20.0893630981445,30.4740467071533,163.));
#13974=CARTESIAN_POINT('',(-0.128399521112442,27.7497024536133,163.));
#13975=CARTESIAN_POINT('',(-0.168885856866837,36.4996109008789,163.));
#13976=CARTESIAN_POINT('',(-0.128399521112442,27.7497024536133,163.));
#13977=CARTESIAN_POINT('',(-0.806382834911346,18.9828796386719,163.));
#13978=CARTESIAN_POINT('',(-0.168885856866837,36.4996109008789,163.));
#13979=CARTESIAN_POINT('',(-8.08345127105713,53.3915519714355,163.));
#13980=CARTESIAN_POINT('',(-8.08345127105713,53.3915519714355,163.));
#13981=CARTESIAN_POINT('',(-23.0750102996826,48.8215522766113,163.));
#13982=CARTESIAN_POINT('',(-23.0750102996826,48.8215522766113,163.));
#13983=CARTESIAN_POINT('',(-20.0893630981445,30.4740467071533,163.));
#13984=CARTESIAN_POINT('',(-23.0750102996826,48.8215522766113,163.));
#13985=CARTESIAN_POINT('',(-35.7749481201172,40.449390411377,163.));
#13986=CARTESIAN_POINT('',(-21.128755569458,17.9899463653564,163.));
#13987=CARTESIAN_POINT('',(-18.3843479156494,20.786491394043,163.));
#13988=CARTESIAN_POINT('',(-21.128755569458,17.9899463653564,163.));
#13989=CARTESIAN_POINT('',(-27.7909755706787,23.6624526977539,163.));
#13990=CARTESIAN_POINT('',(-21.128755569458,17.9899463653564,163.));
#13991=CARTESIAN_POINT('',(-23.4519271850586,14.8347434997559,163.));
#13992=CARTESIAN_POINT('',(-21.128755569458,17.9899463653564,163.));
#13993=CARTESIAN_POINT('',(-14.7826795578003,11.9361801147461,163.));
#13994=CARTESIAN_POINT('',(-18.3843479156494,20.786491394043,163.));
#13995=CARTESIAN_POINT('',(-24.1812152862549,27.3407897949219,163.));
#13996=CARTESIAN_POINT('',(-18.3843479156494,20.786491394043,163.));
#13997=CARTESIAN_POINT('',(-15.273419380188,23.1686248779297,163.));
#13998=CARTESIAN_POINT('',(-18.3843479156494,20.786491394043,163.));
#13999=CARTESIAN_POINT('',(-12.5528202056885,14.2627735137939,163.));
#14000=CARTESIAN_POINT('',(-24.1812152862549,27.3407897949219,163.));
#14001=CARTESIAN_POINT('',(-27.7909755706787,23.6624526977539,163.));
#14002=CARTESIAN_POINT('',(-24.1812152862549,27.3407897949219,163.));
#14003=CARTESIAN_POINT('',(-20.0893630981445,30.4740467071533,163.));
#14004=CARTESIAN_POINT('',(-24.1812152862549,27.3407897949219,163.));
#14005=CARTESIAN_POINT('',(-35.7749481201172,40.449390411377,163.));
#14006=CARTESIAN_POINT('',(-27.7909755706787,23.6624526977539,163.));
#14007=CARTESIAN_POINT('',(-30.8466796875,19.5123653411865,163.));
#14008=CARTESIAN_POINT('',(-27.7909755706787,23.6624526977539,163.));
#14009=CARTESIAN_POINT('',(-35.7749481201172,40.449390411377,163.));
#14010=CARTESIAN_POINT('',(-27.7909755706787,23.6624526977539,163.));
#14011=CARTESIAN_POINT('',(-45.6361808776855,28.8676090240479,163.));
#14012=CARTESIAN_POINT('',(-23.4519271850586,14.8347434997559,163.));
#14013=CARTESIAN_POINT('',(-30.8466796875,19.5123653411865,163.));
#14014=CARTESIAN_POINT('',(-23.4519271850586,14.8347434997559,163.));
#14015=CARTESIAN_POINT('',(-25.304012298584,11.3916397094727,163.));
#14016=CARTESIAN_POINT('',(-23.4519271850586,14.8347434997559,163.));
#14017=CARTESIAN_POINT('',(-16.5872688293457,9.26620388031006,163.));
#14018=CARTESIAN_POINT('',(-30.8466796875,19.5123653411865,163.));
#14019=CARTESIAN_POINT('',(-45.6361808776855,28.8676090240479,163.));
#14020=CARTESIAN_POINT('',(-30.8466796875,19.5123653411865,163.));
#14021=CARTESIAN_POINT('',(-33.2827568054199,14.9835977554321,163.));
#14022=CARTESIAN_POINT('',(-15.273419380188,23.1686248779297,163.));
#14023=CARTESIAN_POINT('',(-20.0893630981445,30.4740467071533,163.));
#14024=CARTESIAN_POINT('',(-15.273419380188,23.1686248779297,163.));
#14025=CARTESIAN_POINT('',(-9.961838722229,16.1790542602539,163.));
#14026=CARTESIAN_POINT('',(-20.0893630981445,30.4740467071533,163.));
#14027=CARTESIAN_POINT('',(-35.7749481201172,40.449390411377,163.));
#14028=CARTESIAN_POINT('',(-35.7749481201172,40.449390411377,163.));
#14029=CARTESIAN_POINT('',(-45.6361808776855,28.8676090240479,163.));
#14030=CARTESIAN_POINT('',(-45.6361808776855,28.8676090240479,163.));
#14031=CARTESIAN_POINT('',(-33.2827568054199,14.9835977554321,163.));
#14032=CARTESIAN_POINT('',(-45.6361808776855,28.8676090240479,163.));
#14033=CARTESIAN_POINT('',(-51.8669166564941,15.0274105072021,163.));
#14034=CARTESIAN_POINT('',(-27.4745903015137,3.89991497993469,163.));
#14035=CARTESIAN_POINT('',(-26.6538314819336,7.72241926193237,163.));
#14036=CARTESIAN_POINT('',(-27.4745903015137,3.89991497993469,163.));
#14037=CARTESIAN_POINT('',(-36.1377487182617,5.12961769104004,163.));
#14038=CARTESIAN_POINT('',(-27.4745903015137,3.89991497993469,163.));
#14039=CARTESIAN_POINT('',(-18.7267017364502,3.21101570129395,163.));
#14040=CARTESIAN_POINT('',(-26.6538314819336,7.72241926193237,163.));
#14041=CARTESIAN_POINT('',(-35.0581932067871,10.157416343689,163.));
#14042=CARTESIAN_POINT('',(-26.6538314819336,7.72241926193237,163.));
#14043=CARTESIAN_POINT('',(-25.304012298584,11.3916397094727,163.));
#14044=CARTESIAN_POINT('',(-26.6538314819336,7.72241926193237,163.));
#14045=CARTESIAN_POINT('',(-17.9146709442139,6.32965612411499,163.));
#14046=CARTESIAN_POINT('',(-35.0581932067871,10.157416343689,163.));
#14047=CARTESIAN_POINT('',(-36.1377487182617,5.12961769104004,163.));
#14048=CARTESIAN_POINT('',(-35.0581932067871,10.157416343689,163.));
#14049=CARTESIAN_POINT('',(-33.2827568054199,14.9835977554321,163.));
#14050=CARTESIAN_POINT('',(-35.0581932067871,10.157416343689,163.));
#14051=CARTESIAN_POINT('',(-51.8669166564941,15.0274105072021,163.));
#14052=CARTESIAN_POINT('',(-36.1377487182617,5.12961769104004,163.));
#14053=CARTESIAN_POINT('',(-51.8669166564941,15.0274105072021,163.));
#14054=CARTESIAN_POINT('',(-25.304012298584,11.3916397094727,163.));
#14055=CARTESIAN_POINT('',(-33.2827568054199,14.9835977554321,163.));
#14056=CARTESIAN_POINT('',(-25.304012298584,11.3916397094727,163.));
#14057=CARTESIAN_POINT('',(-16.5872688293457,9.26620388031006,163.));
#14058=CARTESIAN_POINT('',(-25.304012298584,11.3916397094727,163.));
#14059=CARTESIAN_POINT('',(-17.9146709442139,6.32965612411499,163.));
#14060=CARTESIAN_POINT('',(-33.2827568054199,14.9835977554321,163.));
#14061=CARTESIAN_POINT('',(-51.8669166564941,15.0274105072021,163.));
#14062=CARTESIAN_POINT('',(-17.9146709442139,-6.32965612411499,163.));
#14063=CARTESIAN_POINT('',(-18.7267017364502,-3.21101570129395,163.));
#14064=CARTESIAN_POINT('',(-17.9146709442139,-6.32965612411499,163.));
#14065=CARTESIAN_POINT('',(-16.5872688293457,-9.26620388031006,163.));
#14066=CARTESIAN_POINT('',(-17.9146709442139,-6.32965612411499,163.));
#14067=CARTESIAN_POINT('',(-16.4231243133545,-9.55410957336426,164.16667175293));
#14068=CARTESIAN_POINT('',(-17.9146709442139,-6.32965612411499,163.));
#14069=CARTESIAN_POINT('',(-19.,-2.32682894050248E-15,164.16667175293));
#14070=CARTESIAN_POINT('',(-18.7267017364502,-3.21101570129395,163.));
#14071=CARTESIAN_POINT('',(-19.,0.,163.));
#14072=CARTESIAN_POINT('',(-18.7267017364502,-3.21101570129395,163.));
#14073=CARTESIAN_POINT('',(-19.,-2.32682894050248E-15,164.16667175293));
#14074=CARTESIAN_POINT('',(-16.5872688293457,-9.26620388031006,163.));
#14075=CARTESIAN_POINT('',(-14.7826795578003,-11.9361801147461,163.));
#14076=CARTESIAN_POINT('',(-16.5872688293457,-9.26620388031006,163.));
#14077=CARTESIAN_POINT('',(-16.4231243133545,-9.55410957336426,164.16667175293));
#14078=CARTESIAN_POINT('',(-14.7826795578003,-11.9361801147461,163.));
#14079=CARTESIAN_POINT('',(-12.5528202056885,-14.2627735137939,163.));
#14080=CARTESIAN_POINT('',(-14.7826795578003,-11.9361801147461,163.));
#14081=CARTESIAN_POINT('',(-16.4231243133545,-9.55410957336426,164.16667175293));
#14082=CARTESIAN_POINT('',(-9.961838722229,-16.1790542602539,163.));
#14083=CARTESIAN_POINT('',(-12.5528202056885,-14.2627735137939,163.));
#14084=CARTESIAN_POINT('',(-9.961838722229,-16.1790542602539,163.));
#14085=CARTESIAN_POINT('',(-7.08427286148071,-17.6298923492432,163.));
#14086=CARTESIAN_POINT('',(-9.961838722229,-16.1790542602539,163.));
#14087=CARTESIAN_POINT('',(-9.39147281646729,-16.5166664123535,164.16667175293));
#14088=CARTESIAN_POINT('',(-12.5528202056885,-14.2627735137939,163.));
#14089=CARTESIAN_POINT('',(-16.4231243133545,-9.55410957336426,164.16667175293));
#14090=CARTESIAN_POINT('',(-12.5528202056885,-14.2627735137939,163.));
#14091=CARTESIAN_POINT('',(-9.39147281646729,-16.5166664123535,164.16667175293));
#14092=CARTESIAN_POINT('',(-19.,0.,163.));
#14093=CARTESIAN_POINT('',(-18.7267017364502,3.21101570129395,163.));
#14094=CARTESIAN_POINT('',(-19.,0.,163.));
#14095=CARTESIAN_POINT('',(-19.,-2.32682894050248E-15,164.16667175293));
#14096=CARTESIAN_POINT('',(-4.00290632247925,-18.5735492706299,163.));
#14097=CARTESIAN_POINT('',(-7.08427286148071,-17.6298923492432,163.));
#14098=CARTESIAN_POINT('',(-4.00290632247925,-18.5735492706299,163.));
#14099=CARTESIAN_POINT('',(-0.806382834911346,-18.9828796386719,163.));
#14100=CARTESIAN_POINT('',(-4.00290632247925,-18.5735492706299,163.));
#14101=CARTESIAN_POINT('',(-9.39147281646729,-16.5166664123535,164.16667175293));
#14102=CARTESIAN_POINT('',(-4.00290632247925,-18.5735492706299,163.));
#14103=CARTESIAN_POINT('',(0.187616989016533,-18.9990730285645,164.16667175293));
#14104=CARTESIAN_POINT('',(-7.08427286148071,-17.6298923492432,163.));
#14105=CARTESIAN_POINT('',(-9.39147281646729,-16.5166664123535,164.16667175293));
#14106=CARTESIAN_POINT('',(5.56363248825073,-18.1671676635742,163.));
#14107=CARTESIAN_POINT('',(2.41333866119385,-18.8461074829102,163.));
#14108=CARTESIAN_POINT('',(5.56363248825073,-18.1671676635742,163.));
#14109=CARTESIAN_POINT('',(8.55387115478516,-16.9655914306641,163.));
#14110=CARTESIAN_POINT('',(5.56363248825073,-18.1671676635742,163.));
#14111=CARTESIAN_POINT('',(0.187616989016533,-18.9990730285645,164.16667175293));
#14112=CARTESIAN_POINT('',(5.56363248825073,-18.1671676635742,163.));
#14113=CARTESIAN_POINT('',(9.71581554412842,-16.3279800415039,164.16667175293));
#14114=CARTESIAN_POINT('',(2.41333866119385,-18.8461074829102,163.));
#14115=CARTESIAN_POINT('',(-0.806382834911346,-18.9828796386719,163.));
#14116=CARTESIAN_POINT('',(2.41333866119385,-18.8461074829102,163.));
#14117=CARTESIAN_POINT('',(0.187616989016533,-18.9990730285645,164.16667175293));
#14118=CARTESIAN_POINT('',(-0.806382834911346,-18.9828796386719,163.));
#14119=CARTESIAN_POINT('',(0.187616989016533,-18.9990730285645,164.16667175293));
#14120=CARTESIAN_POINT('',(8.55387115478516,-16.9655914306641,163.));
#14121=CARTESIAN_POINT('',(11.2980298995972,-15.2759456634521,163.));
#14122=CARTESIAN_POINT('',(8.55387115478516,-16.9655914306641,163.));
#14123=CARTESIAN_POINT('',(9.71581554412842,-16.3279800415039,164.16667175293));
#14124=CARTESIAN_POINT('',(11.2980298995972,-15.2759456634521,163.));
#14125=CARTESIAN_POINT('',(13.7171659469604,-13.1468381881714,163.));
#14126=CARTESIAN_POINT('',(11.2980298995972,-15.2759456634521,163.));
#14127=CARTESIAN_POINT('',(9.71581554412842,-16.3279800415039,164.16667175293));
#14128=CARTESIAN_POINT('',(15.7416830062866,-10.6395206451416,163.));
#14129=CARTESIAN_POINT('',(13.7171659469604,-13.1468381881714,163.));
#14130=CARTESIAN_POINT('',(15.7416830062866,-10.6395206451416,163.));
#14131=CARTESIAN_POINT('',(17.3133411407471,-7.82612371444702,163.));
#14132=CARTESIAN_POINT('',(15.7416830062866,-10.6395206451416,163.));
#14133=CARTESIAN_POINT('',(16.5166664123535,-9.39147281646729,164.16667175293));
#14134=CARTESIAN_POINT('',(13.7171659469604,-13.1468381881714,163.));
#14135=CARTESIAN_POINT('',(9.71581554412842,-16.3279800415039,164.16667175293));
#14136=CARTESIAN_POINT('',(13.7171659469604,-13.1468381881714,163.));
#14137=CARTESIAN_POINT('',(16.5166664123535,-9.39147281646729,164.16667175293));
#14138=CARTESIAN_POINT('',(18.386926651001,-4.78758335113525,163.));
#14139=CARTESIAN_POINT('',(17.3133411407471,-7.82612371444702,163.));
#14140=CARTESIAN_POINT('',(18.386926651001,-4.78758335113525,163.));
#14141=CARTESIAN_POINT('',(18.9315528869629,-1.61131250858307,163.));
#14142=CARTESIAN_POINT('',(18.386926651001,-4.78758335113525,163.));
#14143=CARTESIAN_POINT('',(16.5166664123535,-9.39147281646729,164.16667175293));
#14144=CARTESIAN_POINT('',(18.386926651001,-4.78758335113525,163.));
#14145=CARTESIAN_POINT('',(19.,0.,164.16667175293));
#14146=CARTESIAN_POINT('',(17.3133411407471,-7.82612371444702,163.));
#14147=CARTESIAN_POINT('',(16.5166664123535,-9.39147281646729,164.16667175293));
#14148=CARTESIAN_POINT('',(18.9315528869629,-1.61131250858307,163.));
#14149=CARTESIAN_POINT('',(18.9315528869629,1.61131250858307,163.));
#14150=CARTESIAN_POINT('',(18.9315528869629,-1.61131250858307,163.));
#14151=CARTESIAN_POINT('',(19.,0.,164.16667175293));
#14152=CARTESIAN_POINT('',(18.9315528869629,1.61131250858307,163.));
#14153=CARTESIAN_POINT('',(18.386926651001,4.78758335113525,163.));
#14154=CARTESIAN_POINT('',(18.9315528869629,1.61131250858307,163.));
#14155=CARTESIAN_POINT('',(19.,0.,164.16667175293));
#14156=CARTESIAN_POINT('',(17.3133411407471,7.82612371444702,163.));
#14157=CARTESIAN_POINT('',(18.386926651001,4.78758335113525,163.));
#14158=CARTESIAN_POINT('',(17.3133411407471,7.82612371444702,163.));
#14159=CARTESIAN_POINT('',(15.7416830062866,10.6395206451416,163.));
#14160=CARTESIAN_POINT('',(17.3133411407471,7.82612371444702,163.));
#14161=CARTESIAN_POINT('',(16.4231243133545,9.55410957336426,164.16667175293));
#14162=CARTESIAN_POINT('',(18.386926651001,4.78758335113525,163.));
#14163=CARTESIAN_POINT('',(19.,0.,164.16667175293));
#14164=CARTESIAN_POINT('',(13.7171659469604,13.1468381881714,163.));
#14165=CARTESIAN_POINT('',(15.7416830062866,10.6395206451416,163.));
#14166=CARTESIAN_POINT('',(13.7171659469604,13.1468381881714,163.));
#14167=CARTESIAN_POINT('',(11.2980298995972,15.2759456634521,163.));
#14168=CARTESIAN_POINT('',(13.7171659469604,13.1468381881714,163.));
#14169=CARTESIAN_POINT('',(16.4231243133545,9.55410957336426,164.16667175293));
#14170=CARTESIAN_POINT('',(13.7171659469604,13.1468381881714,163.));
#14171=CARTESIAN_POINT('',(9.39147281646729,16.5166664123535,164.16667175293));
#14172=CARTESIAN_POINT('',(15.7416830062866,10.6395206451416,163.));
#14173=CARTESIAN_POINT('',(16.4231243133545,9.55410957336426,164.16667175293));
#14174=CARTESIAN_POINT('',(11.2980298995972,15.2759456634521,163.));
#14175=CARTESIAN_POINT('',(8.55387115478516,16.9655914306641,163.));
#14176=CARTESIAN_POINT('',(11.2980298995972,15.2759456634521,163.));
#14177=CARTESIAN_POINT('',(9.39147281646729,16.5166664123535,164.16667175293));
#14178=CARTESIAN_POINT('',(5.56363248825073,18.1671676635742,163.));
#14179=CARTESIAN_POINT('',(8.55387115478516,16.9655914306641,163.));
#14180=CARTESIAN_POINT('',(5.56363248825073,18.1671676635742,163.));
#14181=CARTESIAN_POINT('',(2.41333866119385,18.8461074829102,163.));
#14182=CARTESIAN_POINT('',(5.56363248825073,18.1671676635742,163.));
#14183=CARTESIAN_POINT('',(9.39147281646729,16.5166664123535,164.16667175293));
#14184=CARTESIAN_POINT('',(5.56363248825073,18.1671676635742,163.));
#14185=CARTESIAN_POINT('',(-0.187616989016533,18.9990730285645,164.16667175293));
#14186=CARTESIAN_POINT('',(8.55387115478516,16.9655914306641,163.));
#14187=CARTESIAN_POINT('',(9.39147281646729,16.5166664123535,164.16667175293));
#14188=CARTESIAN_POINT('',(-0.806382834911346,18.9828796386719,163.));
#14189=CARTESIAN_POINT('',(2.41333866119385,18.8461074829102,163.));
#14190=CARTESIAN_POINT('',(-0.806382834911346,18.9828796386719,163.));
#14191=CARTESIAN_POINT('',(-4.00290632247925,18.5735492706299,163.));
#14192=CARTESIAN_POINT('',(-0.806382834911346,18.9828796386719,163.));
#14193=CARTESIAN_POINT('',(-0.187616989016533,18.9990730285645,164.16667175293));
#14194=CARTESIAN_POINT('',(2.41333866119385,18.8461074829102,163.));
#14195=CARTESIAN_POINT('',(-0.187616989016533,18.9990730285645,164.16667175293));
#14196=CARTESIAN_POINT('',(-7.08427286148071,17.6298923492432,163.));
#14197=CARTESIAN_POINT('',(-4.00290632247925,18.5735492706299,163.));
#14198=CARTESIAN_POINT('',(-7.08427286148071,17.6298923492432,163.));
#14199=CARTESIAN_POINT('',(-9.961838722229,16.1790542602539,163.));
#14200=CARTESIAN_POINT('',(-7.08427286148071,17.6298923492432,163.));
#14201=CARTESIAN_POINT('',(-9.71581554412842,16.3279800415039,164.16667175293));
#14202=CARTESIAN_POINT('',(-4.00290632247925,18.5735492706299,163.));
#14203=CARTESIAN_POINT('',(-0.187616989016533,18.9990730285645,164.16667175293));
#14204=CARTESIAN_POINT('',(-9.961838722229,16.1790542602539,163.));
#14205=CARTESIAN_POINT('',(-12.5528202056885,14.2627735137939,163.));
#14206=CARTESIAN_POINT('',(-9.961838722229,16.1790542602539,163.));
#14207=CARTESIAN_POINT('',(-9.71581554412842,16.3279800415039,164.16667175293));
#14208=CARTESIAN_POINT('',(-12.5528202056885,14.2627735137939,163.));
#14209=CARTESIAN_POINT('',(-14.7826795578003,11.9361801147461,163.));
#14210=CARTESIAN_POINT('',(-12.5528202056885,14.2627735137939,163.));
#14211=CARTESIAN_POINT('',(-9.71581554412842,16.3279800415039,164.16667175293));
#14212=CARTESIAN_POINT('',(-12.5528202056885,14.2627735137939,163.));
#14213=CARTESIAN_POINT('',(-16.5166664123535,9.39147281646729,164.16667175293));
#14214=CARTESIAN_POINT('',(-14.7826795578003,11.9361801147461,163.));
#14215=CARTESIAN_POINT('',(-16.5872688293457,9.26620388031006,163.));
#14216=CARTESIAN_POINT('',(-14.7826795578003,11.9361801147461,163.));
#14217=CARTESIAN_POINT('',(-16.5166664123535,9.39147281646729,164.16667175293));
#14218=CARTESIAN_POINT('',(-16.5872688293457,9.26620388031006,163.));
#14219=CARTESIAN_POINT('',(-17.9146709442139,6.32965612411499,163.));
#14220=CARTESIAN_POINT('',(-16.5872688293457,9.26620388031006,163.));
#14221=CARTESIAN_POINT('',(-16.5166664123535,9.39147281646729,164.16667175293));
#14222=CARTESIAN_POINT('',(-18.7267017364502,3.21101570129395,163.));
#14223=CARTESIAN_POINT('',(-17.9146709442139,6.32965612411499,163.));
#14224=CARTESIAN_POINT('',(-18.7267017364502,3.21101570129395,163.));
#14225=CARTESIAN_POINT('',(-19.,-2.32682894050248E-15,164.16667175293));
#14226=CARTESIAN_POINT('',(-17.9146709442139,6.32965612411499,163.));
#14227=CARTESIAN_POINT('',(-19.,-2.32682894050248E-15,164.16667175293));
#14228=CARTESIAN_POINT('',(-17.9146709442139,6.32965612411499,163.));
#14229=CARTESIAN_POINT('',(-16.5166664123535,9.39147281646729,164.16667175293));
#14230=CARTESIAN_POINT('',(-9.39147281646729,-16.5166664123535,165.33332824707));
#14231=CARTESIAN_POINT('',(-16.4231243133545,-9.55410957336426,165.33332824707));
#14232=CARTESIAN_POINT('',(-9.39147281646729,-16.5166664123535,165.33332824707));
#14233=CARTESIAN_POINT('',(-9.39147281646729,-16.5166664123535,164.16667175293));
#14234=CARTESIAN_POINT('',(-9.39147281646729,-16.5166664123535,165.33332824707));
#14235=CARTESIAN_POINT('',(-9.39147281646729,-16.5166664123535,167.66667175293));
#14236=CARTESIAN_POINT('',(-9.39147281646729,-16.5166664123535,165.33332824707));
#14237=CARTESIAN_POINT('',(0.187616989016533,-18.9990730285645,165.33332824707));
#14238=CARTESIAN_POINT('',(-16.4231243133545,-9.55410957336426,165.33332824707));
#14239=CARTESIAN_POINT('',(-16.4231243133545,-9.55410957336426,164.16667175293));
#14240=CARTESIAN_POINT('',(-16.4231243133545,-9.55410957336426,165.33332824707));
#14241=CARTESIAN_POINT('',(-19.,-2.32682894050248E-15,165.33332824707));
#14242=CARTESIAN_POINT('',(-16.4231243133545,-9.55410957336426,165.33332824707));
#14243=CARTESIAN_POINT('',(-16.4231243133545,-9.55410957336426,167.66667175293));
#14244=CARTESIAN_POINT('',(-16.4231243133545,-9.55410957336426,164.16667175293));
#14245=CARTESIAN_POINT('',(-9.39147281646729,-16.5166664123535,164.16667175293));
#14246=CARTESIAN_POINT('',(-16.4231243133545,-9.55410957336426,164.16667175293));
#14247=CARTESIAN_POINT('',(-19.,-2.32682894050248E-15,164.16667175293));
#14248=CARTESIAN_POINT('',(-9.39147281646729,-16.5166664123535,164.16667175293));
#14249=CARTESIAN_POINT('',(0.187616989016533,-18.9990730285645,164.16667175293));
#14250=CARTESIAN_POINT('',(-19.,-2.32682894050248E-15,165.33332824707));
#14251=CARTESIAN_POINT('',(-19.,-2.32682894050248E-15,164.16667175293));
#14252=CARTESIAN_POINT('',(-19.,-2.32682894050248E-15,165.33332824707));
#14253=CARTESIAN_POINT('',(-19.,-2.32682894050248E-15,167.66667175293));
#14254=CARTESIAN_POINT('',(-19.,-2.32682894050248E-15,165.33332824707));
#14255=CARTESIAN_POINT('',(-16.5166664123535,9.39147281646729,165.33332824707));
#14256=CARTESIAN_POINT('',(-19.,-2.32682894050248E-15,164.16667175293));
#14257=CARTESIAN_POINT('',(-16.5166664123535,9.39147281646729,164.16667175293));
#14258=CARTESIAN_POINT('',(-16.4231243133545,-9.55410957336426,167.66667175293));
#14259=CARTESIAN_POINT('',(-19.,-2.32682894050248E-15,167.66667175293));
#14260=CARTESIAN_POINT('',(-16.4231243133545,-9.55410957336426,167.66667175293));
#14261=CARTESIAN_POINT('',(-9.39147281646729,-16.5166664123535,167.66667175293));
#14262=CARTESIAN_POINT('',(-16.4231243133545,-9.55410957336426,167.66667175293));
#14263=CARTESIAN_POINT('',(-16.4231243133545,-9.55410957336426,168.83332824707));
#14264=CARTESIAN_POINT('',(-19.,-2.32682894050248E-15,167.66667175293));
#14265=CARTESIAN_POINT('',(-19.,2.32682894050248E-15,168.83332824707));
#14266=CARTESIAN_POINT('',(-19.,-2.32682894050248E-15,167.66667175293));
#14267=CARTESIAN_POINT('',(-16.5166664123535,9.39147281646729,167.66667175293));
#14268=CARTESIAN_POINT('',(-9.39147281646729,-16.5166664123535,167.66667175293));
#14269=CARTESIAN_POINT('',(-9.39147281646729,-16.5166664123535,168.83332824707));
#14270=CARTESIAN_POINT('',(-9.39147281646729,-16.5166664123535,167.66667175293));
#14271=CARTESIAN_POINT('',(0.187616989016533,-18.9990730285645,167.66667175293));
#14272=CARTESIAN_POINT('',(-16.4231243133545,-9.55410957336426,168.83332824707));
#14273=CARTESIAN_POINT('',(-19.,2.32682894050248E-15,168.83332824707));
#14274=CARTESIAN_POINT('',(-16.4231243133545,-9.55410957336426,168.83332824707));
#14275=CARTESIAN_POINT('',(-9.39147281646729,-16.5166664123535,168.83332824707));
#14276=CARTESIAN_POINT('',(-19.,2.32682894050248E-15,168.83332824707));
#14277=CARTESIAN_POINT('',(-16.5166664123535,9.39147281646729,168.83332824707));
#14278=CARTESIAN_POINT('',(-9.39147281646729,-16.5166664123535,168.83332824707));
#14279=CARTESIAN_POINT('',(0.187616989016533,-18.9990730285645,168.83332824707));
#14280=CARTESIAN_POINT('',(9.71581554412842,-16.3279800415039,165.33332824707));
#14281=CARTESIAN_POINT('',(0.187616989016533,-18.9990730285645,165.33332824707));
#14282=CARTESIAN_POINT('',(9.71581554412842,-16.3279800415039,165.33332824707));
#14283=CARTESIAN_POINT('',(9.71581554412842,-16.3279800415039,164.16667175293));
#14284=CARTESIAN_POINT('',(9.71581554412842,-16.3279800415039,165.33332824707));
#14285=CARTESIAN_POINT('',(9.71581554412842,-16.3279800415039,167.66667175293));
#14286=CARTESIAN_POINT('',(9.71581554412842,-16.3279800415039,165.33332824707));
#14287=CARTESIAN_POINT('',(16.5166664123535,-9.39147281646729,165.33332824707));
#14288=CARTESIAN_POINT('',(0.187616989016533,-18.9990730285645,165.33332824707));
#14289=CARTESIAN_POINT('',(0.187616989016533,-18.9990730285645,164.16667175293));
#14290=CARTESIAN_POINT('',(0.187616989016533,-18.9990730285645,165.33332824707));
#14291=CARTESIAN_POINT('',(0.187616989016533,-18.9990730285645,167.66667175293));
#14292=CARTESIAN_POINT('',(0.187616989016533,-18.9990730285645,164.16667175293));
#14293=CARTESIAN_POINT('',(9.71581554412842,-16.3279800415039,164.16667175293));
#14294=CARTESIAN_POINT('',(9.71581554412842,-16.3279800415039,164.16667175293));
#14295=CARTESIAN_POINT('',(16.5166664123535,-9.39147281646729,164.16667175293));
#14296=CARTESIAN_POINT('',(0.187616989016533,-18.9990730285645,167.66667175293));
#14297=CARTESIAN_POINT('',(9.71581554412842,-16.3279800415039,167.66667175293));
#14298=CARTESIAN_POINT('',(0.187616989016533,-18.9990730285645,167.66667175293));
#14299=CARTESIAN_POINT('',(0.187616989016533,-18.9990730285645,168.83332824707));
#14300=CARTESIAN_POINT('',(9.71581554412842,-16.3279800415039,167.66667175293));
#14301=CARTESIAN_POINT('',(9.71581554412842,-16.3279800415039,168.83332824707));
#14302=CARTESIAN_POINT('',(9.71581554412842,-16.3279800415039,167.66667175293));
#14303=CARTESIAN_POINT('',(16.5166664123535,-9.39147281646729,167.66667175293));
#14304=CARTESIAN_POINT('',(0.187616989016533,-18.9990730285645,168.83332824707));
#14305=CARTESIAN_POINT('',(9.71581554412842,-16.3279800415039,168.83332824707));
#14306=CARTESIAN_POINT('',(9.71581554412842,-16.3279800415039,168.83332824707));
#14307=CARTESIAN_POINT('',(16.5166664123535,-9.39147281646729,168.83332824707));
#14308=CARTESIAN_POINT('',(19.,0.,165.33332824707));
#14309=CARTESIAN_POINT('',(16.5166664123535,-9.39147281646729,165.33332824707));
#14310=CARTESIAN_POINT('',(19.,0.,165.33332824707));
#14311=CARTESIAN_POINT('',(19.,0.,164.16667175293));
#14312=CARTESIAN_POINT('',(19.,0.,165.33332824707));
#14313=CARTESIAN_POINT('',(19.,0.,167.66667175293));
#14314=CARTESIAN_POINT('',(19.,0.,165.33332824707));
#14315=CARTESIAN_POINT('',(16.4231243133545,9.55410957336426,165.33332824707));
#14316=CARTESIAN_POINT('',(16.5166664123535,-9.39147281646729,165.33332824707));
#14317=CARTESIAN_POINT('',(16.5166664123535,-9.39147281646729,164.16667175293));
#14318=CARTESIAN_POINT('',(16.5166664123535,-9.39147281646729,165.33332824707));
#14319=CARTESIAN_POINT('',(16.5166664123535,-9.39147281646729,167.66667175293));
#14320=CARTESIAN_POINT('',(16.5166664123535,-9.39147281646729,164.16667175293));
#14321=CARTESIAN_POINT('',(19.,0.,164.16667175293));
#14322=CARTESIAN_POINT('',(19.,0.,164.16667175293));
#14323=CARTESIAN_POINT('',(16.4231243133545,9.55410957336426,164.16667175293));
#14324=CARTESIAN_POINT('',(16.5166664123535,-9.39147281646729,167.66667175293));
#14325=CARTESIAN_POINT('',(19.,0.,167.66667175293));
#14326=CARTESIAN_POINT('',(16.5166664123535,-9.39147281646729,167.66667175293));
#14327=CARTESIAN_POINT('',(16.5166664123535,-9.39147281646729,168.83332824707));
#14328=CARTESIAN_POINT('',(19.,0.,167.66667175293));
#14329=CARTESIAN_POINT('',(19.,0.,168.83332824707));
#14330=CARTESIAN_POINT('',(19.,0.,167.66667175293));
#14331=CARTESIAN_POINT('',(16.4231243133545,9.55410957336426,167.66667175293));
#14332=CARTESIAN_POINT('',(16.5166664123535,-9.39147281646729,168.83332824707));
#14333=CARTESIAN_POINT('',(19.,0.,168.83332824707));
#14334=CARTESIAN_POINT('',(19.,0.,168.83332824707));
#14335=CARTESIAN_POINT('',(16.4231243133545,9.55410957336426,168.83332824707));
#14336=CARTESIAN_POINT('',(9.39147281646729,16.5166664123535,165.33332824707));
#14337=CARTESIAN_POINT('',(16.4231243133545,9.55410957336426,165.33332824707));
#14338=CARTESIAN_POINT('',(9.39147281646729,16.5166664123535,165.33332824707));
#14339=CARTESIAN_POINT('',(9.39147281646729,16.5166664123535,164.16667175293));
#14340=CARTESIAN_POINT('',(9.39147281646729,16.5166664123535,165.33332824707));
#14341=CARTESIAN_POINT('',(9.39147281646729,16.5166664123535,167.66667175293));
#14342=CARTESIAN_POINT('',(9.39147281646729,16.5166664123535,165.33332824707));
#14343=CARTESIAN_POINT('',(-0.187616989016533,18.9990730285645,165.33332824707));
#14344=CARTESIAN_POINT('',(16.4231243133545,9.55410957336426,165.33332824707));
#14345=CARTESIAN_POINT('',(16.4231243133545,9.55410957336426,164.16667175293));
#14346=CARTESIAN_POINT('',(16.4231243133545,9.55410957336426,165.33332824707));
#14347=CARTESIAN_POINT('',(16.4231243133545,9.55410957336426,167.66667175293));
#14348=CARTESIAN_POINT('',(16.4231243133545,9.55410957336426,164.16667175293));
#14349=CARTESIAN_POINT('',(9.39147281646729,16.5166664123535,164.16667175293));
#14350=CARTESIAN_POINT('',(9.39147281646729,16.5166664123535,164.16667175293));
#14351=CARTESIAN_POINT('',(-0.187616989016533,18.9990730285645,164.16667175293));
#14352=CARTESIAN_POINT('',(16.4231243133545,9.55410957336426,167.66667175293));
#14353=CARTESIAN_POINT('',(9.39147281646729,16.5166664123535,167.66667175293));
#14354=CARTESIAN_POINT('',(16.4231243133545,9.55410957336426,167.66667175293));
#14355=CARTESIAN_POINT('',(16.4231243133545,9.55410957336426,168.83332824707));
#14356=CARTESIAN_POINT('',(9.39147281646729,16.5166664123535,167.66667175293));
#14357=CARTESIAN_POINT('',(9.39147281646729,16.5166664123535,168.83332824707));
#14358=CARTESIAN_POINT('',(9.39147281646729,16.5166664123535,167.66667175293));
#14359=CARTESIAN_POINT('',(-0.187616989016533,18.9990730285645,167.66667175293));
#14360=CARTESIAN_POINT('',(16.4231243133545,9.55410957336426,168.83332824707));
#14361=CARTESIAN_POINT('',(9.39147281646729,16.5166664123535,168.83332824707));
#14362=CARTESIAN_POINT('',(9.39147281646729,16.5166664123535,168.83332824707));
#14363=CARTESIAN_POINT('',(-0.187616989016533,18.9990730285645,168.83332824707));
#14364=CARTESIAN_POINT('',(-9.71581554412842,16.3279800415039,165.33332824707));
#14365=CARTESIAN_POINT('',(-0.187616989016533,18.9990730285645,165.33332824707));
#14366=CARTESIAN_POINT('',(-9.71581554412842,16.3279800415039,165.33332824707));
#14367=CARTESIAN_POINT('',(-9.71581554412842,16.3279800415039,164.16667175293));
#14368=CARTESIAN_POINT('',(-9.71581554412842,16.3279800415039,165.33332824707));
#14369=CARTESIAN_POINT('',(-9.71581554412842,16.3279800415039,167.66667175293));
#14370=CARTESIAN_POINT('',(-9.71581554412842,16.3279800415039,165.33332824707));
#14371=CARTESIAN_POINT('',(-16.5166664123535,9.39147281646729,165.33332824707));
#14372=CARTESIAN_POINT('',(-0.187616989016533,18.9990730285645,165.33332824707));
#14373=CARTESIAN_POINT('',(-0.187616989016533,18.9990730285645,164.16667175293));
#14374=CARTESIAN_POINT('',(-0.187616989016533,18.9990730285645,165.33332824707));
#14375=CARTESIAN_POINT('',(-0.187616989016533,18.9990730285645,167.66667175293));
#14376=CARTESIAN_POINT('',(-0.187616989016533,18.9990730285645,164.16667175293));
#14377=CARTESIAN_POINT('',(-9.71581554412842,16.3279800415039,164.16667175293));
#14378=CARTESIAN_POINT('',(-9.71581554412842,16.3279800415039,164.16667175293));
#14379=CARTESIAN_POINT('',(-16.5166664123535,9.39147281646729,164.16667175293));
#14380=CARTESIAN_POINT('',(-0.187616989016533,18.9990730285645,167.66667175293));
#14381=CARTESIAN_POINT('',(-9.71581554412842,16.3279800415039,167.66667175293));
#14382=CARTESIAN_POINT('',(-0.187616989016533,18.9990730285645,167.66667175293));
#14383=CARTESIAN_POINT('',(-0.187616989016533,18.9990730285645,168.83332824707));
#14384=CARTESIAN_POINT('',(-9.71581554412842,16.3279800415039,167.66667175293));
#14385=CARTESIAN_POINT('',(-9.71581554412842,16.3279800415039,168.83332824707));
#14386=CARTESIAN_POINT('',(-9.71581554412842,16.3279800415039,167.66667175293));
#14387=CARTESIAN_POINT('',(-16.5166664123535,9.39147281646729,167.66667175293));
#14388=CARTESIAN_POINT('',(-0.187616989016533,18.9990730285645,168.83332824707));
#14389=CARTESIAN_POINT('',(-9.71581554412842,16.3279800415039,168.83332824707));
#14390=CARTESIAN_POINT('',(-9.71581554412842,16.3279800415039,168.83332824707));
#14391=CARTESIAN_POINT('',(-16.5166664123535,9.39147281646729,168.83332824707));
#14392=CARTESIAN_POINT('',(-16.5166664123535,9.39147281646729,165.33332824707));
#14393=CARTESIAN_POINT('',(-16.5166664123535,9.39147281646729,164.16667175293));
#14394=CARTESIAN_POINT('',(-16.5166664123535,9.39147281646729,165.33332824707));
#14395=CARTESIAN_POINT('',(-16.5166664123535,9.39147281646729,167.66667175293));
#14396=CARTESIAN_POINT('',(-16.5166664123535,9.39147281646729,167.66667175293));
#14397=CARTESIAN_POINT('',(-16.5166664123535,9.39147281646729,168.83332824707));
#14398=CARTESIAN_POINT('',(0.,0.,0.));
ENDSEC;
END-ISO-10303-21;
