timestamp,elapsed_s,state_name,frame,tool_name,j1,j2,j3,j4,j5,j6,j7,tcp_x,tcp_y,tcp_z,tcp_rx,tcp_ry,tcp_rz
2026-09-03T13:39:46.031,124.358,TransportState,,,0.0000,-50.0000,15.0000,0.0000,-15.0000,-90.0000,0.0000,0.00,0.00,0.00,0.0000,0.0000,0.0000
2026-09-03T13:39:46.369,124.696,MoveOnRailOptimizationApproachMachine1State,OptimizationApproachMachine1,,0.0000,-50.0000,15.0000,0.0000,-15.0000,-90.0000,0.0000,0.00,0.00,0.00,0.0000,0.0000,0.0000
2026-09-03T13:39:46.800,125.127,OpenMachine1FrontDoorState1,,,0.0000,-50.0000,15.0000,0.0000,-15.0000,-90.0000,0.0000,0.00,0.00,0.00,0.0000,0.0000,0.0000
2026-09-03T13:39:47.702,126.029,ApproachMachine1OilFrontState1,ApproachMachine1OilFront,MaintenanceGripper,27.1264,4.5183,-4.9787,114.2170,62.2748,-125.5002,0.0000,0.00,0.00,0.00,0.0000,0.0000,0.0000
2026-09-03T13:39:49.741,128.068,ApproachMachine1OilFrontUpState2,ApproachMachine1OilFrontUp,MaintenanceGripper,91.1548,4.5478,-61.7607,18.3818,51.0132,-90.9609,0.0000,0.00,0.00,0.00,0.0000,0.0000,0.0000
2026-09-03T13:39:49.804,128.131,StartOilingState,,,91.1548,4.5478,-61.7607,18.3818,51.0132,-90.9609,0.0000,0.00,0.00,0.00,0.0000,0.0000,0.0000
2026-09-03T13:39:50.142,128.469,ApproachMachine1Oil1StartState2,ApproachMachine1Oil1Start,MaintenanceGripper,94.9587,13.5637,-65.5235,31.5973,67.2621,-83.4438,0.0000,0.00,0.00,0.00,0.0000,0.0000,0.0000
2026-09-03T13:39:50.560,128.887,Machine1Oil1StartState2,Machine1Oil1Start,MaintenanceGripper,94.9440,14.2204,-65.9912,31.5112,67.6638,-83.1843,0.0000,0.00,0.00,0.00,0.0000,0.0000,0.0000
2026-09-03T13:39:52.257,130.583,Machine1Oil1EndState2,Machine1Oil1End,MaintenanceGripper,99.8423,61.5182,-38.5229,-9.0237,36.5428,-58.2606,0.0000,0.00,0.00,0.00,0.0000,0.0000,0.0000
2026-09-03T13:39:52.483,130.809,ApproachMachine1Oil1EndState2,ApproachMachine1Oil1End,MaintenanceGripper,99.8677,61.2199,-38.3145,-9.1106,36.3402,-58.1722,0.0000,0.00,0.00,0.00,0.0000,0.0000,0.0000
2026-09-03T13:39:52.777,131.104,ApproachMachine1Oil2StartState2,ApproachMachine1Oil2Start,MaintenanceGripper,98.6114,61.2003,-37.9184,-4.2261,33.6835,-63.0678,0.0000,0.00,0.00,0.00,0.0000,0.0000,0.0000
2026-09-03T13:39:53.031,131.358,Machine1Oil2StartState2,Machine1Oil2Start,MaintenanceGripper,98.5898,61.4805,-38.1374,-4.1636,33.9007,-63.1270,0.0000,0.00,0.00,0.00,0.0000,0.0000,0.0000
2026-09-03T13:39:53.761,132.087,Machine1Oil2EndState2,Machine1Oil2End,MaintenanceGripper,94.3140,10.5727,-63.5635,33.2582,62.7487,-80.5330,0.0000,0.00,0.00,0.00,0.0000,0.0000,0.0000
2026-09-03T13:39:53.955,132.282,ApproachMachine1Oil2EndState2,ApproachMachine1Oil2End,MaintenanceGripper,94.3671,9.9291,-63.0831,33.3375,62.3340,-80.8078,0.0000,0.00,0.00,0.00,0.0000,0.0000,0.0000
2026-09-03T13:39:54.220,132.547,ApproachMachine1Oil3StartState2,ApproachMachine1Oil3Start,MaintenanceGripper,96.1128,-2.2911,-52.3727,32.1921,40.1771,-68.1015,0.0000,0.00,0.00,0.00,0.0000,0.0000,0.0000
2026-09-03T13:39:54.464,132.791,Machine1Oil3StartState2,Machine1Oil3Start,MaintenanceGripper,96.3620,-3.7696,-53.3476,31.2448,40.9273,-67.1162,0.0000,0.00,0.00,0.00,0.0000,0.0000,0.0000
2026-09-03T13:39:55.058,133.384,Machine1Oil3EndState2,Machine1Oil3End,MaintenanceGripper,97.5926,58.9586,-35.3906,0.3518,28.3911,-44.3433,0.0000,0.00,0.00,0.00,0.0000,0.0000,0.0000
2026-09-03T13:39:55.295,133.621,ApproachMachine1Oil3EndState2,ApproachMachine1Oil3End,MaintenanceGripper,97.5914,58.3615,-35.0025,0.3587,28.0030,-44.3503,0.0000,0.00,0.00,0.00,0.0000,0.0000,0.0000
2026-09-03T13:39:55.570,133.897,ApproachMachine1Oil4StartState2,ApproachMachine1Oil4Start,MaintenanceGripper,96.7171,58.7053,-34.7156,6.3797,27.4728,-46.3459,0.0000,0.00,0.00,0.00,0.0000,0.0000,0.0000
2026-09-03T13:39:55.722,134.049,Machine1Oil4StartState2,Machine1Oil4Start,MaintenanceGripper,96.7072,58.9994,-34.9108,6.3595,27.6677,-46.3168,0.0000,0.00,0.00,0.00,0.0000,0.0000,0.0000
2026-09-03T13:39:56.410,134.737,Machine1Oil4EndState2,Machine1Oil4End,MaintenanceGripper,97.6793,-7.2058,-51.1693,27.3827,36.7726,-58.2515,0.0000,0.00,0.00,0.00,0.0000,0.0000,0.0000
2026-09-03T13:39:56.599,134.926,ApproachMachine1Oil4EndState2,ApproachMachine1Oil4End,MaintenanceGripper,97.7183,-7.6991,-50.6678,27.6357,36.3165,-58.6039,0.0000,0.00,0.00,0.00,0.0000,0.0000,0.0000
2026-09-03T13:39:56.813,135.139,ApproachMachine1Oil5StartState2,ApproachMachine1Oil5Start,MaintenanceGripper,93.6169,-1.9313,-54.9877,40.4132,53.8866,-49.2941,0.0000,0.00,0.00,0.00,0.0000,0.0000,0.0000
2026-09-03T13:39:58.333,136.660,Machine1Oil5StartState2,Machine1Oil5Start,MaintenanceGripper,93.6123,-1.2956,-55.5131,40.1723,54.2891,-48.8770,0.0000,0.00,0.00,0.00,0.0000,0.0000,0.0000
2026-09-03T13:39:59.590,137.917,Machine1Oil5EndState2,Machine1Oil5End,MaintenanceGripper,98.5115,57.4735,-32.9546,-2.8657,23.3762,-23.5794,0.0000,0.00,0.00,0.00,0.0000,0.0000,0.0000
2026-09-03T13:39:59.776,138.103,ApproachMachine1Oil5EndState2,ApproachMachine1Oil5End,MaintenanceGripper,98.5186,57.2162,-32.7246,-2.9104,23.1467,-23.5349,0.0000,0.00,0.00,0.00,0.0000,0.0000,0.0000
2026-09-03T13:39:59.974,138.301,ApproachMachine1Oil6StartState2,ApproachMachine1Oil6Start,MaintenanceGripper,98.1881,57.0953,-32.7325,-2.0833,23.1421,-24.2406,0.0000,0.00,0.00,0.00,0.0000,0.0000,0.0000
2026-09-03T13:40:00.225,138.552,Machine1Oil6StartState2,Machine1Oil6Start,MaintenanceGripper,98.1809,57.3524,-32.9628,-2.0461,23.3721,-24.2768,0.0000,0.00,0.00,0.00,0.0000,0.0000,0.0000
2026-09-03T13:40:00.865,139.191,Machine1Oil6EndState2,Machine1Oil6End,MaintenanceGripper,92.9932,-1.2413,-55.5571,40.8526,54.5492,-49.1696,0.0000,0.00,0.00,0.00,0.0000,0.0000,0.0000
2026-09-03T13:40:01.012,139.339,ApproachMachine1Oil6EndState2,ApproachMachine1Oil6End,MaintenanceGripper,92.9977,-1.8774,-55.0317,41.0946,54.1509,-49.5911,0.0000,0.00,0.00,0.00,0.0000,0.0000,0.0000
2026-09-03T13:40:01.225,139.552,ApproachMachine1Oil7StartState2,ApproachMachine1Oil7Start,MaintenanceGripper,92.3899,-1.8382,-55.1919,41.7043,54.5009,-49.7818,0.0000,0.00,0.00,0.00,0.0000,0.0000,0.0000
2026-09-03T13:40:01.539,139.866,Machine1Oil7StartState2,Machine1Oil7Start,MaintenanceGripper,92.3854,-1.1989,-55.7186,41.4618,54.8966,-49.3558,0.0000,0.00,0.00,0.00,0.0000,0.0000,0.0000
2026-09-03T13:40:02.214,140.541,Machine1Oil7EndState2,Machine1Oil7End,MaintenanceGripper,97.8657,57.1858,-33.2246,-1.2496,23.6261,-24.9577,0.0000,0.00,0.00,0.00,0.0000,0.0000,0.0000
2026-09-03T13:40:02.473,140.800,ApproachMachine1Oil7EndState2,ApproachMachine1Oil7End,MaintenanceGripper,97.8730,56.9270,-32.9944,-1.2791,23.3961,-24.9298,0.0000,0.00,0.00,0.00,0.0000,0.0000,0.0000
2026-09-03T13:40:02.690,141.017,ApproachMachine1Oil8StartState2,ApproachMachine1Oil8Start,MaintenanceGripper,97.5118,57.0215,-33.0902,-0.3835,23.4868,-25.6918,0.0000,0.00,0.00,0.00,0.0000,0.0000,0.0000
2026-09-03T13:40:02.905,141.232,Machine1Oil8StartState2,Machine1Oil8Start,MaintenanceGripper,97.5045,57.2814,-33.3198,-0.3621,23.7163,-25.7108,0.0000,0.00,0.00,0.00,0.0000,0.0000,0.0000
2026-09-03T13:40:03.608,141.935,Machine1Oil8EndState2,Machine1Oil8End,MaintenanceGripper,91.6576,-1.0414,-55.8758,42.2035,55.2852,-49.6004,0.0000,0.00,0.00,0.00,0.0000,0.0000,0.0000
2026-09-03T13:40:03.817,142.143,ApproachMachine1Oil8EndState2,ApproachMachine1Oil8End,MaintenanceGripper,91.6621,-1.6824,-55.3491,42.4460,54.8941,-50.0306,0.0000,0.00,0.00,0.00,0.0000,0.0000,0.0000
2026-09-03T13:40:04.139,142.466,ApproachMachine1OilFrontUpState2,ApproachMachine1OilFrontUp,MaintenanceGripper,91.1548,4.5478,-61.7607,18.3818,51.0132,-90.9609,0.0000,0.00,0.00,0.00,0.0000,0.0000,0.0000
2026-09-03T13:40:04.685,143.012,ApproachMachine1OilFrontDownState2,ApproachMachine1OilFrontDown,MaintenanceGripper,88.6903,6.0285,-62.6730,31.6833,45.8129,-97.6588,0.0000,0.00,0.00,0.00,0.0000,0.0000,0.0000
2026-09-03T13:40:05.231,143.558,ApproachMachine1Oil9StartState2,ApproachMachine1Oil9Start,MaintenanceGripper,95.8636,6.9680,-65.3150,18.0342,46.5710,-102.2596,0.0000,0.00,0.00,0.00,0.0000,0.0000,0.0000
2026-09-03T13:40:05.394,143.721,Machine1Oil9StartState2,Machine1Oil9Start,MaintenanceGripper,96.2703,6.8017,-65.2800,17.5215,46.4858,-102.0513,0.0000,0.00,0.00,0.00,0.0000,0.0000,0.0000
2026-09-03T13:40:06.035,144.362,Machine1Oil9EndState2,Machine1Oil9End,MaintenanceGripper,95.6845,62.7279,-37.5261,7.3288,17.3280,-100.8301,0.0000,0.00,0.00,0.00,0.0000,0.0000,0.0000
2026-09-03T13:40:06.232,144.559,ApproachMachine1Oil9EndState2,ApproachMachine1Oil9End,MaintenanceGripper,95.4792,62.7724,-37.5352,7.9667,17.3587,-101.3673,0.0000,0.00,0.00,0.00,0.0000,0.0000,0.0000
2026-09-03T13:40:06.490,144.817,ApproachMachine1Oil10StartState2,ApproachMachine1Oil10Start,MaintenanceGripper,94.9523,62.8635,-35.8794,12.8165,16.0413,-94.9451,0.0000,0.00,0.00,0.00,0.0000,0.0000,0.0000
2026-09-03T13:40:06.696,145.023,Machine1Oil10StartState2,Machine1Oil10Start,MaintenanceGripper,95.1550,62.8248,-35.9324,12.1007,16.0576,-94.3240,0.0000,0.00,0.00,0.00,0.0000,0.0000,0.0000
2026-09-03T13:40:07.280,145.607,Machine1Oil10EndState2,Machine1Oil10End,MaintenanceGripper,98.1508,1.0491,-60.9066,11.0571,39.6559,-86.7915,0.0000,0.00,0.00,0.00,0.0000,0.0000,0.0000
2026-09-03T13:40:07.527,145.854,ApproachMachine1Oil10EndState2,ApproachMachine1Oil10End,MaintenanceGripper,97.7444,1.0675,-60.8387,11.6623,39.6284,-87.1164,0.0000,0.00,0.00,0.00,0.0000,0.0000,0.0000
2026-09-03T13:40:07.736,146.063,ApproachMachine1Oil11StartState2,ApproachMachine1Oil11Start,MaintenanceGripper,97.3914,1.5614,-61.1752,12.0879,39.9888,-87.2716,0.0000,0.00,0.00,0.00,0.0000,0.0000,0.0000
2026-09-03T13:40:08.321,146.648,Machine1Oil11StartState2,Machine1Oil11Start,MaintenanceGripper,97.7969,1.5412,-61.2438,11.4880,40.0160,-86.9524,0.0000,0.00,0.00,0.00,0.0000,0.0000,0.0000
2026-09-03T13:40:08.915,147.242,Machine1Oil11EndState2,Machine1Oil11End,MaintenanceGripper,95.1210,62.6942,-35.0275,12.8919,15.2959,-88.2106,0.0000,0.00,0.00,0.00,0.0000,0.0000,0.0000
2026-09-03T13:40:09.129,147.456,ApproachMachine1Oil11EndState2,ApproachMachine1Oil11End,MaintenanceGripper,94.9235,62.7240,-34.9390,13.6567,15.2469,-88.8860,0.0000,0.00,0.00,0.00,0.0000,0.0000,0.0000
2026-09-03T13:40:09.409,147.736,ApproachMachine1Oil12StartState2,ApproachMachine1Oil12Start,MaintenanceGripper,95.9939,61.5232,-35.4077,-11.3928,14.0777,-64.1322,0.0000,0.00,0.00,0.00,0.0000,0.0000,0.0000
2026-09-03T13:40:09.625,147.952,Machine1Oil12StartState2,Machine1Oil12Start,MaintenanceGripper,96.1928,61.5598,-35.4718,-12.0866,14.1735,-63.5356,0.0000,0.00,0.00,0.00,0.0000,0.0000,0.0000
2026-09-03T13:40:10.219,148.545,Machine1Oil12EndState2,Machine1Oil12End,MaintenanceGripper,92.0504,5.8931,-60.4279,36.1804,49.9458,-72.9149,0.0000,0.00,0.00,0.00,0.0000,0.0000,0.0000
2026-09-03T13:40:10.402,148.729,ApproachMachine1Oil12EndState2,ApproachMachine1Oil12End,MaintenanceGripper,91.7935,5.8123,-60.1475,36.6302,49.7956,-73.2667,0.0000,0.00,0.00,0.00,0.0000,0.0000,0.0000
2026-09-03T13:40:10.565,148.892,ApproachMachine1Oil13StartState2,ApproachMachine1Oil13Start,MaintenanceGripper,93.2142,5.0614,-62.3887,30.3465,57.7601,-53.0060,0.0000,0.00,0.00,0.00,0.0000,0.0000,0.0000
2026-09-03T13:40:10.729,149.056,Machine1Oil13StartState2,Machine1Oil13Start,MaintenanceGripper,93.2883,5.7119,-62.9105,30.0981,58.1938,-52.6615,0.0000,0.00,0.00,0.00,0.0000,0.0000,0.0000
2026-09-03T13:40:11.379,149.706,Machine1Oil13EndState2,Machine1Oil13End,MaintenanceGripper,98.5554,60.7927,-30.7156,-50.4431,12.0021,4.0353,0.0000,0.00,0.00,0.00,0.0000,0.0000,0.0000
2026-09-03T13:40:11.562,149.889,ApproachMachine1Oil13EndState2,ApproachMachine1Oil13End,MaintenanceGripper,98.4973,60.6679,-30.4400,-51.2781,11.7893,4.9188,0.0000,0.00,0.00,0.00,0.0000,0.0000,0.0000
2026-09-03T13:40:11.832,150.158,ApproachMachine1Oil14StartState2,ApproachMachine1Oil14Start,MaintenanceGripper,98.3396,60.7848,-30.5187,-50.4984,11.7335,4.2037,0.0000,0.00,0.00,0.00,0.0000,0.0000,0.0000
2026-09-03T13:40:12.001,150.328,Machine1Oil14StartState2,Machine1Oil14Start,MaintenanceGripper,98.3977,60.9101,-30.7940,-49.6733,11.9485,3.3305,0.0000,0.00,0.00,0.00,0.0000,0.0000,0.0000
2026-09-03T13:40:12.562,150.889,Machine1Oil14EndState2,Machine1Oil14End,MaintenanceGripper,93.2589,4.9609,-62.2235,30.3212,56.7117,-51.5006,0.0000,0.00,0.00,0.00,0.0000,0.0000,0.0000
2026-09-03T13:40:12.805,151.131,ApproachMachine1Oil14EndState2,ApproachMachine1Oil14End,MaintenanceGripper,93.1980,4.3136,-61.6984,30.5674,56.2735,-51.8492,0.0000,0.00,0.00,0.00,0.0000,0.0000,0.0000
2026-09-03T13:40:12.980,151.307,ApproachMachine1Oil15StartState2,ApproachMachine1Oil15Start,MaintenanceGripper,92.6812,4.8463,-62.2368,30.9795,56.8603,-51.7692,0.0000,0.00,0.00,0.00,0.0000,0.0000,0.0000
2026-09-03T13:40:13.153,151.480,Machine1Oil15StartState2,Machine1Oil15Start,MaintenanceGripper,92.7419,5.4982,-62.7620,30.7357,57.2968,-51.4197,0.0000,0.00,0.00,0.00,0.0000,0.0000,0.0000
2026-09-03T13:40:13.794,152.121,Machine1Oil15EndState2,Machine1Oil15End,MaintenanceGripper,98.0869,61.3164,-30.9620,-48.0815,11.8580,1.8667,0.0000,0.00,0.00,0.00,0.0000,0.0000,0.0000
2026-09-03T13:40:13.984,152.311,ApproachMachine1Oil15EndState2,ApproachMachine1Oil15End,MaintenanceGripper,98.0291,61.1896,-30.6874,-48.8825,11.6388,2.7150,0.0000,0.00,0.00,0.00,0.0000,0.0000,0.0000
2026-09-03T13:40:14.212,152.539,ApproachMachine1Oil16StartState2,ApproachMachine1Oil16Start,MaintenanceGripper,97.7545,61.1813,-31.1628,-46.2871,11.7856,0.2081,0.0000,0.00,0.00,0.00,0.0000,0.0000,0.0000
2026-09-03T13:40:14.434,152.761,Machine1Oil16StartState2,Machine1Oil16Start,MaintenanceGripper,97.8121,61.3118,-31.4362,-45.5477,12.0112,-0.5781,0.0000,0.00,0.00,0.00,0.0000,0.0000,0.0000
2026-09-03T13:40:15.063,153.390,Machine1Oil16EndState2,Machine1Oil16End,MaintenanceGripper,92.1781,6.2121,-63.3523,31.1842,57.9348,-51.3167,0.0000,0.00,0.00,0.00,0.0000,0.0000,0.0000
2026-09-03T13:40:15.233,153.560,ApproachMachine1Oil16EndState2,ApproachMachine1Oil16End,MaintenanceGripper,92.1178,5.5569,-62.8283,31.4247,57.5013,-51.6663,0.0000,0.00,0.00,0.00,0.0000,0.0000,0.0000
2026-09-03T13:40:15.534,153.861,ApproachMachine1Oil17StartState2,ApproachMachine1Oil17Start,MaintenanceGripper,95.5055,0.5015,-62.6378,25.6559,61.3690,-19.8507,0.0000,0.00,0.00,0.00,0.0000,0.0000,0.0000
2026-09-03T13:40:15.780,154.106,Machine1Oil17StartState2,Machine1Oil17Start,MaintenanceGripper,95.5580,1.1785,-63.1975,25.4671,61.8636,-19.5518,0.0000,0.00,0.00,0.00,0.0000,0.0000,0.0000
2026-09-03T13:40:16.339,154.666,Machine1Oil17EndState2,Machine1Oil17End,MaintenanceGripper,92.2402,64.3842,-35.2806,42.6407,39.6204,-41.9964,0.0000,0.00,0.00,0.00,0.0000,0.0000,0.0000
2026-09-03T13:40:16.580,154.907,ApproachMachine1Oil17EndState2,ApproachMachine1Oil17End,MaintenanceGripper,92.2174,64.1632,-35.0542,42.8565,39.4668,-42.2593,0.0000,0.00,0.00,0.00,0.0000,0.0000,0.0000
2026-09-03T13:40:16.633,154.960,StopOilingState,,,92.2174,64.1632,-35.0542,42.8565,39.4668,-42.2593,0.0000,0.00,0.00,0.00,0.0000,0.0000,0.0000
2026-09-03T13:40:17.219,155.546,ApproachMachine1OilFrontUpState2,ApproachMachine1OilFrontUp,MaintenanceGripper,91.1548,4.5478,-61.7607,18.3818,51.0132,-90.9609,0.0000,0.00,0.00,0.00,0.0000,0.0000,0.0000
2026-09-03T13:40:17.839,156.166,ApproachMachine1OilFrontState2,ApproachMachine1OilFront,MaintenanceGripper,27.1264,4.5183,-4.9787,114.2170,62.2748,-125.5002,0.0000,0.00,0.00,0.00,0.0000,0.0000,0.0000
2026-09-03T13:40:18.484,156.811,TransportState,,,0.0000,-50.0000,15.0000,0.0000,-15.0000,-90.0000,0.0000,0.00,0.00,0.00,0.0000,0.0000,0.0000
2026-09-03T13:40:18.949,157.276,CloseMachine1FrontDoorState1,,,0.0000,-50.0000,15.0000,0.0000,-15.0000,-90.0000,0.0000,0.00,0.00,0.00,0.0000,0.0000,0.0000
2026-09-03T13:40:19.442,157.769,OpenMachine1BackDoorState1,,,0.0000,-50.0000,15.0000,0.0000,-15.0000,-90.0000,0.0000,0.00,0.00,0.00,0.0000,0.0000,0.0000
2026-09-03T13:40:20.201,158.528,MoveOnRailOptimizationApproachMachine1OilFrontState,OptimizationApproachMachine1OilShifted,,0.0000,-50.0000,15.0000,0.0000,-15.0000,-90.0000,0.0000,0.00,0.00,0.00,0.0000,0.0000,0.0000
2026-09-03T13:40:20.904,159.231,TransportStateReversedLeftState,,,180.0000,-50.0000,15.0000,0.0000,-15.0000,-90.0000,0.0000,0.00,0.00,0.00,0.0000,0.0000,0.0000
2026-09-03T13:40:21.382,159.709,ApproachMachine1OilBackState1,ApproachMachine1OilBack,MaintenanceGripper,146.6279,-10.8123,-4.7211,64.5953,-57.4989,-49.1383,0.0000,0.00,0.00,0.00,0.0000,0.0000,0.0000
2026-09-03T13:40:21.933,160.260,ApproachMachine1OilBackMidState2,ApproachMachine1OilBackMid,MaintenanceGripper,90.8639,8.4289,-58.2340,165.8324,-65.2470,-113.0159,0.0000,0.00,0.00,0.00,0.0000,0.0000,0.0000
2026-09-03T13:40:22.324,160.651,ApproachMachine1OilBackUpState2,ApproachMachine1OilBackUp,MaintenanceGripper,90.6590,10.7654,-67.6792,148.6806,-75.1996,-111.4517,0.0000,0.00,0.00,0.00,0.0000,0.0000,0.0000
2026-09-03T13:40:22.378,160.705,StartOilingState,,,90.6590,10.7654,-67.6792,148.6806,-75.1996,-111.4517,0.0000,0.00,0.00,0.00,0.0000,0.0000,0.0000
2026-09-03T13:40:22.698,161.025,ApproachMachine1Oil18StartState2,ApproachMachine1Oil18Start,MaintenanceGripper,88.7705,20.9416,-65.0749,130.6362,-78.2182,-104.1405,0.0000,0.00,0.00,0.00,0.0000,0.0000,0.0000
2026-09-03T13:40:22.876,161.203,Machine1Oil18StartState2,Machine1Oil18Start,MaintenanceGripper,88.7712,21.5056,-65.4546,130.6951,-78.4658,-104.4344,0.0000,0.00,0.00,0.00,0.0000,0.0000,0.0000
2026-09-03T13:40:23.501,161.828,Machine1Oil18EndState2,Machine1Oil18End,MaintenanceGripper,84.5614,69.4679,-35.9143,150.1609,-46.0183,-103.7860,0.0000,0.00,0.00,0.00,0.0000,0.0000,0.0000
2026-09-03T13:40:23.711,162.038,ApproachMachine1Oil18EndState2,ApproachMachine1Oil18End,MaintenanceGripper,84.5458,69.1039,-35.7817,150.1168,-45.8970,-103.7094,0.0000,0.00,0.00,0.00,0.0000,0.0000,0.0000
2026-09-03T13:40:23.926,162.253,ApproachMachine1Oil19StartState2,ApproachMachine1Oil19Start,MaintenanceGripper,84.6066,69.4642,-37.7648,154.1597,-51.8478,-112.4463,0.0000,0.00,0.00,0.00,0.0000,0.0000,0.0000
2026-09-03T13:40:24.116,162.443,Machine1Oil19StartState2,Machine1Oil19Start,MaintenanceGripper,84.6341,69.8971,-37.8466,154.1556,-51.9309,-112.4669,0.0000,0.00,0.00,0.00,0.0000,0.0000,0.0000
2026-09-03T13:40:24.742,163.069,Machine1Oil19EndState2,Machine1Oil19End,MaintenanceGripper,82.9655,13.8033,-69.3914,153.9388,-79.9279,-125.1472,0.0000,0.00,0.00,0.00,0.0000,0.0000,0.0000
2026-09-03T13:40:24.941,163.268,ApproachMachine1Oil19EndState2,ApproachMachine1Oil19End,MaintenanceGripper,82.9024,13.0589,-68.9395,153.9654,-79.5121,-124.9661,0.0000,0.00,0.00,0.00,0.0000,0.0000,0.0000
2026-09-03T13:40:25.147,163.474,ApproachMachine1Oil20StartState2,ApproachMachine1Oil20Start,MaintenanceGripper,83.0848,11.8691,-68.1436,153.3658,-77.9623,-125.8482,0.0000,0.00,0.00,0.00,0.0000,0.0000,0.0000
2026-09-03T13:40:25.356,163.683,Machine1Oil20StartState2,Machine1Oil20Start,MaintenanceGripper,83.1593,12.6114,-68.6010,153.3344,-78.3834,-126.0328,0.0000,0.00,0.00,0.00,0.0000,0.0000,0.0000
2026-09-03T13:40:26.007,164.334,Machine1Oil20EndState2,Machine1Oil20End,MaintenanceGripper,84.8428,69.6803,-37.9825,153.9598,-52.1257,-112.3559,0.0000,0.00,0.00,0.00,0.0000,0.0000,0.0000
2026-09-03T13:40:26.228,164.554,ApproachMachine1Oil20EndState2,ApproachMachine1Oil20End,MaintenanceGripper,84.8155,69.2480,-37.8997,153.9634,-52.0418,-112.3344,0.0000,0.00,0.00,0.00,0.0000,0.0000,0.0000
2026-09-03T13:40:26.401,164.728,ApproachMachine1Oil21StartState2,ApproachMachine1Oil21Start,MaintenanceGripper,85.6366,69.2011,-36.0006,148.8555,-46.5316,-102.8090,0.0000,0.00,0.00,0.00,0.0000,0.0000,0.0000
2026-09-03T13:40:26.578,164.905,Machine1Oil21StartState2,Machine1Oil21Start,MaintenanceGripper,85.6520,69.5677,-36.1316,148.9004,-46.6502,-102.8876,0.0000,0.00,0.00,0.00,0.0000,0.0000,0.0000
2026-09-03T13:40:27.205,165.532,Machine1Oil21EndState2,Machine1Oil21End,MaintenanceGripper,90.6576,22.1217,-65.8180,128.9335,-79.2929,-104.2108,0.0000,0.00,0.00,0.00,0.0000,0.0000,0.0000
2026-09-03T13:40:27.368,165.695,ApproachMachine1Oil21EndState2,ApproachMachine1Oil21End,MaintenanceGripper,90.6571,21.5573,-65.4413,128.8780,-79.0561,-103.9124,0.0000,0.00,0.00,0.00,0.0000,0.0000,0.0000
2026-09-03T13:40:27.633,165.960,ApproachMachine1Oil22StartState2,ApproachMachine1Oil22Start,MaintenanceGripper,91.2928,21.4565,-65.5386,128.2827,-79.3230,-103.8225,0.0000,0.00,0.00,0.00,0.0000,0.0000,0.0000
2026-09-03T13:40:27.842,166.168,Machine1Oil22StartState2,Machine1Oil22Start,MaintenanceGripper,91.2933,22.0229,-65.9166,128.3375,-79.5575,-104.1241,0.0000,0.00,0.00,0.00,0.0000,0.0000,0.0000
2026-09-03T13:40:28.464,166.791,Machine1Oil22EndState2,Machine1Oil22End,MaintenanceGripper,86.0415,69.6302,-36.2663,148.4839,-46.9286,-102.6151,0.0000,0.00,0.00,0.00,0.0000,0.0000,0.0000
2026-09-03T13:40:28.641,166.968,ApproachMachine1Oil22EndState2,ApproachMachine1Oil22End,MaintenanceGripper,86.0261,69.2623,-36.1360,148.4390,-46.8111,-102.5362,0.0000,0.00,0.00,0.00,0.0000,0.0000,0.0000
2026-09-03T13:40:28.835,167.161,ApproachMachine1Oil23StartState2,ApproachMachine1Oil23Start,MaintenanceGripper,86.4008,69.4145,-36.2217,148.0179,-47.0424,-102.2445,0.0000,0.00,0.00,0.00,0.0000,0.0000,0.0000
2026-09-03T13:40:29.052,167.379,Machine1Oil23StartState2,Machine1Oil23Start,MaintenanceGripper,86.4161,69.7839,-36.3508,148.0626,-47.1584,-102.3235,0.0000,0.00,0.00,0.00,0.0000,0.0000,0.0000
2026-09-03T13:40:29.726,168.053,Machine1Oil23EndState2,Machine1Oil23End,MaintenanceGripper,91.9795,22.4280,-66.0512,127.6968,-79.8606,-104.0554,0.0000,0.00,0.00,0.00,0.0000,0.0000,0.0000
2026-09-03T13:40:30.000,168.326,ApproachMachine1Oil23EndState2,ApproachMachine1Oil23End,MaintenanceGripper,91.9791,21.8627,-65.6756,127.6434,-79.6309,-103.7534,0.0000,0.00,0.00,0.00,0.0000,0.0000,0.0000
2026-09-03T13:40:30.300,168.627,ApproachMachine1OilBackUpState2,ApproachMachine1OilBackUp,MaintenanceGripper,90.6590,10.7654,-67.6792,148.6806,-75.1996,-111.4517,0.0000,0.00,0.00,0.00,0.0000,0.0000,0.0000
2026-09-03T13:40:30.696,169.022,ApproachMachine1OilBackDownState2,ApproachMachine1OilBackDown,MaintenanceGripper,77.5278,-5.2543,-53.6309,179.0557,-25.5058,-102.1608,0.0000,0.00,0.00,0.00,0.0000,0.0000,0.0000
2026-09-03T13:40:30.987,169.314,ApproachMachine1Oil24StartState2,ApproachMachine1Oil24Start,MaintenanceGripper,81.4738,2.2003,-56.3650,145.1476,-27.7703,-59.2823,0.0000,0.00,0.00,0.00,0.0000,0.0000,0.0000
2026-09-03T13:40:31.164,169.491,Machine1Oil24StartState2,Machine1Oil24Start,MaintenanceGripper,81.1067,1.9971,-56.3090,145.7119,-27.6088,-59.5745,0.0000,0.00,0.00,0.00,0.0000,0.0000,0.0000
2026-09-03T13:40:31.734,170.061,Machine1Oil24EndState2,Machine1Oil24End,MaintenanceGripper,84.4627,70.9494,-25.4722,57.5375,-17.7911,31.4951,0.0000,0.00,0.00,0.00,0.0000,0.0000,0.0000
2026-09-03T13:40:31.965,170.292,ApproachMachine1Oil24EndState2,ApproachMachine1Oil24End,MaintenanceGripper,84.6467,71.1980,-25.3585,57.4383,-17.9924,31.5163,0.0000,0.00,0.00,0.00,0.0000,0.0000,0.0000
2026-09-03T13:40:32.201,170.528,ApproachMachine1Oil25StartState2,ApproachMachine1Oil25Start,MaintenanceGripper,84.1413,69.5754,-25.6769,58.1775,-14.3028,23.1067,0.0000,0.00,0.00,0.00,0.0000,0.0000,0.0000
2026-09-03T13:40:32.410,170.737,Machine1Oil25StartState2,Machine1Oil25Start,MaintenanceGripper,83.9568,69.3533,-25.8223,58.4014,-14.0850,22.9585,0.0000,0.00,0.00,0.00,0.0000,0.0000,0.0000
2026-09-03T13:40:33.047,171.373,Machine1Oil25EndState2,Machine1Oil25End,MaintenanceGripper,80.3908,-0.0382,-53.9588,147.1109,-24.0302,-69.3952,0.0000,0.00,0.00,0.00,0.0000,0.0000,0.0000
2026-09-03T13:40:33.238,171.564,ApproachMachine1Oil25EndState2,ApproachMachine1Oil25End,MaintenanceGripper,80.7516,0.1066,-53.9446,146.4044,-24.1347,-68.9409,0.0000,0.00,0.00,0.00,0.0000,0.0000,0.0000
2026-09-03T13:40:33.399,171.726,ApproachMachine1Oil26StartState2,ApproachMachine1Oil26Start,MaintenanceGripper,80.4498,0.2221,-55.5409,154.3015,-25.6528,-72.7930,0.0000,0.00,0.00,0.00,0.0000,0.0000,0.0000
2026-09-03T13:40:33.599,171.926,Machine1Oil26StartState2,Machine1Oil26Start,MaintenanceGripper,80.0734,0.0958,-55.5405,155.0130,-25.5613,-73.2379,0.0000,0.00,0.00,0.00,0.0000,0.0000,0.0000
2026-09-03T13:40:34.219,172.546,Machine1Oil26EndState2,Machine1Oil26End,MaintenanceGripper,83.2561,65.4927,-31.6350,123.9266,-9.7823,-39.4291,0.0000,0.00,0.00,0.00,0.0000,0.0000,0.0000
2026-09-03T13:40:34.470,172.797,ApproachMachine1Oil26EndState2,ApproachMachine1Oil26End,MaintenanceGripper,83.4512,65.6081,-31.5546,122.9088,-9.8768,-38.4999,0.0000,0.00,0.00,0.00,0.0000,0.0000,0.0000
2026-09-03T13:40:34.702,173.029,ApproachMachine1Oil27StartState2,ApproachMachine1Oil27Start,MaintenanceGripper,85.4419,69.0262,-33.0791,138.0040,-29.5885,-83.6971,0.0000,0.00,0.00,0.00,0.0000,0.0000,0.0000
2026-09-03T13:40:34.966,173.292,Machine1Oil27StartState2,Machine1Oil27Start,MaintenanceGripper,85.2515,69.2582,-33.1378,138.3868,-29.5260,-84.0175,0.0000,0.00,0.00,0.00,0.0000,0.0000,0.0000
2026-09-03T13:40:35.552,173.879,Machine1Oil27EndState2,Machine1Oil27End,MaintenanceGripper,83.2938,9.9348,-65.3886,154.4107,-59.2625,-107.0366,0.0000,0.00,0.00,0.00,0.0000,0.0000,0.0000
2026-09-03T13:40:35.746,174.072,ApproachMachine1Oil27EndState2,ApproachMachine1Oil27End,MaintenanceGripper,83.6867,9.5480,-65.1281,153.8978,-59.0997,-106.7320,0.0000,0.00,0.00,0.00,0.0000,0.0000,0.0000
2026-09-03T13:40:35.942,174.269,ApproachMachine1Oil28StartState2,ApproachMachine1Oil28Start,MaintenanceGripper,83.8097,9.6061,-65.1290,151.1479,-63.1568,-118.6873,0.0000,0.00,0.00,0.00,0.0000,0.0000,0.0000
2026-09-03T13:40:36.185,174.512,Machine1Oil28StartState2,Machine1Oil28Start,MaintenanceGripper,83.8112,10.2841,-65.6105,151.2626,-63.5790,-118.9461,0.0000,0.00,0.00,0.00,0.0000,0.0000,0.0000
2026-09-03T13:40:36.745,175.071,Machine1Oil28EndState2,Machine1Oil28End,MaintenanceGripper,83.5604,66.2932,-38.1617,158.7015,-40.5271,-119.9851,0.0000,0.00,0.00,0.00,0.0000,0.0000,0.0000
2026-09-03T13:40:36.996,175.323,ApproachMachine1Oil28EndState2,ApproachMachine1Oil28End,MaintenanceGripper,83.5423,65.8969,-38.0445,158.6784,-40.4128,-119.9400,0.0000,0.00,0.00,0.00,0.0000,0.0000,0.0000
2026-09-03T13:40:37.229,175.556,ApproachMachine1Oil29StartState2,ApproachMachine1Oil29Start,MaintenanceGripper,84.0721,66.4517,-37.1218,150.9462,-42.5576,-124.8810,0.0000,0.00,0.00,0.00,0.0000,0.0000,0.0000
2026-09-03T13:40:37.455,175.781,Machine1Oil29StartState2,Machine1Oil29Start,MaintenanceGripper,84.1225,66.8837,-37.1973,150.9174,-42.6431,-124.8834,0.0000,0.00,0.00,0.00,0.0000,0.0000,0.0000
2026-09-03T13:40:38.022,176.349,Machine1Oil29EndState2,Machine1Oil29End,MaintenanceGripper,84.3331,10.7142,-65.9533,150.7762,-63.9816,-118.9216,0.0000,0.00,0.00,0.00,0.0000,0.0000,0.0000
2026-09-03T13:40:38.216,176.543,ApproachMachine1Oil29EndState2,ApproachMachine1Oil29End,MaintenanceGripper,84.3317,10.0347,-65.4734,150.6621,-63.5626,-118.6605,0.0000,0.00,0.00,0.00,0.0000,0.0000,0.0000
2026-09-03T13:40:38.417,176.744,ApproachMachine1Oil30StartState2,ApproachMachine1Oil30Start,MaintenanceGripper,85.0939,10.7502,-65.9640,149.9530,-64.1441,-118.6279,0.0000,0.00,0.00,0.00,0.0000,0.0000,0.0000
2026-09-03T13:40:38.589,176.916,Machine1Oil30StartState2,Machine1Oil30Start,MaintenanceGripper,85.0952,11.4302,-66.4407,150.0659,-64.5572,-118.8917,0.0000,0.00,0.00,0.00,0.0000,0.0000,0.0000
2026-09-03T13:40:39.219,177.546,Machine1Oil30EndState2,Machine1Oil30End,MaintenanceGripper,84.4681,67.2186,-37.5373,150.6282,-43.0740,-124.7750,0.0000,0.00,0.00,0.00,0.0000,0.0000,0.0000
2026-09-03T13:40:39.433,177.760,ApproachMachine1Oil30EndState2,ApproachMachine1Oil30End,MaintenanceGripper,84.4180,66.7829,-37.4646,150.6578,-42.9911,-124.7736,0.0000,0.00,0.00,0.00,0.0000,0.0000,0.0000
2026-09-03T13:40:39.613,177.940,ApproachMachine1Oil31StartState2,ApproachMachine1Oil31Start,MaintenanceGripper,84.6827,67.1442,-37.7846,150.4686,-43.3736,-124.7364,0.0000,0.00,0.00,0.00,0.0000,0.0000,0.0000
2026-09-03T13:40:39.847,178.173,Machine1Oil31StartState2,Machine1Oil31Start,MaintenanceGripper,84.7327,67.5835,-37.8544,150.4379,-43.4538,-124.7365,0.0000,0.00,0.00,0.00,0.0000,0.0000,0.0000
2026-09-03T13:40:40.471,178.798,Machine1Oil31EndState2,Machine1Oil31End,MaintenanceGripper,85.3272,11.9898,-67.0823,149.9669,-65.1583,-119.1606,0.0000,0.00,0.00,0.00,0.0000,0.0000,0.0000
2026-09-03T13:40:40.725,179.052,ApproachMachine1Oil31EndState2,ApproachMachine1Oil31End,MaintenanceGripper,85.3259,11.3043,-66.6058,149.8568,-64.7458,-118.8974,0.0000,0.00,0.00,0.00,0.0000,0.0000,0.0000
2026-09-03T13:40:40.978,179.305,ApproachMachine1Oil32StartState2,ApproachMachine1Oil32Start,MaintenanceGripper,88.6793,11.7298,-65.5050,134.7010,-72.8903,-142.2661,0.0000,0.00,0.00,0.00,0.0000,0.0000,0.0000
2026-09-03T13:40:41.140,179.467,Machine1Oil32StartState2,Machine1Oil32Start,MaintenanceGripper,88.5840,12.2544,-65.9663,134.8961,-73.1876,-142.6372,0.0000,0.00,0.00,0.00,0.0000,0.0000,0.0000
2026-09-03T13:40:41.791,180.118,Machine1Oil32EndState2,Machine1Oil32End,MaintenanceGripper,88.9001,74.6175,-31.3129,119.7169,-51.7633,-111.5011,0.0000,0.00,0.00,0.00,0.0000,0.0000,0.0000
2026-09-03T13:40:42.031,180.358,ApproachMachine1Oil32EndState2,ApproachMachine1Oil32End,MaintenanceGripper,88.9468,74.4778,-31.0654,119.5073,-51.6758,-111.2019,0.0000,0.00,0.00,0.00,0.0000,0.0000,0.0000
2026-09-03T13:40:42.080,180.406,StopOilingState,,,88.9468,74.4778,-31.0654,119.5073,-51.6758,-111.2019,0.0000,0.00,0.00,0.00,0.0000,0.0000,0.0000
2026-09-03T13:40:42.339,180.666,ApproachMachine1OilBackUpRearState2,ApproachMachine1OilBackUpRear,MaintenanceGripper,89.1955,68.0906,-36.5686,144.8348,-48.5791,-99.9753,0.0000,0.00,0.00,0.00,0.0000,0.0000,0.0000
2026-09-03T13:40:42.921,181.248,ApproachMachine1OilBackMidState2,ApproachMachine1OilBackMid,MaintenanceGripper,90.8639,8.4289,-58.2340,165.8324,-65.2470,-113.0159,0.0000,0.00,0.00,0.00,0.0000,0.0000,0.0000
2026-09-03T13:40:43.445,181.771,ApproachMachine1OilBackState2,ApproachMachine1OilBack,MaintenanceGripper,146.6279,-10.8123,-4.7211,64.5953,-57.4989,-49.1383,0.0000,0.00,0.00,0.00,0.0000,0.0000,0.0000
2026-09-03T13:40:43.967,182.294,TransportStateReversedLeftState,,,180.0000,-50.0000,15.0000,0.0000,-15.0000,-90.0000,0.0000,0.00,0.00,0.00,0.0000,0.0000,0.0000
2026-09-03T13:40:44.439,182.766,CloseMachine1BackDoorState1,,,180.0000,-50.0000,15.0000,0.0000,-15.0000,-90.0000,0.0000,0.00,0.00,0.00,0.0000,0.0000,0.0000
2026-09-03T13:49:55.327,733.654,TransportState,,,0.0000,-50.0000,15.0000,0.0000,-15.0000,-90.0000,0.0000,0.00,0.00,0.00,0.0000,0.0000,0.0000
2026-09-03T13:49:55.930,734.257,ApproachMaintenanceGripperSlotState1,ApproachMaintenanceGripperSlot,ToolChanger,-0.4503,5.2164,-44.9246,0.5941,-109.2329,1.4000,0.0000,0.00,0.00,0.00,0.0000,0.0000,0.0000
2026-09-03T13:49:56.439,734.765,ApproachMaintenanceGripperSlotUpState2,ApproachMaintenanceGripperSlotUp,ToolChanger,-0.4285,19.8266,-75.9096,0.5529,-78.2496,1.0821,0.0000,0.00,0.00,0.00,0.0000,0.0000,0.0000
2026-09-03T13:49:56.817,735.144,MaintenanceGripperSlotState2,MaintenanceGripperSlot,ToolChanger,-0.3838,23.7572,-77.5484,0.5151,-76.6109,1.0560,0.0000,0.00,0.00,0.00,0.0000,0.0000,0.0000
2026-09-03T13:49:56.964,735.291,ReleaseGripperState,,,-0.3838,23.7572,-77.5484,0.5151,-76.6109,1.0560,0.0000,0.00,0.00,0.00,0.0000,0.0000,0.0000
2026-09-03T13:49:57.221,735.548,ApproachMaintenanceGripperSlotFrontState2,ApproachMaintenanceGripperSlotFront,ToolChanger,-0.3692,23.4767,-76.1163,0.4988,-78.0430,1.0656,0.0000,0.00,0.00,0.00,0.0000,0.0000,0.0000
2026-09-03T13:49:57.701,736.028,ApproachMaintenanceGripperSlotState2,ApproachMaintenanceGripperSlot,ToolChanger,-0.4503,5.2164,-44.9246,0.5941,-109.2329,1.4000,0.0000,0.00,0.00,0.00,0.0000,0.0000,0.0000
2026-09-03T13:49:58.444,736.771,ApproachGrabbingGripperSlotState1,ApproachGrabbingGripperSlot,ToolChanger,-15.5837,-4.2315,-55.3953,-1.4349,-34.5540,106.2455,0.0000,0.00,0.00,0.00,0.0000,0.0000,0.0000
2026-09-03T13:49:58.786,737.113,GrabbingGripperSlotState2,GrabbingGripperSlot,ToolChanger,-15.4094,16.2211,-70.5442,-2.4487,-19.4107,107.1990,0.0000,0.00,0.00,0.00,0.0000,0.0000,0.0000
2026-09-03T13:49:58.994,737.321,GrabGripperState,,,-15.4094,16.2211,-70.5442,-2.4487,-19.4107,107.1990,0.0000,0.00,0.00,0.00,0.0000,0.0000,0.0000
2026-09-03T13:49:59.341,737.668,ApproachGrabbingGripperSlotState2,ApproachGrabbingGripperSlot,ToolChanger,-15.5837,-4.2315,-55.3953,-1.4349,-34.5540,106.2455,0.0000,0.00,0.00,0.00,0.0000,0.0000,0.0000
2026-09-03T13:50:00.121,738.448,TransportState,,,0.0000,-50.0000,15.0000,0.0000,-15.0000,-90.0000,0.0000,0.00,0.00,0.00,0.0000,0.0000,0.0000
2026-09-03T13:50:00.127,738.454,OpenGripperState,,GrabbingGripper,0.0000,-50.0000,15.0000,0.0000,-15.0000,-90.0000,0.0000,0.00,0.00,0.00,0.0000,0.0000,0.0000
2026-09-03T13:50:00.654,738.980,MoveOnRailOptimizationApproachRack1State,OptimizationApproachRack1,,0.0000,-50.0000,15.0000,0.0000,-15.0000,-90.0000,0.0000,0.00,0.00,0.00,0.0000,0.0000,0.0000
2026-09-03T13:50:01.582,739.909,TransportState,,,0.0000,-50.0000,15.0000,0.0000,-15.0000,-90.0000,0.0000,0.00,0.00,0.00,0.0000,0.0000,0.0000
2026-09-03T13:50:02.369,740.696,TransportStateReversedRightState,,,-180.0000,-50.0000,15.0000,0.0000,-15.0000,-90.0000,0.0000,0.00,0.00,0.00,0.0000,0.0000,0.0000
2026-09-03T13:50:03.233,741.560,ApproachRack1CurtainSafeState1,ApproachRack1CurtainSafe,GrabbingGripper,-184.2598,13.9220,-22.0273,69.1297,47.1995,-149.4849,0.0000,0.00,0.00,0.00,0.0000,0.0000,0.0000
2026-09-03T13:50:04.901,743.228,ApproachRack1GarmentTray7Slot1State2,ApproachRack1GarmentTray7Slot1,GrabbingGripper,-161.6897,-19.4392,29.5277,153.2351,49.4821,-244.9579,0.0000,0.00,0.00,0.00,0.0000,0.0000,0.0000
2026-09-03T13:50:05.655,743.982,ApproachRack1GarmentTray7Slot1BelowState2,ApproachRack1GarmentTray7Slot1Below,GrabbingGripper,-154.7882,6.3298,18.8838,157.4574,37.1905,-246.8407,0.0000,0.00,0.00,0.00,0.0000,0.0000,0.0000
2026-09-03T13:50:06.264,744.591,Rack1GarmentTray7Slot1BaseState2,Rack1GarmentTray7Slot1Base,GrabbingGripper,-154.1804,11.1880,19.0297,158.4303,37.1098,-247.8136,0.0000,0.00,0.00,0.00,0.0000,0.0000,0.0000
2026-09-03T13:50:06.442,744.769,GrabTrayState,,GrabbingGripper,-154.1804,11.1880,19.0297,158.4303,37.1098,-247.8136,0.0000,0.00,0.00,0.00,0.0000,0.0000,0.0000
2026-09-03T13:50:07.456,745.783,ApproachRack1GarmentTray7Slot1UpState2,ApproachRack1GarmentTray7Slot1Up,GrabbingGripper,-154.1366,12.0950,19.8648,158.8911,37.8727,-248.3760,0.0000,0.00,0.00,0.00,0.0000,0.0000,0.0000
2026-09-03T13:50:08.282,746.609,ApproachRack1GarmentTray7Slot1State2,ApproachRack1GarmentTray7Slot1,GrabbingGripper,-161.6897,-19.4392,29.5277,153.2351,49.4821,-244.9579,0.0000,0.00,0.00,0.00,0.0000,0.0000,0.0000
2026-09-03T13:50:09.109,747.436,ApproachRack1CurtainSafeState2,ApproachRack1CurtainSafe,GrabbingGripper,-184.2598,13.9220,-22.0273,69.1297,47.1995,-149.4849,0.0000,0.00,0.00,0.00,0.0000,0.0000,0.0000
2026-09-03T13:50:12.347,750.674,TransportStateReversedRightState,,,-180.0000,-50.0000,15.0000,-0.0000,-15.0000,-90.0000,0.0000,0.00,0.00,0.00,0.0000,0.0000,0.0000
2026-09-03T13:50:13.139,751.466,TransportState,,,-0.0000,-50.0000,15.0000,0.0000,-15.0000,-90.0000,0.0000,0.00,0.00,0.00,0.0000,0.0000,0.0000
2026-09-03T13:50:14.232,752.559,ApproachBufferState1,ApproachBuffer,GrabbingGripper,13.0048,13.3064,-56.9142,-11.1214,93.0452,-82.5719,0.0000,0.00,0.00,0.00,0.0000,0.0000,0.0000
2026-09-03T13:50:16.166,754.493,ApproachBuffer2State1,ApproachBuffer2,GrabbingGripper,9.0256,26.8655,-32.6368,-188.4708,111.3514,-98.7594,0.0000,0.00,0.00,0.00,0.0000,0.0000,0.0000
2026-09-03T13:50:16.765,755.091,ApproachBuffer1GarmentTray1Slot1State2,ApproachBuffer1GarmentTray1Slot1,GrabbingGripper,-11.5589,23.5025,-47.6206,-170.1800,106.6596,-81.8320,0.0000,0.00,0.00,0.00,0.0000,0.0000,0.0000
2026-09-03T13:50:17.271,755.598,ApproachBuffer1GarmentTray1Slot1UpState2,ApproachBuffer1GarmentTray1Slot1Up,GrabbingGripper,-16.1815,13.3990,-67.0567,-166.4126,87.1322,-83.3212,0.0000,0.00,0.00,0.00,0.0000,0.0000,0.0000
2026-09-03T13:50:17.594,755.921,Buffer1GarmentTray1Slot1BaseState2,Buffer1GarmentTray1Slot1Base,GrabbingGripper,-16.0098,16.0308,-68.3250,-166.5496,85.9142,-83.6817,0.0000,0.00,0.00,0.00,0.0000,0.0000,0.0000
2026-09-03T13:50:17.820,756.147,ReleaseTrayState,,GrabbingGripper,-16.0098,16.0308,-68.3250,-166.5496,85.9142,-83.6817,0.0000,0.00,0.00,0.00,0.0000,0.0000,0.0000
2026-09-03T13:50:18.126,756.453,ApproachBuffer1GarmentTray1Slot1BelowState2,ApproachBuffer1GarmentTray1Slot1Below,GrabbingGripper,-15.1650,17.5938,-66.1612,-167.3376,88.0959,-83.5110,0.0000,0.00,0.00,0.00,0.0000,0.0000,0.0000
2026-09-03T13:50:18.625,756.952,ApproachBuffer1GarmentTray1Slot1State2,ApproachBuffer1GarmentTray1Slot1,GrabbingGripper,-11.5589,23.5025,-47.6206,-170.1800,106.6596,-81.8320,0.0000,0.00,0.00,0.00,0.0000,0.0000,0.0000
2026-09-03T13:52:57.182,915.509,TransportState,,,0.0000,-50.0000,15.0000,0.0000,-15.0000,-90.0000,0.0000,0.00,0.00,0.00,0.0000,0.0000,0.0000
2026-09-03T13:52:57.692,916.019,ApproachGrabbingGripperSlotState1,ApproachGrabbingGripperSlot,ToolChanger,-15.5837,-4.2315,-55.3953,-1.4349,-34.5540,-253.7545,0.0000,0.00,0.00,0.00,0.0000,0.0000,0.0000
2026-09-03T13:52:57.953,916.280,GrabbingGripperSlotState2,GrabbingGripperSlot,ToolChanger,-15.4094,16.2211,-70.5442,-2.4487,-19.4107,-252.8010,0.0000,0.00,0.00,0.00,0.0000,0.0000,0.0000
2026-09-03T13:52:58.057,916.384,ReleaseGripperState,,,-15.4094,16.2211,-70.5442,-2.4487,-19.4107,-252.8010,0.0000,0.00,0.00,0.00,0.0000,0.0000,0.0000
2026-09-03T13:52:58.405,916.732,ApproachGrabbingGripperSlotState2,ApproachGrabbingGripperSlot,ToolChanger,-15.5837,-4.2315,-55.3953,-1.4349,-34.5540,-253.7546,0.0000,0.00,0.00,0.00,0.0000,0.0000,0.0000
2026-09-03T13:52:58.826,917.153,ApproachMaintenanceGripperSlotState1,ApproachMaintenanceGripperSlot,ToolChanger,-0.4503,5.2164,-44.9246,0.5941,-109.2329,-358.6000,0.0000,0.00,0.00,0.00,0.0000,0.0000,0.0000
2026-09-03T13:52:59.195,917.522,ApproachMaintenanceGripperSlotFrontState2,ApproachMaintenanceGripperSlotFront,ToolChanger,-0.3692,23.4767,-76.1163,0.4988,-78.0430,-358.9344,0.0000,0.00,0.00,0.00,0.0000,0.0000,0.0000
2026-09-03T13:52:59.291,917.618,MaintenanceGripperSlotState2,MaintenanceGripperSlot,ToolChanger,-0.3838,23.7572,-77.5484,0.5151,-76.6109,-358.9440,0.0000,0.00,0.00,0.00,0.0000,0.0000,0.0000
2026-09-03T13:52:59.295,917.622,GrabGripperState,,,-0.3838,23.7572,-77.5484,0.5151,-76.6109,-358.9440,0.0000,0.00,0.00,0.00,0.0000,0.0000,0.0000
2026-09-03T13:52:59.386,917.713,ApproachMaintenanceGripperSlotUpState2,ApproachMaintenanceGripperSlotUp,ToolChanger,-0.4285,19.8266,-75.9096,0.5529,-78.2496,-358.9179,0.0000,0.00,0.00,0.00,0.0000,0.0000,0.0000
2026-09-03T13:52:59.720,918.047,ApproachMaintenanceGripperSlotState2,ApproachMaintenanceGripperSlot,ToolChanger,-0.4503,5.2164,-44.9246,0.5941,-109.2329,-358.6000,0.0000,0.00,0.00,0.00,0.0000,0.0000,0.0000
2026-09-03T13:53:00.864,919.191,TransportState,,,0.0000,-50.0000,15.0000,-0.0000,-15.0000,-90.0000,0.0000,0.00,0.00,0.00,0.0000,0.0000,0.0000
2026-09-03T13:53:02.217,920.543,MoveOnRailState,,,0.0000,-50.0000,15.0000,-0.0000,-15.0000,-90.0000,0.0000,0.00,0.00,0.00,0.0000,0.0000,0.0000
2026-09-03T13:53:02.780,921.107,TransportStateReversedRightState,,,-180.0000,-50.0000,15.0000,0.0000,-15.0000,-90.0000,0.0000,0.00,0.00,0.00,0.0000,0.0000,0.0000
2026-09-03T13:53:04.318,922.644,MoveOnRailOptimizationApproachMachine10OilBackState,OptimizationApproachMachine10Oil,,-180.0000,-50.0000,15.0000,0.0000,-15.0000,-90.0000,0.0000,0.00,0.00,0.00,0.0000,0.0000,0.0000
2026-09-03T13:53:05.134,923.460,OpenMachine10FrontDoorState1,,,-180.0000,-50.0000,15.0000,0.0000,-15.0000,-90.0000,0.0000,0.00,0.00,0.00,0.0000,0.0000,0.0000
2026-09-03T13:53:05.917,924.244,ApproachMachine10OilFrontState1,ApproachMachine10OilFront,MaintenanceGripper,-157.3833,-1.7814,-6.3744,114.3285,66.1423,-123.1692,0.0000,0.00,0.00,0.00,0.0000,0.0000,0.0000
2026-09-03T13:53:06.637,924.964,ApproachMachine10OilFrontUpState2,ApproachMachine10OilFrontUp,MaintenanceGripper,-88.5318,-6.2314,-62.7455,18.1228,51.0905,-91.5581,0.0000,0.00,0.00,0.00,0.0000,0.0000,0.0000
2026-09-03T13:53:06.913,925.240,StartOilingState,,,-88.5318,-6.2314,-62.7455,18.1228,51.0905,-91.5581,0.0000,0.00,0.00,0.00,0.0000,0.0000,0.0000
2026-09-03T13:53:07.409,925.736,ApproachMachine10Oil1StartState2,ApproachMachine10Oil1Start,MaintenanceGripper,-84.0089,5.4714,-68.4656,30.0189,69.0833,-82.6553,0.0000,0.00,0.00,0.00,0.0000,0.0000,0.0000
2026-09-03T13:53:07.613,925.940,Machine10Oil1StartState2,Machine10Oil1Start,MaintenanceGripper,-84.0195,6.3163,-69.0688,29.9165,69.6078,-82.3369,0.0000,0.00,0.00,0.00,0.0000,0.0000,0.0000
2026-09-03T13:53:08.093,926.420,Machine10Oil1EndState2,Machine10Oil1End,MaintenanceGripper,-79.2358,52.2519,-45.9159,-9.2225,42.9406,-59.6676,0.0000,0.00,0.00,0.00,0.0000,0.0000,0.0000
2026-09-03T13:53:08.143,926.470,ApproachMachine10Oil1EndState2,ApproachMachine10Oil1End,MaintenanceGripper,-79.2119,51.9323,-45.6801,-9.2983,42.7106,-59.5876,0.0000,0.00,0.00,0.00,0.0000,0.0000,0.0000
2026-09-03T13:53:08.221,926.548,ApproachMachine10Oil2StartState2,ApproachMachine10Oil2Start,MaintenanceGripper,-80.5846,51.8288,-45.3392,-4.8192,40.1364,-63.8089,0.0000,0.00,0.00,0.00,0.0000,0.0000,0.0000
2026-09-03T13:53:08.269,926.596,Machine10Oil2StartState2,Machine10Oil2Start,MaintenanceGripper,-80.6043,52.1332,-45.5831,-4.7648,40.3783,-63.8617,0.0000,0.00,0.00,0.00,0.0000,0.0000,0.0000
2026-09-03T13:53:09.004,927.331,Machine10Oil2EndState2,Machine10Oil2End,MaintenanceGripper,-84.7934,1.6234,-65.8889,31.8671,64.0173,-80.0267,0.0000,0.00,0.00,0.00,0.0000,0.0000,0.0000
2026-09-03T13:53:09.839,928.166,ApproachMachine10Oil2EndState2,ApproachMachine10Oil2End,MaintenanceGripper,-84.7374,0.7855,-65.2645,31.9693,63.4750,-80.3729,0.0000,0.00,0.00,0.00,0.0000,0.0000,0.0000
2026-09-03T13:53:10.187,928.514,ApproachMachine10Oil3StartState2,ApproachMachine10Oil3Start,MaintenanceGripper,-82.8415,-15.1186,-51.6294,31.9340,38.6944,-69.5059,0.0000,0.00,0.00,0.00,0.0000,0.0000,0.0000
2026-09-03T13:53:10.282,928.609,Machine10Oil3StartState2,Machine10Oil3Start,MaintenanceGripper,-82.4904,-17.3045,-52.0849,31.1323,38.9692,-68.8312,0.0000,0.00,0.00,0.00,0.0000,0.0000,0.0000
2026-09-03T13:53:10.808,929.134,Machine10Oil3EndState2,Machine10Oil3End,MaintenanceGripper,-81.7320,49.2493,-42.6708,-0.7488,34.7026,-44.3275,0.0000,0.00,0.00,0.00,0.0000,0.0000,0.0000
2026-09-03T13:53:10.944,929.271,ApproachMachine10Oil3EndState2,ApproachMachine10Oil3End,MaintenanceGripper,-81.7396,48.6190,-42.2253,-0.7438,34.2571,-44.3272,0.0000,0.00,0.00,0.00,0.0000,0.0000,0.0000
2026-09-03T13:53:11.025,929.352,ApproachMachine10Oil4StartState2,ApproachMachine10Oil4Start,MaintenanceGripper,-82.6926,48.8845,-42.0148,4.3806,33.7641,-45.2117,0.0000,0.00,0.00,0.00,0.0000,0.0000,0.0000
2026-09-03T13:53:11.076,929.403,Machine10Oil4StartState2,Machine10Oil4Start,MaintenanceGripper,-82.7003,49.1954,-42.2386,4.3688,33.9876,-45.1913,0.0000,0.00,0.00,0.00,0.0000,0.0000,0.0000
2026-09-03T13:53:11.695,930.022,Machine10Oil4EndState2,Machine10Oil4End,MaintenanceGripper,-80.9454,-21.9642,-48.8929,27.5476,33.7760,-60.4283,0.0000,0.00,0.00,0.00,0.0000,0.0000,0.0000
2026-09-03T13:53:11.823,930.150,ApproachMachine10Oil4EndState2,ApproachMachine10Oil4End,MaintenanceGripper,-80.9078,-22.6017,-48.2647,27.9280,33.2084,-60.9183,0.0000,0.00,0.00,0.00,0.0000,0.0000,0.0000
2026-09-03T13:53:11.884,930.211,ApproachMachine10Oil5StartState2,ApproachMachine10Oil5Start,MaintenanceGripper,-85.7091,-14.8891,-54.2483,40.3702,52.6783,-50.9158,0.0000,0.00,0.00,0.00,0.0000,0.0000,0.0000
2026-09-03T13:53:11.934,930.261,Machine10Oil5StartState2,Machine10Oil5Start,MaintenanceGripper,-85.7080,-14.0420,-54.9429,40.0305,53.2085,-50.3534,0.0000,0.00,0.00,0.00,0.0000,0.0000,0.0000
2026-09-03T13:53:12.437,930.763,Machine10Oil5EndState2,Machine10Oil5End,MaintenanceGripper,-80.7683,47.4237,-40.1111,-3.5057,29.5738,-24.1194,0.0000,0.00,0.00,0.00,0.0000,0.0000,0.0000
2026-09-03T13:53:12.482,930.808,ApproachMachine10Oil5EndState2,ApproachMachine10Oil5End,MaintenanceGripper,-80.7641,47.1425,-39.8573,-3.5417,29.3208,-24.0812,0.0000,0.00,0.00,0.00,0.0000,0.0000,0.0000
2026-09-03T13:53:12.538,930.865,ApproachMachine10Oil6StartState2,ApproachMachine10Oil6Start,MaintenanceGripper,-81.1231,47.0285,-39.8608,-2.8231,29.3085,-24.6421,0.0000,0.00,0.00,0.00,0.0000,0.0000,0.0000
2026-09-03T13:53:12.583,930.910,Machine10Oil6StartState2,Machine10Oil6Start,MaintenanceGripper,-81.1274,47.3096,-40.1149,-2.7925,29.5621,-24.6740,0.0000,0.00,0.00,0.00,0.0000,0.0000,0.0000
2026-09-03T13:53:13.198,931.525,Machine10Oil6EndState2,Machine10Oil6End,MaintenanceGripper,-86.4392,-13.9664,-55.0119,40.8332,53.5323,-50.6958,0.0000,0.00,0.00,0.00,0.0000,0.0000,0.0000
2026-09-03T13:53:13.407,931.734,ApproachMachine10Oil6EndState2,ApproachMachine10Oil6End,MaintenanceGripper,-86.4402,-14.8143,-54.3172,41.1744,53.0084,-51.2651,0.0000,0.00,0.00,0.00,0.0000,0.0000,0.0000
2026-09-03T13:53:13.475,931.802,ApproachMachine10Oil7StartState2,ApproachMachine10Oil7Start,MaintenanceGripper,-87.1554,-14.7705,-54.4911,41.9029,53.4146,-51.5102,0.0000,0.00,0.00,0.00,0.0000,0.0000,0.0000
2026-09-03T13:53:13.524,931.851,Machine10Oil7StartState2,Machine10Oil7Start,MaintenanceGripper,-87.1546,-13.9166,-55.1889,41.5603,53.9350,-50.9333,0.0000,0.00,0.00,0.00,0.0000,0.0000,0.0000
2026-09-03T13:53:14.119,932.446,Machine10Oil7EndState2,Machine10Oil7End,MaintenanceGripper,-81.4668,47.1992,-40.3575,-2.1009,29.7935,-25.2177,0.0000,0.00,0.00,0.00,0.0000,0.0000,0.0000
2026-09-03T13:53:14.331,932.657,ApproachMachine10Oil7EndState2,ApproachMachine10Oil7End,MaintenanceGripper,-81.4624,46.9163,-40.1034,-2.1260,29.5397,-25.1921,0.0000,0.00,0.00,0.00,0.0000,0.0000,0.0000
2026-09-03T13:53:14.386,932.712,ApproachMachine10Oil8StartState2,ApproachMachine10Oil8Start,MaintenanceGripper,-81.8532,47.0195,-40.2185,-1.3442,29.6449,-25.8019,0.0000,0.00,0.00,0.00,0.0000,0.0000,0.0000
2026-09-03T13:53:14.434,932.761,Machine10Oil8StartState2,Machine10Oil8Start,MaintenanceGripper,-81.8577,47.3034,-40.4721,-1.3251,29.8984,-25.8206,0.0000,0.00,0.00,0.00,0.0000,0.0000,0.0000
2026-09-03T13:53:15.053,933.380,Machine10Oil8EndState2,Machine10Oil8End,MaintenanceGripper,-88.0134,-13.7000,-55.4000,42.4270,54.4176,-51.2081,0.0000,0.00,0.00,0.00,0.0000,0.0000,0.0000
2026-09-03T13:53:15.283,933.610,ApproachMachine10Oil8EndState2,ApproachMachine10Oil8End,MaintenanceGripper,-88.0142,-14.5567,-54.7016,42.7693,53.9039,-51.7916,0.0000,0.00,0.00,0.00,0.0000,0.0000,0.0000
2026-09-03T13:53:15.531,933.858,ApproachMachine10OilFrontUpState2,ApproachMachine10OilFrontUp,MaintenanceGripper,-88.5318,-6.2314,-62.7455,18.1228,51.0905,-91.5581,0.0000,0.00,0.00,0.00,0.0000,0.0000,0.0000
2026-09-03T13:53:17.951,936.278,ApproachMachine10OilFrontDownState2,ApproachMachine10OilFrontDown,MaintenanceGripper,-91.4555,-4.1753,-64.0896,31.8472,46.4275,-98.1724,0.0000,0.00,0.00,0.00,0.0000,0.0000,0.0000
2026-09-03T13:53:18.429,936.756,ApproachMachine10Oil9StartState2,ApproachMachine10Oil9Start,MaintenanceGripper,-82.8353,-2.9505,-66.8590,16.5083,47.1582,-102.2839,0.0000,0.00,0.00,0.00,0.0000,0.0000,0.0000
2026-09-03T13:53:18.656,936.983,Machine10Oil9StartState2,Machine10Oil9Start,MaintenanceGripper,-82.3465,-3.1750,-66.7727,15.9096,47.0216,-102.0645,0.0000,0.00,0.00,0.00,0.0000,0.0000,0.0000
2026-09-03T13:53:19.149,937.476,Machine10Oil9EndState2,Machine10Oil9End,MaintenanceGripper,-83.7705,53.1746,-45.2261,4.7224,24.0047,-99.0905,0.0000,0.00,0.00,0.00,0.0000,0.0000,0.0000
2026-09-03T13:53:19.267,937.594,ApproachMachine10Oil9EndState2,ApproachMachine10Oil9End,MaintenanceGripper,-83.9937,53.2181,-45.2456,5.2284,24.0377,-99.4710,0.0000,0.00,0.00,0.00,0.0000,0.0000,0.0000
2026-09-03T13:53:19.338,937.665,ApproachMachine10Oil10StartState2,ApproachMachine10Oil10Start,MaintenanceGripper,-84.5850,52.9750,-43.6819,8.6325,22.7429,-91.4855,0.0000,0.00,0.00,0.00,0.0000,0.0000,0.0000
2026-09-03T13:53:19.390,937.717,Machine10Oil10StartState2,Machine10Oil10Start,MaintenanceGripper,-84.3642,52.9494,-43.7228,8.0892,22.7602,-91.0618,0.0000,0.00,0.00,0.00,0.0000,0.0000,0.0000
2026-09-03T13:53:19.949,938.276,Machine10Oil10EndState2,Machine10Oil10End,MaintenanceGripper,-80.1618,-11.1084,-60.7532,9.2618,38.5489,-86.9411,0.0000,0.00,0.00,0.00,0.0000,0.0000,0.0000
2026-09-03T13:53:20.057,938.384,ApproachMachine10Oil10EndState2,ApproachMachine10Oil10End,MaintenanceGripper,-80.6508,-11.0842,-60.7003,9.9954,38.5368,-87.3336,0.0000,0.00,0.00,0.00,0.0000,0.0000,0.0000
2026-09-03T13:53:20.108,938.435,ApproachMachine10Oil11StartState2,ApproachMachine10Oil11Start,MaintenanceGripper,-81.0692,-10.4000,-61.1877,10.5008,39.0485,-87.5161,0.0000,0.00,0.00,0.00,0.0000,0.0000,0.0000
2026-09-03T13:53:20.156,938.483,Machine10Oil11StartState2,Machine10Oil11Start,MaintenanceGripper,-80.5811,-10.4271,-61.2410,9.7763,39.0596,-87.1340,0.0000,0.00,0.00,0.00,0.0000,0.0000,0.0000
2026-09-03T13:53:20.796,939.123,Machine10Oil11EndState2,Machine10Oil11End,MaintenanceGripper,-84.4115,52.6471,-42.8419,8.5155,22.0094,-84.5711,0.0000,0.00,0.00,0.00,0.0000,0.0000,0.0000
2026-09-03T13:53:20.908,939.235,ApproachMachine10Oil11EndState2,ApproachMachine10Oil11End,MaintenanceGripper,-84.6270,52.6572,-42.7660,9.0780,21.9585,-85.0196,0.0000,0.00,0.00,0.00,0.0000,0.0000,0.0000
2026-09-03T13:53:20.992,939.319,ApproachMachine10Oil12StartState2,ApproachMachine10Oil12Start,MaintenanceGripper,-83.4623,51.6388,-43.0397,-8.5135,20.6116,-68.1706,0.0000,0.00,0.00,0.00,0.0000,0.0000,0.0000
2026-09-03T13:53:21.045,939.372,Machine10Oil12StartState2,Machine10Oil12Start,MaintenanceGripper,-83.2452,51.6854,-43.1001,-9.0529,20.6956,-67.7525,0.0000,0.00,0.00,0.00,0.0000,0.0000,0.0000
2026-09-03T13:53:21.593,939.920,Machine10Oil12EndState2,Machine10Oil12End,MaintenanceGripper,-87.5020,-4.4621,-61.7275,35.5582,50.3881,-73.1456,0.0000,0.00,0.00,0.00,0.0000,0.0000,0.0000
2026-09-03T13:53:21.643,939.969,ApproachMachine10Oil12EndState2,ApproachMachine10Oil12End,MaintenanceGripper,-87.8103,-4.5676,-61.4311,36.0721,50.2337,-73.5256,0.0000,0.00,0.00,0.00,0.0000,0.0000,0.0000
2026-09-03T13:53:22.196,940.523,ApproachMachine10Oil13StartState2,ApproachMachine10Oil13Start,MaintenanceGripper,-86.0692,-5.5640,-63.4682,29.5012,57.9670,-53.3093,0.0000,0.00,0.00,0.00,0.0000,0.0000,0.0000
2026-09-03T13:53:22.441,940.768,Machine10Oil13StartState2,Machine10Oil13Start,MaintenanceGripper,-85.9739,-4.6832,-64.1589,29.1836,58.5485,-52.8682,0.0000,0.00,0.00,0.00,0.0000,0.0000,0.0000
2026-09-03T13:53:23.015,941.342,Machine10Oil13EndState2,Machine10Oil13End,MaintenanceGripper,-80.7405,50.0527,-38.3823,-34.3972,17.1038,-13.6647,0.0000,0.00,0.00,0.00,0.0000,0.0000,0.0000
2026-09-03T13:53:24.171,942.498,ApproachMachine10Oil13EndState2,ApproachMachine10Oil13End,MaintenanceGripper,-80.8073,49.8832,-38.1052,-34.7294,16.8459,-13.2742,0.0000,0.00,0.00,0.00,0.0000,0.0000,0.0000
2026-09-03T13:53:24.251,942.578,ApproachMachine10Oil14StartState2,ApproachMachine10Oil14Start,MaintenanceGripper,-80.9768,50.0037,-38.2008,-34.0863,16.8491,-13.8371,0.0000,0.00,0.00,0.00,0.0000,0.0000,0.0000
2026-09-03T13:53:24.306,942.633,Machine10Oil14StartState2,Machine10Oil14Start,MaintenanceGripper,-80.9102,50.1736,-38.4777,-33.7634,17.1080,-14.2179,0.0000,0.00,0.00,0.00,0.0000,0.0000,0.0000
2026-09-03T13:53:24.818,943.145,Machine10Oil14EndState2,Machine10Oil14End,MaintenanceGripper,-86.0194,-5.7007,-63.2756,29.4827,56.8930,-51.8187,0.0000,0.00,0.00,0.00,0.0000,0.0000,0.0000
2026-09-03T13:53:24.941,943.268,ApproachMachine10Oil14EndState2,ApproachMachine10Oil14End,MaintenanceGripper,-86.0989,-6.5774,-62.5809,29.8008,56.3071,-52.2679,0.0000,0.00,0.00,0.00,0.0000,0.0000,0.0000
2026-09-03T13:53:25.009,943.336,ApproachMachine10Oil15StartState2,ApproachMachine10Oil15Start,MaintenanceGripper,-86.7059,-5.8502,-63.2700,30.2717,57.0419,-52.1413,0.0000,0.00,0.00,0.00,0.0000,0.0000,0.0000
2026-09-03T13:53:25.061,943.388,Machine10Oil15StartState2,Machine10Oil15Start,MaintenanceGripper,-86.6267,-4.9668,-63.9655,29.9575,57.6259,-51.6906,0.0000,0.00,0.00,0.00,0.0000,0.0000,0.0000
2026-09-03T13:53:25.574,943.901,Machine10Oil15EndState2,Machine10Oil15End,MaintenanceGripper,-81.2438,50.5738,-38.7015,-32.4502,17.1530,-15.3744,0.0000,0.00,0.00,0.00,0.0000,0.0000,0.0000
2026-09-03T13:53:25.630,943.957,ApproachMachine10Oil15EndState2,ApproachMachine10Oil15End,MaintenanceGripper,-81.3101,50.4025,-38.4253,-32.7524,16.8924,-15.0151,0.0000,0.00,0.00,0.00,0.0000,0.0000,0.0000
2026-09-03T13:53:25.700,944.027,ApproachMachine10Oil16StartState2,ApproachMachine10Oil16Start,MaintenanceGripper,-81.6021,50.4890,-38.8854,-31.1465,17.1619,-16.5043,0.0000,0.00,0.00,0.00,0.0000,0.0000,0.0000
2026-09-03T13:53:25.748,944.075,Machine10Oil16StartState2,Machine10Oil16Start,MaintenanceGripper,-81.5359,50.6635,-39.1611,-30.8735,17.4247,-16.8339,0.0000,0.00,0.00,0.00,0.0000,0.0000,0.0000
2026-09-03T13:53:26.251,944.578,Machine10Oil16EndState2,Machine10Oil16End,MaintenanceGripper,-87.2907,-3.9919,-64.7533,30.4633,58.4517,-51.5133,0.0000,0.00,0.00,0.00,0.0000,0.0000,0.0000
2026-09-03T13:53:26.302,944.629,ApproachMachine10Oil16EndState2,ApproachMachine10Oil16End,MaintenanceGripper,-87.3694,-4.8789,-64.0597,30.7718,57.8721,-51.9636,0.0000,0.00,0.00,0.00,0.0000,0.0000,0.0000
2026-09-03T13:53:26.581,944.908,ApproachMachine10Oil17StartState2,ApproachMachine10Oil17Start,MaintenanceGripper,-83.2420,-12.1020,-62.2526,24.5332,60.1667,-20.6346,0.0000,0.00,0.00,0.00,0.0000,0.0000,0.0000
2026-09-03T13:53:27.042,945.368,Machine10Oil17StartState2,Machine10Oil17Start,MaintenanceGripper,-83.1699,-11.1263,-63.0289,24.2708,60.8599,-20.2315,0.0000,0.00,0.00,0.00,0.0000,0.0000,0.0000
2026-09-03T13:53:27.521,945.847,Machine10Oil17EndState2,Machine10Oil17End,MaintenanceGripper,-87.5342,54.2704,-43.3583,37.1853,45.1904,-35.6022,0.0000,0.00,0.00,0.00,0.0000,0.0000,0.0000
2026-09-03T13:53:27.640,945.967,ApproachMachine10Oil17EndState2,ApproachMachine10Oil17End,MaintenanceGripper,-87.5618,54.0207,-43.1154,37.3668,45.0094,-35.8326,0.0000,0.00,0.00,0.00,0.0000,0.0000,0.0000
2026-09-03T13:53:27.643,945.970,StopOilingState,,,-87.5618,54.0207,-43.1154,37.3668,45.0094,-35.8326,0.0000,0.00,0.00,0.00,0.0000,0.0000,0.0000
2026-09-03T13:53:28.073,946.400,ApproachMachine10OilFrontUpState2,ApproachMachine10OilFrontUp,MaintenanceGripper,-88.5318,-6.2314,-62.7455,18.1228,51.0905,-91.5581,0.0000,0.00,0.00,0.00,0.0000,0.0000,0.0000
2026-09-03T13:53:28.522,946.849,ApproachMachine10OilFrontState2,ApproachMachine10OilFront,MaintenanceGripper,-157.3833,-1.7814,-6.3744,114.3285,66.1423,-123.1692,0.0000,0.00,0.00,0.00,0.0000,0.0000,0.0000
2026-09-03T13:53:29.081,947.408,TransportStateReversedRightState,,,-180.0000,-50.0000,15.0000,0.0000,-15.0000,-90.0000,0.0000,0.00,0.00,0.00,0.0000,0.0000,0.0000
2026-09-03T13:53:29.479,947.806,CloseMachine10FrontDoorState1,,,-180.0000,-50.0000,15.0000,0.0000,-15.0000,-90.0000,0.0000,0.00,0.00,0.00,0.0000,0.0000,0.0000
2026-09-03T13:53:29.911,948.238,OpenMachine10BackDoorState1,,,-180.0000,-50.0000,15.0000,0.0000,-15.0000,-90.0000,0.0000,0.00,0.00,0.00,0.0000,0.0000,0.0000
2026-09-03T13:53:30.628,948.954,TransportState,,,0.0000,-50.0000,15.0000,0.0000,-15.0000,-90.0000,0.0000,0.00,0.00,0.00,0.0000,0.0000,0.0000
2026-09-03T13:53:31.290,949.617,MoveOnRailOptimizationApproachMachine10OilFrontState,OptimizationApproachMachine10OilShifted,,0.0000,-50.0000,15.0000,0.0000,-15.0000,-90.0000,0.0000,0.00,0.00,0.00,0.0000,0.0000,0.0000
2026-09-03T13:53:31.644,949.971,ApproachMachine10OilBackState1,ApproachMachine10OilBack,MaintenanceGripper,-28.1383,-17.0570,-3.3992,63.6680,-62.7386,-50.4571,0.0000,0.00,0.00,0.00,0.0000,0.0000,0.0000
2026-09-03T13:53:32.095,950.422,ApproachMachine10OilBackMidState2,ApproachMachine10OilBackMid,MaintenanceGripper,-88.9736,-1.5031,-59.8843,165.5504,-65.7653,-113.6920,0.0000,0.00,0.00,0.00,0.0000,0.0000,0.0000
2026-09-03T13:53:32.467,950.794,ApproachMachine10OilBackUpState2,ApproachMachine10OilBackUp,MaintenanceGripper,-89.0771,1.9628,-70.0774,148.4126,-76.1237,-112.6620,0.0000,0.00,0.00,0.00,0.0000,0.0000,0.0000
2026-09-03T13:53:32.469,950.796,StartOilingState,,,-89.0771,1.9628,-70.0774,148.4126,-76.1237,-112.6620,0.0000,0.00,0.00,0.00,0.0000,0.0000,0.0000
2026-09-03T13:53:32.852,951.179,ApproachMachine10Oil18StartState2,ApproachMachine10Oil18Start,MaintenanceGripper,-91.3283,13.9710,-69.0268,130.9115,-79.6716,-106.8054,0.0000,0.00,0.00,0.00,0.0000,0.0000,0.0000
2026-09-03T13:53:32.897,951.224,Machine10Oil18StartState2,Machine10Oil18Start,MaintenanceGripper,-91.3230,14.6619,-69.4985,130.9702,-79.9821,-107.1661,0.0000,0.00,0.00,0.00,0.0000,0.0000,0.0000
2026-09-03T13:53:33.383,951.710,Machine10Oil18EndState2,Machine10Oil18End,MaintenanceGripper,-95.8950,59.0485,-44.5805,153.5650,-52.4134,-109.2814,0.0000,0.00,0.00,0.00,0.0000,0.0000,0.0000
2026-09-03T13:53:33.511,951.838,ApproachMachine10Oil18EndState2,ApproachMachine10Oil18End,MaintenanceGripper,-95.9141,58.6907,-44.4079,153.5286,-52.2529,-109.1998,0.0000,0.00,0.00,0.00,0.0000,0.0000,0.0000
2026-09-03T13:53:33.584,951.911,ApproachMachine10Oil19StartState2,ApproachMachine10Oil19Start,MaintenanceGripper,-95.8391,59.4664,-46.3201,156.5752,-58.3839,-116.9752,0.0000,0.00,0.00,0.00,0.0000,0.0000,0.0000
2026-09-03T13:53:33.636,951.962,Machine10Oil19StartState2,Machine10Oil19Start,MaintenanceGripper,-95.8069,59.8774,-46.4521,156.5715,-58.5137,-117.0128,0.0000,0.00,0.00,0.00,0.0000,0.0000,0.0000
2026-09-03T13:53:34.128,952.455,Machine10Oil19EndState2,Machine10Oil19End,MaintenanceGripper,-98.2669,6.2213,-72.6011,155.1351,-81.4648,-126.8769,0.0000,0.00,0.00,0.00,0.0000,0.0000,0.0000
2026-09-03T13:53:34.260,952.587,ApproachMachine10Oil19EndState2,ApproachMachine10Oil19End,MaintenanceGripper,-98.3481,5.2472,-71.9867,155.1760,-80.8970,-126.6384,0.0000,0.00,0.00,0.00,0.0000,0.0000,0.0000
2026-09-03T13:53:34.308,952.635,ApproachMachine10Oil20StartState2,ApproachMachine10Oil20Start,MaintenanceGripper,-98.1380,3.6628,-70.9169,154.5649,-79.0814,-127.4309,0.0000,0.00,0.00,0.00,0.0000,0.0000,0.0000
2026-09-03T13:53:34.355,952.682,Machine10Oil20StartState2,Machine10Oil20Start,MaintenanceGripper,-98.0433,4.6400,-71.5416,154.5204,-79.6586,-127.6761,0.0000,0.00,0.00,0.00,0.0000,0.0000,0.0000
2026-09-03T13:53:34.818,953.145,Machine10Oil20EndState2,Machine10Oil20End,MaintenanceGripper,-95.5803,59.7047,-46.5527,156.3458,-58.6689,-116.8936,0.0000,0.00,0.00,0.00,0.0000,0.0000,0.0000
2026-09-03T13:53:34.871,953.198,ApproachMachine10Oil20EndState2,ApproachMachine10Oil20End,MaintenanceGripper,-95.6124,59.2935,-46.4202,156.3491,-58.5387,-116.8551,0.0000,0.00,0.00,0.00,0.0000,0.0000,0.0000
2026-09-03T13:53:34.930,953.256,ApproachMachine10Oil21StartState2,ApproachMachine10Oil21Start,MaintenanceGripper,-94.7273,58.7952,-44.6255,152.1971,-52.8299,-108.3763,0.0000,0.00,0.00,0.00,0.0000,0.0000,0.0000
2026-09-03T13:53:34.974,953.301,Machine10Oil21StartState2,Machine10Oil21Start,MaintenanceGripper,-94.7083,59.1552,-44.7968,152.2350,-52.9878,-108.4614,0.0000,0.00,0.00,0.00,0.0000,0.0000,0.0000
2026-09-03T13:53:35.423,953.750,Machine10Oil21EndState2,Machine10Oil21End,MaintenanceGripper,-89.1240,15.3709,-69.9275,128.8808,-80.8388,-107.0033,0.0000,0.00,0.00,0.00,0.0000,0.0000,0.0000
2026-09-03T13:53:35.470,953.797,ApproachMachine10Oil21EndState2,ApproachMachine10Oil21End,MaintenanceGripper,-89.1295,14.6806,-69.4598,128.8265,-80.5439,-106.6354,0.0000,0.00,0.00,0.00,0.0000,0.0000,0.0000
2026-09-03T13:53:35.528,953.855,ApproachMachine10Oil22StartState2,ApproachMachine10Oil22Start,MaintenanceGripper,-88.3888,14.5669,-69.5384,128.1162,-80.7959,-106.5342,0.0000,0.00,0.00,0.00,0.0000,0.0000,0.0000
2026-09-03T13:53:35.575,953.902,Machine10Oil22StartState2,Machine10Oil22Start,MaintenanceGripper,-88.3832,15.2602,-70.0079,128.1696,-81.0874,-106.9069,0.0000,0.00,0.00,0.00,0.0000,0.0000,0.0000
2026-09-03T13:53:36.075,954.402,Machine10Oil22EndState2,Machine10Oil22End,MaintenanceGripper,-94.2840,59.2317,-44.9304,151.7835,-53.2469,-108.2078,0.0000,0.00,0.00,0.00,0.0000,0.0000,0.0000
2026-09-03T13:53:36.188,954.515,ApproachMachine10Oil22EndState2,ApproachMachine10Oil22End,MaintenanceGripper,-94.3030,58.8705,-44.7597,151.7453,-53.0902,-108.1217,0.0000,0.00,0.00,0.00,0.0000,0.0000,0.0000
2026-09-03T13:53:36.252,954.579,ApproachMachine10Oil23StartState2,ApproachMachine10Oil23Start,MaintenanceGripper,-93.8945,59.0171,-44.8588,151.3009,-53.3145,-107.8614,0.0000,0.00,0.00,0.00,0.0000,0.0000,0.0000
2026-09-03T13:53:36.303,954.630,Machine10Oil23StartState2,Machine10Oil23Start,MaintenanceGripper,-93.8756,59.3795,-45.0286,151.3392,-53.4699,-107.9482,0.0000,0.00,0.00,0.00,0.0000,0.0000,0.0000
2026-09-03T13:53:36.771,955.097,Machine10Oil23EndState2,Machine10Oil23End,MaintenanceGripper,-87.5835,15.7270,-70.1864,127.4119,-81.4120,-106.8793,0.0000,0.00,0.00,0.00,0.0000,0.0000,0.0000
2026-09-03T13:53:36.829,955.156,ApproachMachine10Oil23EndState2,ApproachMachine10Oil23End,MaintenanceGripper,-87.5891,15.0362,-69.7204,127.3604,-81.1276,-106.5059,0.0000,0.00,0.00,0.00,0.0000,0.0000,0.0000
2026-09-03T13:53:37.030,955.357,ApproachMachine10OilBackUpState2,ApproachMachine10OilBackUp,MaintenanceGripper,-89.0771,1.9628,-70.0774,148.4126,-76.1237,-112.6620,0.0000,0.00,0.00,0.00,0.0000,0.0000,0.0000
2026-09-03T13:53:37.246,955.573,ApproachMachine10OilBackDownState2,ApproachMachine10OilBackDown,MaintenanceGripper,-104.7991,-18.9971,-52.0660,184.5493,-22.8560,-106.4934,0.0000,0.00,0.00,0.00,0.0000,0.0000,0.0000
2026-09-03T13:53:37.354,955.681,ApproachMachine10Oil24StartState2,ApproachMachine10Oil24Start,MaintenanceGripper,-100.0215,-9.1431,-56.7871,147.2583,-26.5371,-60.6372,0.0000,0.00,0.00,0.00,0.0000,0.0000,0.0000
2026-09-03T13:53:37.543,955.870,Machine10Oil24StartState2,Machine10Oil24Start,MaintenanceGripper,-100.4555,-9.3884,-56.6882,147.9189,-26.3260,-60.9696,0.0000,0.00,0.00,0.00,0.0000,0.0000,0.0000
2026-09-03T13:53:38.383,956.710,Machine10Oil24EndState2,Machine10Oil24End,MaintenanceGripper,-96.0375,57.6782,-35.1885,85.3591,-14.3133,2.3147,0.0000,0.00,0.00,0.00,0.0000,0.0000,0.0000
2026-09-03T13:53:38.675,957.001,ApproachMachine10Oil24EndState2,ApproachMachine10Oil24End,MaintenanceGripper,-95.8380,57.8446,-35.1302,85.0710,-14.4806,2.4936,0.0000,0.00,0.00,0.00,0.0000,0.0000,0.0000
2026-09-03T13:53:38.738,957.065,ApproachMachine10Oil25StartState2,ApproachMachine10Oil25Start,MaintenanceGripper,-96.3902,56.6040,-35.1351,93.3768,-11.4480,-13.1942,0.0000,0.00,0.00,0.00,0.0000,0.0000,0.0000
2026-09-03T13:53:38.787,957.114,Machine10Oil25StartState2,Machine10Oil25Start,MaintenanceGripper,-96.5900,56.4638,-35.2291,94.0109,-11.2910,-13.7236,0.0000,0.00,0.00,0.00,0.0000,0.0000,0.0000
2026-09-03T13:53:39.477,957.804,Machine10Oil25EndState2,Machine10Oil25End,MaintenanceGripper,-101.2945,-11.9389,-53.8879,149.3185,-22.3212,-70.6917,0.0000,0.00,0.00,0.00,0.0000,0.0000,0.0000
2026-09-03T13:53:39.698,958.025,ApproachMachine10Oil25EndState2,ApproachMachine10Oil25End,MaintenanceGripper,-100.8688,-11.7686,-53.9038,148.4733,-22.4644,-70.1496,0.0000,0.00,0.00,0.00,0.0000,0.0000,0.0000
2026-09-03T13:53:39.797,958.124,ApproachMachine10Oil26StartState2,ApproachMachine10Oil26Start,MaintenanceGripper,-101.2522,-11.6933,-55.4845,156.9116,-24.0448,-74.4952,0.0000,0.00,0.00,0.00,0.0000,0.0000,0.0000
2026-09-03T13:53:39.849,958.176,Machine10Oil26StartState2,Machine10Oil26Start,MaintenanceGripper,-101.6975,-11.8388,-55.4583,157.7792,-23.9235,-75.0434,0.0000,0.00,0.00,0.00,0.0000,0.0000,0.0000
2026-09-03T13:53:40.613,958.940,Machine10Oil26EndState2,Machine10Oil26End,MaintenanceGripper,-97.3456,54.5571,-40.0198,149.5775,-14.7200,-65.7731,0.0000,0.00,0.00,0.00,0.0000,0.0000,0.0000
2026-09-03T13:53:40.854,959.181,ApproachMachine10Oil26EndState2,ApproachMachine10Oil26End,MaintenanceGripper,-97.1338,54.6352,-39.9608,148.7964,-14.7524,-65.1062,0.0000,0.00,0.00,0.00,0.0000,0.0000,0.0000
2026-09-03T13:53:40.960,959.287,ApproachMachine10Oil27StartState2,ApproachMachine10Oil27Start,MaintenanceGripper,-94.9525,57.9616,-41.8679,145.9850,-35.3227,-93.4631,0.0000,0.00,0.00,0.00,0.0000,0.0000,0.0000
2026-09-03T13:53:41.016,959.343,Machine10Oil27StartState2,Machine10Oil27Start,MaintenanceGripper,-95.1577,58.1870,-41.9557,146.3702,-35.3106,-93.7671,0.0000,0.00,0.00,0.00,0.0000,0.0000,0.0000
2026-09-03T13:53:41.688,960.015,Machine10Oil27EndState2,Machine10Oil27End,MaintenanceGripper,-97.8764,0.9732,-67.6476,155.9807,-59.9378,-108.5872,0.0000,0.00,0.00,0.00,0.0000,0.0000,0.0000
2026-09-03T13:53:41.989,960.316,ApproachMachine10Oil27EndState2,ApproachMachine10Oil27End,MaintenanceGripper,-97.4121,0.4436,-67.2904,155.3719,-59.6857,-108.2295,0.0000,0.00,0.00,0.00,0.0000,0.0000,0.0000
2026-09-03T13:53:42.037,960.363,ApproachMachine10Oil28StartState2,ApproachMachine10Oil28Start,MaintenanceGripper,-97.2649,0.5127,-67.3018,152.4943,-63.6928,-120.1576,0.0000,0.00,0.00,0.00,0.0000,0.0000,0.0000
2026-09-03T13:53:42.085,960.412,Machine10Oil28StartState2,Machine10Oil28Start,MaintenanceGripper,-97.2585,1.4106,-67.9425,152.6315,-64.2625,-120.4837,0.0000,0.00,0.00,0.00,0.0000,0.0000,0.0000
2026-09-03T13:53:42.548,960.875,Machine10Oil28EndState2,Machine10Oil28End,MaintenanceGripper,-96.9920,56.6813,-46.3044,161.8193,-46.9357,-124.4170,0.0000,0.00,0.00,0.00,0.0000,0.0000,0.0000
2026-09-03T13:53:42.675,961.002,ApproachMachine10Oil28EndState2,ApproachMachine10Oil28End,MaintenanceGripper,-97.0141,56.2916,-46.1451,161.8023,-46.7796,-124.3688,0.0000,0.00,0.00,0.00,0.0000,0.0000,0.0000
2026-09-03T13:53:42.719,961.046,ApproachMachine10Oil29StartState2,ApproachMachine10Oil29Start,MaintenanceGripper,-96.4375,56.5904,-45.3350,154.6183,-48.5943,-130.3161,0.0000,0.00,0.00,0.00,0.0000,0.0000,0.0000
2026-09-03T13:53:42.767,961.094,Machine10Oil29StartState2,Machine10Oil29Start,MaintenanceGripper,-96.3803,57.0011,-45.4602,154.5929,-48.7246,-130.3393,0.0000,0.00,0.00,0.00,0.0000,0.0000,0.0000
2026-09-03T13:53:43.231,961.558,Machine10Oil29EndState2,Machine10Oil29End,MaintenanceGripper,-96.6353,1.9598,-68.3791,152.0518,-64.7556,-120.4799,0.0000,0.00,0.00,0.00,0.0000,0.0000,0.0000
2026-09-03T13:53:43.342,961.668,ApproachMachine10Oil29EndState2,ApproachMachine10Oil29End,MaintenanceGripper,-96.6417,1.0607,-67.7406,151.9155,-64.1908,-120.1498,0.0000,0.00,0.00,0.00,0.0000,0.0000,0.0000
2026-09-03T13:53:43.411,961.738,ApproachMachine10Oil30StartState2,ApproachMachine10Oil30Start,MaintenanceGripper,-95.7298,1.9757,-68.3859,151.0737,-64.9205,-120.1594,0.0000,0.00,0.00,0.00,0.0000,0.0000,0.0000
2026-09-03T13:53:43.463,961.790,Machine10Oil30StartState2,Machine10Oil30Start,MaintenanceGripper,-95.7233,2.8734,-69.0192,151.2080,-65.4762,-120.4938,0.0000,0.00,0.00,0.00,0.0000,0.0000,0.0000
2026-09-03T13:53:43.999,962.326,Machine10Oil30EndState2,Machine10Oil30End,MaintenanceGripper,-96.0015,57.3701,-45.8246,154.2510,-49.1676,-130.2311,0.0000,0.00,0.00,0.00,0.0000,0.0000,0.0000
2026-09-03T13:53:44.126,962.453,ApproachMachine10Oil30EndState2,ApproachMachine10Oil30End,MaintenanceGripper,-96.0585,56.9564,-45.7019,154.2767,-49.0398,-130.2081,0.0000,0.00,0.00,0.00,0.0000,0.0000,0.0000
2026-09-03T13:53:44.190,962.517,ApproachMachine10Oil31StartState2,ApproachMachine10Oil31Start,MaintenanceGripper,-95.7675,57.3483,-46.0503,154.0410,-49.4423,-130.1677,0.0000,0.00,0.00,0.00,0.0000,0.0000,0.0000
2026-09-03T13:53:44.239,962.565,Machine10Oil31StartState2,Machine10Oil31Start,MaintenanceGripper,-95.7106,57.7648,-46.1705,154.0147,-49.5676,-130.1903,0.0000,0.00,0.00,0.00,0.0000,0.0000,0.0000
2026-09-03T13:53:44.758,963.085,Machine10Oil31EndState2,Machine10Oil31End,MaintenanceGripper,-95.4452,3.6246,-69.7962,151.0784,-66.2037,-120.8132,0.0000,0.00,0.00,0.00,0.0000,0.0000,0.0000
2026-09-03T13:53:44.878,963.205,ApproachMachine10Oil31EndState2,ApproachMachine10Oil31End,MaintenanceGripper,-95.4517,2.7193,-69.1628,150.9482,-65.6485,-120.4792,0.0000,0.00,0.00,0.00,0.0000,0.0000,0.0000
2026-09-03T13:53:44.973,963.300,ApproachMachine10Oil32StartState2,ApproachMachine10Oil32Start,MaintenanceGripper,-91.4623,3.0579,-68.0444,134.9592,-73.5184,-143.8468,0.0000,0.00,0.00,0.00,0.0000,0.0000,0.0000
2026-09-03T13:53:45.025,963.352,Machine10Oil32StartState2,Machine10Oil32Start,MaintenanceGripper,-91.5705,3.7535,-68.6276,135.1884,-73.9031,-144.3054,0.0000,0.00,0.00,0.00,0.0000,0.0000,0.0000
2026-09-03T13:53:45.522,963.849,Machine10Oil32EndState2,Machine10Oil32End,MaintenanceGripper,-91.1871,62.2670,-41.0697,124.7407,-56.1013,-120.9044,0.0000,0.00,0.00,0.00,0.0000,0.0000,0.0000
2026-09-03T13:53:45.633,963.960,ApproachMachine10Oil32EndState2,ApproachMachine10Oil32End,MaintenanceGripper,-91.1387,62.0784,-40.8225,124.5580,-55.9908,-120.6341,0.0000,0.00,0.00,0.00,0.0000,0.0000,0.0000
2026-09-03T13:53:45.636,963.962,StopOilingState,,,-91.1387,62.0784,-40.8225,124.5580,-55.9908,-120.6341,0.0000,0.00,0.00,0.00,0.0000,0.0000,0.0000
2026-09-03T13:53:45.978,964.305,ApproachMachine10OilBackUpRearState2,ApproachMachine10OilBackUpRear,MaintenanceGripper,-90.8597,57.8344,-44.9919,147.8560,-54.5209,-105.6533,0.0000,0.00,0.00,0.00,0.0000,0.0000,0.0000
2026-09-03T13:53:46.367,964.694,ApproachMachine10OilBackMidState2,ApproachMachine10OilBackMid,MaintenanceGripper,-88.9736,-1.5031,-59.8843,165.5504,-65.7653,-113.6920,0.0000,0.00,0.00,0.00,0.0000,0.0000,0.0000
2026-09-03T13:53:46.929,965.256,ApproachMachine10OilBackState2,ApproachMachine10OilBack,MaintenanceGripper,-28.1383,-17.0570,-3.3992,63.6680,-62.7386,-50.4571,0.0000,0.00,0.00,0.00,0.0000,0.0000,0.0000
2026-09-03T13:53:47.408,965.735,TransportState,,,-0.0000,-50.0000,15.0000,-0.0000,-15.0000,-90.0000,0.0000,0.00,0.00,0.00,0.0000,0.0000,0.0000
2026-09-03T13:53:47.803,966.130,CloseMachine10BackDoorState1,,,-0.0000,-50.0000,15.0000,-0.0000,-15.0000,-90.0000,0.0000,0.00,0.00,0.00,0.0000,0.0000,0.0000
2026-09-03T13:53:56.740,975.067,TransportStateReversedRightState,,,-180.0000,-50.0000,15.0000,-0.0000,-15.0000,-90.0000,0.0000,0.00,0.00,0.00,0.0000,0.0000,0.0000
2026-09-03T13:53:58.752,977.079,MoveOnRailOptimizationApproachMachine22OilBackState,OptimizationApproachMachine22Oil,,-180.0000,-50.0000,15.0000,-0.0000,-15.0000,-90.0000,0.0000,0.00,0.00,0.00,0.0000,0.0000,0.0000
2026-09-03T13:53:59.523,977.850,OpenMachine22FrontDoorState1,,,-180.0000,-50.0000,15.0000,-0.0000,-15.0000,-90.0000,0.0000,0.00,0.00,0.00,0.0000,0.0000,0.0000
2026-09-03T13:54:00.167,978.494,ApproachMachine22OilFrontState1,ApproachMachine22OilFront,MaintenanceGripper,-157.3718,-2.1007,-5.3457,114.6934,66.5386,-123.9829,0.0000,0.00,0.00,0.00,0.0000,0.0000,0.0000
2026-09-03T13:54:00.598,978.924,ApproachMachine22OilFrontUpState2,ApproachMachine22OilFrontUp,MaintenanceGripper,-88.4282,-9.1543,-60.6009,18.5903,49.0326,-92.2000,0.0000,0.00,0.00,0.00,0.0000,0.0000,0.0000
2026-09-03T13:54:00.668,978.995,StartOilingState,,,-88.4282,-9.1543,-60.6009,18.5903,49.0326,-92.2000,0.0000,0.00,0.00,0.00,0.0000,0.0000,0.0000
2026-09-03T13:54:00.941,979.268,ApproachMachine22Oil1StartState2,ApproachMachine22Oil1Start,MaintenanceGripper,-83.9161,2.8901,-66.6840,30.3557,67.4697,-83.4370,0.0000,0.00,0.00,0.00,0.0000,0.0000,0.0000
2026-09-03T13:54:00.991,979.317,Machine22Oil1StartState2,Machine22Oil1Start,MaintenanceGripper,-83.9284,3.7366,-67.3011,30.2412,68.0049,-83.1051,0.0000,0.00,0.00,0.00,0.0000,0.0000,0.0000
2026-09-03T13:54:01.509,979.836,Machine22Oil1EndState2,Machine22Oil1End,MaintenanceGripper,-79.1518,51.1731,-45.3133,-9.3651,42.3756,-59.3109,0.0000,0.00,0.00,0.00,0.0000,0.0000,0.0000
2026-09-03T13:54:01.629,979.955,ApproachMachine22Oil1EndState2,ApproachMachine22Oil1End,MaintenanceGripper,-79.1271,50.8592,-45.0732,-9.4446,42.1416,-59.2271,0.0000,0.00,0.00,0.00,0.0000,0.0000,0.0000
2026-09-03T13:54:01.709,980.036,ApproachMachine22Oil2StartState2,ApproachMachine22Oil2Start,MaintenanceGripper,-80.4998,50.7546,-44.7265,-4.9350,39.5488,-63.5012,0.0000,0.00,0.00,0.00,0.0000,0.0000,0.0000
2026-09-03T13:54:01.762,980.089,Machine22Oil2StartState2,Machine22Oil2Start,MaintenanceGripper,-80.5203,51.0533,-44.9746,-4.8775,39.7947,-63.5570,0.0000,0.00,0.00,0.00,0.0000,0.0000,0.0000
2026-09-03T13:54:02.220,980.547,Machine22Oil2EndState2,Machine22Oil2End,MaintenanceGripper,-84.6948,-0.9845,-64.0342,32.3304,62.3691,-80.9424,0.0000,0.00,0.00,0.00,0.0000,0.0000,0.0000
2026-09-03T13:54:02.344,980.671,ApproachMachine22Oil2EndState2,ApproachMachine22Oil2End,MaintenanceGripper,-84.6372,-1.8201,-63.3984,32.4477,61.8186,-81.3034,0.0000,0.00,0.00,0.00,0.0000,0.0000,0.0000
2026-09-03T13:54:02.636,980.963,ApproachMachine22Oil3StartState2,ApproachMachine22Oil3Start,MaintenanceGripper,-82.7073,-17.4119,-49.7131,33.1104,36.9921,-70.9105,0.0000,0.00,0.00,0.00,0.0000,0.0000,0.0000
2026-09-03T13:54:02.730,981.057,Machine22Oil3StartState2,Machine22Oil3Start,MaintenanceGripper,-82.3564,-19.8103,-50.0260,32.3661,37.1331,-70.3141,0.0000,0.00,0.00,0.00,0.0000,0.0000,0.0000
2026-09-03T13:54:03.241,981.568,Machine22Oil3EndState2,Machine22Oil3End,MaintenanceGripper,-81.6402,48.2287,-42.0186,-0.8522,34.0667,-44.0539,0.0000,0.00,0.00,0.00,0.0000,0.0000,0.0000
2026-09-03T13:54:03.369,981.696,ApproachMachine22Oil3EndState2,ApproachMachine22Oil3End,MaintenanceGripper,-81.6464,47.6094,-41.5650,-0.8513,33.6131,-44.0501,0.0000,0.00,0.00,0.00,0.0000,0.0000,0.0000
2026-09-03T13:54:03.442,981.769,ApproachMachine22Oil4StartState2,ApproachMachine22Oil4Start,MaintenanceGripper,-82.5998,47.8726,-41.3541,4.3593,33.1116,-45.0386,0.0000,0.00,0.00,0.00,0.0000,0.0000,0.0000
2026-09-03T13:54:03.490,981.817,Machine22Oil4StartState2,Machine22Oil4Start,MaintenanceGripper,-82.6083,48.1779,-41.5819,4.3481,33.3392,-45.0186,0.0000,0.00,0.00,0.00,0.0000,0.0000,0.0000
2026-09-03T13:54:04.008,982.335,Machine22Oil4EndState2,Machine22Oil4End,MaintenanceGripper,-80.8024,-24.4380,-46.7970,28.8849,31.8488,-61.9360,0.0000,0.00,0.00,0.00,0.0000,0.0000,0.0000
2026-09-03T13:54:04.123,982.449,ApproachMachine22Oil4EndState2,ApproachMachine22Oil4End,MaintenanceGripper,-80.7634,-25.0462,-46.1778,29.3084,31.2946,-62.4663,0.0000,0.00,0.00,0.00,0.0000,0.0000,0.0000
2026-09-03T13:54:04.176,982.503,ApproachMachine22Oil5StartState2,ApproachMachine22Oil5Start,MaintenanceGripper,-85.5835,-17.4885,-52.1651,41.3823,51.0024,-52.4489,0.0000,0.00,0.00,0.00,0.0000,0.0000,0.0000
2026-09-03T13:54:04.230,982.557,Machine22Oil5StartState2,Machine22Oil5Start,MaintenanceGripper,-85.5840,-16.6566,-52.8624,41.0145,51.5273,-51.8604,0.0000,0.00,0.00,0.00,0.0000,0.0000,0.0000
2026-09-03T13:54:04.751,983.078,Machine22Oil5EndState2,Machine22Oil5End,MaintenanceGripper,-80.6697,46.4652,-39.4347,-3.7152,28.9190,-23.7366,0.0000,0.00,0.00,0.00,0.0000,0.0000,0.0000
2026-09-03T13:54:04.859,983.186,ApproachMachine22Oil5EndState2,ApproachMachine22Oil5End,MaintenanceGripper,-80.6648,46.1902,-39.1773,-3.7557,28.6624,-23.6939,0.0000,0.00,0.00,0.00,0.0000,0.0000,0.0000
2026-09-03T13:54:04.916,983.243,ApproachMachine22Oil6StartState2,ApproachMachine22Oil6Start,MaintenanceGripper,-81.0238,46.0746,-39.1786,-3.0222,28.6468,-24.2719,0.0000,0.00,0.00,0.00,0.0000,0.0000,0.0000
2026-09-03T13:54:04.962,983.289,Machine22Oil6StartState2,Machine22Oil6Start,MaintenanceGripper,-81.0289,46.3495,-39.4363,-2.9874,28.9039,-24.3081,0.0000,0.00,0.00,0.00,0.0000,0.0000,0.0000
2026-09-03T13:54:05.441,983.768,Machine22Oil6EndState2,Machine22Oil6End,MaintenanceGripper,-86.3162,-16.5886,-52.9275,41.8258,51.8674,-52.2278,0.0000,0.00,0.00,0.00,0.0000,0.0000,0.0000
2026-09-03T13:54:05.497,983.824,ApproachMachine22Oil6EndState2,ApproachMachine22Oil6End,MaintenanceGripper,-86.3155,-17.4214,-52.2300,42.1950,51.3489,-52.8230,0.0000,0.00,0.00,0.00,0.0000,0.0000,0.0000
2026-09-03T13:54:05.556,983.883,ApproachMachine22Oil7StartState2,ApproachMachine22Oil7Start,MaintenanceGripper,-87.0320,-17.4011,-52.3907,42.9317,51.7636,-53.0961,0.0000,0.00,0.00,0.00,0.0000,0.0000,0.0000
2026-09-03T13:54:05.603,983.930,Machine22Oil7StartState2,Machine22Oil7Start,MaintenanceGripper,-87.0327,-16.5620,-53.0916,42.5612,52.2786,-52.4930,0.0000,0.00,0.00,0.00,0.0000,0.0000,0.0000
2026-09-03T13:54:06.087,984.414,Machine22Oil7EndState2,Machine22Oil7End,MaintenanceGripper,-81.3687,46.2330,-39.6775,-2.2792,29.1328,-24.8705,0.0000,0.00,0.00,0.00,0.0000,0.0000,0.0000
2026-09-03T13:54:06.133,984.460,ApproachMachine22Oil7EndState2,ApproachMachine22Oil7End,MaintenanceGripper,-81.3636,45.9563,-39.4198,-2.3081,28.8754,-24.8411,0.0000,0.00,0.00,0.00,0.0000,0.0000,0.0000
2026-09-03T13:54:06.192,984.519,ApproachMachine22Oil8StartState2,ApproachMachine22Oil8Start,MaintenanceGripper,-81.7549,46.0546,-39.5351,-1.5083,28.9800,-25.4712,0.0000,0.00,0.00,0.00,0.0000,0.0000,0.0000
2026-09-03T13:54:06.239,984.566,Machine22Oil8StartState2,Machine22Oil8Start,MaintenanceGripper,-81.7601,46.3323,-39.7924,-1.4857,29.2371,-25.4933,0.0000,0.00,0.00,0.00,0.0000,0.0000,0.0000
2026-09-03T13:54:06.743,985.070,Machine22Oil8EndState2,Machine22Oil8End,MaintenanceGripper,-87.8929,-16.3596,-53.2968,43.4319,52.7787,-52.7925,0.0000,0.00,0.00,0.00,0.0000,0.0000,0.0000
2026-09-03T13:54:06.867,985.194,ApproachMachine22Oil8EndState2,ApproachMachine22Oil8End,MaintenanceGripper,-87.8922,-17.2019,-52.5951,43.8021,52.2704,-53.4020,0.0000,0.00,0.00,0.00,0.0000,0.0000,0.0000
2026-09-03T13:54:07.154,985.481,ApproachMachine22OilFrontUpState2,ApproachMachine22OilFrontUp,MaintenanceGripper,-88.4282,-9.1543,-60.6009,18.5903,49.0326,-92.2000,0.0000,0.00,0.00,0.00,0.0000,0.0000,0.0000
2026-09-03T13:54:07.446,985.772,ApproachMachine22OilFrontDownState2,ApproachMachine22OilFrontDown,MaintenanceGripper,-91.3584,-7.0963,-61.9737,32.8442,44.5836,-99.5149,0.0000,0.00,0.00,0.00,0.0000,0.0000,0.0000
2026-09-03T13:54:07.723,986.050,ApproachMachine22Oil9StartState2,ApproachMachine22Oil9Start,MaintenanceGripper,-82.7341,-6.0498,-64.6705,16.9847,45.0260,-102.9050,0.0000,0.00,0.00,0.00,0.0000,0.0000,0.0000
2026-09-03T13:54:07.776,986.103,Machine22Oil9StartState2,Machine22Oil9Start,MaintenanceGripper,-82.2446,-6.2827,-64.5766,16.3681,44.8758,-102.6586,0.0000,0.00,0.00,0.00,0.0000,0.0000,0.0000
2026-09-03T13:54:08.226,986.553,Machine22Oil9EndState2,Machine22Oil9End,MaintenanceGripper,-83.6886,52.0785,-44.6204,4.6273,23.4101,-98.8532,0.0000,0.00,0.00,0.00,0.0000,0.0000,0.0000
2026-09-03T13:54:08.274,986.601,ApproachMachine22Oil9EndState2,ApproachMachine22Oil9End,MaintenanceGripper,-83.9120,52.1203,-44.6398,5.1460,23.4430,-99.2474,0.0000,0.00,0.00,0.00,0.0000,0.0000,0.0000
2026-09-03T13:54:08.338,986.665,ApproachMachine22Oil10StartState2,ApproachMachine22Oil10Start,MaintenanceGripper,-84.5007,51.9023,-43.0673,8.6322,22.1373,-91.3508,0.0000,0.00,0.00,0.00,0.0000,0.0000,0.0000
2026-09-03T13:54:08.387,986.714,Machine22Oil10StartState2,Machine22Oil10Start,MaintenanceGripper,-84.2799,51.8773,-43.1087,8.0745,22.1548,-90.9116,0.0000,0.00,0.00,0.00,0.0000,0.0000,0.0000
2026-09-03T13:54:08.908,987.235,Machine22Oil10EndState2,Machine22Oil10End,MaintenanceGripper,-80.0440,-14.1966,-58.4540,9.5592,36.2587,-87.2508,0.0000,0.00,0.00,0.00,0.0000,0.0000,0.0000
2026-09-03T13:54:08.967,987.294,ApproachMachine22Oil10EndState2,ApproachMachine22Oil10End,MaintenanceGripper,-80.5334,-14.1653,-58.4050,10.3319,36.2546,-87.6919,0.0000,0.00,0.00,0.00,0.0000,0.0000,0.0000
2026-09-03T13:54:09.017,987.344,ApproachMachine22Oil11StartState2,ApproachMachine22Oil11Start,MaintenanceGripper,-80.9533,-13.4812,-58.9017,10.8560,36.7790,-87.9010,0.0000,0.00,0.00,0.00,0.0000,0.0000,0.0000
2026-09-03T13:54:09.065,987.391,Machine22Oil11StartState2,Machine22Oil11Start,MaintenanceGripper,-80.4648,-13.5157,-58.9508,10.0940,36.7814,-87.4719,0.0000,0.00,0.00,0.00,0.0000,0.0000,0.0000
2026-09-03T13:54:09.567,987.894,Machine22Oil11EndState2,Machine22Oil11End,MaintenanceGripper,-84.3253,51.5919,-42.2214,8.5117,21.3975,-84.4324,0.0000,0.00,0.00,0.00,0.0000,0.0000,0.0000
2026-09-03T13:54:09.699,988.026,ApproachMachine22Oil11EndState2,ApproachMachine22Oil11End,MaintenanceGripper,-84.5409,51.6021,-42.1448,9.0898,21.3462,-84.8977,0.0000,0.00,0.00,0.00,0.0000,0.0000,0.0000
2026-09-03T13:54:09.776,988.103,ApproachMachine22Oil12StartState2,ApproachMachine22Oil12Start,MaintenanceGripper,-83.3748,50.5906,-42.4108,-9.0218,20.0315,-67.4965,0.0000,0.00,0.00,0.00,0.0000,0.0000,0.0000
2026-09-03T13:54:09.821,988.148,Machine22Oil12StartState2,Machine22Oil12Start,MaintenanceGripper,-83.1578,50.6371,-42.4725,-9.5733,20.1183,-67.0652,0.0000,0.00,0.00,0.00,0.0000,0.0000,0.0000
2026-09-03T13:54:10.340,988.667,Machine22Oil12EndState2,Machine22Oil12End,MaintenanceGripper,-87.3959,-7.1077,-59.7606,36.4587,48.7168,-74.4464,0.0000,0.00,0.00,0.00,0.0000,0.0000,0.0000
2026-09-03T13:54:10.448,988.774,ApproachMachine22Oil12EndState2,ApproachMachine22Oil12End,MaintenanceGripper,-87.7040,-7.1915,-59.4739,36.9852,48.5802,-74.8411,0.0000,0.00,0.00,0.00,0.0000,0.0000,0.0000
2026-09-03T13:54:10.506,988.833,ApproachMachine22Oil13StartState2,ApproachMachine22Oil13Start,MaintenanceGripper,-85.9644,-8.4989,-61.3291,30.1321,56.0445,-54.3709,0.0000,0.00,0.00,0.00,0.0000,0.0000,0.0000
2026-09-03T13:54:10.555,988.882,Machine22Oil13StartState2,Machine22Oil13Start,MaintenanceGripper,-85.8706,-7.6220,-62.0307,29.7904,56.6301,-53.9036,0.0000,0.00,0.00,0.00,0.0000,0.0000,0.0000
2026-09-03T13:54:11.014,989.341,Machine22Oil13EndState2,Machine22Oil13End,MaintenanceGripper,-80.6421,49.1145,-37.7279,-35.8698,16.6589,-11.9911,0.0000,0.00,0.00,0.00,0.0000,0.0000,0.0000
2026-09-03T13:54:11.139,989.466,ApproachMachine22Oil13EndState2,ApproachMachine22Oil13End,MaintenanceGripper,-80.7082,48.9510,-37.4478,-36.2422,16.4017,-11.5606,0.0000,0.00,0.00,0.00,0.0000,0.0000,0.0000
2026-09-03T13:54:11.190,989.517,ApproachMachine22Oil14StartState2,ApproachMachine22Oil14Start,MaintenanceGripper,-80.8781,49.0680,-37.5446,-35.5784,16.4007,-12.1451,0.0000,0.00,0.00,0.00,0.0000,0.0000,0.0000
2026-09-03T13:54:11.236,989.563,Machine22Oil14StartState2,Machine22Oil14Start,MaintenanceGripper,-80.8121,49.2320,-37.8245,-35.2157,16.6591,-12.5655,0.0000,0.00,0.00,0.00,0.0000,0.0000,0.0000
2026-09-03T13:54:11.733,990.060,Machine22Oil14EndState2,Machine22Oil14End,MaintenanceGripper,-85.9142,-8.6235,-61.1412,30.1360,54.9742,-52.8904,0.0000,0.00,0.00,0.00,0.0000,0.0000,0.0000
2026-09-03T13:54:11.853,990.180,ApproachMachine22Oil14EndState2,ApproachMachine22Oil14End,MaintenanceGripper,-85.9922,-9.4946,-60.4367,30.4794,54.3852,-53.3664,0.0000,0.00,0.00,0.00,0.0000,0.0000,0.0000
2026-09-03T13:54:11.912,990.239,ApproachMachine22Oil15StartState2,ApproachMachine22Oil15Start,MaintenanceGripper,-86.6014,-8.7914,-61.1226,30.9442,55.1268,-53.2506,0.0000,0.00,0.00,0.00,0.0000,0.0000,0.0000
2026-09-03T13:54:11.969,990.296,Machine22Oil15StartState2,Machine22Oil15Start,MaintenanceGripper,-86.5236,-7.9126,-61.8287,30.6048,55.7145,-52.7730,0.0000,0.00,0.00,0.00,0.0000,0.0000,0.0000
2026-09-03T13:54:12.466,990.793,Machine22Oil15EndState2,Machine22Oil15End,MaintenanceGripper,-81.1467,49.6238,-38.0525,-33.8531,16.6973,-13.7732,0.0000,0.00,0.00,0.00,0.0000,0.0000,0.0000
2026-09-03T13:54:12.516,990.843,ApproachMachine22Oil15EndState2,ApproachMachine22Oil15End,MaintenanceGripper,-81.2124,49.4584,-37.7732,-34.1938,16.4368,-13.3757,0.0000,0.00,0.00,0.00,0.0000,0.0000,0.0000
2026-09-03T13:54:12.583,990.910,ApproachMachine22Oil16StartState2,ApproachMachine22Oil16Start,MaintenanceGripper,-81.5055,49.5340,-38.2352,-32.5147,16.6955,-14.9397,0.0000,0.00,0.00,0.00,0.0000,0.0000,0.0000
2026-09-03T13:54:12.635,990.962,Machine22Oil16StartState2,Machine22Oil16Start,MaintenanceGripper,-81.4399,49.7026,-38.5140,-32.2056,16.9585,-15.3052,0.0000,0.00,0.00,0.00,0.0000,0.0000,0.0000
2026-09-03T13:54:13.137,991.464,Machine22Oil16EndState2,Machine22Oil16End,MaintenanceGripper,-87.1902,-6.9499,-62.6236,31.0995,56.5566,-52.6004,0.0000,0.00,0.00,0.00,0.0000,0.0000,0.0000
2026-09-03T13:54:13.194,991.521,ApproachMachine22Oil16EndState2,ApproachMachine22Oil16End,MaintenanceGripper,-87.2674,-7.8337,-61.9186,31.4327,55.9726,-53.0774,0.0000,0.00,0.00,0.00,0.0000,0.0000,0.0000
2026-09-03T13:54:13.288,991.615,ApproachMachine22Oil17StartState2,ApproachMachine22Oil17Start,MaintenanceGripper,-83.1304,-15.6021,-59.7016,25.1228,57.7905,-21.6777,0.0000,0.00,0.00,0.00,0.0000,0.0000,0.0000
2026-09-03T13:54:13.339,991.666,Machine22Oil17StartState2,Machine22Oil17Start,MaintenanceGripper,-83.0598,-14.6294,-60.4903,24.8348,58.4906,-21.2481,0.0000,0.00,0.00,0.00,0.0000,0.0000,0.0000
2026-09-03T13:54:13.797,992.124,Machine22Oil17EndState2,Machine22Oil17End,MaintenanceGripper,-87.4523,53.1799,-42.7500,37.5507,44.6494,-35.9409,0.0000,0.00,0.00,0.00,0.0000,0.0000,0.0000
2026-09-03T13:54:13.910,992.237,ApproachMachine22Oil17EndState2,ApproachMachine22Oil17End,MaintenanceGripper,-87.4793,52.9358,-42.5033,37.7380,44.4662,-36.1781,0.0000,0.00,0.00,0.00,0.0000,0.0000,0.0000
2026-09-03T13:54:13.913,992.240,StopOilingState,,,-87.4793,52.9358,-42.5033,37.7380,44.4662,-36.1781,0.0000,0.00,0.00,0.00,0.0000,0.0000,0.0000
2026-09-03T13:54:14.420,992.747,ApproachMachine22OilFrontUpState2,ApproachMachine22OilFrontUp,MaintenanceGripper,-88.4282,-9.1543,-60.6009,18.5903,49.0326,-92.2000,0.0000,0.00,0.00,0.00,0.0000,0.0000,0.0000
2026-09-03T13:54:14.954,993.281,ApproachMachine22OilFrontState2,ApproachMachine22OilFront,MaintenanceGripper,-157.3718,-2.1007,-5.3457,114.6934,66.5386,-123.9829,0.0000,0.00,0.00,0.00,0.0000,0.0000,0.0000
2026-09-03T13:54:15.547,993.874,TransportStateReversedRightState,,,-180.0000,-50.0000,15.0000,-0.0000,-15.0000,-90.0000,0.0000,0.00,0.00,0.00,0.0000,0.0000,0.0000
2026-09-03T13:54:15.946,994.273,CloseMachine22FrontDoorState1,,,-180.0000,-50.0000,15.0000,-0.0000,-15.0000,-90.0000,0.0000,0.00,0.00,0.00,0.0000,0.0000,0.0000
2026-09-03T13:54:16.392,994.719,OpenMachine22BackDoorState1,,,-180.0000,-50.0000,15.0000,-0.0000,-15.0000,-90.0000,0.0000,0.00,0.00,0.00,0.0000,0.0000,0.0000
2026-09-03T13:54:17.152,995.478,TransportState,,,-0.0000,-50.0000,15.0000,0.0000,-15.0000,-90.0000,0.0000,0.00,0.00,0.00,0.0000,0.0000,0.0000
2026-09-03T13:54:17.789,996.116,MoveOnRailOptimizationApproachMachine22OilFrontState,OptimizationApproachMachine22OilShifted,,-0.0000,-50.0000,15.0000,0.0000,-15.0000,-90.0000,0.0000,0.00,0.00,0.00,0.0000,0.0000,0.0000
2026-09-03T13:54:18.132,996.459,ApproachMachine22OilBackState1,ApproachMachine22OilBack,MaintenanceGripper,-27.8864,-16.1838,-2.7364,63.3448,-63.3048,-49.3374,0.0000,0.00,0.00,0.00,0.0000,0.0000,0.0000
2026-09-03T13:54:18.578,996.905,ApproachMachine22OilBackMidState2,ApproachMachine22OilBackMid,MaintenanceGripper,-88.7566,-3.2381,-58.6196,165.4424,-64.5846,-112.8438,0.0000,0.00,0.00,0.00,0.0000,0.0000,0.0000
2026-09-03T13:54:18.924,997.251,ApproachMachine22OilBackUpState2,ApproachMachine22OilBackUp,MaintenanceGripper,-88.9320,-0.3745,-68.5361,148.3269,-74.9935,-111.3844,0.0000,0.00,0.00,0.00,0.0000,0.0000,0.0000
2026-09-03T13:54:18.925,997.252,StartOilingState,,,-88.9320,-0.3745,-68.5361,148.3269,-74.9935,-111.3844,0.0000,0.00,0.00,0.00,0.0000,0.0000,0.0000
2026-09-03T13:54:19.246,997.573,ApproachMachine22Oil18StartState2,ApproachMachine22Oil18Start,MaintenanceGripper,-91.1831,12.2824,-67.9600,130.9392,-79.2875,-105.6411,0.0000,0.00,0.00,0.00,0.0000,0.0000,0.0000
2026-09-03T13:54:19.296,997.623,Machine22Oil18StartState2,Machine22Oil18Start,MaintenanceGripper,-91.1815,12.9742,-68.4407,131.0052,-79.6032,-106.0099,0.0000,0.00,0.00,0.00,0.0000,0.0000,0.0000
2026-09-03T13:54:19.772,998.099,Machine22Oil18EndState2,Machine22Oil18End,MaintenanceGripper,-95.7300,58.1247,-44.2131,153.5974,-52.2269,-108.6886,0.0000,0.00,0.00,0.00,0.0000,0.0000,0.0000
2026-09-03T13:54:19.890,998.217,ApproachMachine22Oil18EndState2,ApproachMachine22Oil18End,MaintenanceGripper,-95.7472,57.7709,-44.0361,153.5568,-52.0629,-108.6028,0.0000,0.00,0.00,0.00,0.0000,0.0000,0.0000
2026-09-03T13:54:19.960,998.287,ApproachMachine22Oil19StartState2,ApproachMachine22Oil19Start,MaintenanceGripper,-95.6841,58.5211,-45.9620,156.6827,-58.1826,-116.4348,0.0000,0.00,0.00,0.00,0.0000,0.0000,0.0000
2026-09-03T13:54:20.008,998.335,Machine22Oil19StartState2,Machine22Oil19Start,MaintenanceGripper,-95.6538,58.9285,-46.0990,156.6824,-58.3167,-116.4758,0.0000,0.00,0.00,0.00,0.0000,0.0000,0.0000
2026-09-03T13:54:20.475,998.802,Machine22Oil19EndState2,Machine22Oil19End,MaintenanceGripper,-98.1571,3.8181,-71.0469,155.2109,-80.2610,-125.7952,0.0000,0.00,0.00,0.00,0.0000,0.0000,0.0000
2026-09-03T13:54:20.589,998.915,ApproachMachine22Oil19EndState2,ApproachMachine22Oil19End,MaintenanceGripper,-98.2343,2.8270,-70.4104,155.2406,-79.6724,-125.5478,0.0000,0.00,0.00,0.00,0.0000,0.0000,0.0000
2026-09-03T13:54:20.632,998.958,ApproachMachine22Oil20StartState2,ApproachMachine22Oil20Start,MaintenanceGripper,-98.0164,1.2267,-69.3121,154.5905,-77.8404,-126.3086,0.0000,0.00,0.00,0.00,0.0000,0.0000,0.0000
2026-09-03T13:54:20.678,999.005,Machine22Oil20StartState2,Machine22Oil20Start,MaintenanceGripper,-97.9257,2.2204,-69.9588,154.5578,-78.4380,-126.5632,0.0000,0.00,0.00,0.00,0.0000,0.0000,0.0000
2026-09-03T13:54:21.143,999.470,Machine22Oil20EndState2,Machine22Oil20End,MaintenanceGripper,-95.4270,58.7587,-46.1999,156.4563,-58.4724,-116.3549,0.0000,0.00,0.00,0.00,0.0000,0.0000,0.0000
2026-09-03T13:54:21.258,999.585,ApproachMachine22Oil20EndState2,ApproachMachine22Oil20End,MaintenanceGripper,-95.4572,58.3510,-46.0624,156.4561,-58.3380,-116.3129,0.0000,0.00,0.00,0.00,0.0000,0.0000,0.0000
2026-09-03T13:54:21.316,999.643,ApproachMachine22Oil21StartState2,ApproachMachine22Oil21Start,MaintenanceGripper,-94.5608,57.8876,-44.2655,152.2282,-52.6524,-107.7781,0.0000,0.00,0.00,0.00,0.0000,0.0000,0.0000
2026-09-03T13:54:21.362,999.689,Machine22Oil21StartState2,Machine22Oil21Start,MaintenanceGripper,-94.5437,58.2436,-44.4413,152.2703,-52.8136,-107.8673,0.0000,0.00,0.00,0.00,0.0000,0.0000,0.0000
2026-09-03T13:54:21.873,1000.199,Machine22Oil21EndState2,Machine22Oil21End,MaintenanceGripper,-88.9822,13.7182,-68.9038,128.9288,-80.5103,-105.8484,0.0000,0.00,0.00,0.00,0.0000,0.0000,0.0000
2026-09-03T13:54:21.921,1000.248,ApproachMachine22Oil21EndState2,ApproachMachine22Oil21End,MaintenanceGripper,-88.9840,13.0269,-68.4270,128.8676,-80.2104,-105.4724,0.0000,0.00,0.00,0.00,0.0000,0.0000,0.0000
2026-09-03T13:54:21.977,1000.304,ApproachMachine22Oil22StartState2,ApproachMachine22Oil22Start,MaintenanceGripper,-88.2423,12.9164,-68.5087,128.1597,-80.4743,-105.3653,0.0000,0.00,0.00,0.00,0.0000,0.0000,0.0000
2026-09-03T13:54:22.025,1000.351,Machine22Oil22StartState2,Machine22Oil22Start,MaintenanceGripper,-88.2404,13.6108,-68.9874,128.2200,-80.7708,-105.7462,0.0000,0.00,0.00,0.00,0.0000,0.0000,0.0000
2026-09-03T13:54:22.474,1000.801,Machine22Oil22EndState2,Machine22Oil22End,MaintenanceGripper,-94.1200,58.3235,-44.5796,151.8206,-53.0775,-107.6141,0.0000,0.00,0.00,0.00,0.0000,0.0000,0.0000
2026-09-03T13:54:22.522,1000.849,ApproachMachine22Oil22EndState2,ApproachMachine22Oil22End,MaintenanceGripper,-94.1370,57.9663,-44.4045,151.7783,-52.9174,-107.5239,0.0000,0.00,0.00,0.00,0.0000,0.0000,0.0000
2026-09-03T13:54:22.587,1000.914,ApproachMachine22Oil23StartState2,ApproachMachine22Oil23Start,MaintenanceGripper,-93.7292,58.1162,-44.5089,151.3360,-53.1470,-107.2645,0.0000,0.00,0.00,0.00,0.0000,0.0000,0.0000
2026-09-03T13:54:22.638,1000.965,Machine22Oil23StartState2,Machine22Oil23Start,MaintenanceGripper,-93.7121,58.4746,-44.6831,151.3785,-53.3057,-107.3555,0.0000,0.00,0.00,0.00,0.0000,0.0000,0.0000
2026-09-03T13:54:23.154,1001.481,Machine22Oil23EndState2,Machine22Oil23End,MaintenanceGripper,-87.4410,14.0960,-69.1835,127.4681,-81.1166,-105.7241,0.0000,0.00,0.00,0.00,0.0000,0.0000,0.0000
2026-09-03T13:54:23.289,1001.616,ApproachMachine22Oil23EndState2,ApproachMachine22Oil23End,MaintenanceGripper,-87.4429,13.4041,-68.7083,127.4100,-80.8272,-105.3426,0.0000,0.00,0.00,0.00,0.0000,0.0000,0.0000
2026-09-03T13:54:23.555,1001.882,ApproachMachine22OilBackUpState2,ApproachMachine22OilBackUp,MaintenanceGripper,-88.9320,-0.3745,-68.5361,148.3269,-74.9935,-111.3844,0.0000,0.00,0.00,0.00,0.0000,0.0000,0.0000
2026-09-03T13:54:23.814,1002.141,ApproachMachine22OilBackDownState2,ApproachMachine22OilBackDown,MaintenanceGripper,-104.5670,-21.3518,-50.2093,184.1441,-21.0441,-105.7362,0.0000,0.00,0.00,0.00,0.0000,0.0000,0.0000
2026-09-03T13:54:23.921,1002.248,ApproachMachine22Oil24StartState2,ApproachMachine22Oil24Start,MaintenanceGripper,-99.8042,-11.2080,-55.2182,145.0292,-25.5019,-57.8508,0.0000,0.00,0.00,0.00,0.0000,0.0000,0.0000
2026-09-03T13:54:23.971,1002.298,Machine22Oil24StartState2,Machine22Oil24Start,MaintenanceGripper,-100.2384,-11.4661,-55.1078,145.6835,-25.2701,-58.1805,0.0000,0.00,0.00,0.00,0.0000,0.0000,0.0000
2026-09-03T13:54:24.437,1002.764,Machine22Oil24EndState2,Machine22Oil24End,MaintenanceGripper,-95.8215,56.8801,-34.7751,84.2608,-14.6600,3.8782,0.0000,0.00,0.00,0.00,0.0000,0.0000,0.0000
2026-09-03T13:54:24.554,1002.881,ApproachMachine22Oil24EndState2,ApproachMachine22Oil24End,MaintenanceGripper,-95.6221,57.0486,-34.7199,84.0023,-14.8286,4.0280,0.0000,0.00,0.00,0.00,0.0000,0.0000,0.0000
2026-09-03T13:54:24.614,1002.941,ApproachMachine22Oil25StartState2,ApproachMachine22Oil25Start,MaintenanceGripper,-96.1710,55.8105,-34.7078,91.6230,-11.7410,-10.9813,0.0000,0.00,0.00,0.00,0.0000,0.0000,0.0000
2026-09-03T13:54:24.663,1002.990,Machine22Oil25StartState2,Machine22Oil25Start,MaintenanceGripper,-96.3710,55.6676,-34.7992,92.2059,-11.5798,-11.4601,0.0000,0.00,0.00,0.00,0.0000,0.0000,0.0000
2026-09-03T13:54:25.187,1003.514,Machine22Oil25EndState2,Machine22Oil25End,MaintenanceGripper,-101.0597,-13.9395,-52.3166,146.6489,-21.2524,-67.5129,0.0000,0.00,0.00,0.00,0.0000,0.0000,0.0000
2026-09-03T13:54:25.303,1003.630,ApproachMachine22Oil25EndState2,ApproachMachine22Oil25End,MaintenanceGripper,-100.6332,-13.7543,-52.3441,145.7960,-21.4202,-66.9596,0.0000,0.00,0.00,0.00,0.0000,0.0000,0.0000
2026-09-03T13:54:25.367,1003.694,ApproachMachine22Oil26StartState2,ApproachMachine22Oil26Start,MaintenanceGripper,-101.0297,-13.8183,-53.8495,154.7677,-22.7667,-71.8536,0.0000,0.00,0.00,0.00,0.0000,0.0000,0.0000
2026-09-03T13:54:25.418,1003.745,Machine22Oil26StartState2,Machine22Oil26Start,MaintenanceGripper,-101.4757,-13.9777,-53.8123,155.6619,-22.6225,-72.4326,0.0000,0.00,0.00,0.00,0.0000,0.0000,0.0000
2026-09-03T13:54:25.877,1004.204,Machine22Oil26EndState2,Machine22Oil26End,MaintenanceGripper,-97.1454,53.6992,-39.5812,148.0259,-14.5203,-63.7583,0.0000,0.00,0.00,0.00,0.0000,0.0000,0.0000
2026-09-03T13:54:25.998,1004.325,ApproachMachine22Oil26EndState2,ApproachMachine22Oil26End,MaintenanceGripper,-96.9334,53.7803,-39.5246,147.2415,-14.5601,-63.0875,0.0000,0.00,0.00,0.00,0.0000,0.0000,0.0000
2026-09-03T13:54:26.076,1004.403,ApproachMachine22Oil27StartState2,ApproachMachine22Oil27Start,MaintenanceGripper,-94.7698,57.0893,-41.4898,145.6817,-35.1817,-92.6038,0.0000,0.00,0.00,0.00,0.0000,0.0000,0.0000
2026-09-03T13:54:26.124,1004.451,Machine22Oil27StartState2,Machine22Oil27Start,MaintenanceGripper,-94.9763,57.3094,-41.5785,146.0708,-35.1684,-92.9123,0.0000,0.00,0.00,0.00,0.0000,0.0000,0.0000
2026-09-03T13:54:26.587,1004.914,Machine22Oil27EndState2,Machine22Oil27End,MaintenanceGripper,-97.7305,-1.3557,-66.0673,155.6058,-58.6917,-107.3558,0.0000,0.00,0.00,0.00,0.0000,0.0000,0.0000
2026-09-03T13:54:26.637,1004.964,ApproachMachine22Oil27EndState2,ApproachMachine22Oil27End,MaintenanceGripper,-97.2630,-1.8827,-65.7066,154.9809,-58.4439,-106.9757,0.0000,0.00,0.00,0.00,0.0000,0.0000,0.0000
2026-09-03T13:54:26.691,1005.018,ApproachMachine22Oil28StartState2,ApproachMachine22Oil28Start,MaintenanceGripper,-97.1155,-1.8075,-65.7228,152.1720,-62.5089,-118.8858,0.0000,0.00,0.00,0.00,0.0000,0.0000,0.0000
2026-09-03T13:54:26.738,1005.065,Machine22Oil28StartState2,Machine22Oil28Start,MaintenanceGripper,-97.1135,-0.9043,-66.3776,152.3265,-63.0888,-119.2277,0.0000,0.00,0.00,0.00,0.0000,0.0000,0.0000
2026-09-03T13:54:27.267,1005.594,Machine22Oil28EndState2,Machine22Oil28End,MaintenanceGripper,-96.8295,55.7373,-45.9063,161.7797,-46.6674,-123.7947,0.0000,0.00,0.00,0.00,0.0000,0.0000,0.0000
2026-09-03T13:54:27.387,1005.714,ApproachMachine22Oil28EndState2,ApproachMachine22Oil28End,MaintenanceGripper,-96.8496,55.3512,-45.7424,161.7582,-46.5073,-123.7424,0.0000,0.00,0.00,0.00,0.0000,0.0000,0.0000
2026-09-03T13:54:27.432,1005.759,ApproachMachine22Oil29StartState2,ApproachMachine22Oil29Start,MaintenanceGripper,-96.2693,55.6656,-44.9388,154.5792,-48.3809,-129.6714,0.0000,0.00,0.00,0.00,0.0000,0.0000,0.0000
2026-09-03T13:54:27.481,1005.808,Machine22Oil29StartState2,Machine22Oil29Start,MaintenanceGripper,-96.2139,56.0732,-45.0690,154.5582,-48.5153,-129.6989,0.0000,0.00,0.00,0.00,0.0000,0.0000,0.0000
2026-09-03T13:54:27.955,1006.282,Machine22Oil29EndState2,Machine22Oil29End,MaintenanceGripper,-96.4921,-0.3458,-66.8283,151.7530,-63.6015,-119.2195,0.0000,0.00,0.00,0.00,0.0000,0.0000,0.0000
2026-09-03T13:54:28.008,1006.335,ApproachMachine22Oil29EndState2,ApproachMachine22Oil29End,MaintenanceGripper,-96.4942,-1.2505,-66.1755,151.5995,-63.0264,-118.8736,0.0000,0.00,0.00,0.00,0.0000,0.0000,0.0000
2026-09-03T13:54:28.075,1006.402,ApproachMachine22Oil30StartState2,ApproachMachine22Oil30Start,MaintenanceGripper,-95.5850,-0.3149,-66.8468,150.7686,-63.7892,-118.8804,0.0000,0.00,0.00,0.00,0.0000,0.0000,0.0000
2026-09-03T13:54:28.126,1006.453,Machine22Oil30StartState2,Machine22Oil30Start,MaintenanceGripper,-95.5828,0.5889,-67.4946,150.9197,-64.3554,-119.2305,0.0000,0.00,0.00,0.00,0.0000,0.0000,0.0000
2026-09-03T13:54:28.637,1006.964,Machine22Oil30EndState2,Machine22Oil30End,MaintenanceGripper,-95.8378,56.4407,-45.4414,154.2228,-48.9656,-129.5953,0.0000,0.00,0.00,0.00,0.0000,0.0000,0.0000
2026-09-03T13:54:28.686,1007.013,ApproachMachine22Oil30EndState2,ApproachMachine22Oil30End,MaintenanceGripper,-95.8929,56.0301,-45.3136,154.2440,-48.8336,-129.5679,0.0000,0.00,0.00,0.00,0.0000,0.0000,0.0000
2026-09-03T13:54:28.746,1007.073,ApproachMachine22Oil31StartState2,ApproachMachine22Oil31Start,MaintenanceGripper,-95.6047,56.4194,-45.6694,154.0148,-49.2426,-129.5326,0.0000,0.00,0.00,0.00,0.0000,0.0000,0.0000
2026-09-03T13:54:28.795,1007.122,Machine22Oil31StartState2,Machine22Oil31Start,MaintenanceGripper,-95.5496,56.8330,-45.7947,153.9929,-49.3721,-129.5595,0.0000,0.00,0.00,0.00,0.0000,0.0000,0.0000
2026-09-03T13:54:29.337,1007.664,Machine22Oil31EndState2,Machine22Oil31End,MaintenanceGripper,-95.3097,1.3286,-68.2761,150.8050,-65.0876,-119.5542,0.0000,0.00,0.00,0.00,0.0000,0.0000,0.0000
2026-09-03T13:54:29.467,1007.794,ApproachMachine22Oil31EndState2,ApproachMachine22Oil31End,MaintenanceGripper,-95.3119,0.4162,-67.6274,150.6581,-64.5213,-119.2045,0.0000,0.00,0.00,0.00,0.0000,0.0000,0.0000
2026-09-03T13:54:29.576,1007.903,ApproachMachine22Oil32StartState2,ApproachMachine22Oil32Start,MaintenanceGripper,-91.3064,0.9336,-66.6228,134.7856,-72.8064,-142.4201,0.0000,0.00,0.00,0.00,0.0000,0.0000,0.0000
2026-09-03T13:54:29.638,1007.965,Machine22Oil32StartState2,Machine22Oil32Start,MaintenanceGripper,-91.4188,1.6235,-67.2113,135.0260,-73.1906,-142.8885,0.0000,0.00,0.00,0.00,0.0000,0.0000,0.0000
2026-09-03T13:54:30.114,1008.441,Machine22Oil32EndState2,Machine22Oil32End,MaintenanceGripper,-91.0105,61.4205,-40.7667,124.8281,-56.1619,-120.3343,0.0000,0.00,0.00,0.00,0.0000,0.0000,0.0000
2026-09-03T13:54:30.232,1008.558,ApproachMachine22Oil32EndState2,ApproachMachine22Oil32End,MaintenanceGripper,-90.9603,61.2370,-40.5170,124.6429,-56.0510,-120.0609,0.0000,0.00,0.00,0.00,0.0000,0.0000,0.0000
2026-09-03T13:54:30.234,1008.560,StopOilingState,,,-90.9603,61.2370,-40.5170,124.6429,-56.0510,-120.0609,0.0000,0.00,0.00,0.00,0.0000,0.0000,0.0000
2026-09-03T13:54:30.507,1008.834,ApproachMachine22OilBackUpRearState2,ApproachMachine22OilBackUpRear,MaintenanceGripper,-90.6887,56.9784,-44.6556,147.8865,-54.3725,-105.0417,0.0000,0.00,0.00,0.00,0.0000,0.0000,0.0000
2026-09-03T13:54:30.947,1009.274,ApproachMachine22OilBackMidState2,ApproachMachine22OilBackMid,MaintenanceGripper,-88.7566,-3.2381,-58.6196,165.4424,-64.5846,-112.8438,0.0000,0.00,0.00,0.00,0.0000,0.0000,0.0000
2026-09-03T13:54:31.497,1009.824,ApproachMachine22OilBackState2,ApproachMachine22OilBack,MaintenanceGripper,-27.8864,-16.1838,-2.7364,63.3448,-63.3048,-49.3374,0.0000,0.00,0.00,0.00,0.0000,0.0000,0.0000
2026-09-03T13:54:34.142,1012.469,TransportState,,,-0.0000,-50.0000,15.0000,-0.0000,-15.0000,-90.0000,0.0000,0.00,0.00,0.00,0.0000,0.0000,0.0000
2026-09-03T13:54:34.590,1012.917,CloseMachine22BackDoorState1,,,-0.0000,-50.0000,15.0000,-0.0000,-15.0000,-90.0000,0.0000,0.00,0.00,0.00,0.0000,0.0000,0.0000
